venue,base,pass,ts,ok,mid,spread_bps,n_bid,n_ask,depth_bid_10,depth_bid_25,depth_bid_50,depth_bid_100,depth_ask_10,depth_ask_25,depth_ask_50,depth_ask_100,slip_bid_500,slip_bid_1000,slip_bid_2500,slip_bid_5000,slip_bid_10000,slip_bid_25000,slip_ask_500,slip_ask_1000,slip_ask_2500,slip_ask_5000,slip_ask_10000,slip_ask_25000,fill_bid_500,fill_bid_1000,fill_bid_2500,fill_bid_5000,fill_bid_10000,fill_bid_25000,fill_ask_500,fill_ask_1000,fill_ask_2500,fill_ask_5000,fill_ask_10000,fill_ask_25000,window,session,err
aster,AR,1,1788269837,1,2.2155,22.568269,15,17,0,10156.0411,10449.3514,11618.4727,0,11012.1597,11307.7293,11900.4633,11.284,11.284,17.809,21.317,23.071,445.725,11.284,11.284,11.931,16.824,20.825,498.758,1.0,1.0,1.0,1.0,1.0,0.6725,1.0,1.0,1.0,1.0,1.0,1.0,W1now,eu,
aster,BTW,1,1788269837,1,0.39069,7.678722,257,261,226.42262,5577.54652,18728.94402,45750.51637,8257.19386,20634.17615,26746.98627,37241.44326,9.646,12.109,15.185,18.114,24.29,37.694,3.839,3.839,3.986,4.308,6.964,18.658,1.0,1.0,1.0,1.0,1.0,1.0,1.0,1.0,1.0,1.0,1.0,1.0,W1now,eu,
aster,FET,1,1788269837,1,0.1532,26.109661,20,31,0,14511.1598,16084.8542,35257.391,0,5629.9154,6463.4305,6953.6323,13.055,13.055,13.055,15.542,17.562,36.903,13.36,16.471,18.338,18.96,73.625,440.291,1.0,1.0,1.0,1.0,1.0,1.0,1.0,1.0,1.0,1.0,1.0,1.0,W1now,eu,
aster,FIL,1,1788269837,1,0.6965,14.357502,23,23,10477.3056,13677.9196,14344.3678,15334.4972,1285.7559,10735.7685,13408.2552,15427.7661,7.179,7.179,7.179,7.179,7.179,104.729,7.179,7.179,14.157,17.847,19.692,58.92,1.0,1.0,1.0,1.0,1.0,1.0,1.0,1.0,1.0,1.0,1.0,1.0,W1now,eu,
aster,ICP,1,1788269837,1,2.428,8.237232,101,95,1016.742,19191.342,34908.289,52359.917,12558.587,18304.837,21508.111,41711.6,4.119,5.757,9.688,11.022,14.445,23.529,4.119,4.119,4.119,4.119,6.154,21.484,1.0,1.0,1.0,1.0,1.0,1.0,1.0,1.0,1.0,1.0,1.0,1.0,W1now,eu,
aster,LDO,1,1788269837,1,0.3676,21.762786,47,29,0,16743.6409,32009.2065,48694.259,0,6365.4028,6365.4028,7014.714,10.881,10.881,11.943,13.97,16.506,27.945,10.881,10.881,11.114,14.771,138.613,492.684,1.0,1.0,1.0,1.0,1.0,1.0,1.0,1.0,1.0,1.0,1.0,0.8741,W1now,eu,
aster,KAS,1,1788269837,1,0.02727,36.670334,13,20,0,3213.92759,16068.79387,27568.07082,0,2020.51347,5600.04418,7702.14654,18.335,18.335,18.335,24.031,28.517,51.514,18.335,18.335,22.131,29.401,68.618,303.427,1.0,1.0,1.0,1.0,1.0,1.0,1.0,1.0,1.0,1.0,1.0,1.0,W1now,eu,
aster,KITE,1,1788269837,1,0.12015,6.658344,78,47,1831.58298,7680.61402,12487.91988,14985.9776,999.9808,3727.50016,6478.56994,6478.56994,3.329,3.708,7.335,10.573,16.87,209.585,3.329,3.332,12.284,19.455,231.836,443.831,1.0,1.0,1.0,1.0,1.0,1.0,1.0,1.0,1.0,1.0,1.0,0.5643,W1now,eu,
aster,MAGMA,1,1788269837,1,0.34961,6.864792,98,160,600.60732,2218.97253,5618.74911,9564.21285,2159.57567,4064.97465,8998.24949,14142.25673,5.666,8.216,15.511,27.822,47.896,186.375,3.435,4.063,6.051,15.048,29.12,99.302,1.0,1.0,1.0,1.0,1.0,1.0,1.0,1.0,1.0,1.0,1.0,1.0,W1now,eu,
aster,POWER,1,1788269837,1,0.08249,24.245363,32,16,0,1118.24048,1188.24932,1258.28586,0,118.59924,118.59924,265.65952,13.048,13.191,283.659,1375.92,1375.92,1375.92,139.157,261.566,1017.148,1017.148,1017.148,1017.148,1.0,1.0,1.0,0.7571,0.3785,0.1514,1.0,1.0,0.8521,0.426,0.213,0.0852,W1now,eu,
aster,ONDO,1,1788269837,1,0.34385,8.724735,89,234,18285.26813,28298.00062,42315.64791,53251.35231,15372.79692,21083.28171,34308.15019,37091.60272,4.362,4.362,4.894,6.082,6.676,9.635,4.362,4.362,4.362,4.362,5.576,12.127,1.0,1.0,1.0,1.0,1.0,1.0,1.0,1.0,1.0,1.0,1.0,1.0,W1now,eu,
aster,MORPHO,1,1788269837,1,2.52775,13.846306,17,17,999.7908,2883.61866,2883.61866,3099.813,999.91135,2781.01635,2881.2002,2991.5013,6.923,6.923,16.699,111.291,196.054,1211.122,6.923,6.935,16.597,126.694,221.581,525.748,1.0,1.0,1.0,1.0,1.0,0.5525,1.0,1.0,1.0,1.0,1.0,0.4753,W1now,eu,
aster,RIVER,1,1788269837,1,1.354,14.771049,85,176,43.5666,5156.8656,12743.5528,23116.6429,2561.3565,10570.3025,33920.4415,101645.6251,14.127,14.449,15.818,18.987,26.015,50.631,7.386,7.386,7.386,10.99,14.373,23.31,1.0,1.0,1.0,1.0,1.0,1.0,1.0,1.0,1.0,1.0,1.0,1.0,W1now,eu,
aster,TAO,1,1788269837,1,225.125,3.109384,94,101,7745.92009,62101.43507,130531.12597,158233.74659,21868.18214,49591.11032,109264.06031,151453.77924,2.332,4.209,6.348,7.262,8.805,11.746,1.555,1.555,1.555,2.283,3.654,6.892,1.0,1.0,1.0,1.0,1.0,1.0,1.0,1.0,1.0,1.0,1.0,1.0,W1now,eu,
aster,UAI,1,1788269837,1,0.4211,14.248397,47,60,3151.7648,19556.9322,33125.9861,74765.769,3195.4855,11249.3738,42186.9811,93934.5857,7.124,7.124,7.124,9.102,11.675,18.195,7.124,7.124,7.124,9.717,13.182,24.236,1.0,1.0,1.0,1.0,1.0,1.0,1.0,1.0,1.0,1.0,1.0,1.0,W1now,eu,
aster,SPX,1,1788269837,1,0.5805,24.11714,19,14,0,2836.9614,14257.2642,14257.2642,0,1795.4257,5374.7586,5374.7586,12.059,12.059,12.059,19.499,24.392,826.191,12.301,14.764,19.166,23.364,310.261,946.427,1.0,1.0,1.0,1.0,1.0,0.9844,1.0,1.0,1.0,1.0,1.0,0.5183,W1now,eu,
aster,USELESS,1,1788269837,1,0.10238,11.721039,66,61,651.97792,3980.05394,22129.83867,26692.69751,656.95164,8541.5317,14199.30882,17426.63662,5.861,7.609,9.978,15.002,20.687,28.936,5.861,7.912,12.627,14.616,19.57,79.738,1.0,1.0,1.0,1.0,1.0,1.0,1.0,1.0,1.0,1.0,1.0,1.0,W1now,eu,
aster,WIF,1,1788269837,1,0.20045,24.943876,30,23,0,4994.97682,16846.60804,42316.59397,0,5321.83789,8211.16219,8211.16219,12.472,12.472,15.308,18.176,22.805,33.678,12.472,12.472,13.988,15.724,40.372,126.788,1.0,1.0,1.0,1.0,1.0,1.0,1.0,1.0,1.0,1.0,1.0,1.0,W1now,eu,
aster,XMR,1,1788269837,1,509.19,6.677272,285,217,6751.81375,32880.19323,44923.88628,91599.04266,6132.83898,30722.00373,68015.52402,122109.90742,3.502,3.519,3.77,5.098,7.814,11.724,3.502,3.519,3.689,5.265,8.161,12.721,1.0,1.0,1.0,1.0,1.0,1.0,1.0,1.0,1.0,1.0,1.0,1.0,W1now,eu,
aster,ZEN,1,1788269837,1,5.5195,12.682308,11,12,2966.2615,10909.4775,10909.4775,10909.4775,999.663,8944.614,9287.815,9287.815,6.341,6.341,6.851,11.245,14.228,541.27,6.341,6.353,13.955,16.489,37.914,324.086,1.0,1.0,1.0,1.0,1.0,0.5519,1.0,1.0,1.0,1.0,1.0,0.4497,W1now,eu,
aster,ZRO,1,1788269837,1,1.00345,12.955304,110,251,374.6998,3385.76711,16188.41311,16917.75449,760.16531,5465.80382,5465.80382,6298.14231,9.9,13.858,16.65,22.67,28.028,108.027,7.192,8.249,12.462,14.003,125.472,343.231,1.0,1.0,1.0,1.0,1.0,1.0,1.0,1.0,1.0,1.0,1.0,1.0,W1now,eu,
aster,龙虾,1,1788269837,1,0.061744,3.401168,243,68,2997.8661,6953.297929,14442.316381,23642.924936,5438.989689,11349.237507,17275.203609,29034.734096,8.482,8.816,9.263,12.794,20.011,49.525,1.701,1.701,1.774,2.859,8.751,34.953,1.0,1.0,1.0,1.0,1.0,1.0,1.0,1.0,1.0,1.0,1.0,1.0,W1now,eu,
binance,AR,1,1788269837,1,2.2155,4.513654,538,1000,2143.7876,26494.2214,53106.435,125559.7302,3709.8278,23157.5097,53741.7405,117796.0478,2.914,4.842,6.64,8.962,11.667,17.633,4.77,5.77,6.37,7.737,10.46,17.537,1.0,1.0,1.0,1.0,1.0,1.0,1.0,1.0,1.0,1.0,1.0,1.0,W1now,eu,
binance,FET,1,1788269837,1,0.15315,6.529546,587,1000,25744.3681,89211.32,185359.605,328093.3756,43600.6605,110743.7016,235170.5292,364159.7016,3.265,3.265,4.994,7.394,8.594,9.314,3.265,3.265,3.265,3.265,3.265,6.542,1.0,1.0,1.0,1.0,1.0,1.0,1.0,1.0,1.0,1.0,1.0,1.0,W1now,eu,
binance,FIL,1,1788269837,1,0.69675,1.435235,1000,1000,57663.46299,208786.17042,394541.46817,946899.36648,88141.04868,247604.01949,452593.99994,1059532.431134,0.837,1.495,1.938,2.763,3.619,4.969,0.718,0.718,1.193,1.673,1.913,2.871,1.0,1.0,1.0,1.0,1.0,1.0,1.0,1.0,1.0,1.0,1.0,1.0,W1now,eu,
binance,KAS,1,1788269837,1,0.027255,3.669052,390,1000,3308.0711,16095.89511,33256.64791,68460.51231,2767.53941,14003.15054,39474.98721,78222.32718,4.815,6.649,8.163,9.907,12.064,21.139,3.317,4.915,7.469,9.961,13.225,22.268,1.0,1.0,1.0,1.0,1.0,1.0,1.0,1.0,1.0,1.0,1.0,1.0,W1now,eu,
binance,KITE,1,1788269837,1,0.12006,3.331667,1000,1000,2212.32161,14181.17435,32122.33917,65371.38319,1199.18328,7393.06763,19349.18805,40766.89442,5.317,6.322,8.058,10.09,13.907,24.662,2.411,4.35,9.554,14.326,20.162,35.686,1.0,1.0,1.0,1.0,1.0,1.0,1.0,1.0,1.0,1.0,1.0,1.0,W1now,eu,
binance,LDO,1,1788269837,1,0.36745,2.721459,1000,1000,11302.9954,55697.1335,108891.6284,283077.1733,28598.4665,48424.885,133217.2082,280365.7781,2.982,3.532,4.188,5.496,6.969,10.302,3.988,4.035,4.96,5.882,7.128,8.566,1.0,1.0,1.0,1.0,1.0,1.0,1.0,1.0,1.0,1.0,1.0,1.0,W1now,eu,
binance,MAGMA,1,1788269837,1,0.349655,0.857989,1000,1000,697.95205,5246.0998,13887.34101,20575.96321,710.82955,4078.41942,6300.57373,12103.67646,2.728,6.487,12.087,16.526,26.65,57.057,3.154,6.615,11.834,19.023,41.09,101.463,1.0,1.0,1.0,1.0,1.0,1.0,1.0,1.0,1.0,1.0,1.0,1.0,W1now,eu,
binance,ONDO,1,1788269837,1,0.34385,2.908245,1000,1000,33789.11621,228717.00647,491027.99766,1032752.69464,62486.42297,282429.27887,552103.37026,962897.76909,4.013,4.188,4.293,4.327,4.345,5.357,1.454,1.454,1.454,1.454,1.454,3.034,1.0,1.0,1.0,1.0,1.0,1.0,1.0,1.0,1.0,1.0,1.0,1.0,W1now,eu,
binance,POWER,1,1788269837,1,0.082475,3.637466,909,1000,747.63508,2510.24923,4929.13531,12264.12921,591.24775,4488.46891,9114.80258,22011.33543,4.41,6.728,13.888,25.954,49.594,93.129,6.285,8.448,11.609,16.463,29.896,65.747,1.0,1.0,1.0,1.0,1.0,1.0,1.0,1.0,1.0,1.0,1.0,1.0,W1now,eu,
binance,RIVER,1,1788269837,1,1.3545,7.382798,501,1000,308.712,8356.9289,23874.7874,52925.768,3144.8195,16633.2191,35704.4424,56789.9107,6.514,8.794,10.162,12.345,16.605,30.74,3.691,3.691,3.691,6.432,8.753,17.851,1.0,1.0,1.0,1.0,1.0,1.0,1.0,1.0,1.0,1.0,1.0,1.0,W1now,eu,
binance,RUNE,1,1788269837,1,0.47925,2.086594,615,1000,2435.8948,11316.8289,55751.5392,124504.4747,3265.5762,19689.5426,44922.9799,105599.6858,5.869,6.998,8.485,10.967,15.666,24.811,2.02,3.467,6.585,8.867,12.49,18.981,1.0,1.0,1.0,1.0,1.0,1.0,1.0,1.0,1.0,1.0,1.0,1.0,W1now,eu,
binance,TAO,1,1788269837,1,224.885,0.444672,1000,1000,56435.12662,234675.91105,805812.86448,1911497.90109,83170.38,346293.04322,909500.24444,1632617.53455,0.222,0.222,0.222,0.397,0.855,3.239,1.731,1.9,2.228,2.441,3.227,4.531,1.0,1.0,1.0,1.0,1.0,1.0,1.0,1.0,1.0,1.0,1.0,1.0,W1now,eu,
binance,UAI,1,1788269837,1,0.421,4.750594,1000,1000,2280.0891,7867.8966,14454.2577,33573.8267,3335.1261,13316.6441,25601.8288,43767.968,4.659,5.385,7.96,11.104,17.768,42.206,3.727,5.149,6.796,8.941,11.257,24.013,1.0,1.0,1.0,1.0,1.0,1.0,1.0,1.0,1.0,1.0,1.0,1.0,W1now,eu,
binance,USELESS,1,1788269837,1,0.10232,1.954652,1000,1000,7003.1049,25888.18084,67576.28582,138398.14831,10895.57905,31334.98904,72162.81899,165831.48002,1.179,1.708,3.012,4.816,7.663,14.364,1.394,1.728,2.62,3.437,5.611,11.573,1.0,1.0,1.0,1.0,1.0,1.0,1.0,1.0,1.0,1.0,1.0,1.0,W1now,eu,
binance,WIF,1,1788269837,1,0.20025,4.993758,732,1000,10406.98246,41681.74172,127528.55045,305883.37997,12587.97928,62176.90749,140048.2192,282789.06638,2.497,2.497,3.642,5.567,6.529,11.356,2.497,2.497,2.497,4.592,6.041,9.392,1.0,1.0,1.0,1.0,1.0,1.0,1.0,1.0,1.0,1.0,1.0,1.0,W1now,eu,
binance,ZEC,1,1788269837,1,843.075,0.118613,1000,1000,614191.6276,1561675.88044,4168631.16417,7952038.99012,391209.01208,2280586.2087,4044405.4132,6383042.53237,0.059,0.059,0.059,0.059,0.059,0.059,0.059,0.059,0.059,0.059,0.067,0.321,1.0,1.0,1.0,1.0,1.0,1.0,1.0,1.0,1.0,1.0,1.0,1.0,W1now,eu,
binance,XMR,1,1788269837,1,509.22,0.392758,1000,1000,12722.38714,71508.13222,210308.87572,494289.9805,7651.64207,51435.07344,207580.35586,390146.90914,0.716,0.994,1.34,2.031,4.687,8.643,0.487,1.832,3.925,5.752,8.044,12.943,1.0,1.0,1.0,1.0,1.0,1.0,1.0,1.0,1.0,1.0,1.0,1.0,W1now,eu,
binance,ZEN,1,1788269837,1,5.5175,1.812415,918,1000,11973.9151,31299.9425,74386.629,177827.603,3001.11,21010.0972,63009.741,155038.8853,1.413,2.144,3.576,4.47,6.061,11.058,3.869,4.929,7.406,9.413,12.036,18.748,1.0,1.0,1.0,1.0,1.0,1.0,1.0,1.0,1.0,1.0,1.0,1.0,W1now,eu,
binance,ZRO,1,1788269837,1,1.00235,2.992967,1000,1000,6399.7256,20119.56287,49382.97493,119329.87213,13284.14771,45964.66512,71734.85961,121870.46299,2.076,2.909,4.586,6.316,8.659,16.291,1.977,2.755,4.317,5.524,6.567,9.864,1.0,1.0,1.0,1.0,1.0,1.0,1.0,1.0,1.0,1.0,1.0,1.0,W1now,eu,
binance,龙虾,1,1788269837,1,0.061684,0.81059,1000,1000,2974.915339,10288.222941,23759.286824,56940.826854,675.814581,10102.890236,22083.509227,40727.096031,1.643,3.29,6.124,8.747,13.475,27.562,4.303,7.146,10.837,13.785,17.798,30.984,1.0,1.0,1.0,1.0,1.0,1.0,1.0,1.0,1.0,1.0,1.0,1.0,W1now,eu,
bitget,AR,1,1788269837,1,2.2155,4.513654,100,100,209.0237,3121.7024,18858.8091,66610.7753,429.5642,2675.212,14231.3767,60023.8257,8.954,11.645,17.443,24.094,32.665,41.038,5.6,8.502,15.123,22.076,25.708,40.948,1.0,1.0,1.0,1.0,1.0,1.0,1.0,1.0,1.0,1.0,1.0,1.0,W1now,eu,
bitget,BTW,1,1788269837,1,0.391069,3.400939,100,100,1333.12944,4906.419195,8240.477076,17203.626597,266.10544,2741.344277,8520.966392,13624.694202,5.774,5.975,9.894,15.926,29.508,49.235,8.507,9.528,14.869,21.749,33.156,41.985,1.0,1.0,1.0,1.0,1.0,0.6915,1.0,1.0,1.0,1.0,1.0,0.5427,W1now,eu,
bitget,FIL,1,1788269837,1,0.69675,1.435235,100,100,143725.52711,188458.06013,461950.83442,1301318.33467,92482.71512,212193.13777,600903.22612,1190099.32954,1.474,1.813,2.206,2.897,3.398,4.629,1.591,2.095,3.69,4.694,5.576,6.783,1.0,1.0,1.0,1.0,1.0,1.0,1.0,1.0,1.0,1.0,1.0,1.0,W1now,eu,
bitget,KAS,1,1788269838,1,0.02725,7.33945,100,100,720.99858,28902.39741,51062.33396,87853.66641,1287.25837,23261.13476,68293.43051,112072.65282,3.67,5.885,8.96,9.984,11.185,14.156,4.718,6.029,8.597,9.803,11.647,15.344,1.0,1.0,1.0,1.0,1.0,1.0,1.0,1.0,1.0,1.0,1.0,1.0,W1now,eu,
bitget,FET,1,1788269837,1,0.15305,6.533812,100,100,7598.3122,43993.5293,96690.7226,212909.6278,26166.476,50390.8724,103799.3097,265949.429,3.267,5.747,8.179,8.99,10.96,14.185,3.267,3.267,3.267,3.267,3.436,7.255,1.0,1.0,1.0,1.0,1.0,1.0,1.0,1.0,1.0,1.0,1.0,1.0,W1now,eu,
bitget,KITE,1,1788269838,1,0.12003,14.996251,100,100,296.57811,2675.9915,15137.54488,42221.33699,149.43922,1977.75111,12217.95948,32051.79994,10.034,12.044,18.664,22.839,29.32,43.155,11.147,12.893,19.627,25.11,30.648,52.235,1.0,1.0,1.0,1.0,1.0,1.0,1.0,1.0,1.0,1.0,1.0,1.0,W1now,eu,
bitget,LDO,1,1788269838,1,0.3672,5.446623,100,100,4811.66794,37569.11637,75996.31564,133284.15365,1262.61885,11797.75846,33033.8645,119198.34235,2.723,3.902,4.829,6.594,9.142,13.853,4.714,6.323,8.78,11.349,15.169,26.132,1.0,1.0,1.0,1.0,1.0,1.0,1.0,1.0,1.0,1.0,1.0,1.0,W1now,eu,
bitget,MAGMA,1,1788269838,1,0.34977,4.574435,100,100,290.82648,2782.50825,11134.00426,43396.45242,390.59105,10683.17197,14494.29913,41137.30201,8.208,11.435,17.772,23.35,29.198,48.881,7.192,9.77,12.298,14.282,16.331,44.654,1.0,1.0,1.0,1.0,1.0,1.0,1.0,1.0,1.0,1.0,1.0,1.0,W1now,eu,
bitget,ONDO,1,1788269838,1,0.34375,2.909091,100,100,39023.08836,471872.93989,596051.67834,1281955.17381,35047.50011,386742.55756,603568.56042,1211122.72545,1.455,2.082,3.451,3.907,4.135,5.963,1.455,2.429,3.59,3.977,4.17,5.259,1.0,1.0,1.0,1.0,1.0,1.0,1.0,1.0,1.0,1.0,1.0,1.0,W1now,eu,
bitget,POWER,1,1788269838,1,0.08271,9.672349,100,100,420.59508,3352.25423,10177.49286,22826.93577,647.76893,6305.97492,14099.09193,30092.39443,8.043,9.462,12.325,18.781,30.778,57.562,6.806,8.643,10.315,14.2,22.338,43.54,1.0,1.0,1.0,1.0,1.0,1.0,1.0,1.0,1.0,1.0,1.0,1.0,W1now,eu,
bitget,RIVER,1,1788269838,1,1.352,14.792899,100,100,4152.974,14218.89,28236.01,54824.162,3391.971,13598.06,24171.776,34516.557,7.396,7.396,7.396,8.645,12.316,22.994,7.396,7.396,7.396,9.779,13.339,25.923,1.0,1.0,1.0,1.0,1.0,1.0,1.0,1.0,1.0,1.0,1.0,1.0,W1now,eu,
bitget,RUNE,1,1788269838,1,0.47875,2.088773,100,100,1665.7937,18611.98086,23989.74639,56770.53104,769.53521,4533.70836,21438.85225,58149.85751,1.801,2.851,7.587,10.582,13.53,22.314,3.807,6.886,11.328,16.629,23.886,36.254,1.0,1.0,1.0,1.0,1.0,1.0,1.0,1.0,1.0,1.0,1.0,1.0,W1now,eu,
bitget,TAO,1,1788269838,1,224.96,1.778094,100,100,20776.33417,357563.13837,986244.39892,1067833.35494,69725.75158,149611.54582,371369.83852,385254.32022,2.387,2.866,3.481,4.555,5.776,7.722,1.204,1.436,1.687,1.955,2.331,3.796,1.0,1.0,1.0,1.0,1.0,1.0,1.0,1.0,1.0,1.0,1.0,1.0,W1now,eu,
bitget,UAI,1,1788269838,1,0.4206,13.314313,100,100,1770.80841,6888.58045,11429.36625,20626.88493,192.78823,4477.56995,13979.88099,29993.36643,8.403,8.838,10.677,14.564,22.372,62.241,11.042,13.408,16.288,20.53,26.846,48.341,1.0,1.0,1.0,1.0,1.0,1.0,1.0,1.0,1.0,1.0,1.0,1.0,W1now,eu,
bitget,XMR,1,1788269838,1,509.365,5.300718,100,100,7931.4795,51691.7805,261224.2333,352653.7981,4093.012,151474.422,320632.7996,390670.0853,4.178,4.396,4.526,4.587,6.833,11.418,4.982,5.397,6.458,7.494,9.791,12.754,1.0,1.0,1.0,1.0,1.0,1.0,1.0,1.0,1.0,1.0,1.0,1.0,W1now,eu,
bitget,WIF,1,1788269838,1,0.20025,4.993758,100,100,5994.04921,39609.45279,131232.68718,238284.47435,4971.47294,68070.3091,137084.17086,337154.60916,2.497,2.952,5.675,6.583,9.035,13.423,5.283,6.387,7.049,7.302,9.893,13.411,1.0,1.0,1.0,1.0,1.0,1.0,1.0,1.0,1.0,1.0,1.0,1.0,W1now,eu,
bitget,USELESS,1,1788269838,1,0.10224,11.737089,100,100,2696.75768,12975.28414,38479.33472,88447.25663,2992.16457,20088.45667,44549.48925,91625.17612,6.371,7.205,8.734,10.507,14.243,23.022,6.494,6.671,7.525,9.046,11.281,18.376,1.0,1.0,1.0,1.0,1.0,1.0,1.0,1.0,1.0,1.0,1.0,1.0,W1now,eu,
bitget,ZRO,1,1788269838,1,1.00305,2.990878,100,100,726.8031,10446.0489,60869.0928,146675.1922,3907.2383,44358.6373,104932.2674,172668.9343,4.445,7.049,9.728,12.791,16.682,24.639,2.608,3.547,4.926,7.39,10.38,14.7,1.0,1.0,1.0,1.0,1.0,1.0,1.0,1.0,1.0,1.0,1.0,1.0,W1now,eu,
bybit,AR,1,1788269838,1,2.2145,13.547076,200,200,91.8395,1196.5349,7034.1245,25508.3728,395.7776,1891.1632,5480.5964,18575.9098,12.001,14.848,25.939,34.074,46.145,70.773,7.717,12.005,20.782,31.478,48.387,87.579,1.0,1.0,1.0,1.0,1.0,1.0,1.0,1.0,1.0,1.0,1.0,1.0,W1now,eu,
bybit,BTW,1,1788269838,1,0.390495,0.256085,200,200,202.9319,1536.0559,4609.0933,16613.1388,1172.2762,3136.1496,6451.9792,9943.6544,9.47,13.136,21.647,32.654,47.884,97.865,4.596,6.232,11.808,20.777,45.652,71.674,1.0,1.0,1.0,1.0,1.0,1.0,1.0,1.0,1.0,1.0,1.0,0.587,W1now,eu,
bybit,FIL,1,1788269838,1,0.69665,1.435441,200,200,11765.1764,67804.82012,314705.18948,566028.15342,7564.76175,48976.82614,368243.06881,632496.41194,2.137,2.437,3.87,4.892,5.788,9.043,2.511,3.491,5.836,7.583,8.807,11.273,1.0,1.0,1.0,1.0,1.0,1.0,1.0,1.0,1.0,1.0,1.0,1.0,W1now,eu,
bybit,KAS,1,1788269838,1,0.02723,7.34484,200,200,2844.7585,12841.5252,43136.0617,115714.9847,965.6117,12281.3213,36088.0597,125552.185,3.672,5.094,6.444,8.86,12.9,22.054,4.779,6.19,9.283,11.986,15.76,23.866,1.0,1.0,1.0,1.0,1.0,1.0,1.0,1.0,1.0,1.0,1.0,1.0,W1now,eu,
bybit,LDO,1,1788269838,1,0.36735,2.7222,200,200,5210.5545,24362.05274,41637.50621,215633.4672,4521.36845,21051.28317,42971.26097,232073.78472,3.92,4.002,4.051,5.42,9.189,15.746,1.361,2.719,3.805,6.518,10.586,17.807,1.0,1.0,1.0,1.0,1.0,1.0,1.0,1.0,1.0,1.0,1.0,1.0,W1now,eu,
bybit,KITE,1,1788269838,1,0.119885,5.838929,200,200,300.0182,3224.95394,4285.48313,9146.52994,72.58355,723.41236,2817.34964,5979.51459,8.099,11.177,16.051,27.231,53.301,198.982,16.411,21.035,30.348,47.983,106.727,305.525,1.0,1.0,1.0,1.0,1.0,1.0,1.0,1.0,1.0,1.0,1.0,1.0,W1now,eu,
bybit,MAGMA,1,1788269838,1,0.34965,2.860003,200,200,521.0637,1688.4708,4025.5606,10376.1677,135.0584,2020.3225,3804.0595,5677.3462,4.984,8.028,19.98,32.82,57.051,117.02,10.402,13.522,19.417,34.448,74.9,185.005,1.0,1.0,1.0,1.0,1.0,1.0,1.0,1.0,1.0,1.0,1.0,1.0,W1now,eu,
bybit,ONDO,1,1788269838,1,0.34375,2.909091,200,200,39801.0015,214662.6627,420741.5672,760486.0571,41678.2586,242771.4378,440899.2321,797953.0811,1.455,2.874,3.768,4.066,4.215,4.8,1.455,1.455,1.455,1.455,2.706,3.933,1.0,1.0,1.0,1.0,1.0,1.0,1.0,1.0,1.0,1.0,1.0,1.0,W1now,eu,
bybit,POWER,1,1788269838,1,0.08264,12.100678,200,200,94.55198,1305.07917,1587.50138,2132.36449,111.23761,701.45833,1089.16372,12989.02844,13.408,15.174,45.57,105.619,151.913,276.341,12.549,21.941,53.524,67.193,74.134,195.285,1.0,1.0,1.0,1.0,1.0,1.0,1.0,1.0,1.0,1.0,1.0,0.819,W1now,eu,
bybit,RIVER,1,1788269838,1,1.3525,7.393715,200,200,246.8752,1461.9731,4947.0938,9379.4617,214.4505,1688.4678,5091.4286,10711.7254,7.439,11.153,18.922,30.606,58.466,127.629,7.921,10.377,17.648,28.632,53.061,124.638,1.0,1.0,1.0,1.0,1.0,1.0,1.0,1.0,1.0,1.0,1.0,1.0,W1now,eu,
bybit,RUNE,1,1788269838,1,0.47945,2.085723,200,200,397.9151,1873.49251,38937.7222,140937.46202,447.3373,2185.60708,21306.14556,141641.22054,7.698,11.094,20.357,31.407,38.86,43.701,6.217,10.966,18.606,28.451,37.967,44.912,1.0,1.0,1.0,1.0,1.0,1.0,1.0,1.0,1.0,1.0,1.0,1.0,W1now,eu,
bybit,TAO,1,1788269838,1,224.975,0.444494,200,200,37456.92209,145745.27411,444365.10764,1032060.18761,35025.11452,177929.43902,466263.96592,911840.54674,0.564,0.615,0.77,1.771,3.185,5.68,1.839,2.16,2.749,3.042,3.41,5.115,1.0,1.0,1.0,1.0,1.0,1.0,1.0,1.0,1.0,1.0,1.0,1.0,W1now,eu,
bybit,UAI,1,1788269838,1,0.42095,2.375579,200,200,177.549,951.6548,1904.2453,5036.791,434.7221,1796.4911,3347.1058,5183.3614,9.877,15.043,32.406,54.046,89.479,164.161,7.436,11.089,19.912,42.753,85.741,259.173,1.0,1.0,1.0,1.0,1.0,1.0,1.0,1.0,1.0,1.0,1.0,1.0,W1now,eu,
bybit,USELESS,1,1788269838,1,0.102535,2.92583,200,200,2136.38686,16273.38333,79568.11942,258596.54309,2781.72974,16328.19272,63702.48689,263003.28175,3.448,4.788,7.355,9.372,12.538,20.619,5.092,6.196,7.417,9.357,12.395,21.127,1.0,1.0,1.0,1.0,1.0,1.0,1.0,1.0,1.0,1.0,1.0,1.0,W1now,eu,
bybit,WIF,1,1788269838,1,0.20015,4.996253,200,200,5332.1318,57683.6051,135960.7115,253054.8054,7283.3284,67207.2563,125005.5017,214036.0418,4.858,6.176,6.967,7.231,9.693,13.343,2.498,3.686,5.971,6.733,8.473,10.884,1.0,1.0,1.0,1.0,1.0,1.0,1.0,1.0,1.0,1.0,1.0,1.0,W1now,eu,
bybit,XMR,1,1788269838,1,509.46,1.57029,200,200,14586.3536,101678.5075,232924.1957,232924.1957,10803.2761,83856.9351,342235.0549,349204.8605,3.425,3.479,3.536,4.822,6.082,9.252,1.126,2.038,3.762,5.595,7.102,11.106,1.0,1.0,1.0,1.0,1.0,1.0,1.0,1.0,1.0,1.0,1.0,1.0,W1now,eu,
bybit,ZEN,1,1788269838,1,5.5175,1.812415,200,200,387.5716,2835.8741,8771.8044,15483.4152,1313.4547,3449.3383,9016.4557,13940.1673,8.815,10.783,14.916,23.144,35.219,88.708,3.239,5.424,10.648,19.416,33.959,76.755,1.0,1.0,1.0,1.0,1.0,1.0,1.0,1.0,1.0,1.0,1.0,1.0,W1now,eu,
bybit,ZRO,1,1788269838,1,1.00265,0.997357,200,200,7934.56349,22196.89427,60702.58775,117880.62054,2624.87218,14630.30712,32097.03999,129470.04655,0.499,0.499,0.499,1.808,6.093,14.757,0.499,0.607,4.885,7.654,9.732,22.381,1.0,1.0,1.0,1.0,1.0,1.0,1.0,1.0,1.0,1.0,1.0,1.0,W1now,eu,
dydx,FIL,1,1788269838,1,0.6979,54.449061,70,87,0,0,18113.4185,23913.4229,0,0,24187.9897,35788.2763,27.225,27.225,27.225,27.225,30.04,44.329,27.225,27.225,27.225,27.225,27.225,31.733,1.0,1.0,1.0,1.0,1.0,1.0,1.0,1.0,1.0,1.0,1.0,1.0,W1now,eu,
dydx,MORPHO,1,1788269838,1,2.7685,1831.316597,18,10,0,0,0,0,0,0,0,0,915.658,915.658,1878.601,2258.607,2448.61,2562.612,915.658,915.658,915.658,915.658,915.658,915.658,1.0,1.0,1.0,1.0,1.0,1.0,1.0,1.0,1.0,1.0,1.0,1.0,W1now,eu,
dydx,LDO,1,1788269838,1,0.36745,68.036468,67,64,0,0,17882.9511,23682.8011,0,0,17985.2349,23785.0885,34.018,34.018,34.018,34.018,34.018,46.465,34.018,34.018,34.018,34.018,34.018,45.178,1.0,1.0,1.0,1.0,1.0,1.0,1.0,1.0,1.0,1.0,1.0,1.0,W1now,eu,
dydx,ICP,1,1788269838,1,2.42655,39.974449,56,76,0,7099.94006,21299.26091,49699.33337,0,15025.32258,22125.34656,36500.53116,19.987,19.987,19.987,19.987,25.934,42.146,19.987,19.987,19.987,19.987,19.987,28.189,1.0,1.0,1.0,1.0,1.0,1.0,1.0,1.0,1.0,1.0,1.0,1.0,W1now,eu,
dydx,ONDO,1,1788269838,1,0.34565,78.113699,74,45,0,0,7400.9854,28015.5774,0,0,21300.0998,49700.2109,39.057,39.057,39.057,39.057,45.836,60.046,39.057,39.057,39.057,39.057,40.751,50.664,1.0,1.0,1.0,1.0,1.0,1.0,1.0,1.0,1.0,1.0,1.0,1.0,W1now,eu,
dydx,RUNE,1,1788269838,1,0.4816,62.292359,38,34,0,0,11699.7907,27299.8639,0,0,11700.045,27300.1954,31.146,31.146,31.146,35.212,42.523,67.817,31.146,31.146,31.146,32.07,33.684,55.704,1.0,1.0,1.0,1.0,1.0,1.0,1.0,1.0,1.0,1.0,1.0,1.0,W1now,eu,
dydx,TAO,1,1788269838,1,225.44,38.147622,85,82,0,15430.8431,46297.7889,124798.1039,0,108527.6805,132293.1528,575091.6809,19.074,19.074,19.074,19.074,19.97,23.834,19.074,19.074,19.074,19.074,19.074,19.074,1.0,1.0,1.0,1.0,1.0,1.0,1.0,1.0,1.0,1.0,1.0,1.0,W1now,eu,
dydx,SPX,1,1788269838,1,0.60585,1219.773871,48,38,0,0,0,0,0,0,0,0,1001.338,1224.858,1358.97,1403.674,1426.026,1439.438,609.887,609.887,609.887,609.887,609.887,609.887,1.0,1.0,1.0,1.0,1.0,1.0,1.0,1.0,1.0,1.0,1.0,1.0,W1now,eu,
dydx,WIF,1,1788269839,1,0.200335,52.41221,68,59,0,0,24211.06562,38411.04386,0,0,36502.95657,64902.87561,26.206,26.206,26.206,26.206,27.44,32.086,26.206,26.206,26.206,26.206,26.206,27.534,1.0,1.0,1.0,1.0,1.0,1.0,1.0,1.0,1.0,1.0,1.0,1.0,W1now,eu,
dydx,XMR,1,1788269839,1,509.22,27.885786,84,47,0,498.3398,1498.3512,1604.2416,0,499.7314,499.7314,499.7314,13.977,22.699,134.13,227.801,274.636,302.738,14.489,155.707,240.438,268.681,282.803,291.276,1.0,1.0,1.0,1.0,1.0,1.0,1.0,1.0,1.0,1.0,1.0,1.0,W1now,eu,
dydx,ZEC,1,1788269839,1,845.34,44.005962,100,80,0,927.828,9431.541,2724005.158,0,19739.858,2752845.505,2998434.319,22.003,23.198,33.298,36.7,39.459,52.094,22.003,22.003,22.003,22.003,22.003,22.971,1.0,1.0,1.0,1.0,1.0,1.0,1.0,1.0,1.0,1.0,1.0,1.0,W1now,eu,
hl,ONDO,1,1788269839,1,0.344125,2.034145,20,20,42879.58906,42879.58906,42879.58906,42879.58906,47115.29082,47115.29082,47115.29082,47115.29082,1.329,1.463,1.718,2.071,2.596,3.961,1.075,1.258,2.367,3.076,3.775,5.678,1.0,1.0,1.0,1.0,1.0,1.0,1.0,1.0,1.0,1.0,1.0,1.0,W1now,eu,
dydx,ZEN,1,1788269839,1,5.525,94.117647,40,37,0,0,1000.818,1000.818,0,0,999.18,999.18,47.059,47.059,1100.237,1489.485,1684.109,1800.883,47.059,50.214,1014.303,1365.975,1541.811,1647.313,1.0,1.0,1.0,1.0,1.0,1.0,1.0,1.0,1.0,1.0,1.0,1.0,W1now,eu,
okx,USELESS,1,1788269839,1,0.102145,2.937001,400,400,558.08741,2091.12216,5502.85621,20013.32118,279.59322,1810.37664,6087.95386,16609.4332,5.699,8.572,16.625,27.326,39.801,75.196,7.539,11.566,19.918,28.995,42.443,113.833,1.0,1.0,1.0,1.0,1.0,1.0,1.0,1.0,1.0,1.0,1.0,1.0,W1now,eu,
dydx,ZRO,1,1788269839,1,1.004,79.681275,38,34,0,0,8697.0,20296.71,0,0,2896.992,8691.362,39.841,39.841,39.841,39.841,46.156,154.234,39.841,39.841,39.841,48.265,62.108,176.694,1.0,1.0,1.0,1.0,1.0,1.0,1.0,1.0,1.0,1.0,1.0,1.0,W1now,eu,
aster,AR,2,1788269884,1,2.2145,22.57846,19,16,0,2362.5515,10448.687,11324.8967,0,11300.2429,11595.8125,12188.5465,11.289,11.289,15.255,22.303,25.878,635.245,11.289,11.289,11.543,17.286,21.061,491.207,1.0,1.0,1.0,1.0,1.0,1.0,1.0,1.0,1.0,1.0,1.0,1.0,W1now,eu,
aster,FET,2,1788269884,1,0.1533,26.092629,19,31,0,16221.6418,16711.6561,54160.3161,0,4056.7259,6465.6884,6955.8902,13.046,13.046,13.046,15.346,17.458,29.882,13.351,16.46,18.326,20.188,63.47,490.482,1.0,1.0,1.0,1.0,1.0,1.0,1.0,1.0,1.0,1.0,1.0,1.0,W1now,eu,
aster,ICP,2,1788269884,1,2.4285,4.117768,102,94,1017.084,15372.405,19517.927,38618.721,998.319,11948.497,15276.211,32099.934,2.757,4.467,8.044,12.846,15.688,30.3,2.059,2.074,7.006,8.65,10.469,39.223,1.0,1.0,1.0,1.0,1.0,1.0,1.0,1.0,1.0,1.0,1.0,1.0,W1now,eu,
aster,KAS,2,1788269884,1,0.02729,21.986075,12,22,0,2704.90076,17138.11434,33769.7103,0,343.49436,5756.63875,7858.74111,10.993,10.993,10.993,19.392,24.353,42.814,15.592,20.665,27.299,33.803,65.998,293.711,1.0,1.0,1.0,1.0,1.0,1.0,1.0,1.0,1.0,1.0,1.0,1.0,W1now,eu,
aster,BTW,2,1788269884,1,0.39104,13.809329,268,247,389.14574,6103.9893,20540.59671,34364.95157,2307.13383,13243.20877,22624.88384,45919.91682,9.091,10.427,11.466,14.378,20.686,35.612,7.123,7.142,8.622,9.595,10.89,26.115,1.0,1.0,1.0,1.0,1.0,1.0,1.0,1.0,1.0,1.0,1.0,1.0,W1now,eu,
aster,KITE,2,1788269885,1,0.120175,2.496359,81,41,2628.21998,9038.0631,13844.52584,16460.6027,999.9808,3609.8091,5656.53402,5656.53402,1.248,1.794,5.301,10.172,15.103,166.81,1.248,1.25,10.708,18.894,282.757,466.031,1.0,1.0,1.0,1.0,1.0,1.0,1.0,1.0,1.0,1.0,1.0,0.5317,W1now,eu,
aster,LDO,2,1788269885,1,0.3676,21.762786,46,28,0,16418.8402,17329.4482,28215.9382,0,6345.1573,6345.1573,7175.4963,10.881,10.881,12.656,15.849,17.446,35.406,10.881,10.881,11.114,14.793,139.768,491.382,1.0,1.0,1.0,1.0,1.0,1.0,1.0,1.0,1.0,1.0,1.0,0.8655,W1now,eu,
aster,MAGMA,2,1788269885,1,0.34821,11.487321,99,158,324.29639,1888.23919,4145.48064,9324.2801,1308.65564,5412.75765,8527.5354,13923.72698,8.574,11.086,18.521,31.962,55.156,187.595,8.117,8.51,11.64,16.59,29.212,102.798,1.0,1.0,1.0,1.0,1.0,1.0,1.0,1.0,1.0,1.0,1.0,1.0,W1now,eu,
aster,FIL,2,1788269884,1,0.6965,14.357502,26,23,10613.7216,13170.1401,14481.0367,24762.3611,999.9859,10449.9985,11121.2482,14952.5509,7.179,7.179,7.179,7.179,7.179,45.116,7.179,7.189,15.797,18.667,20.102,73.786,1.0,1.0,1.0,1.0,1.0,1.0,1.0,1.0,1.0,1.0,1.0,1.0,W1now,eu,
aster,ONDO,2,1788269885,1,0.344,5.813953,88,229,12791.59714,18805.61152,27562.91747,47294.79922,10751.8036,16473.83135,25653.80882,43391.21917,2.907,2.907,3.437,4.626,6.648,14.371,2.907,2.908,4.652,5.233,5.901,20.145,1.0,1.0,1.0,1.0,1.0,1.0,1.0,1.0,1.0,1.0,1.0,1.0,W1now,eu,
aster,MORPHO,2,1788269885,1,2.52765,13.846854,17,17,1099.75706,2984.44747,2984.44747,3100.42897,999.87182,2880.88455,2981.0684,3091.3695,6.923,6.923,13.204,108.197,194.338,1209.846,6.923,6.93,15.426,124.496,221.509,525.311,1.0,1.0,1.0,1.0,1.0,0.5525,1.0,1.0,1.0,1.0,1.0,0.4748,W1now,eu,
aster,RIVER,2,1788269885,1,1.3535,22.164758,84,176,0,4116.2663,14237.4088,23106.3873,0,7868.0959,37048.649,93580.011,11.082,11.082,12.368,16.716,24.333,49.583,11.082,11.082,11.082,13.943,17.791,26.138,1.0,1.0,1.0,1.0,1.0,1.0,1.0,1.0,1.0,1.0,1.0,1.0,W1now,eu,
aster,POWER,2,1788269885,1,0.08247,26.676367,32,17,0,1118.24501,1188.25385,1258.29039,0,1118.5846,1118.5846,1265.64488,14.264,14.407,282.936,1374.757,1374.757,1374.757,14.264,14.407,276.353,698.881,698.881,698.881,1.0,1.0,1.0,0.757,0.3785,0.1514,1.0,1.0,1.0,0.6256,0.3128,0.1251,W1now,eu,
aster,SPX,2,1788269885,1,0.58075,25.82867,20,14,0,14257.4177,14257.4177,14257.4177,0,476.83,5376.3985,5376.3985,12.914,12.914,13.729,18.644,21.806,826.182,13.57,20.13,25.527,28.691,310.999,945.923,1.0,1.0,1.0,1.0,1.0,0.9844,1.0,1.0,1.0,1.0,1.0,0.5184,W1now,eu,
aster,TAO,2,1788269885,1,225.115,2.221087,92,103,1929.93843,56578.90966,123762.91481,151465.53543,26846.46097,60626.29889,108895.59412,151559.43481,1.888,3.565,6.869,8.876,10.455,12.801,1.111,1.111,1.111,1.795,2.604,4.999,1.0,1.0,1.0,1.0,1.0,1.0,1.0,1.0,1.0,1.0,1.0,1.0,W1now,eu,
aster,UAI,2,1788269885,1,0.4214,9.492169,47,59,3040.2216,19569.2623,34110.1381,84845.8867,148.0141,6185.2221,32236.1909,89183.8721,4.746,4.746,4.746,7.534,11.442,19.29,12.04,13.139,13.799,15.32,20.433,27.427,1.0,1.0,1.0,1.0,1.0,1.0,1.0,1.0,1.0,1.0,1.0,1.0,W1now,eu,
aster,USELESS,2,1788269885,1,0.102875,22.35723,60,64,0,4346.94996,11907.86372,44266.4611,0,3767.53561,10665.06195,19990.74455,11.179,12.924,17.509,20.92,32.422,43.944,12.063,14.162,19.386,23.588,35.203,73.047,1.0,1.0,1.0,1.0,1.0,1.0,1.0,1.0,1.0,1.0,1.0,1.0,W1now,eu,
aster,WIF,2,1788269885,1,0.20025,24.968789,28,22,0,16414.71148,36859.74254,62619.27242,0,4656.79111,5740.25311,7546.11541,12.484,12.484,14.433,15.955,19.213,29.709,12.484,12.484,18.174,22.083,50.507,139.478,1.0,1.0,1.0,1.0,1.0,1.0,1.0,1.0,1.0,1.0,1.0,1.0,W1now,eu,
aster,XMR,2,1788269885,1,509.02,7.465326,278,220,5547.03056,32784.50593,41024.76357,83866.75436,7418.22918,32176.43675,73390.19119,125184.71254,3.733,3.733,4.591,5.717,8.044,12.177,3.897,3.913,3.923,5.434,7.965,14.486,1.0,1.0,1.0,1.0,1.0,1.0,1.0,1.0,1.0,1.0,1.0,1.0,W1now,eu,
aster,ZRO,2,1788269885,1,1.00305,8.972633,109,250,233.40528,3526.5529,16189.23321,16776.41667,1593.89175,2438.82079,2438.82079,3274.27168,8.986,12.306,16.587,21.305,26.354,109.584,6.35,6.914,11.058,101.702,230.29,423.711,1.0,1.0,1.0,1.0,1.0,1.0,1.0,1.0,1.0,1.0,1.0,1.0,W1now,eu,
aster,ZEN,2,1788269885,1,5.5215,12.677714,12,13,2796.3412,11081.5524,11081.5524,11081.5524,999.4725,8498.9554,9287.9284,9287.9284,6.339,6.339,6.848,11.238,14.222,535.137,6.339,6.351,12.864,15.035,37.017,322.882,1.0,1.0,1.0,1.0,1.0,0.5588,1.0,1.0,1.0,1.0,1.0,0.4498,W1now,eu,
aster,龙虾,2,1788269885,1,0.061789,9.710466,244,65,3023.275692,6980.316037,14880.17198,25954.158922,3951.119892,9873.808121,14345.967206,21842.118317,4.855,4.855,6.313,9.287,16.254,44.211,4.855,4.855,4.985,6.844,13.303,48.697,1.0,1.0,1.0,1.0,1.0,1.0,1.0,1.0,1.0,1.0,1.0,1.0,W1now,eu,
binance,AR,2,1788269885,1,2.214,9.033424,534,1000,3560.541,19661.8146,53413.6411,132593.1245,4862.3767,19948.0392,53861.8675,112829.5517,4.517,4.517,6.841,9.235,11.985,18.946,4.517,4.896,7.379,8.334,11.358,18.401,1.0,1.0,1.0,1.0,1.0,1.0,1.0,1.0,1.0,1.0,1.0,1.0,W1now,eu,
binance,FET,2,1788269885,1,0.15325,6.525285,589,1000,29444.3331,100799.0223,216646.0148,340868.2798,39052.4294,113132.9656,244296.0801,354728.8397,3.263,3.263,3.263,5.219,7.503,8.874,3.263,3.263,3.263,3.263,4.583,7.706,1.0,1.0,1.0,1.0,1.0,1.0,1.0,1.0,1.0,1.0,1.0,1.0,W1now,eu,
binance,KAS,2,1788269885,1,0.02729,7.328692,393,1000,1210.42705,13958.62004,34699.41106,71331.68467,927.13952,12347.57257,34746.2915,79322.24338,6.367,6.848,9.025,10.009,13.447,21.887,6.083,6.975,9.386,12.178,16.357,24.143,1.0,1.0,1.0,1.0,1.0,1.0,1.0,1.0,1.0,1.0,1.0,1.0,W1now,eu,
binance,FIL,2,1788269885,1,0.69685,1.435029,1000,1000,59944.37488,216007.08534,428685.91703,977049.47848,75241.18435,235781.35003,433630.89925,1035967.718404,0.718,0.718,1.56,1.898,2.743,4.466,0.718,1.081,1.724,1.938,2.045,3.253,1.0,1.0,1.0,1.0,1.0,1.0,1.0,1.0,1.0,1.0,1.0,1.0,W1now,eu,
binance,KITE,2,1788269885,1,0.120065,0.832882,1000,1000,3056.17267,14651.59105,32222.1754,67832.27085,1191.34683,6620.73381,18748.14752,39846.77056,2.917,4.165,5.632,8.215,11.819,22.776,4.249,5.998,10.858,15.48,21.074,36.447,1.0,1.0,1.0,1.0,1.0,1.0,1.0,1.0,1.0,1.0,1.0,1.0,W1now,eu,
binance,LDO,2,1788269885,1,0.36745,2.721459,1000,1000,14691.7049,55691.2772,110560.4476,280769.6124,37410.1973,70264.3801,147817.9249,290525.4156,2.916,3.499,5.397,6.1,7.327,9.767,2.14,3.111,3.796,5.3,6.052,7.969,1.0,1.0,1.0,1.0,1.0,1.0,1.0,1.0,1.0,1.0,1.0,1.0,W1now,eu,
binance,MAGMA,2,1788269885,1,0.34829,2.296936,1000,1000,697.54863,4944.01225,13484.07266,22321.65513,823.08382,3666.73874,6202.19241,10889.04555,4.809,8.152,13.475,17.582,23.537,53.754,3.507,6.335,10.683,18.392,40.118,113.247,1.0,1.0,1.0,1.0,1.0,1.0,1.0,1.0,1.0,1.0,1.0,1.0,W1now,eu,
binance,ONDO,2,1788269885,1,0.34395,2.907399,1000,1000,58569.51715,221379.93806,530536.57189,1084342.39765,43959.96379,270234.77595,539248.33022,907864.97347,1.454,1.454,1.454,1.454,2.44,3.593,1.454,1.454,1.454,1.48,2.921,4.231,1.0,1.0,1.0,1.0,1.0,1.0,1.0,1.0,1.0,1.0,1.0,1.0,W1now,eu,
binance,POWER,2,1788269885,1,0.08245,4.851425,905,1000,875.444,2372.49755,4827.33993,14682.97372,486.98721,3024.56523,8242.08323,20940.55309,3.016,5.579,13.158,25.629,48.943,91.432,7.638,10.925,15.727,22.808,36.982,73.042,1.0,1.0,1.0,1.0,1.0,1.0,1.0,1.0,1.0,1.0,1.0,1.0,W1now,eu,
binance,RIVER,2,1788269885,1,1.3545,7.382798,501,1000,645.181,8589.1181,24729.1535,54412.5071,2428.8375,15055.7721,34837.1724,56015.23,3.691,6.309,9.168,10.621,15.572,29.515,3.691,3.691,3.904,7.489,10.443,19.476,1.0,1.0,1.0,1.0,1.0,1.0,1.0,1.0,1.0,1.0,1.0,1.0,W1now,eu,
binance,TAO,2,1788269885,1,224.915,0.444612,1000,1000,55943.22556,230608.9615,783799.73436,1942552.39778,86499.51975,331800.17153,882715.09258,1587139.7496,0.339,0.503,0.601,0.831,1.228,3.566,0.222,0.496,1.399,1.903,2.247,3.138,1.0,1.0,1.0,1.0,1.0,1.0,1.0,1.0,1.0,1.0,1.0,1.0,W1now,eu,
binance,RUNE,2,1788269885,1,0.47905,2.087465,611,1000,1929.561,11238.427,54323.222,123203.4014,5361.1069,22598.1193,44801.2137,106115.5554,4.138,6.15,8.571,10.434,14.422,23.426,1.577,3.079,5.346,7.11,9.926,16.54,1.0,1.0,1.0,1.0,1.0,1.0,1.0,1.0,1.0,1.0,1.0,1.0,W1now,eu,
binance,UAI,2,1788269885,1,0.4215,4.744958,1000,1000,2433.0082,11263.3964,19372.014,42861.964,5250.3002,11358.7531,21644.8439,39105.1997,2.845,3.995,6.614,10.214,15.011,32.414,2.372,2.372,2.372,3.937,10.255,28.576,1.0,1.0,1.0,1.0,1.0,1.0,1.0,1.0,1.0,1.0,1.0,1.0,W1now,eu,
binance,USELESS,2,1788269885,1,0.10273,1.946851,1000,1000,7125.91959,24904.56183,71073.27353,166698.85923,8212.29365,26828.7605,65423.43129,136596.7797,1.256,1.845,3.196,4.688,7.464,14.715,1.631,2.066,3.071,3.847,6.648,13.049,1.0,1.0,1.0,1.0,1.0,1.0,1.0,1.0,1.0,1.0,1.0,1.0,W1now,eu,
binance,WIF,2,1788269885,1,0.20015,4.996253,731,1000,7255.45799,44860.46646,137621.14345,333826.56621,13889.87857,58228.8942,144345.63227,323728.25538,2.498,2.498,5.182,6.338,8.285,12.093,2.498,2.498,4.109,5.802,6.648,9.378,1.0,1.0,1.0,1.0,1.0,1.0,1.0,1.0,1.0,1.0,1.0,1.0,W1now,eu,
binance,XMR,2,1788269885,1,509.225,0.196377,1000,1000,11931.15128,80928.10621,249760.98779,538330.01098,8759.48222,58157.84031,205790.74193,388661.22163,0.846,1.582,2.843,4.226,6.219,9.151,1.833,2.512,3.457,4.317,6.731,11.498,1.0,1.0,1.0,1.0,1.0,1.0,1.0,1.0,1.0,1.0,1.0,1.0,W1now,eu,
binance,ZEC,2,1788269885,1,843.445,0.118561,1000,1000,246746.68613,1115106.38374,3291473.75474,7319084.32621,607571.80522,1576751.8103,3107104.46594,5341344.5041,0.64,0.883,1.103,1.337,1.673,2.437,0.059,0.059,0.059,0.062,0.3,1.063,1.0,1.0,1.0,1.0,1.0,1.0,1.0,1.0,1.0,1.0,1.0,1.0,W1now,eu,
binance,ZEN,2,1788269885,1,5.5215,1.811102,919,1000,7093.925,40554.6532,72843.2557,151934.1117,6974.647,28088.6628,85581.6176,158532.3487,3.412,4.854,6.634,8.16,9.626,13.626,2.239,3.285,4.841,5.977,8.545,14.123,1.0,1.0,1.0,1.0,1.0,1.0,1.0,1.0,1.0,1.0,1.0,1.0,W1now,eu,
binance,ZRO,2,1788269885,1,1.002,1.996008,1000,1000,8343.17327,25566.68771,53666.56086,147246.81548,16143.42785,37157.8683,69640.86043,121107.57262,2.031,2.84,4.539,5.862,7.962,15.044,2.332,2.957,3.888,4.619,5.941,9.156,1.0,1.0,1.0,1.0,1.0,1.0,1.0,1.0,1.0,1.0,1.0,1.0,W1now,eu,
binance,龙虾,2,1788269885,1,0.061774,5.665768,1000,1000,1545.251144,7046.518321,17996.611397,47198.167015,1730.487074,11194.670285,23788.234539,50089.1215,3.855,4.785,8.364,12.781,19.318,37.197,4.213,5.278,7.888,9.955,13.515,27.114,1.0,1.0,1.0,1.0,1.0,1.0,1.0,1.0,1.0,1.0,1.0,1.0,W1now,eu,
bitget,AR,2,1788269885,1,2.2135,4.517732,100,100,268.7924,5653.1586,45892.3427,59308.2317,444.6966,2412.9866,24771.147,58081.0669,8.176,10.473,15.553,19.958,26.172,30.799,5.77,10.053,17.208,25.239,31.605,37.808,1.0,1.0,1.0,1.0,1.0,1.0,1.0,1.0,1.0,1.0,1.0,1.0,W1now,eu,
bitget,BTW,2,1788269885,1,0.391504,4.316692,100,100,1197.433613,4387.892972,7728.224164,16789.915396,1233.536673,4665.206606,9417.546972,17588.747364,7.586,7.899,12.161,17.417,31.248,51.329,7.922,8.655,12.647,17.589,29.084,46.324,1.0,1.0,1.0,1.0,1.0,0.6751,1.0,1.0,1.0,1.0,1.0,0.7003,W1now,eu,
bitget,FET,2,1788269885,1,0.15315,6.529546,100,100,24427.2456,60902.2542,153644.8749,245685.5921,13727.2592,58632.4026,167557.6936,257838.9796,3.265,3.265,3.265,3.919,6.857,8.763,6.942,8.368,9.224,9.509,9.652,12.685,1.0,1.0,1.0,1.0,1.0,1.0,1.0,1.0,1.0,1.0,1.0,1.0,W1now,eu,
bitget,FIL,2,1788269885,1,0.69685,1.435029,100,100,50808.87746,276638.91722,622104.6075,1367530.82271,11473.57086,329645.49235,645456.63,1322553.17529,0.807,1.48,2.282,3.415,4.227,6.351,1.943,2.807,4.762,6.07,7.14,9.308,1.0,1.0,1.0,1.0,1.0,1.0,1.0,1.0,1.0,1.0,1.0,1.0,W1now,eu,
bitget,KAS,2,1788269885,1,0.02728,7.331378,100,100,2588.01141,18032.47324,58532.67399,102813.04805,447.22605,11260.37865,48593.63451,98886.54609,3.666,3.666,5.581,8.223,12.509,19.217,7.123,9.06,12.07,14.554,17.965,22.923,1.0,1.0,1.0,1.0,1.0,1.0,1.0,1.0,1.0,1.0,1.0,1.0,W1now,eu,
bitget,KITE,2,1788269885,1,0.120035,12.496355,100,100,478.83835,2664.96108,15043.57238,34593.73605,399.05059,2060.79087,11128.69304,27781.25398,7.296,9.971,15.225,21.122,28.72,43.316,8.371,11.867,18.357,25.591,32.088,54.603,1.0,1.0,1.0,1.0,1.0,1.0,1.0,1.0,1.0,1.0,1.0,1.0,W1now,eu,
bitget,LDO,2,1788269885,1,0.36715,2.723682,100,100,8653.72956,37877.77963,78733.18228,135129.6236,1493.74103,13835.71144,39217.14293,130668.24713,3.227,3.656,4.01,5.424,7.843,12.451,3.022,5.128,8.868,11.738,15.612,22.998,1.0,1.0,1.0,1.0,1.0,1.0,1.0,1.0,1.0,1.0,1.0,1.0,W1now,eu,
bitget,MAGMA,2,1788269885,1,0.348145,7.180916,100,100,223.72016,8376.78986,12611.86744,45002.91786,327.79995,7551.80056,13586.54412,24551.08773,9.749,11.696,14.379,18.66,22.125,44.579,7.571,9.459,11.922,15.224,19.6,47.968,1.0,1.0,1.0,1.0,1.0,1.0,1.0,1.0,1.0,1.0,1.0,1.0,W1now,eu,
bitget,ONDO,2,1788269885,1,0.34405,2.906554,100,100,18437.96752,438188.74442,628516.31176,1343488.28557,87245.4268,452410.12717,816432.54045,1467969.30987,1.453,1.453,2.529,3.444,4.989,7.117,1.453,1.453,1.453,1.809,3.085,3.85,1.0,1.0,1.0,1.0,1.0,1.0,1.0,1.0,1.0,1.0,1.0,1.0,W1now,eu,
bitget,RIVER,2,1788269885,1,1.352,14.792899,100,100,5401.298,15496.889,31755.079,58800.018,3416.325,13472.252,24037.827,34382.608,7.396,7.396,7.396,7.396,10.795,21.131,7.396,7.396,7.396,9.743,13.546,26.16,1.0,1.0,1.0,1.0,1.0,1.0,1.0,1.0,1.0,1.0,1.0,1.0,W1now,eu,
bitget,POWER,2,1788269885,1,0.08266,9.6782,100,100,422.1579,3242.85542,9207.25122,22938.86386,682.62101,6163.31507,15067.37214,32153.86058,8.035,9.854,12.943,19.958,31.828,59.892,6.818,9.202,13.17,15.345,23.008,44.201,1.0,1.0,1.0,1.0,1.0,1.0,1.0,1.0,1.0,1.0,1.0,1.0,W1now,eu,
bitget,RUNE,2,1788269885,1,0.4787,4.177982,100,100,1541.87255,18488.05971,23845.53149,53129.60252,746.29058,10157.40149,22887.20389,50140.28824,2.1,3.323,7.49,10.012,12.775,21.577,4.453,6.936,10.642,12.633,17.065,27.96,1.0,1.0,1.0,1.0,1.0,1.0,1.0,1.0,1.0,1.0,1.0,1.0,W1now,eu,
bitget,TAO,2,1788269885,1,224.975,1.333481,100,100,15906.81634,426423.6251,995545.03937,1076834.78028,55759.13195,219244.78858,371831.19238,373041.90747,2.157,2.574,3.255,4.635,6.72,8.791,1.102,1.107,1.109,1.11,1.882,3.453,1.0,1.0,1.0,1.0,1.0,1.0,1.0,1.0,1.0,1.0,1.0,1.0,W1now,eu,
bitget,USELESS,2,1788269885,1,0.102675,8.765522,100,100,2711.46421,16481.37832,55814.6806,88891.76448,2334.61402,11539.17339,43862.68528,83474.51627,5.035,6.504,8.153,9.283,10.838,18.685,6.273,7.252,8.036,10.534,14.566,22.992,1.0,1.0,1.0,1.0,1.0,1.0,1.0,1.0,1.0,1.0,1.0,1.0,W1now,eu,
bitget,UAI,2,1788269885,1,0.42122,13.294715,100,100,204.97248,2977.28681,11231.00615,22542.10942,1736.61021,8648.56786,14284.20329,31842.73529,10.652,15.306,20.22,24.538,31.928,63.705,8.645,9.071,11.168,14.073,19.315,43.621,1.0,1.0,1.0,1.0,1.0,1.0,1.0,1.0,1.0,1.0,1.0,1.0,W1now,eu,
bitget,WIF,2,1788269885,1,0.20015,4.996253,100,100,4827.32461,64199.64968,206186.38062,266629.03857,10240.83132,39458.54168,159311.64321,323528.69105,2.498,4.448,6.276,7.054,9.773,13.598,6.555,7.024,7.306,7.4,7.447,10.919,1.0,1.0,1.0,1.0,1.0,1.0,1.0,1.0,1.0,1.0,1.0,1.0,W1now,eu,
bitget,XMR,2,1788269885,1,509.41,10.600499,100,100,7823.9034,51760.713,268999.352,415124.4575,8558.3456,127366.7645,267505.2595,365624.5326,6.182,6.33,6.419,6.458,8.454,12.128,5.3,5.473,5.958,6.12,6.943,11.165,1.0,1.0,1.0,1.0,1.0,1.0,1.0,1.0,1.0,1.0,1.0,1.0,W1now,eu,
bybit,AR,2,1788269886,1,2.2135,13.553196,200,200,86.9316,1547.7223,7668.8011,25565.5325,291.494,1439.3614,5599.4678,10054.8007,10.67,15.128,23.949,30.914,42.349,66.576,9.17,12.903,23.042,34.298,55.767,97.436,1.0,1.0,1.0,1.0,1.0,1.0,1.0,1.0,1.0,1.0,1.0,1.0,W1now,eu,
bybit,BTW,2,1788269886,1,0.39085,1.023411,200,200,148.439,1911.5397,4213.4768,12656.465,793.936,2954.971,6332.5761,12236.2346,11.34,15.014,20.905,32.185,52.455,105.015,4.699,7.273,12.089,21.408,42.821,65.938,1.0,1.0,1.0,1.0,1.0,1.0,1.0,1.0,1.0,1.0,1.0,0.6064,W1now,eu,
bitget,ZRO,2,1788269886,1,1.00255,2.992369,100,100,718.4067,9941.7696,97399.6974,159420.3118,10401.275,39952.5192,99886.6983,168967.9037,4.523,7.184,10.323,12.72,16.666,23.206,3.203,3.364,4.637,5.443,6.502,10.723,1.0,1.0,1.0,1.0,1.0,1.0,1.0,1.0,1.0,1.0,1.0,1.0,W1now,eu,
bybit,FIL,2,1788269886,1,0.69655,1.435647,200,200,26809.47149,73766.64832,228118.06184,489998.58559,1811.14978,50392.88574,266372.22025,534397.58121,1.517,1.835,2.861,3.416,4.22,6.133,5.059,5.923,8.188,9.478,10.203,12.862,1.0,1.0,1.0,1.0,1.0,1.0,1.0,1.0,1.0,1.0,1.0,1.0,W1now,eu,
bybit,KAS,2,1788269886,1,0.027265,3.667706,200,200,4860.8389,12434.0555,39428.0319,117904.27,1151.4373,14181.8714,45462.2438,96634.0715,5.082,5.292,6.457,7.912,12.871,24.304,5.155,7.162,10.346,13.02,15.975,23.48,1.0,1.0,1.0,1.0,1.0,1.0,1.0,1.0,1.0,1.0,1.0,1.0,W1now,eu,
bybit,KITE,2,1788269886,1,0.12002,1.666389,200,200,3444.68908,4811.07963,7126.99382,9264.67255,426.07376,1402.06729,3124.54034,5502.76789,0.833,0.833,1.254,7.825,36.418,180.342,9.08,13.64,22.543,42.272,102.119,289.501,1.0,1.0,1.0,1.0,1.0,1.0,1.0,1.0,1.0,1.0,1.0,1.0,W1now,eu,
bybit,MAGMA,2,1788269886,1,0.34845,2.869852,200,200,291.5166,2020.2647,3499.5993,6984.5944,469.945,1676.0545,3744.9305,9342.1311,7.78,11.712,18.263,35.395,65.085,121.214,5.296,9.66,19.664,34.894,66.468,194.808,1.0,1.0,1.0,1.0,1.0,1.0,1.0,1.0,1.0,1.0,1.0,1.0,W1now,eu,
bybit,ONDO,2,1788269886,1,0.34395,2.907399,200,200,25492.566,213149.0204,412243.3071,730675.6473,40271.313,241216.1961,434357.2405,811522.9652,3.679,4.02,4.225,4.293,4.327,6.034,1.454,1.454,1.454,1.454,2.796,3.929,1.0,1.0,1.0,1.0,1.0,1.0,1.0,1.0,1.0,1.0,1.0,1.0,W1now,eu,
bybit,LDO,2,1788269886,1,0.36725,2.722941,200,200,8891.71101,25199.50926,212458.40733,384336.16558,7945.37278,25016.33766,219098.37031,402520.3902,1.361,1.361,1.361,1.621,5.172,13.01,1.973,3.029,3.662,5.223,7.709,15.375,1.0,1.0,1.0,1.0,1.0,1.0,1.0,1.0,1.0,1.0,1.0,1.0,W1now,eu,
bybit,POWER,2,1788269886,1,0.082625,10.892587,200,200,58.30148,1338.85687,1621.27908,2171.21441,107.65174,550.90681,786.3754,12734.8289,12.541,13.835,42.523,102.713,149.568,274.087,13.565,28.131,58.623,70.714,76.81,261.144,1.0,1.0,1.0,1.0,1.0,1.0,1.0,1.0,1.0,1.0,1.0,0.999,W1now,eu,
bybit,RIVER,2,1788269886,1,1.3535,7.388253,200,200,57.0966,1092.3051,4309.9493,9248.3631,483.9196,1829.1037,5484.9836,10942.6139,10.238,14.202,22.946,34.838,62.183,132.299,3.934,7.576,16.102,27.287,51.084,122.277,1.0,1.0,1.0,1.0,1.0,1.0,1.0,1.0,1.0,1.0,1.0,1.0,W1now,eu,
bybit,RUNE,2,1788269886,1,0.47925,6.259781,200,200,549.01693,2283.79053,36043.15101,139268.45678,194.13574,1717.16541,6921.7973,155063.32799,6.02,9.358,16.322,26.944,34.846,39.969,10.136,14.028,20.849,32.723,41.256,47.602,1.0,1.0,1.0,1.0,1.0,1.0,1.0,1.0,1.0,1.0,1.0,1.0,W1now,eu,
bybit,TAO,2,1788269886,1,224.985,0.444474,200,200,32324.43403,173415.83495,312953.58828,899984.33555,62621.37442,186229.47324,501675.17829,916091.66252,0.408,0.537,0.782,1.114,2.245,5.218,1.889,2.091,2.599,3.202,3.83,5.079,1.0,1.0,1.0,1.0,1.0,1.0,1.0,1.0,1.0,1.0,1.0,1.0,W1now,eu,
bybit,UAI,2,1788269886,1,0.4213,4.747211,200,200,190.7492,1197.226,2294.0904,5268.9559,825.6045,1868.3658,3098.5473,7132.1826,9.686,13.286,27.511,51.165,88.11,167.283,7.812,9.069,17.458,40.822,75.956,255.394,1.0,1.0,1.0,1.0,1.0,1.0,1.0,1.0,1.0,1.0,1.0,1.0,W1now,eu,
bybit,USELESS,2,1788269886,1,0.103005,2.91248,200,200,11206.49741,20427.85903,82470.46896,273077.63457,2399.20109,14439.17159,57577.90009,240077.04627,3.174,3.286,3.353,3.376,3.387,13.803,4.894,6.049,7.457,9.459,13.032,22.732,1.0,1.0,1.0,1.0,1.0,1.0,1.0,1.0,1.0,1.0,1.0,1.0,W1now,eu,
bybit,WIF,2,1788269886,1,0.20005,4.99875,200,200,9772.0366,52465.9554,127186.0588,245588.9097,13058.3194,74098.4911,142665.0598,242441.6262,4.998,6.248,6.998,7.248,7.483,11.619,2.499,2.499,3.791,5.645,6.571,9.517,1.0,1.0,1.0,1.0,1.0,1.0,1.0,1.0,1.0,1.0,1.0,1.0,W1now,eu,
bybit,XMR,2,1788269886,1,509.34,3.14132,200,200,16762.3328,134258.4979,317918.9617,317918.9617,9995.8545,73784.6611,337237.246,343115.1975,2.474,3.091,4.199,4.652,5.114,7.719,3.677,4.318,5.933,7.034,7.709,11.478,1.0,1.0,1.0,1.0,1.0,1.0,1.0,1.0,1.0,1.0,1.0,1.0,W1now,eu,
bybit,ZEN,2,1788269886,1,5.5185,1.812087,200,200,1167.99,3344.3935,9466.4788,14938.0752,825.5247,3113.1466,9185.5092,13751.769,4.958,6.6,11.304,19.855,32.407,84.036,4.864,7.151,12.747,21.193,34.441,76.368,1.0,1.0,1.0,1.0,1.0,1.0,1.0,1.0,1.0,1.0,1.0,1.0,W1now,eu,
bybit,ZRO,2,1788269886,1,1.00215,0.997855,200,200,9571.66433,20411.51732,44023.44813,109195.4468,7445.29885,13785.426,29858.36171,99373.63209,1.293,1.883,2.25,2.47,5.744,15.182,1.476,1.594,2.44,3.402,6.184,21.021,1.0,1.0,1.0,1.0,1.0,1.0,1.0,1.0,1.0,1.0,1.0,1.0,W1now,eu,
dydx,MORPHO,2,1788269886,1,2.772,1832.611833,15,6,0,0,0,0,0,0,0,0,916.306,916.306,1885.04,2266.474,2457.191,2571.621,916.306,916.306,916.306,916.306,916.306,916.306,1.0,1.0,1.0,1.0,1.0,1.0,1.0,1.0,1.0,1.0,1.0,1.0,W1now,eu,
dydx,FIL,2,1788269886,1,0.6971,57.380577,56,71,0,0,18099.9867,23900.2777,0,0,24173.0137,35773.0453,28.69,28.69,28.69,28.69,28.69,37.578,28.69,28.69,28.69,28.69,28.69,35.705,1.0,1.0,1.0,1.0,1.0,1.0,1.0,1.0,1.0,1.0,1.0,1.0,W1now,eu,
dydx,LDO,2,1788269886,1,0.365,175.342466,57,53,0,0,0,1007633.5508,0,0,0,2899.9432,87.671,87.671,87.671,87.671,87.671,87.671,87.671,87.671,87.671,149.069,195.083,222.691,1.0,1.0,1.0,1.0,1.0,1.0,1.0,1.0,1.0,1.0,1.0,1.0,W1now,eu,
dydx,ICP,2,1788269886,1,2.4279,31.302772,63,81,0,22079.53247,36279.61738,64679.5192,0,15030.06035,22305.17397,36505.18212,15.651,15.651,15.651,15.651,15.857,19.816,15.651,15.651,15.651,15.651,17.093,25.788,1.0,1.0,1.0,1.0,1.0,1.0,1.0,1.0,1.0,1.0,1.0,1.0,W1now,eu,
dydx,ONDO,2,1788269886,1,0.34555,66.560556,64,38,0,0,7167.657,27782.2728,0,0,21299.9303,49699.9239,35.782,35.978,36.096,36.135,41.84,54.268,33.28,33.28,33.28,33.28,36.664,49.032,1.0,1.0,1.0,1.0,1.0,1.0,1.0,1.0,1.0,1.0,1.0,1.0,W1now,eu,
dydx,RUNE,2,1788269886,1,0.47995,118.762371,38,36,0,0,0,15600.2158,0,0,0,11700.0254,59.381,59.381,59.381,59.381,59.381,95.836,59.381,59.381,59.381,60.317,61.933,84.077,1.0,1.0,1.0,1.0,1.0,1.0,1.0,1.0,1.0,1.0,1.0,1.0,W1now,eu,
dydx,TAO,2,1788269886,1,225.375,39.489739,76,72,0,15432.4473,46299.0316,124799.1858,0,58430.8802,96393.3794,324892.124,19.745,19.745,19.745,19.745,19.745,24.823,19.745,19.745,19.745,19.745,19.745,19.745,1.0,1.0,1.0,1.0,1.0,1.0,1.0,1.0,1.0,1.0,1.0,1.0,W1now,eu,
dydx,SPX,2,1788269886,1,0.6058,1218.223836,43,34,0,0,0,0,0,0,0,0,999.862,1222.942,1356.79,1401.406,1423.714,1437.099,609.112,609.112,609.112,609.112,609.112,609.112,1.0,1.0,1.0,1.0,1.0,1.0,1.0,1.0,1.0,1.0,1.0,1.0,W1now,eu,
dydx,WIF,2,1788269887,1,0.20014,59.958029,60,54,0,0,24197.49195,38397.51321,0,0,36494.04384,64894.00703,29.979,29.979,29.979,29.979,29.979,32.51,29.979,29.979,29.979,29.979,29.979,31.869,1.0,1.0,1.0,1.0,1.0,1.0,1.0,1.0,1.0,1.0,1.0,1.0,W1now,eu,
dydx,ZEN,2,1788269887,1,5.5235,77.84919,37,31,0,0,1001.364,1001.364,0,0,998.1,998.1,38.925,38.925,1107.118,1501.78,1699.111,1817.51,38.925,42.205,1066.991,1441.887,1629.335,1741.804,1.0,1.0,1.0,1.0,1.0,1.0,1.0,1.0,1.0,1.0,1.0,1.0,W1now,eu,
dydx,ZEC,2,1788269887,1,845.3,41.405418,100,61,0,927.905,9434.069,1890313.185,0,19736.265,1909564.242,2155267.71,20.703,21.823,30.733,33.703,36.303,48.966,20.703,20.703,20.703,20.703,20.703,22.008,1.0,1.0,1.0,1.0,1.0,1.0,1.0,1.0,1.0,1.0,1.0,1.0,W1now,eu,
dydx,XMR,2,1788269887,1,509.29,28.274657,80,44,0,498.3986,1498.7055,1604.5959,0,499.8098,499.8098,499.8098,14.165,22.005,134.113,228.556,275.777,304.11,14.64,154.584,239.035,267.37,281.538,290.039,1.0,1.0,1.0,1.0,1.0,1.0,1.0,1.0,1.0,1.0,1.0,1.0,W1now,eu,
hl,ONDO,2,1788269887,1,0.34413,3.487054,20,20,44098.50736,47130.28656,47130.28656,47130.28656,45958.75701,45958.75701,45958.75701,45958.75701,1.744,1.744,1.993,2.304,2.551,4.236,1.744,1.744,1.744,1.744,1.77,3.731,1.0,1.0,1.0,1.0,1.0,1.0,1.0,1.0,1.0,1.0,1.0,1.0,W1now,eu,
okx,USELESS,2,1788269887,1,0.102605,4.873057,400,400,710.6295,2195.38237,6691.0783,19484.60456,414.5083,1624.29868,5734.31505,15023.54338,4.882,7.477,15.323,25.176,40.374,77.71,5.631,11.928,20.228,29.366,45.021,124.305,1.0,1.0,1.0,1.0,1.0,1.0,1.0,1.0,1.0,1.0,1.0,1.0,W1now,eu,
dydx,ZRO,2,1788269887,1,1.003,59.820538,44,32,0,0,8697.194,20297.174,0,0,2897.28,8697.71,29.91,29.91,29.91,34.086,43.319,156.682,29.91,29.91,29.91,46.751,63.659,186.418,1.0,1.0,1.0,1.0,1.0,1.0,1.0,1.0,1.0,1.0,1.0,1.0,W1now,eu,
aster,FET,3,1788269932,1,0.1531,26.126715,19,31,0,35390.252,60843.098,61688.067,0,5628.8551,6462.2187,7442.7459,13.063,13.063,13.063,13.063,13.063,13.324,13.369,16.482,18.35,18.972,61.781,436.48,1.0,1.0,1.0,1.0,1.0,1.0,1.0,1.0,1.0,1.0,1.0,1.0,W1now,eu,
aster,FIL,3,1788269932,1,0.696,28.735632,23,22,0,10280.579,14345.1804,15036.6268,0,9449.4381,10790.9772,14599.168,14.368,14.368,14.368,14.368,14.368,117.717,14.368,14.368,14.368,14.368,15.178,75.701,1.0,1.0,1.0,1.0,1.0,1.0,1.0,1.0,1.0,1.0,1.0,1.0,W1now,eu,
aster,BTW,3,1788269932,1,0.39111,10.227302,267,247,461.54534,4912.10084,19552.37402,33366.58675,7271.10642,17327.41637,26776.56074,49936.00987,7.91,10.523,12.586,14.975,22.584,38.82,5.951,6.044,6.231,6.971,8.622,19.257,1.0,1.0,1.0,1.0,1.0,1.0,1.0,1.0,1.0,1.0,1.0,1.0,W1now,eu,
aster,AR,3,1788269932,1,2.2095,22.629554,17,16,0,10811.7743,11104.2872,11978.7692,0,9770.1656,10359.71,10951.3808,11.315,11.315,13.288,18.617,21.755,468.82,11.315,11.315,12.577,18.735,21.927,555.648,1.0,1.0,1.0,1.0,1.0,1.0,1.0,1.0,1.0,1.0,1.0,1.0,W1now,eu,
aster,KAS,3,1788269932,1,0.027285,25.655122,14,21,0,2704.46675,16965.41186,30707.21427,0,2285.4276,5864.9519,7967.05426,12.828,12.828,14.758,23.075,28.946,45.136,15.136,17.647,20.437,27.627,61.951,272.972,1.0,1.0,1.0,1.0,1.0,1.0,1.0,1.0,1.0,1.0,1.0,1.0,W1now,eu,
aster,ICP,3,1788269932,1,2.4275,4.119464,101,95,1016.742,18884.121,35427.733,50665.649,8620.11,13784.994,16336.074,41416.132,2.06,3.699,7.631,8.965,11.839,21.477,2.06,2.069,4.535,5.357,7.675,32.731,1.0,1.0,1.0,1.0,1.0,1.0,1.0,1.0,1.0,1.0,1.0,1.0,W1now,eu,
aster,KITE,3,1788269932,1,0.120005,2.499896,75,43,2627.03469,10011.6126,13346.90857,15609.79064,999.88662,4523.88996,5886.2232,5886.2232,1.25,1.73,4.373,9.213,13.186,200.347,1.25,1.252,10.068,17.143,267.518,459.527,1.0,1.0,1.0,1.0,1.0,1.0,1.0,1.0,1.0,1.0,1.0,0.5405,W1now,eu,
aster,LDO,3,1788269932,1,0.36645,24.559967,46,27,0,16036.0683,30876.076,41739.8384,0,6338.0596,6338.0596,6987.4648,12.28,12.28,14.41,16.074,16.906,28.561,12.28,12.28,12.28,17.18,140.041,509.306,1.0,1.0,1.0,1.0,1.0,1.0,1.0,1.0,1.0,1.0,1.0,0.8656,W1now,eu,
aster,MAGMA,3,1788269932,1,0.348725,10.036562,112,144,324.79035,1762.29138,5286.36186,11176.54394,1760.48012,5607.20651,8852.82824,17786.4721,8.18,11.27,18.758,28.343,46.913,107.571,5.886,6.169,8.588,12.019,25.929,71.008,1.0,1.0,1.0,1.0,1.0,1.0,1.0,1.0,1.0,1.0,1.0,1.0,W1now,eu,
aster,POWER,3,1788269932,1,0.082525,23.023326,32,17,0,1118.33242,1188.34126,1258.3778,0,1188.80809,1188.80809,1262.32837,13.361,13.648,285.947,1378.584,1378.584,1378.584,11.512,11.526,271.226,692.995,692.995,692.995,1.0,1.0,1.0,0.7573,0.3787,0.1515,1.0,1.0,1.0,0.6254,0.3127,0.1251,W1now,eu,
aster,RIVER,3,1788269932,1,1.352,14.792899,83,178,1554.7308,6145.1452,15914.567,21090.2027,2558.6583,11222.5813,35120.2136,63259.3865,7.396,7.396,10.19,14.544,22.174,52.067,7.396,7.396,7.396,11.011,14.666,23.261,1.0,1.0,1.0,1.0,1.0,1.0,1.0,1.0,1.0,1.0,1.0,1.0,W1now,eu,
aster,ONDO,3,1788269932,1,0.3432,5.827506,85,234,20085.36417,30323.17799,37563.84808,61533.46214,8912.47538,17285.97635,35474.32621,55714.14588,4.592,5.21,5.58,5.704,5.766,8.084,2.914,2.915,4.662,5.245,6.233,19.41,1.0,1.0,1.0,1.0,1.0,1.0,1.0,1.0,1.0,1.0,1.0,1.0,W1now,eu,
aster,SPX,3,1788269932,1,0.5802,24.12961,22,17,0,2836.3897,14256.4179,14256.4179,0,1794.9527,6693.939,6693.939,12.065,12.065,12.882,22.269,28.37,91.306,12.473,16.578,22.459,28.256,206.982,2063.72,1.0,1.0,1.0,1.0,1.0,1.0,1.0,1.0,1.0,1.0,1.0,0.858,W1now,eu,
aster,TAO,3,1788269932,1,224.89,0.889324,88,107,10854.6386,50383.66585,100502.54793,135802.33702,18245.47292,58782.98503,103854.88083,150022.98099,0.445,0.445,4.206,5.861,7.604,10.793,0.445,0.445,0.983,1.727,3.555,7.394,1.0,1.0,1.0,1.0,1.0,1.0,1.0,1.0,1.0,1.0,1.0,1.0,W1now,eu,
aster,UAI,3,1788269932,1,0.42135,11.866619,48,59,3039.4998,19497.8032,32554.1233,84769.2698,136.2017,10681.4487,35723.9029,85954.654,5.933,5.933,5.933,8.305,12.456,19.902,13.169,14.298,14.975,16.358,19.649,27.269,1.0,1.0,1.0,1.0,1.0,1.0,1.0,1.0,1.0,1.0,1.0,1.0,W1now,eu,
aster,USELESS,3,1788269932,1,0.10287,17.497813,63,60,2246.25198,17873.28964,38821.21624,54884.82611,1118.91267,6625.01795,11145.24372,21157.17695,9.559,9.64,10.178,14.592,18.39,26.43,8.749,9.098,12.525,15.011,20.295,55.152,1.0,1.0,1.0,1.0,1.0,1.0,1.0,1.0,1.0,1.0,1.0,1.0,W1now,eu,
aster,XMR,3,1788269933,1,508.79,6.289432,280,222,5713.05488,26275.69903,38309.7494,79991.32547,7332.07102,30865.51979,73292.78992,122390.91126,3.439,3.489,4.029,5.218,8.034,12.5,3.145,3.145,3.225,5.021,7.395,11.986,1.0,1.0,1.0,1.0,1.0,1.0,1.0,1.0,1.0,1.0,1.0,1.0,W1now,eu,
aster,WIF,3,1788269933,1,0.2001,19.990005,28,21,2873.3626,22366.17548,46605.22669,52445.27489,1076.63253,4656.15903,7547.07813,7547.07813,9.995,9.995,9.995,12.118,13.555,22.619,9.995,9.995,15.69,19.599,50.141,141.231,1.0,1.0,1.0,1.0,1.0,1.0,1.0,1.0,1.0,1.0,1.0,1.0,W1now,eu,
aster,ZEN,3,1788269933,1,5.5195,23.552858,12,11,0,5063.8534,12563.3149,12563.3149,0,8287.2273,8287.2273,8287.2273,11.776,11.776,12.284,13.553,19.861,489.913,11.978,12.783,13.266,13.427,128.756,349.844,1.0,1.0,1.0,1.0,1.0,0.6185,1.0,1.0,1.0,1.0,1.0,0.4099,W1now,eu,
aster,ZRO,3,1788269933,1,1.00155,12.979881,103,253,283.12631,3575.5649,15814.18425,16046.02977,760.25355,5607.91111,5607.91111,6673.87275,9.086,12.244,15.381,21.205,26.827,123.455,8.636,9.499,13.505,15.079,111.051,318.858,1.0,1.0,1.0,1.0,1.0,1.0,1.0,1.0,1.0,1.0,1.0,1.0,W1now,eu,
aster,龙虾,3,1788269933,1,0.061733,8.423372,241,65,2990.063871,6945.508346,14830.826829,23841.350801,999.939969,6913.994711,12839.960813,20377.409755,7.376,7.414,7.684,11.27,18.42,47.348,4.212,4.215,8.004,11.866,20.361,54.991,1.0,1.0,1.0,1.0,1.0,1.0,1.0,1.0,1.0,1.0,1.0,1.0,W1now,eu,
aster,MORPHO,3,1788269932,1,2.5255,15.838448,18,17,1099.9738,10377.05338,10487.47066,10603.45216,999.879,2779.76873,2980.01398,3090.31508,7.919,7.919,14.203,16.605,18.08,786.521,7.919,7.933,17.396,129.595,228.924,532.71,1.0,1.0,1.0,1.0,1.0,0.8528,1.0,1.0,1.0,1.0,1.0,0.4744,W1now,eu,
binance,AR,3,1788269933,1,2.2095,4.525911,535,1000,1097.3961,23308.6206,58946.5496,122715.885,2465.4128,22538.2279,52438.2321,110924.7043,6.387,6.588,9.246,10.281,12.481,18.844,2.263,3.845,5.676,8.496,11.28,18.232,1.0,1.0,1.0,1.0,1.0,1.0,1.0,1.0,1.0,1.0,1.0,1.0,W1now,eu,
binance,KAS,3,1788269933,1,0.02727,7.334067,390,1000,2224.93217,14523.01937,32634.29052,67462.96321,573.88883,14014.34375,36433.22941,80326.81979,6.306,6.82,7.53,9.265,11.96,20.779,4.753,7.607,11.016,12.842,15.701,23.067,1.0,1.0,1.0,1.0,1.0,1.0,1.0,1.0,1.0,1.0,1.0,1.0,W1now,eu,
binance,FIL,3,1788269933,1,0.69585,1.437091,1000,1000,53692.92922,200597.0665,420917.16532,921247.12429,80847.72598,234182.40349,451688.34281,1062861.01128,0.719,0.778,1.604,2.483,3.406,4.879,0.719,1.423,1.863,2.009,2.484,3.814,1.0,1.0,1.0,1.0,1.0,1.0,1.0,1.0,1.0,1.0,1.0,1.0,W1now,eu,
binance,FET,3,1788269933,1,0.15305,6.533812,587,1000,31600.8362,93677.7898,224680.9051,362001.4009,38626.1594,106130.9661,225309.2013,365113.2905,3.267,3.267,3.267,6.285,8.043,9.098,3.267,3.267,3.267,3.267,3.363,7.226,1.0,1.0,1.0,1.0,1.0,1.0,1.0,1.0,1.0,1.0,1.0,1.0,W1now,eu,
binance,KITE,3,1788269933,1,0.1199,1.668057,1000,1000,3387.81995,13431.48512,40383.52335,66582.94363,959.29967,7245.0918,19299.09696,41470.25567,2.565,3.525,4.891,7.715,12.066,22.179,4.207,6.206,11.154,15.599,21.007,35.502,1.0,1.0,1.0,1.0,1.0,1.0,1.0,1.0,1.0,1.0,1.0,1.0,W1now,eu,
binance,LDO,3,1788269933,1,0.36625,2.730375,1000,1000,15526.9375,52496.9846,122808.6185,313842.0631,9384.5499,39865.9135,117184.0978,256706.2024,2.918,3.507,3.86,5.143,6.658,9.43,3.396,3.746,4.78,5.803,7.116,12.68,1.0,1.0,1.0,1.0,1.0,1.0,1.0,1.0,1.0,1.0,1.0,1.0,W1now,eu,
binance,MAGMA,3,1788269933,1,0.348745,3.154167,1000,1000,559.39313,3378.98198,5886.8079,13327.29229,731.10765,3441.4868,9347.23724,14703.93966,5.68,8.553,12.73,20.267,40.669,93.941,5.315,8.092,12.054,18.163,27.001,83.457,1.0,1.0,1.0,1.0,1.0,1.0,1.0,1.0,1.0,1.0,1.0,1.0,W1now,eu,
binance,ONDO,3,1788269933,1,0.34315,2.914177,1000,1000,66808.77435,285078.70228,601043.09562,1131890.27802,44182.82078,274447.2054,522111.03246,936046.18055,1.457,1.457,1.457,1.457,1.457,2.588,1.457,2.758,3.726,4.049,4.21,4.901,1.0,1.0,1.0,1.0,1.0,1.0,1.0,1.0,1.0,1.0,1.0,1.0,W1now,eu,
binance,POWER,3,1788269933,1,0.082525,3.635262,914,1000,449.83172,2230.90178,4823.19678,12913.48253,610.1521,3658.48369,9057.00751,21525.01865,6.221,8.872,15.96,26.694,50.268,94.342,5.742,7.768,10.812,18.006,30.259,64.228,1.0,1.0,1.0,1.0,1.0,1.0,1.0,1.0,1.0,1.0,1.0,1.0,W1now,eu,
binance,RIVER,3,1788269933,1,1.3525,7.393715,501,1000,105.1856,8038.412,25251.6847,55748.7215,3745.6452,19228.9026,36538.1475,59083.8779,9.535,10.313,10.779,13.41,17.389,30.271,3.697,3.697,3.697,5.554,8.322,15.601,1.0,1.0,1.0,1.0,1.0,1.0,1.0,1.0,1.0,1.0,1.0,1.0,W1now,eu,
binance,RUNE,3,1788269933,1,0.47865,2.089209,604,1000,1012.4921,16274.3349,45074.7207,122529.1106,3658.0215,23270.4265,50122.5209,111401.8778,6.547,7.974,10.141,12.863,16.351,23.183,1.474,2.818,5.941,8.233,10.552,16.428,1.0,1.0,1.0,1.0,1.0,1.0,1.0,1.0,1.0,1.0,1.0,1.0,W1now,eu,
binance,UAI,3,1788269933,1,0.42125,2.373887,1000,1000,2168.1668,9370.1674,17859.0171,35063.8771,1550.8181,10978.9637,21236.455,39039.6125,2.975,3.753,6.495,10.793,16.153,36.448,4.031,5.826,8.218,10.645,15.221,31.633,1.0,1.0,1.0,1.0,1.0,1.0,1.0,1.0,1.0,1.0,1.0,1.0,W1now,eu,
binance,TAO,3,1788269933,1,224.735,0.444969,1000,1000,35380.04828,224447.31716,781050.76191,1894868.13271,108396.92694,259600.27864,856572.00857,1581564.31974,0.663,0.883,1.312,1.751,2.35,4.052,0.48,0.769,0.975,1.178,1.815,2.719,1.0,1.0,1.0,1.0,1.0,1.0,1.0,1.0,1.0,1.0,1.0,1.0,W1now,eu,
binance,USELESS,3,1788269933,1,0.102805,2.918146,1000,1000,9140.93314,32151.55618,78074.31375,154133.7863,9610.21074,45659.51276,87130.157,189160.92532,1.459,1.916,2.686,4.011,6.414,12.177,2.415,2.91,3.89,5.051,6.984,10.715,1.0,1.0,1.0,1.0,1.0,1.0,1.0,1.0,1.0,1.0,1.0,1.0,W1now,eu,
binance,WIF,3,1788269933,1,0.19995,5.00125,730,1000,13603.62963,50973.93642,141487.25277,338714.36789,7528.45534,48090.24197,141239.65127,289103.70372,2.501,2.501,3.478,5.49,6.496,9.386,2.501,2.501,5.233,6.367,8.173,12.012,1.0,1.0,1.0,1.0,1.0,1.0,1.0,1.0,1.0,1.0,1.0,1.0,W1now,eu,
binance,XMR,3,1788269933,1,508.945,0.982424,1000,1000,15348.97284,74330.69022,255844.38222,588535.73808,12574.73437,70548.24112,238287.59983,396793.02234,1.919,2.674,4.25,6.087,7.763,10.325,1.772,2.016,2.814,3.629,5.363,9.169,1.0,1.0,1.0,1.0,1.0,1.0,1.0,1.0,1.0,1.0,1.0,1.0,W1now,eu,
binance,ZEC,3,1788269933,1,841.995,0.118766,1000,1000,318777.11359,1621086.25253,4272491.18598,7752200.4514,757551.81398,1439558.20212,3322439.63777,5728458.86346,0.059,0.059,0.059,0.095,0.137,0.605,0.059,0.059,0.059,0.267,0.708,1.411,1.0,1.0,1.0,1.0,1.0,1.0,1.0,1.0,1.0,1.0,1.0,1.0,W1now,eu,
binance,ZEN,3,1788269933,1,5.5155,1.813072,914,1000,8460.9165,24480.3907,73476.0464,209750.1723,6065.4335,31375.3943,79710.2312,155943.3758,2.297,3.415,4.085,4.323,7.183,13.811,3.691,4.449,5.883,7.021,9.88,15.375,1.0,1.0,1.0,1.0,1.0,1.0,1.0,1.0,1.0,1.0,1.0,1.0,W1now,eu,
binance,ZRO,3,1788269933,1,1.0006,1.998801,1000,1000,5987.08049,21588.011,55339.43093,149936.29059,11760.42684,33005.29664,69825.21508,110257.49981,1.246,2.002,3.752,5.693,8.57,16.051,3.428,4.074,5.399,6.361,7.63,11.033,1.0,1.0,1.0,1.0,1.0,1.0,1.0,1.0,1.0,1.0,1.0,1.0,W1now,eu,
binance,龙虾,3,1788269933,1,0.061643,3.244488,1000,1000,2347.542739,12834.870712,24000.696357,55769.701932,1173.920412,10049.897924,23158.162708,45220.096765,3.859,4.669,7.295,9.048,12.757,26.746,3.148,5.098,8.473,10.059,14.205,28.807,1.0,1.0,1.0,1.0,1.0,1.0,1.0,1.0,1.0,1.0,1.0,1.0,W1now,eu,
bitget,AR,3,1788269933,1,2.2085,4.52796,100,100,389.7788,36609.852,46535.347,90835.8569,438.8145,4833.6729,26651.8195,71511.9003,7.336,9.328,11.332,13.59,14.865,18.171,5.518,9.384,17.206,21.215,25.323,32.536,1.0,1.0,1.0,1.0,1.0,1.0,1.0,1.0,1.0,1.0,1.0,1.0,W1now,eu,
bitget,FET,3,1788269933,1,0.15295,6.538084,100,100,24110.929,76919.177,160888.1465,279875.9493,14248.31,46427.9651,127866.8541,258027.9117,3.269,3.269,3.269,3.378,6.593,8.748,7.915,8.861,9.429,9.618,9.713,12.585,1.0,1.0,1.0,1.0,1.0,1.0,1.0,1.0,1.0,1.0,1.0,1.0,W1now,eu,
bitget,FIL,3,1788269933,1,0.69605,1.436678,100,100,32079.18416,223557.97734,442439.52845,1282708.39751,5301.85148,87251.60617,562742.0932,1326044.79299,1.822,1.989,2.709,4.082,5.273,6.849,1.453,2.422,4.737,7.038,8.864,10.988,1.0,1.0,1.0,1.0,1.0,1.0,1.0,1.0,1.0,1.0,1.0,1.0,W1now,eu,
bitget,KAS,3,1788269933,1,0.02726,7.336757,100,100,3800.85289,27221.96062,52473.5594,89447.19473,515.33199,8915.25532,51422.00081,102781.70011,3.668,3.668,3.736,6.415,10.472,15.021,5.956,8.425,11.836,14.529,18.4,27.598,1.0,1.0,1.0,1.0,1.0,1.0,1.0,1.0,1.0,1.0,1.0,1.0,W1now,eu,
bitget,KITE,3,1788269933,1,0.11991,6.67167,100,100,61.94279,6341.04337,20517.50522,29391.92952,383.78329,5295.82567,14051.22899,31495.60604,11.746,13.683,15.94,16.883,23.335,35.979,6.18,8.778,12.612,14.39,26.061,47.462,1.0,1.0,1.0,1.0,1.0,1.0,1.0,1.0,1.0,1.0,1.0,1.0,W1now,eu,
bitget,BTW,3,1788269933,1,0.391521,3.958914,100,100,1354.659377,4644.215175,7984.551387,16186.97275,460.753197,2487.974142,8721.402673,16781.563619,7.163,8.374,12.416,17.539,30.509,49.156,7.355,10.681,15.243,22.09,33.422,48.159,1.0,1.0,1.0,1.0,1.0,0.6507,1.0,1.0,1.0,1.0,1.0,0.668,W1now,eu,
bitget,LDO,3,1788269933,1,0.3659,5.465974,100,100,5316.12658,17419.54609,63551.18431,132253.77249,1081.8704,12059.5724,48243.3296,138633.0016,2.733,2.733,4.207,5.839,8.875,18.533,4.666,6.059,9.787,13.211,17.152,27.162,1.0,1.0,1.0,1.0,1.0,1.0,1.0,1.0,1.0,1.0,1.0,1.0,W1now,eu,
bitget,MAGMA,3,1788269933,1,0.348805,5.44717,100,100,246.10301,7332.05297,11926.53112,37998.52876,392.68002,11588.19805,17618.23391,38768.61823,9.863,14.62,18.849,21.628,25.007,52.622,7.713,9.259,11.674,12.933,15.661,34.386,1.0,1.0,1.0,1.0,1.0,1.0,1.0,1.0,1.0,1.0,1.0,1.0,W1now,eu,
bitget,ONDO,3,1788269933,1,0.34325,2.913328,100,100,12646.15624,422699.11671,736554.36355,1367849.72878,111012.93413,418538.1182,749227.60779,1573585.84937,2.445,3.407,3.985,4.177,5.205,7.891,1.457,1.457,1.457,2.722,3.546,4.04,1.0,1.0,1.0,1.0,1.0,1.0,1.0,1.0,1.0,1.0,1.0,1.0,W1now,eu,
bitget,POWER,3,1788269933,1,0.082725,8.461771,100,100,390.11077,3257.06024,8542.76404,21414.38002,1944.27802,5606.29055,14406.08521,27735.48686,7.623,10.218,13.707,20.634,33.41,61.652,6.779,7.922,8.878,13.351,22.257,45.745,1.0,1.0,1.0,1.0,1.0,1.0,1.0,1.0,1.0,1.0,1.0,1.0,W1now,eu,
bitget,RIVER,3,1788269933,1,1.35,14.814815,100,100,4570.412,15755.748,27593.899,48379.031,3281.579,10838.108,22288.922,36651.95,7.407,7.407,7.407,8.039,11.427,21.234,7.407,7.407,7.407,9.957,14.682,28.047,1.0,1.0,1.0,1.0,1.0,1.0,1.0,1.0,1.0,1.0,1.0,1.0,W1now,eu,
bitget,RUNE,3,1788269933,1,0.47825,2.090957,100,100,4798.63969,9069.11098,29271.37828,58617.01892,1451.00321,8175.23513,23885.36473,55582.2444,2.715,3.421,6.739,8.219,13.039,29.966,3.696,5.736,9.668,14.895,20.76,32.826,1.0,1.0,1.0,1.0,1.0,1.0,1.0,1.0,1.0,1.0,1.0,1.0,W1now,eu,
bitget,TAO,3,1788269933,1,224.79,0.889719,100,100,186415.77379,519248.94214,1098859.95242,1100740.4032,54314.62159,222518.07537,368928.93547,371314.71164,1.688,2.146,2.999,4.82,6.191,7.014,1.103,1.219,1.288,1.517,1.648,2.493,1.0,1.0,1.0,1.0,1.0,1.0,1.0,1.0,1.0,1.0,1.0,1.0,W1now,eu,
bitget,USELESS,3,1788269933,1,0.102715,8.762109,100,100,4189.44492,19417.7544,49925.98798,90043.00714,3099.25941,14889.63595,41559.55627,92606.28915,4.977,6.235,7.459,8.343,11.441,18.494,5.659,6.361,7.032,8.719,12.471,21.697,1.0,1.0,1.0,1.0,1.0,1.0,1.0,1.0,1.0,1.0,1.0,1.0,W1now,eu,
bitget,WIF,3,1788269933,1,0.19995,5.00125,100,100,7775.96705,39999.54472,221602.42523,313986.55267,2543.10188,40348.33015,100424.90594,263618.79737,3.69,5.596,6.739,7.121,8.421,12.68,5.32,6.411,7.066,9.743,11.696,15.181,1.0,1.0,1.0,1.0,1.0,1.0,1.0,1.0,1.0,1.0,1.0,1.0,W1now,eu,
bitget,UAI,3,1788269933,1,0.421155,10.210018,100,100,113.20734,2778.76761,11429.44053,22517.18006,377.57473,8824.92297,15147.55785,31153.04355,10.715,15.108,19.401,23.684,30.677,62.341,6.883,8.737,10.118,13.927,18.872,42.206,1.0,1.0,1.0,1.0,1.0,1.0,1.0,1.0,1.0,1.0,1.0,1.0,W1now,eu,
bitget,XMR,3,1788269933,1,509.055,9.232794,100,100,4894.754,139628.5977,308744.9865,453654.3115,3250.0112,119307.1254,216804.9928,376361.9129,4.777,4.795,4.806,4.924,7.856,12.85,6.482,6.728,6.875,8.093,10.338,13.389,1.0,1.0,1.0,1.0,1.0,1.0,1.0,1.0,1.0,1.0,1.0,1.0,W1now,eu,
bitget,ZRO,3,1788269933,1,1.00085,2.997452,100,100,1108.1733,8701.4712,53254.1642,155371.2477,3149.9772,34710.2448,88041.5707,158936.5743,4.324,6.651,10.255,13.061,17.204,22.527,3.616,5.555,7.016,9.556,11.934,16.885,1.0,1.0,1.0,1.0,1.0,1.0,1.0,1.0,1.0,1.0,1.0,1.0,W1now,eu,
bybit,BTW,3,1788269933,1,0.390825,3.326297,200,200,410.0768,1635.0599,4457.9696,12792.116,664.8616,2446.1146,5827.1934,11730.8243,8.023,11.969,20.173,32.203,52.132,103.944,6.132,8.234,14.419,23.702,46.482,67.956,1.0,1.0,1.0,1.0,1.0,1.0,1.0,1.0,1.0,1.0,1.0,0.5866,W1now,eu,
bybit,AR,3,1788269933,1,2.209,9.053871,200,200,94.6829,1385.1584,7524.3423,28622.7541,260.6058,1385.8426,5379.0358,10421.7853,12.884,15.496,22.617,31.352,44.254,69.005,9.801,14.779,23.936,32.432,47.936,90.292,1.0,1.0,1.0,1.0,1.0,1.0,1.0,1.0,1.0,1.0,1.0,1.0,W1now,eu,
bybit,FIL,3,1788269933,1,0.6959,2.873976,200,200,11383.70826,71248.84843,322202.66595,391849.08948,8777.20286,52866.24516,257637.5811,333552.69215,2.723,2.936,4.206,5.264,6.224,9.36,2.549,3.385,5.28,6.909,7.942,10.595,1.0,1.0,1.0,1.0,1.0,1.0,1.0,1.0,1.0,1.0,1.0,1.0,W1now,eu,
bybit,KITE,3,1788269933,1,0.11987,3.336948,200,200,47.46055,1490.78613,3586.95937,6454.18095,448.0528,1586.68485,3352.89279,6089.10569,11.74,15.282,21.173,36.226,71.717,216.393,7.901,11.281,20.624,39.476,93.264,284.278,1.0,1.0,1.0,1.0,1.0,1.0,1.0,1.0,1.0,1.0,1.0,1.0,W1now,eu,
bybit,LDO,3,1788269933,1,0.36605,2.731867,200,200,7589.25979,22196.54855,112067.32379,286209.50219,6217.57133,19165.91356,207059.40537,389462.74018,2.778,3.438,4.598,6.568,8.722,15.954,3.829,3.963,4.533,5.681,8.947,17.744,1.0,1.0,1.0,1.0,1.0,1.0,1.0,1.0,1.0,1.0,1.0,1.0,W1now,eu,
bybit,KAS,3,1788269933,1,0.027245,3.670398,200,200,5294.1675,15874.7539,46391.8816,117355.944,1270.3,12669.4949,36535.9501,111287.3898,5.05,5.278,5.414,6.699,10.166,20.247,5.198,7.083,10.146,13.057,16.87,25.812,1.0,1.0,1.0,1.0,1.0,1.0,1.0,1.0,1.0,1.0,1.0,1.0,W1now,eu,
bybit,MAGMA,3,1788269933,1,0.34895,2.86574,200,200,134.9757,1414.3142,4454.3092,6712.1362,225.4819,1793.7377,3206.2641,8690.9269,11.02,14.564,22.424,31.868,68.517,129.712,8.404,13.429,20.05,39.114,66.491,189.966,1.0,1.0,1.0,1.0,1.0,1.0,1.0,1.0,1.0,1.0,1.0,1.0,W1now,eu,
bybit,POWER,3,1788269933,1,0.08266,9.6782,200,200,329.82321,1417.28176,1699.70397,2205.94346,73.12939,496.58949,1019.42738,12855.84468,10.821,15.089,42.262,103.744,152.156,277.039,14.452,25.495,54.317,66.407,72.521,255.348,1.0,1.0,1.0,1.0,1.0,1.0,1.0,1.0,1.0,1.0,1.0,1.0,W1now,eu,
bybit,ONDO,3,1788269933,1,0.34315,2.914177,200,200,47938.4691,247558.6867,425867.5107,807266.3143,34444.7624,229779.7355,440035.05,783102.5121,1.457,1.457,1.457,1.53,2.951,4.123,1.457,1.457,1.457,2.233,3.302,4.686,1.0,1.0,1.0,1.0,1.0,1.0,1.0,1.0,1.0,1.0,1.0,1.0,W1now,eu,
bybit,RIVER,3,1788269933,1,1.3515,7.399186,200,200,152.3928,1779.8766,5414.6807,9774.9589,485.5032,2151.3399,5238.3931,10655.7397,8.843,10.344,17.36,26.346,52.453,120.743,3.917,7.508,14.541,24.825,51.026,124.262,1.0,1.0,1.0,1.0,1.0,1.0,1.0,1.0,1.0,1.0,1.0,1.0,W1now,eu,
bybit,RUNE,3,1788269933,1,0.47885,6.26501,200,200,544.55546,2383.97686,32294.0518,149679.11705,100.53815,1862.61627,34677.85346,130894.52643,6.672,10.167,17.362,27.84,36.259,41.849,11.445,14.799,21.304,32.091,39.539,44.315,1.0,1.0,1.0,1.0,1.0,1.0,1.0,1.0,1.0,1.0,1.0,1.0,W1now,eu,
bybit,TAO,3,1788269933,1,224.805,0.44483,200,200,25681.86408,170910.30815,471242.29334,995816.73619,62013.91407,181999.83596,353811.55704,663918.83535,0.222,0.416,1.155,2.134,3.51,6.242,2.652,2.772,2.956,3.146,3.241,3.645,1.0,1.0,1.0,1.0,1.0,1.0,1.0,1.0,1.0,1.0,1.0,1.0,W1now,eu,
bybit,UAI,3,1788269933,1,0.42105,2.375015,200,200,173.3852,1128.3848,2522.2088,6812.1693,393.918,1861.0505,3106.1508,6905.2734,9.213,13.954,27.59,50.854,83.136,154.097,7.237,11.067,20.777,44.254,79.587,257.89,1.0,1.0,1.0,1.0,1.0,1.0,1.0,1.0,1.0,1.0,1.0,1.0,W1now,eu,
bybit,USELESS,3,1788269933,1,0.103035,0.970544,200,200,1164.67268,12288.67032,70487.47522,260226.53673,4914.28836,19701.31484,83036.00501,294399.84234,5.473,7.066,9.42,11.925,15.625,22.57,2.191,2.309,3.811,5.812,9.133,17.286,1.0,1.0,1.0,1.0,1.0,1.0,1.0,1.0,1.0,1.0,1.0,1.0,W1now,eu,
bybit,WIF,3,1788269934,1,0.19985,5.003753,200,200,11211.2647,71364.4175,134459.1043,276937.1269,13151.5842,67445.9366,129434.9222,238972.0769,5.372,6.439,7.079,7.292,7.399,10.772,2.502,2.502,4.242,5.874,6.69,9.553,1.0,1.0,1.0,1.0,1.0,1.0,1.0,1.0,1.0,1.0,1.0,1.0,W1now,eu,
bybit,XMR,3,1788269934,1,509.1,1.17855,200,200,30128.8731,108722.0618,271498.4592,271498.4592,5431.1602,77567.382,330648.7132,343856.797,1.819,2.557,3.927,5.077,5.9,6.485,2.766,4.076,5.99,7.48,9.726,12.454,1.0,1.0,1.0,1.0,1.0,1.0,1.0,1.0,1.0,1.0,1.0,1.0,W1now,eu,
bybit,ZEN,3,1788269934,1,5.5125,1.814059,200,200,927.705,3196.8821,9017.8479,15192.2567,776.7822,2934.4873,8555.6166,13600.8302,4.715,6.845,12.495,20.092,33.3,86.02,6.933,9.021,14.171,22.438,35.567,76.871,1.0,1.0,1.0,1.0,1.0,1.0,1.0,1.0,1.0,1.0,1.0,1.0,W1now,eu,
bybit,ZRO,3,1788269934,1,1.00075,0.999251,200,200,4966.4272,15641.60903,55142.99901,117066.93561,5715.09674,17111.71504,48603.3569,103486.50051,3.789,6.021,7.81,8.658,12.198,22.158,2.61,4.079,5.529,6.466,9.213,17.701,1.0,1.0,1.0,1.0,1.0,1.0,1.0,1.0,1.0,1.0,1.0,1.0,W1now,eu,
dydx,FIL,3,1788269934,1,0.69635,56.006319,58,73,0,0,18084.5359,23884.7707,0,0,23969.7369,35569.7241,28.003,28.003,28.003,28.003,28.003,38.07,28.003,28.003,28.003,28.003,28.003,35.267,1.0,1.0,1.0,1.0,1.0,1.0,1.0,1.0,1.0,1.0,1.0,1.0,W1now,eu,
dydx,ICP,3,1788269934,1,2.431,64.171123,54,72,0,0,12091.55321,26290.87406,0,0,36550.09851,64949.00865,32.086,32.086,32.086,32.086,33.934,46.902,32.086,32.086,32.086,32.086,32.496,34.763,1.0,1.0,1.0,1.0,1.0,1.0,1.0,1.0,1.0,1.0,1.0,1.0,W1now,eu,
dydx,MORPHO,3,1788269934,1,2.7705,1844.432413,15,6,0,0,0,0,0,0,0,0,922.216,922.216,1883.915,2263.921,2453.924,2567.926,922.216,922.216,922.216,922.216,922.216,922.216,1.0,1.0,1.0,1.0,1.0,1.0,1.0,1.0,1.0,1.0,1.0,1.0,W1now,eu,
dydx,LDO,3,1788269934,1,0.3664,70.960699,70,61,0,0,17837.9915,23637.8297,0,0,17944.5485,23744.5369,35.48,35.48,35.48,35.48,35.48,48.118,35.48,35.48,35.48,35.48,35.48,43.701,1.0,1.0,1.0,1.0,1.0,1.0,1.0,1.0,1.0,1.0,1.0,1.0,W1now,eu,
dydx,ONDO,3,1788269934,1,0.345,75.362319,73,41,0,0,7217.6658,27832.1563,0,0,21299.8741,49699.8061,37.681,37.681,37.681,37.681,44.104,54.967,37.681,37.681,37.681,37.681,37.681,45.132,1.0,1.0,1.0,1.0,1.0,1.0,1.0,1.0,1.0,1.0,1.0,1.0,W1now,eu,
dydx,RUNE,3,1788269934,1,0.48085,68.62847,35,31,0,0,11700.4316,27300.374,0,0,11699.8287,27299.7597,34.314,34.314,34.314,37.025,41.909,64.678,34.314,34.314,34.314,34.777,35.586,57.158,1.0,1.0,1.0,1.0,1.0,1.0,1.0,1.0,1.0,1.0,1.0,1.0,W1now,eu,
dydx,TAO,3,1788269934,1,225.25,39.955605,84,80,0,15432.52,46295.704,124795.5876,0,58428.804,82194.0436,324891.1944,19.978,19.978,19.978,19.978,19.978,24.381,19.978,19.978,19.978,19.978,19.978,19.978,1.0,1.0,1.0,1.0,1.0,1.0,1.0,1.0,1.0,1.0,1.0,1.0,W1now,eu,
dydx,SPX,3,1788269934,1,0.57935,2142.055752,48,42,0,0,0,0,0,0,0,0,1071.028,1071.028,1071.028,1071.028,1071.028,1071.028,1071.028,1071.028,1071.028,1071.028,1071.028,1071.028,1.0,1.0,1.0,1.0,1.0,1.0,1.0,1.0,1.0,1.0,1.0,1.0,W1now,eu,
dydx,WIF,3,1788269934,1,0.20006,55.983205,57,50,0,0,24193.03802,38392.99778,0,0,36485.05382,64884.9624,27.992,27.992,27.992,27.992,28.487,32.756,27.992,27.992,27.992,27.992,27.992,29.33,1.0,1.0,1.0,1.0,1.0,1.0,1.0,1.0,1.0,1.0,1.0,1.0,W1now,eu,
dydx,ZEC,3,1788269934,1,844.12,43.83263,100,70,0,926.497,9420.626,1784304.916,0,19795.698,1802357.341,2048033.924,21.916,22.983,31.299,34.071,36.641,49.971,21.916,21.916,21.916,21.916,21.916,22.886,1.0,1.0,1.0,1.0,1.0,1.0,1.0,1.0,1.0,1.0,1.0,1.0,W1now,eu,
dydx,XMR,3,1788269934,1,509.02,27.896743,83,50,0,498.1438,1497.6824,1603.5728,0,499.5354,499.5354,499.5354,13.991,23.105,136.295,231.599,279.251,307.842,14.591,152.673,235.603,263.277,277.114,285.416,1.0,1.0,1.0,1.0,1.0,1.0,1.0,1.0,1.0,1.0,1.0,1.0,W1now,eu,
dydx,ZEN,3,1788269934,1,5.5215,70.63298,34,33,0,0,1001.364,1001.364,0,0,997.38,997.38,35.316,35.316,1095.191,1486.199,1681.703,1799.006,35.316,38.847,1116.665,1511.425,1708.805,1827.233,1.0,1.0,1.0,1.0,1.0,1.0,1.0,1.0,1.0,1.0,1.0,1.0,W1now,eu,
hl,ONDO,3,1788269935,1,0.343485,2.620202,20,20,34731.07619,34731.07619,34731.07619,34731.07619,43807.54382,43807.54382,43807.54382,43807.54382,1.639,1.851,2.507,2.948,3.667,5.185,1.31,1.31,1.89,2.752,3.513,5.373,1.0,1.0,1.0,1.0,1.0,1.0,1.0,1.0,1.0,1.0,1.0,1.0,W1now,eu,
okx,USELESS,3,1788269935,1,0.102545,4.875908,400,400,577.03913,2439.53283,5666.58298,19213.44894,540.55621,2109.13972,6468.08745,17791.89652,6.478,8.878,15.813,24.941,39.594,80.092,6.246,9.167,16.517,26.515,40.599,101.403,1.0,1.0,1.0,1.0,1.0,1.0,1.0,1.0,1.0,1.0,1.0,1.0,W1now,eu,
dydx,ZRO,3,1788269935,1,1.003,59.820538,49,31,0,0,8697.376,20297.602,0,0,8694.282,8694.282,29.91,29.91,29.91,38.262,50.362,155.135,29.91,29.91,29.91,38.318,52.119,166.074,1.0,1.0,1.0,1.0,1.0,1.0,1.0,1.0,1.0,1.0,1.0,1.0,W1now,eu,
aster,AR,1,1788292860,1,2.2715,13.207132,14,18,1522.716,14039.2239,14343.2367,14646.4431,305.4912,2408.5003,6294.3043,7524.0643,6.604,6.604,11.761,17.88,21.046,324.566,11.747,15.779,20.637,29.029,158.995,356.663,1.0,1.0,1.0,1.0,1.0,0.7821,1.0,1.0,1.0,1.0,1.0,0.4796,W02_20u_us,us,
aster,FET,1,1788292860,1,0.1547,25.856496,21,30,0,25154.0665,25622.3107,59512.0441,0,5645.2569,5645.2569,7116.1557,12.928,12.928,12.928,12.928,12.928,16.246,13.23,16.311,18.16,18.776,69.187,415.749,1.0,1.0,1.0,1.0,1.0,1.0,1.0,1.0,1.0,1.0,1.0,1.0,W02_20u_us,us,
aster,BTW,1,1788292860,1,0.42565,8.457653,231,287,3753.59617,8762.49949,20992.16798,29467.43464,107.76554,15036.79347,23839.4459,52336.83813,5.993,6.286,6.96,9.102,15.908,33.55,9.594,9.965,10.741,12.326,13.299,24.751,1.0,1.0,1.0,1.0,1.0,1.0,1.0,1.0,1.0,1.0,1.0,1.0,W02_20u_us,us,
aster,ICP,1,1788292860,1,2.499,8.003201,97,79,312.2,17514.912,22134.311,50980.672,1725.577,8943.978,12534.735,16810.371,8.005,10.376,13.754,16.408,19.93,28.568,5.743,6.873,8.793,10.399,15.889,62.352,1.0,1.0,1.0,1.0,1.0,1.0,1.0,1.0,1.0,1.0,1.0,1.0,W02_20u_us,us,
aster,KAS,1,1788292860,1,0.027355,25.589472,14,20,0,2707.06029,14772.96885,28219.20897,0,1836.45456,6864.93238,7516.83172,12.795,12.795,14.221,23.704,29.216,49.29,12.795,12.795,19.335,27.032,64.476,293.646,1.0,1.0,1.0,1.0,1.0,1.0,1.0,1.0,1.0,1.0,1.0,1.0,W02_20u_us,us,
aster,KITE,1,1788292860,1,0.122975,10.571254,93,38,1845.6575,9349.19599,14879.11217,17087.96929,866.2486,3164.3029,4670.1595,5037.13321,5.911,6.348,8.962,13.715,18.695,117.708,5.286,6.411,11.534,23.088,303.4,478.088,1.0,1.0,1.0,1.0,1.0,1.0,1.0,1.0,1.0,1.0,1.0,0.5337,W02_20u_us,us,
aster,FIL,1,1788292860,1,0.79,25.316456,29,30,0,14949.0252,21005.7049,48402.0302,0,2130.0048,5462.3088,9463.1259,12.658,12.658,12.658,12.658,12.658,22.678,12.658,12.658,14.545,22.999,48.641,155.082,1.0,1.0,1.0,1.0,1.0,1.0,1.0,1.0,1.0,1.0,1.0,1.0,W02_20u_us,us,
aster,MORPHO,1,1788292860,1,2.527,17.411951,21,21,999.8208,2878.28654,2978.40344,3086.09264,999.79276,2778.55753,2883.70608,2994.1504,8.706,8.706,15.841,116.862,200.192,1003.624,8.706,8.708,10.338,113.343,200.556,358.063,1.0,1.0,1.0,1.0,1.0,0.7297,1.0,1.0,1.0,1.0,1.0,1.0,W02_20u_us,us,
aster,MAGMA,1,1788292860,1,0.42628,10.791029,161,98,2674.21246,4100.9291,8249.16991,15491.58981,132.64898,4680.41612,6857.73542,14362.60177,7.19,7.231,7.256,14.682,30.09,98.424,11.099,13.671,16.831,19.398,37.591,159.184,1.0,1.0,1.0,1.0,1.0,1.0,1.0,1.0,1.0,1.0,1.0,1.0,W02_20u_us,us,
aster,LDO,1,1788292860,1,0.36825,19.008826,51,32,1522.3702,15872.9637,16052.2061,38086.5054,2292.3234,6483.2967,6483.2967,7359.4723,9.504,9.504,12.685,16.106,19.594,31.389,9.504,9.504,9.732,14.396,103.018,483.682,1.0,1.0,1.0,1.0,1.0,1.0,1.0,1.0,1.0,1.0,1.0,0.9758,W02_20u_us,us,
aster,ONDO,1,1788292860,1,0.34215,8.768084,86,236,9662.00476,26050.25525,27967.76475,39140.26992,12868.5204,22719.92165,27729.25585,46058.60645,4.384,4.384,4.928,6.118,6.809,10.434,4.384,4.384,4.384,4.384,5.799,12.591,1.0,1.0,1.0,1.0,1.0,1.0,1.0,1.0,1.0,1.0,1.0,1.0,W02_20u_us,us,
aster,POWER,1,1788292860,1,0.08529,44.553875,32,17,0,1122.18128,1122.18128,1262.21861,0,122.74928,1122.73464,1196.29884,23.162,23.306,324.365,1458.361,1458.361,1458.361,25.818,26.392,280.438,680.351,680.351,680.351,1.0,1.0,1.0,0.7736,0.3868,0.1547,1.0,1.0,1.0,0.6356,0.3178,0.1271,W02_20u_us,us,
aster,SPX,1,1788292860,1,0.569,28.119508,12,7,0,2810.3172,14230.377,14230.377,0,1769.7927,5348.9319,5348.9319,14.06,14.06,14.06,20.206,24.163,779.295,14.477,18.662,25.816,32.24,1132.077,1132.077,1.0,1.0,1.0,1.0,1.0,0.6957,1.0,1.0,1.0,1.0,0.6864,0.2746,W02_20u_us,us,
aster,RIVER,1,1788292860,1,1.3515,22.197558,79,172,0,6126.3711,14933.3679,20116.1787,0,9523.3628,35782.2832,85180.1929,11.099,11.099,11.099,14.676,19.446,50.922,11.099,11.099,11.099,14.714,16.97,29.08,1.0,1.0,1.0,1.0,1.0,1.0,1.0,1.0,1.0,1.0,1.0,1.0,W02_20u_us,us,
aster,TAO,1,1788292860,1,222.585,2.246333,95,105,13396.22726,75802.87266,113705.12455,161560.20925,17740.87593,57873.95775,93541.97657,149019.5382,1.685,2.527,3.694,5.01,6.207,9.187,1.287,1.919,3.059,3.838,5.075,8.272,1.0,1.0,1.0,1.0,1.0,1.0,1.0,1.0,1.0,1.0,1.0,1.0,W02_20u_us,us,
aster,USELESS,1,1788292860,1,0.116695,16.28176,75,61,1179.2924,8583.77652,17826.57802,47075.96959,1331.28921,7228.76965,17990.73441,21513.55132,8.141,8.141,10.118,13.467,17.971,33.615,8.141,8.141,9.344,10.484,17.72,50.767,1.0,1.0,1.0,1.0,1.0,1.0,1.0,1.0,1.0,1.0,1.0,1.0,W02_20u_us,us,
aster,WIF,1,1788292860,1,0.19755,15.186029,29,24,3503.49468,13392.66858,14467.69758,20196.64545,1066.33449,9158.8241,10968.5486,18130.69055,7.593,7.593,7.593,9.105,12.956,48.703,7.593,7.593,13.402,15.56,19.539,70.223,1.0,1.0,1.0,1.0,1.0,1.0,1.0,1.0,1.0,1.0,1.0,1.0,W02_20u_us,us,
aster,UAI,1,1788292860,1,0.497,16.096579,56,40,2094.1622,12101.9771,45086.3859,92628.1545,1223.1066,15644.7716,26291.7484,46994.303,8.048,8.048,9.511,14.059,17.09,25.791,8.048,8.048,10.105,12.424,16.325,24.951,1.0,1.0,1.0,1.0,1.0,1.0,1.0,1.0,1.0,1.0,1.0,1.0,W02_20u_us,us,
aster,XMR,1,1788292860,1,503.94,1.587491,278,195,20082.18985,40857.84581,67577.56261,105335.90488,5584.81909,36056.8251,60026.02919,120990.66938,1.124,1.157,1.177,2.383,3.076,5.973,5.443,6.79,7.597,8.301,9.252,13.266,1.0,1.0,1.0,1.0,1.0,1.0,1.0,1.0,1.0,1.0,1.0,1.0,W02_20u_us,us,
aster,ZEN,1,1788292860,1,5.413,14.779235,8,9,999.5832,9105.2145,9105.2145,9105.2145,1025.9798,8962.3766,9304.6241,9304.6241,7.39,7.39,14.853,18.511,39.38,527.655,7.39,7.39,15.018,17.67,34.543,266.497,1.0,1.0,1.0,1.0,1.0,0.4983,1.0,1.0,1.0,1.0,1.0,0.4769,W02_20u_us,us,
aster,龙虾,1,1788292860,1,0.069234,14.299436,247,56,2333.425229,3637.808044,4264.222469,6413.883366,293.832627,899.581438,1664.916943,3808.478553,7.15,7.15,7.763,20.49,75.23,376.134,10.602,17.455,39.538,77.113,213.661,468.16,1.0,1.0,1.0,1.0,1.0,1.0,1.0,1.0,1.0,1.0,1.0,1.0,W02_20u_us,us,
aster,ZRO,1,1788292860,1,0.9965,12.042148,118,266,213.30036,1812.8311,14017.68662,15680.36204,760.82595,5540.51438,6039.31492,7218.01373,10.767,13.144,19.339,25.224,28.166,200.528,7.601,8.662,13.489,15.274,100.209,625.032,1.0,1.0,1.0,1.0,1.0,1.0,1.0,1.0,1.0,1.0,1.0,1.0,W02_20u_us,us,
binance,FET,1,1788292860,1,0.15465,6.466214,592,1000,32972.286,99429.9968,197338.858,332421.5803,33062.7546,125956.0949,239885.9345,361116.3085,3.233,3.233,3.233,3.233,5.241,7.916,3.233,3.233,3.233,5.577,7.638,8.875,1.0,1.0,1.0,1.0,1.0,1.0,1.0,1.0,1.0,1.0,1.0,1.0,W02_20u_us,us,
binance,FIL,1,1788292860,1,0.78975,1.266223,1000,1000,29241.60197,154413.67259,324459.34677,619494.96248,61381.56894,253200.26171,429044.10379,742189.052023,1.307,1.603,2.235,2.952,3.884,5.272,0.633,1.21,1.624,1.762,2.176,3.542,1.0,1.0,1.0,1.0,1.0,1.0,1.0,1.0,1.0,1.0,1.0,1.0,W02_20u_us,us,
binance,KAS,1,1788292860,1,0.027335,3.658314,413,1000,4869.12683,17722.93399,40345.65641,101136.47145,1978.50623,13377.4143,35129.4852,88444.40576,1.829,1.829,3.467,6.4,10.316,19.603,1.829,3.626,7.703,11.517,15.334,25.163,1.0,1.0,1.0,1.0,1.0,1.0,1.0,1.0,1.0,1.0,1.0,1.0,W02_20u_us,us,
binance,KITE,1,1788292860,1,0.122835,0.8141,1000,1000,888.57914,9106.5528,22715.35661,57583.07642,1407.48494,7293.9587,21414.38376,48095.11707,3.942,6.16,10.079,13.53,17.939,30.105,4.01,5.283,8.863,12.165,18.637,32.966,1.0,1.0,1.0,1.0,1.0,1.0,1.0,1.0,1.0,1.0,1.0,1.0,W02_20u_us,us,
binance,LDO,1,1788292860,1,0.36805,2.717022,1000,1000,8351.1271,28004.8199,85462.1572,234282.4958,10455.3455,41897.1844,132399.0038,267671.6069,1.359,2.026,3.656,5.248,7.825,13.57,2.158,3.117,3.692,5.079,6.716,10.674,1.0,1.0,1.0,1.0,1.0,1.0,1.0,1.0,1.0,1.0,1.0,1.0,W02_20u_us,us,
binance,AR,1,1788292860,1,2.2715,4.402377,592,1000,1993.4913,22538.36,53108.2049,157796.6583,1524.9475,24251.9506,55914.8169,121518.9472,2.518,4.561,6.676,8.841,11.598,18.096,6.44,6.522,8.29,10.612,13.01,18.555,1.0,1.0,1.0,1.0,1.0,1.0,1.0,1.0,1.0,1.0,1.0,1.0,W02_20u_us,us,
binance,MAGMA,1,1788292860,1,0.427635,0.233844,1000,1000,492.31422,16544.92686,27745.52883,75077.19674,898.20708,3894.74471,13738.55066,31169.64355,6.576,8.374,9.99,11.478,15.075,24.243,4.913,7.177,11.219,17.208,27.536,49.405,1.0,1.0,1.0,1.0,1.0,1.0,1.0,1.0,1.0,1.0,1.0,1.0,W02_20u_us,us,
binance,POWER,1,1788292860,1,0.08529,2.344941,952,1000,205.96446,1553.90812,3606.50255,6884.57356,174.90288,956.62748,4520.0237,7329.552,10.519,15.698,22.213,35.384,71.488,152.569,9.065,14.949,26.205,38.308,76.694,153.118,1.0,1.0,1.0,1.0,1.0,1.0,1.0,1.0,1.0,1.0,1.0,1.0,W02_20u_us,us,
binance,RIVER,1,1788292860,1,1.3525,7.393715,502,1000,5.5432,7781.4536,22682.0091,53965.3369,1539.714,12564.7407,29884.44,43902.7213,11.009,11.05,11.074,13.247,17.497,31.217,3.697,3.697,6.539,8.815,12.754,22.689,1.0,1.0,1.0,1.0,1.0,1.0,1.0,1.0,1.0,1.0,1.0,1.0,W02_20u_us,us,
binance,ONDO,1,1788292860,1,0.34205,2.923549,1000,1000,47082.94828,231174.11422,484137.73053,904892.45931,72007.60053,319042.86337,611470.06149,1025935.41692,1.462,1.462,1.462,2.474,3.43,4.753,1.462,1.462,1.462,1.462,1.462,2.632,1.0,1.0,1.0,1.0,1.0,1.0,1.0,1.0,1.0,1.0,1.0,1.0,W02_20u_us,us,
binance,RUNE,1,1788292860,1,0.46985,2.128339,592,1000,3566.7452,34170.1413,65828.4006,168514.0289,6109.589,26378.8338,55485.1351,128272.4704,2.391,2.792,4.846,7.821,11.656,15.442,1.393,3.006,5.157,6.599,9.1,14.871,1.0,1.0,1.0,1.0,1.0,1.0,1.0,1.0,1.0,1.0,1.0,1.0,W02_20u_us,us,
binance,TAO,1,1788292860,1,222.285,0.449873,1000,1000,47737.55678,194686.61698,674485.53783,1663871.61408,39763.28046,198141.65246,722574.44721,1667316.6837,0.225,0.225,0.758,1.681,2.66,4.423,0.225,0.41,1.288,1.95,2.526,4.055,1.0,1.0,1.0,1.0,1.0,1.0,1.0,1.0,1.0,1.0,1.0,1.0,W02_20u_us,us,
binance,UAI,1,1788292860,1,0.49685,2.01268,1000,1000,10396.1239,23002.0779,45372.9245,89228.1058,8299.7314,26489.3678,45940.7681,113514.4459,1.395,2.207,3.454,5.232,6.556,13.881,1.006,1.042,2.96,4.711,7.206,14.68,1.0,1.0,1.0,1.0,1.0,1.0,1.0,1.0,1.0,1.0,1.0,1.0,W02_20u_us,us,
binance,USELESS,1,1788292860,1,0.116495,2.575218,1000,1000,7536.57968,25327.28983,58404.10222,136620.41751,19457.38388,39285.61299,77508.07143,152402.6132,1.597,2.523,4.219,5.649,7.789,14.231,2.407,3.041,4.353,5.739,6.696,8.782,1.0,1.0,1.0,1.0,1.0,1.0,1.0,1.0,1.0,1.0,1.0,1.0,W02_20u_us,us,
binance,WIF,1,1788292860,1,0.19755,5.06201,710,1000,11555.05456,47138.35259,116669.86373,262351.14898,11586.05248,48455.88132,107489.02204,260437.71131,2.531,2.531,4.637,6.115,6.854,10.018,2.531,2.531,2.531,4.513,6.053,10.212,1.0,1.0,1.0,1.0,1.0,1.0,1.0,1.0,1.0,1.0,1.0,1.0,W02_20u_us,us,
binance,XMR,1,1788292860,1,503.905,0.19845,1000,1000,6877.6961,41794.12161,178386.36763,405208.68349,21221.36048,71319.39087,200545.02153,357321.2339,0.099,0.099,0.461,2.289,6.086,12.071,0.868,1.377,1.854,3.376,4.868,7.585,1.0,1.0,1.0,1.0,1.0,1.0,1.0,1.0,1.0,1.0,1.0,1.0,W02_20u_us,us,
binance,ZEN,1,1788292860,1,5.4135,1.847234,895,1000,2096.8006,23391.3318,71963.3908,161587.691,5491.8859,28088.9685,82257.8013,163034.0652,4.457,5.591,7.521,8.964,10.979,17.249,3.29,3.954,5.271,6.548,9.539,15.376,1.0,1.0,1.0,1.0,1.0,1.0,1.0,1.0,1.0,1.0,1.0,1.0,W02_20u_us,us,
binance,ZRO,1,1788292860,1,0.9957,2.008637,982,1000,4098.59613,21839.65622,54380.14032,111170.35054,8491.48988,42420.33561,68110.8413,112119.51946,1.338,2.024,4.116,6.593,9.112,15.695,2.913,3.314,4.302,6.168,7.837,12.804,1.0,1.0,1.0,1.0,1.0,1.0,1.0,1.0,1.0,1.0,1.0,1.0,W02_20u_us,us,
binance,龙虾,1,1788292860,1,0.069247,4.187937,1000,1000,2269.734161,3877.287134,12501.385777,27431.577067,1214.104147,4489.642108,16878.777136,27647.923297,6.737,7.376,8.032,16.07,24.986,51.424,2.912,5.626,11.071,17.413,22.245,40.21,1.0,1.0,1.0,1.0,1.0,1.0,1.0,1.0,1.0,1.0,1.0,1.0,W02_20u_us,us,
binance,ZEC,1,1788292860,1,828.885,0.120644,1000,1000,287958.55805,1122572.4055,2927908.78479,5346678.90417,225287.34572,796062.73976,2088510.41987,5081084.26937,0.398,0.591,0.774,0.839,1.041,1.893,0.06,0.06,0.06,0.092,0.137,0.201,1.0,1.0,1.0,1.0,1.0,1.0,1.0,1.0,1.0,1.0,1.0,1.0,W02_20u_us,us,
bitget,BTW,1,1788292860,1,0.426387,4.104258,100,100,927.122062,7125.340811,13105.103941,23527.080304,216.758177,3852.094957,12407.628546,27018.676911,6.618,7.7,9.325,13.036,20.049,46.751,10.267,12.633,14.407,18.066,24.732,50.429,1.0,1.0,1.0,1.0,1.0,0.9455,1.0,1.0,1.0,1.0,1.0,1.0,W02_20u_us,us,
bitget,AR,1,1788292860,1,2.27,8.810573,100,100,337.0522,1745.4048,7995.7941,62565.7412,1439.4928,3678.2749,9924.3017,54841.1625,9.696,13.031,19.744,27.471,38.422,49.726,4.405,6.075,10.176,17.522,28.558,44.279,1.0,1.0,1.0,1.0,1.0,1.0,1.0,1.0,1.0,1.0,1.0,1.0,W02_20u_us,us,
bitget,FET,1,1788292860,1,0.15455,6.470398,100,100,21199.4952,58412.2156,111108.6041,209877.2347,24407.1473,61917.2369,109787.7737,246824.8252,8.378,9.042,9.44,9.573,9.639,10.657,3.235,3.235,3.235,3.235,4.574,7.811,1.0,1.0,1.0,1.0,1.0,1.0,1.0,1.0,1.0,1.0,1.0,1.0,W02_20u_us,us,
bitget,KAS,1,1788292860,1,0.02733,7.317966,100,100,1319.28091,12058.10047,53359.51356,98540.18728,1395.81976,17879.06563,57927.28946,110719.2002,6.983,7.151,8.978,11.097,14.657,22.005,5.38,6.349,8.548,10.228,13.645,19.636,1.0,1.0,1.0,1.0,1.0,1.0,1.0,1.0,1.0,1.0,1.0,1.0,W02_20u_us,us,
bitget,FIL,1,1788292860,1,0.7893,2.533891,100,100,1613.66401,54076.63254,230305.69133,445722.1727,28413.65724,192270.91477,336213.50978,660771.07013,2.436,3.234,6.671,8.736,10.184,14.196,1.821,2.782,3.393,4.143,4.605,5.677,1.0,1.0,1.0,1.0,1.0,1.0,1.0,1.0,1.0,1.0,1.0,1.0,W02_20u_us,us,
bitget,KITE,1,1788292860,1,0.12281,13.028255,100,100,989.53916,9543.85955,31502.50957,53991.62362,809.86206,6636.12754,22252.94253,46180.36236,7.289,8.133,11.07,12.449,14.823,27.482,7.493,8.689,9.942,10.671,18.533,33.581,1.0,1.0,1.0,1.0,1.0,1.0,1.0,1.0,1.0,1.0,1.0,1.0,W02_20u_us,us,
bitget,LDO,1,1788292861,1,0.3677,5.439217,100,100,7641.89899,35163.16163,92882.52622,144264.50214,1347.78563,11969.3522,71842.59736,143316.56626,2.72,2.72,4.052,4.746,6.946,12.141,4.103,5.071,8.933,12.493,16.43,27.368,1.0,1.0,1.0,1.0,1.0,1.0,1.0,1.0,1.0,1.0,1.0,1.0,W02_20u_us,us,
bitget,POWER,1,1788292861,1,0.08543,11.70549,100,100,860.54465,3157.09305,7159.48149,13215.80732,817.36989,2492.97934,7524.07131,12863.94937,8.445,9.067,12.519,22.57,39.601,94.12,6.917,8.211,14.658,26.159,38.283,99.066,1.0,1.0,1.0,1.0,1.0,1.0,1.0,1.0,1.0,1.0,1.0,1.0,W02_20u_us,us,
bitget,MAGMA,1,1788292861,1,0.427595,13.798103,100,100,233.70614,7673.84915,12837.69676,23925.25168,382.57714,3055.70575,13193.82088,37012.70586,11.156,14.126,16.359,17.827,20.788,50.034,9.369,13.172,16.238,22.221,27.899,50.797,1.0,1.0,1.0,1.0,1.0,1.0,1.0,1.0,1.0,1.0,1.0,1.0,W02_20u_us,us,
bitget,ONDO,1,1788292861,1,0.34205,2.923549,100,100,48479.12765,594525.44726,890806.19667,1644451.18586,67598.98064,433124.36209,1050715.11353,1747113.91431,3.328,3.857,4.174,4.28,4.332,4.364,1.462,1.462,2.52,3.453,3.919,5.311,1.0,1.0,1.0,1.0,1.0,1.0,1.0,1.0,1.0,1.0,1.0,1.0,W02_20u_us,us,
bitget,RIVER,1,1788292861,1,1.3515,7.399186,100,100,189.14,9206.219,29722.004,54916.871,932.88,9469.327,23540.921,47960.946,8.299,9.699,10.539,11.816,15.734,25.588,3.7,4.199,8.339,9.719,14.289,28.987,1.0,1.0,1.0,1.0,1.0,1.0,1.0,1.0,1.0,1.0,1.0,1.0,W02_20u_us,us,
bitget,UAI,1,1788292861,1,0.495945,13.106292,100,100,504.4765,2647.12578,10269.20444,51490.47746,1121.07485,6131.86727,13701.74439,29330.78174,7.819,9.601,13.43,20.297,29.743,52.715,6.553,6.553,9.443,13.715,21.861,45.076,1.0,1.0,1.0,1.0,1.0,1.0,1.0,1.0,1.0,1.0,1.0,1.0,W02_20u_us,us,
bitget,USELESS,1,1788292861,1,0.1165,6.866953,100,100,3166.80471,18200.63937,39104.2182,88614.52777,1371.37879,11144.25276,50450.11566,89262.61433,3.862,4.438,5.38,7.698,10.972,18.832,3.601,4.441,8.344,11.199,15.556,26.002,1.0,1.0,1.0,1.0,1.0,1.0,1.0,1.0,1.0,1.0,1.0,1.0,W02_20u_us,us,
bitget,WIF,1,1788292861,1,0.19755,5.06201,100,100,3355.86237,25743.59503,118786.84226,234573.20018,6344.62896,26458.59213,101344.21192,212713.74053,5.951,6.772,7.265,9.091,11.61,16.208,2.531,2.531,2.531,4.867,8.082,15.592,1.0,1.0,1.0,1.0,1.0,1.0,1.0,1.0,1.0,1.0,1.0,1.0,W02_20u_us,us,
bitget,XMR,1,1788292861,1,504.055,6.546905,100,100,8558.0796,49461.569,195852.058,404807.9426,48197.6236,96664.9873,272307.0976,367537.9886,5.014,5.334,5.526,5.59,7.534,11.309,6.212,6.528,6.718,7.6,8.539,9.189,1.0,1.0,1.0,1.0,1.0,1.0,1.0,1.0,1.0,1.0,1.0,1.0,W02_20u_us,us,
bitget,ZRO,1,1788292861,1,0.99595,3.012199,100,100,722.6043,35628.439,94254.9935,158749.6356,2193.4142,23841.7593,59167.0476,161067.7053,5.224,7.474,10.281,12.432,13.998,16.984,4.714,5.367,6.611,9.356,11.612,15.969,1.0,1.0,1.0,1.0,1.0,1.0,1.0,1.0,1.0,1.0,1.0,1.0,W02_20u_us,us,
bybit,AR,1,1788292861,1,2.273,8.798944,200,200,314.5637,1331.2518,5835.8451,11097.2518,825.5031,2161.921,9850.0073,13695.9172,9.824,13.567,22.22,34.147,48.613,87.303,6.911,8.625,15.782,23.289,32.515,71.209,1.0,1.0,1.0,1.0,1.0,1.0,1.0,1.0,1.0,1.0,1.0,1.0,W02_20u_us,us,
bitget,RUNE,1,1788292861,1,0.4694,4.260758,100,100,2569.65142,7757.47507,25697.03327,53351.09309,716.53087,4485.62795,21742.01133,53682.38015,2.13,2.13,5.331,7.961,14.815,28.59,4.677,7.243,11.042,15.984,21.015,32.485,1.0,1.0,1.0,1.0,1.0,1.0,1.0,1.0,1.0,1.0,1.0,1.0,W02_20u_us,us,
bitget,TAO,1,1788292861,1,222.255,2.249668,100,100,287445.65422,561028.6419,1151415.92523,2127570.80742,28548.86305,177883.6415,336471.26081,396778.66053,2.312,2.596,2.934,3.154,3.41,3.961,1.232,1.648,2.654,3.886,5.271,6.828,1.0,1.0,1.0,1.0,1.0,1.0,1.0,1.0,1.0,1.0,1.0,1.0,W02_20u_us,us,
bybit,FIL,1,1788292861,1,0.7893,2.533891,200,200,2498.31468,28186.08646,54998.33433,91105.55575,6517.78522,41107.22162,56729.81339,81800.53445,3.522,4.468,6.541,8.842,11.376,15.662,3.191,4.015,5.398,6.911,8.632,11.618,1.0,1.0,1.0,1.0,1.0,1.0,1.0,1.0,1.0,1.0,1.0,1.0,W02_20u_us,us,
bybit,BTW,1,1788292861,1,0.42562,3.759222,200,200,412.541,2928.1179,7797.5278,16044.8754,1043.6126,3478.129,8446.6064,16671.4521,8.027,10.323,13.787,20.203,34.23,84.911,7.574,8.034,12.463,18.963,32.692,74.077,1.0,1.0,1.0,1.0,1.0,1.0,1.0,1.0,1.0,1.0,1.0,1.0,W02_20u_us,us,
bybit,KAS,1,1788292861,1,0.027295,3.663675,200,200,2184.8003,12066.1687,28475.1918,108055.4955,2572.609,12942.9501,31371.5701,96155.8786,5.147,7.153,8.816,10.819,15.089,25.409,4.244,5.273,7.605,10.835,14.814,24.527,1.0,1.0,1.0,1.0,1.0,1.0,1.0,1.0,1.0,1.0,1.0,1.0,W02_20u_us,us,
bybit,LDO,1,1788292861,1,0.3677,5.439217,200,200,2787.94472,26546.91948,54988.37272,382138.75564,7028.7182,29980.69904,64047.82478,411559.18785,3.68,4.56,6.088,8.516,11.691,17.35,2.72,2.72,3.786,5.198,7.723,14.491,1.0,1.0,1.0,1.0,1.0,1.0,1.0,1.0,1.0,1.0,1.0,1.0,W02_20u_us,us,
bybit,KITE,1,1788292861,1,0.122725,13.852108,200,200,275.05567,1690.87403,3702.43539,6725.41162,147.99806,1369.84345,3388.02298,6541.79566,9.615,12.188,20.292,35.894,73.363,176.338,10.639,13.675,22.542,38.391,77.622,265.786,1.0,1.0,1.0,1.0,1.0,1.0,1.0,1.0,1.0,1.0,1.0,1.0,W02_20u_us,us,
bybit,MAGMA,1,1788292861,1,0.4274,4.679457,200,200,151.6204,1395.1692,4415.1922,23125.1234,126.1547,1361.0206,4454.4306,16770.8604,11.692,15.429,21.937,31.004,51.987,77.769,11.962,15.404,24.349,36.927,51.412,88.321,1.0,1.0,1.0,1.0,1.0,1.0,1.0,1.0,1.0,1.0,1.0,1.0,W02_20u_us,us,
bybit,ONDO,1,1788292861,1,0.34205,2.923549,200,200,34449.596,237157.1988,433468.6067,654532.7234,63229.0877,322376.2174,532862.1741,778552.5684,1.462,2.521,3.64,4.013,4.199,5.155,1.462,1.462,1.462,1.462,2.346,3.569,1.0,1.0,1.0,1.0,1.0,1.0,1.0,1.0,1.0,1.0,1.0,1.0,W02_20u_us,us,
bybit,POWER,1,1788292861,1,0.08536,9.372071,200,200,128.14413,292.25791,633.29474,1293.99143,119.66736,736.62455,1085.84616,6778.99899,20.208,39.694,107.037,237.825,348.524,443.044,13.445,21.472,42.804,51.784,117.825,208.148,1.0,1.0,1.0,1.0,1.0,1.0,1.0,1.0,1.0,1.0,1.0,0.5666,W02_20u_us,us,
bybit,RUNE,1,1788292861,1,0.46985,6.385016,200,200,292.6919,1107.62975,5829.59871,140619.78764,595.25242,1943.57269,40643.52755,139411.24534,10.04,16.06,26.0,35.825,42.569,47.129,5.689,9.619,18.311,30.277,38.018,42.832,1.0,1.0,1.0,1.0,1.0,1.0,1.0,1.0,1.0,1.0,1.0,1.0,W02_20u_us,us,
bybit,RIVER,1,1788292861,1,1.3525,7.393715,200,200,76.9288,1233.9561,4061.4056,8676.2699,447.9783,1628.113,4532.604,9397.6101,9.953,13.873,20.516,34.35,64.744,145.802,4.469,8.449,17.452,31.855,61.613,183.137,1.0,1.0,1.0,1.0,1.0,1.0,1.0,1.0,1.0,1.0,1.0,1.0,W02_20u_us,us,
bybit,TAO,1,1788292861,1,222.345,0.449752,200,200,33019.69211,191491.30703,345765.2224,737969.38709,33300.1959,174819.18138,354963.35495,569551.5344,1.048,1.757,2.634,3.489,4.715,6.204,0.907,1.204,1.696,2.44,3.492,5.308,1.0,1.0,1.0,1.0,1.0,1.0,1.0,1.0,1.0,1.0,1.0,1.0,W02_20u_us,us,
bybit,UAI,1,1788292861,1,0.49625,6.04534,200,200,497.394,1934.6637,3739.7432,8896.1056,620.7321,1905.3645,5064.5384,9876.0574,6.945,10.136,17.172,34.185,59.538,102.238,6.21,9.204,17.521,26.924,52.081,149.357,1.0,1.0,1.0,1.0,1.0,1.0,1.0,1.0,1.0,1.0,1.0,1.0,W02_20u_us,us,
bybit,USELESS,1,1788292861,1,0.116595,6.003688,200,200,3221.88125,18458.22012,50358.25583,202026.06431,2529.03632,15263.99657,73867.85959,227476.96169,3.002,3.923,6.029,8.301,11.799,18.747,6.799,7.045,8.185,9.929,13.163,21.489,1.0,1.0,1.0,1.0,1.0,1.0,1.0,1.0,1.0,1.0,1.0,1.0,W02_20u_us,us,
bybit,WIF,1,1788292861,1,0.19725,5.069708,200,200,13212.9816,58522.466,117274.8088,234011.7557,8328.2257,38571.4854,97772.7842,186737.4218,2.535,2.535,2.535,4.867,6.236,10.042,2.535,4.828,6.494,7.049,8.177,12.101,1.0,1.0,1.0,1.0,1.0,1.0,1.0,1.0,1.0,1.0,1.0,1.0,W02_20u_us,us,
bybit,XMR,1,1788292861,1,504.195,3.768383,200,200,5059.532,40016.4063,211630.737,287846.0768,19572.2542,79996.6228,296172.8374,296172.8374,2.183,2.232,3.891,5.05,8.21,13.167,2.262,2.872,4.046,5.306,6.599,8.633,1.0,1.0,1.0,1.0,1.0,1.0,1.0,1.0,1.0,1.0,1.0,1.0,W02_20u_us,us,
bybit,ZEN,1,1788292861,1,5.4115,1.847916,200,200,919.2859,3410.6259,8605.453,14509.7408,1072.7066,4031.7973,9818.1225,14796.6532,6.398,7.505,12.108,20.455,33.9,93.785,4.67,6.286,10.058,16.803,30.345,70.831,1.0,1.0,1.0,1.0,1.0,1.0,1.0,1.0,1.0,1.0,1.0,1.0,W02_20u_us,us,
bybit,ZRO,1,1788292861,1,0.99635,1.003663,200,200,4196.76323,12034.72885,36523.68831,112405.95275,9219.71229,20756.50867,49838.47658,88011.54681,3.292,5.183,7.003,8.419,13.857,24.068,1.236,1.873,2.726,3.886,6.196,13.936,1.0,1.0,1.0,1.0,1.0,1.0,1.0,1.0,1.0,1.0,1.0,1.0,W02_20u_us,us,
dydx,MORPHO,1,1788292861,1,2.769,1834.597328,19,9,0,0,0,0,0,0,0,0,917.299,917.299,1879.93,2259.936,2449.939,2563.941,917.299,917.299,917.299,917.299,917.299,917.299,1.0,1.0,1.0,1.0,1.0,1.0,1.0,1.0,1.0,1.0,1.0,1.0,W02_20u_us,us,
dydx,ICP,1,1788292861,1,2.501,61.57537,29,42,0,0,12194.94419,26394.96809,0,0,26606.76736,55006.88746,30.788,30.788,30.788,30.788,30.983,43.766,30.788,30.788,30.788,30.788,31.179,37.718,1.0,1.0,1.0,1.0,1.0,1.0,1.0,1.0,1.0,1.0,1.0,1.0,W02_20u_us,us,
dydx,LDO,1,1788292861,1,0.36775,57.104011,39,35,0,0,2899.8636,8699.742,0,0,2899.8744,8885.7344,28.552,28.552,28.552,41.066,57.29,100.278,28.552,28.552,28.552,42.312,58.995,110.104,1.0,1.0,1.0,1.0,1.0,1.0,1.0,1.0,1.0,1.0,1.0,1.0,W02_20u_us,us,
dydx,FIL,1,1788292861,1,0.79045,59.459801,42,54,0,0,18309.4699,18309.4699,0,0,18198.9041,18198.9041,29.73,29.73,29.73,29.73,29.73,71.398,29.73,29.73,29.73,29.73,29.73,67.885,1.0,1.0,1.0,1.0,1.0,1.0,1.0,1.0,1.0,1.0,1.0,1.0,W02_20u_us,us,
dydx,ONDO,1,1788292861,1,0.34365,66.928561,35,29,0,0,7100.025,7100.025,0,0,21300.2388,49700.1068,33.464,33.464,33.464,33.464,80.333,149.986,33.464,33.464,33.464,33.464,37.718,51.398,1.0,1.0,1.0,1.0,1.0,1.0,1.0,1.0,1.0,1.0,1.0,1.0,W02_20u_us,us,
dydx,SPX,1,1788292861,1,0.5821,694.038825,23,21,0,0,0,0,0,0,0,0,580.373,697.333,767.509,790.901,802.597,809.615,347.019,347.019,347.019,347.019,347.019,347.019,1.0,1.0,1.0,1.0,1.0,1.0,1.0,1.0,1.0,1.0,1.0,1.0,W02_20u_us,us,
dydx,TAO,1,1788292861,1,222.775,39.950623,43,44,0,15429.702,46295.5878,96395.3336,0,58432.3115,75098.6975,275196.5171,19.975,19.975,19.975,19.975,19.975,24.429,19.975,19.975,19.975,19.975,20.051,20.275,1.0,1.0,1.0,1.0,1.0,1.0,1.0,1.0,1.0,1.0,1.0,1.0,W02_20u_us,us,
dydx,RUNE,1,1788292861,1,0.4718,50.869012,25,23,0,0,11699.7323,27299.5763,0,0,11700.077,27300.281,25.435,25.435,25.435,28.67,34.47,59.309,25.435,25.435,25.435,28.258,33.205,57.661,1.0,1.0,1.0,1.0,1.0,1.0,1.0,1.0,1.0,1.0,1.0,1.0,W02_20u_us,us,
dydx,WIF,1,1788292862,1,0.197645,70.328114,48,49,0,0,4900.116,4900.116,0,0,21912.48343,36112.46833,35.164,35.164,35.164,41.299,223.918,337.714,35.164,35.164,35.164,35.164,36.792,44.869,1.0,1.0,1.0,1.0,1.0,1.0,1.0,1.0,1.0,1.0,1.0,1.0,W02_20u_us,us,
dydx,XMR,1,1788292862,1,508.445,230.310063,44,30,0,0,0,0,0,0,0,0,115.155,115.155,236.682,277.995,298.651,311.044,115.155,115.155,115.155,115.155,115.155,115.155,1.0,1.0,1.0,1.0,1.0,1.0,1.0,1.0,1.0,1.0,1.0,1.0,W02_20u_us,us,
dydx,ZEN,1,1788292862,1,5.2635,670.656407,29,31,0,0,0,0,0,0,0,0,335.328,335.328,335.328,335.328,335.328,335.328,335.328,353.231,683.327,793.359,848.375,881.385,1.0,1.0,1.0,1.0,1.0,1.0,1.0,1.0,1.0,1.0,1.0,1.0,W02_20u_us,us,
dydx,ZEC,1,1788292862,1,831.46,48.348688,72,47,0,995.34,10685.543,108604.07,0,75095.647,117624.67,363283.942,24.174,24.178,27.803,34.167,37.349,53.542,24.174,24.174,24.174,24.174,24.174,24.174,1.0,1.0,1.0,1.0,1.0,1.0,1.0,1.0,1.0,1.0,1.0,1.0,W02_20u_us,us,
hl,ONDO,1,1788292862,1,0.342095,0.292316,20,20,27438.48314,27438.48314,27438.48314,27438.48314,45218.83771,45218.83771,45218.83771,45218.83771,0.146,0.573,1.045,1.946,3.282,5.318,0.146,0.146,0.416,1.08,1.49,3.625,1.0,1.0,1.0,1.0,1.0,1.0,1.0,1.0,1.0,1.0,1.0,1.0,W02_20u_us,us,
okx,USELESS,1,1788292862,1,0.116325,4.298302,400,400,746.60423,2591.62428,5746.90191,12523.46686,355.47793,2355.90753,6535.94921,13213.70235,6.207,8.581,14.352,24.654,42.963,114.052,7.705,10.69,16.796,26.074,39.989,135.353,1.0,1.0,1.0,1.0,1.0,0.9038,1.0,1.0,1.0,1.0,1.0,1.0,W02_20u_us,us,
dydx,ZRO,1,1788292862,1,0.997,60.180542,17,19,0,0,2900.492,2900.492,0,0,2897.0,8691.566,30.09,30.09,30.09,174.922,542.765,836.966,30.09,30.09,30.09,38.562,52.457,192.978,1.0,1.0,1.0,1.0,1.0,1.0,1.0,1.0,1.0,1.0,1.0,1.0,W02_20u_us,us,
aster,FET,2,1788292907,1,0.1548,25.839793,21,30,0,23860.8791,51060.6797,78274.594,0,6256.2478,9171.8597,9171.8597,12.92,12.92,12.92,12.92,12.92,17.06,12.92,12.92,12.92,15.926,34.653,254.944,1.0,1.0,1.0,1.0,1.0,1.0,1.0,1.0,1.0,1.0,1.0,1.0,W02_20u_us,us,
aster,FIL,2,1788292907,1,0.79,25.316456,31,25,0,1194.7038,19563.2142,52734.1449,0,7818.4022,10239.9521,14263.8835,12.658,12.658,19.26,22.288,23.802,32.056,12.658,12.658,12.658,12.658,16.11,144.091,1.0,1.0,1.0,1.0,1.0,1.0,1.0,1.0,1.0,1.0,1.0,1.0,W02_20u_us,us,
aster,BTW,2,1788292907,1,0.426355,9.147307,245,269,430.76337,6468.35763,19129.25984,29186.60481,1236.36385,12708.76053,21509.5951,47598.25834,7.038,9.494,12.856,16.058,23.127,38.356,6.074,6.262,8.649,11.264,14.13,29.069,1.0,1.0,1.0,1.0,1.0,1.0,1.0,1.0,1.0,1.0,1.0,1.0,W02_20u_us,us,
aster,AR,2,1788292907,1,2.2775,21.953897,13,17,0,16128.4622,16433.2814,17040.5006,0,2693.3102,6580.0011,7812.9867,10.977,10.977,10.977,14.63,19.389,299.929,14.383,17.071,18.89,25.58,172.441,350.559,1.0,1.0,1.0,1.0,1.0,0.8664,1.0,1.0,1.0,1.0,1.0,0.4672,W02_20u_us,us,
aster,ICP,2,1788292908,1,2.503,7.990412,100,75,307.746,22005.487,24633.971,55662.528,1517.917,8744.37,12682.08,16916.117,7.066,9.911,13.553,14.767,17.054,22.893,5.73,6.86,10.229,13.105,18.058,64.795,1.0,1.0,1.0,1.0,1.0,1.0,1.0,1.0,1.0,1.0,1.0,1.0,W02_20u_us,us,
aster,KAS,2,1788292908,1,0.027345,25.59883,14,22,0,3291.23027,17109.3146,25901.53472,0,1837.32948,5416.85032,7518.96968,12.799,12.799,14.722,21.82,28.28,46.031,12.97,17.29,26.052,34.054,70.41,288.687,1.0,1.0,1.0,1.0,1.0,1.0,1.0,1.0,1.0,1.0,1.0,1.0,W02_20u_us,us,
aster,LDO,2,1788292908,1,0.36825,24.439919,51,33,0,16457.5103,16636.7527,36595.1672,0,6349.5749,6349.5749,7225.8969,12.22,12.22,14.221,16.814,19.948,30.894,12.22,12.22,12.22,17.072,110.112,492.954,1.0,1.0,1.0,1.0,1.0,1.0,1.0,1.0,1.0,1.0,1.0,0.9941,W02_20u_us,us,
aster,KITE,2,1788292908,1,0.12306,11.376564,87,40,1614.57726,9872.61272,14657.40587,16865.02061,981.047,3511.34718,5017.43698,5383.72149,5.688,6.501,9.137,14.25,19.25,119.878,6.313,6.487,11.136,19.211,282.962,469.409,1.0,1.0,1.0,1.0,1.0,1.0,1.0,1.0,1.0,1.0,1.0,0.5475,W02_20u_us,us,
aster,MAGMA,2,1788292908,1,0.42837,5.135747,169,78,2664.31307,4002.42491,21136.29901,28362.97284,123.40224,4780.55065,6937.75725,11866.74084,5.378,7.301,8.523,15.113,31.254,43.13,10.692,13.761,16.705,19.075,41.387,176.467,1.0,1.0,1.0,1.0,1.0,1.0,1.0,1.0,1.0,1.0,1.0,1.0,W02_20u_us,us,
aster,MORPHO,2,1788292908,1,2.52535,14.651434,21,21,1099.98174,2873.09657,2873.09657,3091.03184,999.76032,2778.79146,2883.94001,2994.38433,7.326,7.326,11.806,111.933,194.556,997.905,7.326,7.337,14.458,118.97,206.796,361.059,1.0,1.0,1.0,1.0,1.0,0.7295,1.0,1.0,1.0,1.0,1.0,1.0,W02_20u_us,us,
aster,ONDO,2,1788292908,1,0.3423,5.842828,83,239,23173.70279,32355.99677,46520.65863,68533.23445,11631.54189,19691.64944,34360.68392,47087.59951,2.921,2.921,3.706,4.774,5.309,7.187,2.921,2.921,2.921,3.671,4.757,15.584,1.0,1.0,1.0,1.0,1.0,1.0,1.0,1.0,1.0,1.0,1.0,1.0,W02_20u_us,us,
aster,RIVER,2,1788292908,1,1.353,14.781966,81,171,1512.3472,5643.551,15424.6808,21105.9263,2561.3618,12924.1605,35602.3783,67751.6037,7.391,7.391,10.308,14.591,21.595,49.899,7.391,7.391,7.391,10.999,16.467,26.289,1.0,1.0,1.0,1.0,1.0,1.0,1.0,1.0,1.0,1.0,1.0,1.0,W02_20u_us,us,
aster,POWER,2,1788292908,1,0.085365,33.971768,31,16,0,122.37592,122.37592,192.4042,0,122.79236,192.84194,266.40614,189.02,348.665,1056.14,1966.671,1966.671,1966.671,151.396,276.46,985.416,985.416,985.416,985.416,1.0,1.0,1.0,0.5737,0.2868,0.1147,1.0,1.0,0.8693,0.4346,0.2173,0.0869,W02_20u_us,us,
aster,SPX,2,1788292908,1,0.56985,26.322717,13,6,0,2812.7937,14233.2146,14233.2146,0,1771.7053,1771.7053,1771.7053,13.161,13.161,14.009,24.424,31.077,787.502,13.576,17.756,1159.756,2303.291,2303.291,2303.291,1.0,1.0,1.0,1.0,1.0,0.6964,1.0,1.0,1.0,0.6607,0.3303,0.1321,W02_20u_us,us,
aster,TAO,2,1788292908,1,222.475,3.146421,99,111,20097.18416,55578.89618,107968.39881,125068.08824,13737.61892,43718.07495,63001.21956,100286.5104,1.686,1.854,2.035,3.683,4.876,7.136,1.719,2.32,2.681,3.224,4.505,8.521,1.0,1.0,1.0,1.0,1.0,1.0,1.0,1.0,1.0,1.0,1.0,1.0,W02_20u_us,us,
aster,UAI,2,1788292908,1,0.4964,16.116035,54,43,2075.76,14933.3585,43669.101,98563.3312,1186.3584,8773.9271,27132.2241,51594.5153,8.058,8.058,9.01,12.557,17.629,25.639,8.058,8.058,10.177,12.447,17.701,26.765,1.0,1.0,1.0,1.0,1.0,1.0,1.0,1.0,1.0,1.0,1.0,1.0,W02_20u_us,us,
aster,USELESS,2,1788292908,1,0.11674,13.705671,73,66,1179.89924,6266.39742,15931.70653,49985.11198,1181.51748,6293.25546,17673.62796,19839.29178,6.853,6.853,8.661,12.043,19.25,38.777,6.853,6.853,8.732,13.08,20.669,75.142,1.0,1.0,1.0,1.0,1.0,1.0,1.0,1.0,1.0,1.0,1.0,1.0,W02_20u_us,us,
aster,WIF,2,1788292908,1,0.19805,15.14769,26,22,4068.32925,15424.63015,19802.64763,19808.59249,999.99828,9093.6866,9093.6866,11996.3116,7.574,7.574,7.574,8.512,10.567,37.224,7.574,7.582,13.636,15.654,19.92,102.637,1.0,1.0,1.0,1.0,1.0,1.0,1.0,1.0,1.0,1.0,1.0,1.0,W02_20u_us,us,
aster,XMR,2,1788292908,1,502.475,4.577342,263,209,12922.98963,29722.93501,61189.29292,97326.53906,11148.2675,37219.68381,67229.46826,129921.25391,2.454,2.471,2.481,3.376,4.97,10.724,2.289,2.789,4.16,5.14,6.427,9.085,1.0,1.0,1.0,1.0,1.0,1.0,1.0,1.0,1.0,1.0,1.0,1.0,W02_20u_us,us,
aster,ZEN,2,1788292908,1,5.411,11.088523,9,10,1967.3988,11380.3475,11380.3475,11380.3475,999.9658,8936.3328,9278.5803,9278.5803,5.544,5.544,6.849,12.661,18.343,447.714,5.544,5.55,11.091,12.938,31.196,264.043,1.0,1.0,1.0,1.0,1.0,0.5894,1.0,1.0,1.0,1.0,1.0,0.476,W02_20u_us,us,
aster,龙虾,2,1788292908,1,0.06895,12.907811,246,56,123.479392,1058.894,2651.218205,4194.379829,118.11944,601.483856,1482.048405,4014.53651,14.921,18.446,27.104,58.276,166.764,446.784,13.078,20.804,44.14,73.109,184.834,466.084,1.0,1.0,1.0,1.0,1.0,1.0,1.0,1.0,1.0,1.0,1.0,1.0,W02_20u_us,us,
binance,AR,2,1788292908,1,2.277,8.783487,593,1000,7403.218,22055.7209,64262.0052,135282.5968,2830.746,16464.78,59327.8162,115615.1285,4.392,4.392,5.491,7.137,9.098,15.542,4.392,6.505,7.872,10.235,13.065,19.746,1.0,1.0,1.0,1.0,1.0,1.0,1.0,1.0,1.0,1.0,1.0,1.0,W02_20u_us,us,
binance,FET,2,1788292908,1,0.15475,6.462036,590,1000,22503.0125,75753.1473,165333.4682,286499.9969,37659.5309,92607.065,175161.6244,282285.3104,3.231,3.231,3.231,5.873,7.783,9.569,3.231,3.231,3.231,3.231,3.231,6.816,1.0,1.0,1.0,1.0,1.0,1.0,1.0,1.0,1.0,1.0,1.0,1.0,W02_20u_us,us,
aster,ZRO,2,1788292908,1,0.99755,13.031928,128,257,284.6718,3167.50674,16196.83084,18216.02372,761.11814,1890.97084,2033.23483,3034.61291,9.535,12.831,15.658,21.451,28.018,137.125,7.376,8.674,23.27,119.22,298.971,1107.954,1.0,1.0,1.0,1.0,1.0,1.0,1.0,1.0,1.0,1.0,1.0,1.0,W02_20u_us,us,
binance,FIL,2,1788292908,1,0.78935,1.266865,1000,1000,16750.33344,109887.80276,252928.59298,538689.21847,42146.34373,223689.35643,343253.64807,610620.176183,1.671,2.419,3.481,4.271,5.164,8.03,0.633,1.231,1.777,2.472,3.115,5.184,1.0,1.0,1.0,1.0,1.0,1.0,1.0,1.0,1.0,1.0,1.0,1.0,W02_20u_us,us,
binance,KAS,2,1788292908,1,0.027335,3.658314,413,1000,1554.7015,10223.2221,32325.28568,89616.35143,2247.70719,11620.61363,30389.23046,79188.40206,8.097,8.621,10.317,11.936,16.008,25.576,1.829,1.829,4.924,10.024,15.093,26.242,1.0,1.0,1.0,1.0,1.0,1.0,1.0,1.0,1.0,1.0,1.0,1.0,W02_20u_us,us,
binance,KITE,2,1788292908,1,0.12286,1.627869,1000,1000,2472.74648,9558.67951,24192.39972,55559.57568,908.91218,5375.98848,19501.76937,45436.10261,1.461,3.449,6.729,10.157,15.308,28.602,4.945,7.052,11.161,15.458,22.507,37.031,1.0,1.0,1.0,1.0,1.0,1.0,1.0,1.0,1.0,1.0,1.0,1.0,W02_20u_us,us,
binance,MAGMA,2,1788292908,1,0.42861,3.732997,1000,1000,1458.38582,7744.70947,16169.25993,31132.34768,1454.85262,9511.22679,20958.1422,42962.03149,4.312,6.252,8.978,11.705,17.83,41.602,5.021,5.895,8.438,10.846,15.377,31.474,1.0,1.0,1.0,1.0,1.0,1.0,1.0,1.0,1.0,1.0,1.0,1.0,W02_20u_us,us,
binance,LDO,2,1788292908,1,0.36805,2.717022,1000,1000,6986.5822,28186.1415,76152.935,257593.6732,8082.9271,37510.2225,95702.0937,210829.6202,1.948,3.012,3.65,5.268,8.206,14.04,2.622,3.349,4.051,5.551,8.053,12.588,1.0,1.0,1.0,1.0,1.0,1.0,1.0,1.0,1.0,1.0,1.0,1.0,W02_20u_us,us,
binance,ONDO,2,1788292908,1,0.34225,2.921841,1000,1000,35267.17297,177227.66817,415155.5346,793458.88181,57069.35219,256028.50745,482232.7807,877965.51271,1.461,1.461,2.391,3.387,3.885,5.336,1.461,1.461,1.461,1.461,1.461,3.049,1.0,1.0,1.0,1.0,1.0,1.0,1.0,1.0,1.0,1.0,1.0,1.0,W02_20u_us,us,
binance,POWER,2,1788292908,1,0.08538,9.369876,961,1000,177.72963,1577.10511,4001.64303,7787.88456,348.32961,1667.2325,4516.29216,7613.39403,11.274,15.211,21.922,34.97,66.344,145.658,8.008,11.532,21.414,31.543,66.637,135.707,1.0,1.0,1.0,1.0,1.0,1.0,1.0,1.0,1.0,1.0,1.0,1.0,W02_20u_us,us,
binance,RIVER,2,1788292908,1,1.3535,7.388253,503,1000,1783.1187,10801.7446,25526.1956,52016.1101,801.2972,9782.5491,23184.4751,40326.3751,3.694,3.694,5.811,8.447,13.107,26.361,3.694,5.164,8.715,10.522,14.668,28.201,1.0,1.0,1.0,1.0,1.0,1.0,1.0,1.0,1.0,1.0,1.0,1.0,W02_20u_us,us,
binance,RUNE,2,1788292908,1,0.46985,2.128339,590,1000,2889.5774,33042.9159,61534.1885,163368.9961,4877.7908,24020.4966,53456.9761,121750.7251,1.263,2.93,6.018,9.247,12.666,15.921,2.597,3.959,5.752,7.428,9.995,16.072,1.0,1.0,1.0,1.0,1.0,1.0,1.0,1.0,1.0,1.0,1.0,1.0,W02_20u_us,us,
binance,TAO,2,1788292908,1,222.185,0.450075,1000,1000,52008.48646,185076.92904,613352.57375,1621580.95791,46392.905,136339.29058,643525.55427,1471750.80132,0.225,0.225,0.983,1.844,2.696,4.163,0.225,0.225,1.067,1.712,2.51,4.224,1.0,1.0,1.0,1.0,1.0,1.0,1.0,1.0,1.0,1.0,1.0,1.0,W02_20u_us,us,
binance,UAI,2,1788292908,1,0.49635,2.014707,1000,1000,3156.6292,17393.8482,37606.1686,74938.1054,6040.7016,37299.7777,60161.0095,135171.6963,2.62,3.818,6.18,8.365,11.047,18.64,2.776,3.028,4.751,6.306,8.549,15.294,1.0,1.0,1.0,1.0,1.0,1.0,1.0,1.0,1.0,1.0,1.0,1.0,W02_20u_us,us,
binance,USELESS,2,1788292908,1,0.11658,1.71556,1000,1000,11282.21453,25739.02707,50779.4823,115041.46908,6903.06377,26353.49132,53601.73465,111088.96967,1.242,1.761,3.483,4.707,6.409,11.999,1.627,1.69,2.789,4.803,7.422,14.08,1.0,1.0,1.0,1.0,1.0,1.0,1.0,1.0,1.0,1.0,1.0,1.0,W02_20u_us,us,
binance,WIF,2,1788292908,1,0.19805,5.04923,717,1000,17139.99288,51720.52017,115333.63643,278789.76823,8130.7696,45501.28599,95492.38283,215918.36313,2.525,2.525,2.525,2.525,4.118,7.777,2.525,2.525,3.178,5.376,7.421,11.488,1.0,1.0,1.0,1.0,1.0,1.0,1.0,1.0,1.0,1.0,1.0,1.0,W02_20u_us,us,
binance,ZEC,2,1788292908,1,828.205,0.120743,1000,1000,286873.16148,1255350.40573,3211838.43451,6080523.09552,237265.3507,755747.75213,2080011.93119,4577825.55557,0.06,0.06,0.06,0.06,0.06,0.875,0.06,0.06,0.06,0.06,0.335,0.983,1.0,1.0,1.0,1.0,1.0,1.0,1.0,1.0,1.0,1.0,1.0,1.0,W02_20u_us,us,
binance,ZEN,2,1788292908,1,5.4095,1.8486,897,1000,3949.7755,24632.3004,58013.328,192537.4796,3506.1987,25454.8338,56421.8729,120873.8921,2.883,3.752,5.267,6.963,10.281,16.738,3.737,4.86,6.522,7.974,10.398,15.988,1.0,1.0,1.0,1.0,1.0,1.0,1.0,1.0,1.0,1.0,1.0,1.0,W02_20u_us,us,
binance,XMR,2,1788292908,1,502.395,0.199047,1000,1000,6421.34946,50229.6016,204707.32891,392599.1662,7772.75933,99900.38246,205866.9319,332717.50066,1.082,2.352,4.342,5.936,8.515,13.083,1.505,2.192,3.167,4.797,7.219,10.939,1.0,1.0,1.0,1.0,1.0,1.0,1.0,1.0,1.0,1.0,1.0,1.0,W02_20u_us,us,
binance,ZRO,2,1788292908,1,0.9964,2.007226,997,1000,5027.31451,18775.28247,42373.75928,96396.93292,3768.76252,15904.58963,41844.54902,69391.05082,1.828,2.419,3.505,5.768,8.691,17.149,2.6,3.27,4.614,6.965,10.909,20.497,1.0,1.0,1.0,1.0,1.0,1.0,1.0,1.0,1.0,1.0,1.0,1.0,W02_20u_us,us,
binance,龙虾,2,1788292908,1,0.068935,4.932182,1000,1000,792.488255,3798.392292,18127.567189,30286.888441,328.642146,3114.187605,9061.518629,20472.449738,5.33,7.151,14.127,19.765,27.343,43.833,8.332,10.951,16.196,20.999,31.698,68.072,1.0,1.0,1.0,1.0,1.0,1.0,1.0,1.0,1.0,1.0,1.0,1.0,W02_20u_us,us,
bitget,AR,2,1788292908,1,2.2755,4.394639,100,100,260.1677,3616.2441,38101.52,83376.7227,697.8784,8692.1153,30578.1895,61003.3777,8.257,11.512,16.37,21.481,26.761,33.765,6.15,7.701,12.014,17.145,21.24,26.862,1.0,1.0,1.0,1.0,1.0,1.0,1.0,1.0,1.0,1.0,1.0,1.0,W02_20u_us,us,
bitget,BTW,2,1788292908,1,0.426997,5.737752,100,100,246.634968,5537.054171,12435.176549,24619.794344,305.095757,6747.437795,12197.733668,27650.979598,9.057,10.226,10.932,16.544,24.233,53.287,8.65,9.777,10.495,14.81,22.282,49.676,1.0,1.0,1.0,1.0,1.0,1.0,1.0,1.0,1.0,1.0,1.0,1.0,W02_20u_us,us,
bitget,FET,2,1788292908,1,0.15465,6.466214,100,100,16403.6499,47651.4921,119601.5402,181573.9982,23400.3778,57217.6419,102818.6735,195355.8315,8.181,8.94,9.396,9.548,9.623,11.888,3.233,3.233,3.233,3.233,4.317,7.965,1.0,1.0,1.0,1.0,1.0,1.0,1.0,1.0,1.0,1.0,1.0,1.0,W02_20u_us,us,
bitget,LDO,2,1788292908,1,0.3678,5.437738,100,100,4801.25982,23301.28911,64794.75123,137359.09307,1123.32672,9631.83349,67497.15994,134611.13813,3.916,4.677,6.168,7.269,11.391,18.243,4.13,5.171,9.52,12.827,16.599,28.027,1.0,1.0,1.0,1.0,1.0,1.0,1.0,1.0,1.0,1.0,1.0,1.0,W02_20u_us,us,
bitget,FIL,2,1788292908,1,0.7888,2.535497,100,100,5963.36101,111263.12493,239680.53769,477737.48913,21069.25476,75938.28186,331920.95356,500785.72433,2.567,4.1,6.204,7.524,8.71,10.047,2.745,3.274,3.592,4.251,4.661,6.192,1.0,1.0,1.0,1.0,1.0,1.0,1.0,1.0,1.0,1.0,1.0,1.0,W02_20u_us,us,
bitget,KAS,2,1788292908,1,0.02733,7.317966,100,100,1211.48831,9533.03257,46858.72167,103403.39227,589.82056,9522.43143,50272.64128,109801.53296,6.984,7.151,9.136,11.71,16.297,23.853,4.939,7.631,9.638,11.567,16.05,21.886,1.0,1.0,1.0,1.0,1.0,1.0,1.0,1.0,1.0,1.0,1.0,1.0,W02_20u_us,us,
bitget,KITE,2,1788292908,1,0.122875,10.579858,100,100,367.63293,13930.0369,24232.46678,56696.9313,550.33114,2969.8993,22724.11464,46969.77409,7.784,10.049,13.977,15.737,16.869,26.93,5.998,8.651,13.524,20.191,24.726,35.443,1.0,1.0,1.0,1.0,1.0,1.0,1.0,1.0,1.0,1.0,1.0,1.0,W02_20u_us,us,
bitget,MAGMA,2,1788292908,1,0.42872,12.595634,100,100,1166.35547,8836.14813,13101.46501,32230.36078,428.61064,9565.77181,13696.38072,44548.48878,8.528,8.929,13.398,16.701,20.046,45.982,7.939,9.555,12.478,16.772,19.349,42.719,1.0,1.0,1.0,1.0,1.0,1.0,1.0,1.0,1.0,1.0,1.0,1.0,W02_20u_us,us,
bitget,POWER,2,1788292908,1,0.085505,10.5257,100,100,268.4539,2786.61092,7679.20125,13095.5377,219.0615,2146.9968,6560.59447,12947.57082,10.286,13.037,15.176,20.714,35.543,94.391,11.058,12.839,19.202,28.295,47.733,104.342,1.0,1.0,1.0,1.0,1.0,1.0,1.0,1.0,1.0,1.0,1.0,1.0,W02_20u_us,us,
bitget,ONDO,2,1788292908,1,0.3423,5.842828,100,100,121217.49792,386261.95444,678288.60842,1604390.93786,100473.78765,427907.53267,913850.58491,1629078.93102,2.921,2.921,2.921,4.169,5.006,5.508,2.921,2.921,2.921,2.921,2.921,4.241,1.0,1.0,1.0,1.0,1.0,1.0,1.0,1.0,1.0,1.0,1.0,1.0,W02_20u_us,us,
bitget,RIVER,2,1788292908,1,1.353,14.781966,100,100,2810.808,15213.016,25393.046,48368.158,4243.436,12305.116,22017.472,43828.265,7.391,7.391,7.391,10.624,14.207,24.111,7.391,7.391,7.391,8.514,13.453,27.205,1.0,1.0,1.0,1.0,1.0,1.0,1.0,1.0,1.0,1.0,1.0,1.0,W02_20u_us,us,
bitget,RUNE,2,1788292908,1,0.46945,6.390457,100,100,2570.10745,7844.04671,25736.38556,57721.37597,818.79705,12106.64147,25158.94793,59435.80672,3.195,3.327,6.634,9.144,15.773,29.589,5.121,7.586,10.823,14.464,17.659,27.188,1.0,1.0,1.0,1.0,1.0,1.0,1.0,1.0,1.0,1.0,1.0,1.0,W02_20u_us,us,
bitget,TAO,2,1788292908,1,222.185,0.450075,100,100,405599.47591,678765.92991,952987.96152,2010444.42755,39150.66426,181614.14412,372370.4409,383585.84987,1.283,1.879,2.499,2.839,3.111,3.54,0.667,0.784,1.582,2.47,3.285,4.518,1.0,1.0,1.0,1.0,1.0,1.0,1.0,1.0,1.0,1.0,1.0,1.0,W02_20u_us,us,
bitget,UAI,2,1788292908,1,0.49565,11.298295,100,100,494.76404,4090.57804,11977.3658,52165.31305,2044.66832,6939.26066,13223.33078,30866.69457,7.925,10.77,16.193,21.76,31.075,50.861,6.782,7.362,8.984,13.374,20.011,44.731,1.0,1.0,1.0,1.0,1.0,1.0,1.0,1.0,1.0,1.0,1.0,1.0,W02_20u_us,us,
bitget,USELESS,2,1788292908,1,0.11657,6.862829,100,100,2877.62812,17420.90004,32456.50073,73626.5316,2730.38507,11804.08227,35082.33409,75836.8994,4.289,5.147,6.122,8.743,13.424,21.73,4.34,5.714,7.862,10.147,14.393,25.676,1.0,1.0,1.0,1.0,1.0,1.0,1.0,1.0,1.0,1.0,1.0,1.0,W02_20u_us,us,
bitget,XMR,2,1788292908,1,502.51,9.154047,100,100,4912.2436,58406.3999,227000.0562,426882.6127,6310.6553,53321.9336,175696.8065,344823.0201,4.577,4.577,4.577,4.789,7.709,11.899,4.819,4.897,4.944,6.126,8.629,11.602,1.0,1.0,1.0,1.0,1.0,1.0,1.0,1.0,1.0,1.0,1.0,1.0,W02_20u_us,us,
bitget,WIF,2,1788292908,1,0.19815,5.046682,100,100,6208.20045,26497.96539,87734.69057,214820.43141,4599.54887,18681.44383,71185.86169,196024.92909,5.401,6.486,7.136,7.353,9.373,15.895,4.798,6.184,7.016,7.7,10.659,18.5,1.0,1.0,1.0,1.0,1.0,1.0,1.0,1.0,1.0,1.0,1.0,1.0,W02_20u_us,us,
bybit,AR,2,1788292908,1,2.2785,13.166557,200,200,77.418,2136.0681,6322.597,11234.5638,474.468,3948.5892,13206.6785,18425.2735,12.073,14.81,20.96,30.622,44.788,86.13,6.81,9.18,15.956,20.977,27.624,60.531,1.0,1.0,1.0,1.0,1.0,1.0,1.0,1.0,1.0,1.0,1.0,1.0,W02_20u_us,us,
bitget,ZRO,2,1788292908,1,0.99665,5.016806,100,100,1112.4778,9755.8769,42959.0792,121226.9255,724.1095,11015.4875,44194.9312,99481.4254,4.297,6.723,10.226,14.683,17.872,24.744,7.019,8.487,11.899,16.525,20.052,25.711,1.0,1.0,1.0,1.0,1.0,1.0,1.0,1.0,1.0,1.0,1.0,1.0,W02_20u_us,us,
bybit,KAS,2,1788292909,1,0.02731,7.323325,200,200,1085.0733,10942.457,28804.0054,110495.2222,2772.3629,13131.48,33005.6707,69691.8923,6.865,7.094,9.303,10.522,14.12,24.788,3.662,4.667,6.261,8.425,12.034,21.011,1.0,1.0,1.0,1.0,1.0,1.0,1.0,1.0,1.0,1.0,1.0,1.0,W02_20u_us,us,
bybit,BTW,2,1788292909,1,0.42634,2.814655,200,200,285.4527,3489.8752,8241.937,13988.735,375.4197,4804.3262,8129.0423,16202.6878,9.376,11.857,15.014,21.903,34.697,87.584,7.48,9.604,12.85,17.068,29.754,68.294,1.0,1.0,1.0,1.0,1.0,1.0,1.0,1.0,1.0,1.0,1.0,1.0,W02_20u_us,us,
bybit,FIL,2,1788292909,1,0.7885,2.536462,200,200,3726.44242,37759.34327,259014.78156,518848.82733,5621.08867,37233.22905,209009.28364,321722.56355,3.569,4.155,5.107,7.17,9.18,12.632,2.999,4.039,5.906,6.757,9.441,14.362,1.0,1.0,1.0,1.0,1.0,1.0,1.0,1.0,1.0,1.0,1.0,1.0,W02_20u_us,us,
bybit,KITE,2,1788292909,1,0.12278,14.660368,200,200,310.37689,1575.31469,3536.40534,6411.03874,262.48218,1523.92964,3754.04311,6870.10358,9.574,12.6,20.626,37.675,77.231,181.619,10.053,13.113,21.495,35.653,76.015,262.652,1.0,1.0,1.0,1.0,1.0,1.0,1.0,1.0,1.0,1.0,1.0,1.0,W02_20u_us,us,
bybit,LDO,2,1788292909,1,0.36775,2.719239,200,200,4450.3047,23076.2388,213046.88636,382194.81555,6541.49638,20572.14014,228718.29409,396574.59547,4.008,4.043,5.494,7.633,11.264,17.041,1.36,1.944,3.225,5.23,8.315,15.936,1.0,1.0,1.0,1.0,1.0,1.0,1.0,1.0,1.0,1.0,1.0,1.0,W02_20u_us,us,
bybit,MAGMA,2,1788292909,1,0.42845,11.669973,200,200,234.6292,1568.0099,4536.2484,11895.1125,67.3147,1307.8029,4756.1511,17594.6633,10.187,13.627,20.729,30.159,53.719,107.193,11.959,15.671,24.897,33.562,50.696,89.748,1.0,1.0,1.0,1.0,1.0,1.0,1.0,1.0,1.0,1.0,1.0,1.0,W02_20u_us,us,
bybit,ONDO,2,1788292909,1,0.34225,2.921841,200,200,35042.1612,225902.0746,436385.016,713483.4338,48442.4223,274726.3794,462153.794,870311.7154,1.461,1.461,1.461,1.461,2.867,4.779,1.461,1.461,1.461,1.461,2.739,4.117,1.0,1.0,1.0,1.0,1.0,1.0,1.0,1.0,1.0,1.0,1.0,1.0,W02_20u_us,us,
bybit,POWER,2,1788292909,1,0.085455,8.191446,200,200,225.10542,493.10464,790.78939,1250.5879,105.53034,500.88938,5685.75574,6104.28276,13.401,29.361,105.265,240.106,354.41,450.831,16.13,27.415,40.397,45.065,144.23,215.112,1.0,1.0,1.0,1.0,1.0,1.0,1.0,1.0,1.0,1.0,1.0,0.5327,W02_20u_us,us,
bybit,RIVER,2,1788292909,1,1.3545,7.382798,200,200,24.1012,1081.0734,4117.5413,8504.6927,635.9015,2133.2068,5425.9829,9832.198,10.718,12.907,22.558,35.519,68.039,152.503,3.691,6.381,13.588,25.564,52.741,168.939,1.0,1.0,1.0,1.0,1.0,1.0,1.0,1.0,1.0,1.0,1.0,1.0,W02_20u_us,us,
bybit,RUNE,2,1788292909,1,0.46985,6.385016,200,200,295.55646,1156.7567,5878.25796,136374.9412,686.55228,2264.52056,37172.75135,131993.96526,10.22,15.988,25.688,35.601,42.436,47.446,6.124,9.198,15.578,28.637,37.198,42.873,1.0,1.0,1.0,1.0,1.0,1.0,1.0,1.0,1.0,1.0,1.0,1.0,W02_20u_us,us,
bybit,TAO,2,1788292909,1,222.355,0.449731,200,200,11405.96941,140528.10219,433612.52862,1021610.35726,40759.98515,162484.99306,465125.45375,961932.89067,2.194,2.669,3.321,4.498,6.201,8.813,0.225,0.225,0.225,0.225,0.45,2.674,1.0,1.0,1.0,1.0,1.0,1.0,1.0,1.0,1.0,1.0,1.0,1.0,W02_20u_us,us,
bybit,UAI,2,1788292909,1,0.49595,6.048997,200,200,675.54,1960.72,5356.1171,33658.5912,1205.0595,4259.1079,15270.2395,75550.5261,5.983,8.59,16.832,27.473,43.068,60.026,5.353,7.076,11.801,17.434,25.787,42.72,1.0,1.0,1.0,1.0,1.0,1.0,1.0,1.0,1.0,1.0,1.0,1.0,W02_20u_us,us,
bybit,USELESS,2,1788292909,1,0.116615,7.717704,200,200,3012.29218,15083.00452,63389.10646,200379.72866,2608.81535,13690.35985,69595.53732,190117.01206,4.356,5.539,6.825,8.838,12.481,21.062,4.762,5.81,8.06,10.403,14.203,22.491,1.0,1.0,1.0,1.0,1.0,1.0,1.0,1.0,1.0,1.0,1.0,1.0,W02_20u_us,us,
bybit,WIF,2,1788292909,1,0.19805,5.04923,200,200,2407.2593,35126.1352,100928.4424,209815.6854,14949.2876,46799.6409,95531.0437,181299.6229,7.5,7.537,7.743,10.183,11.403,15.146,2.525,2.525,2.525,2.525,4.455,8.4,1.0,1.0,1.0,1.0,1.0,1.0,1.0,1.0,1.0,1.0,1.0,1.0,W02_20u_us,us,
bybit,XMR,2,1788292909,1,502.66,6.764015,200,200,5198.94,42619.6923,211137.5668,228995.8044,11610.4818,57468.6108,243654.3431,300376.3466,3.91,4.776,5.911,6.784,8.908,13.095,3.495,3.895,4.778,6.497,7.584,11.113,1.0,1.0,1.0,1.0,1.0,1.0,1.0,1.0,1.0,1.0,1.0,1.0,W02_20u_us,us,
bybit,ZEN,2,1788292909,1,5.4085,1.848941,200,200,703.8418,3158.5171,8487.1309,14071.8365,802.4883,3408.5691,9123.597,14723.8889,3.653,6.457,11.519,20.534,34.461,99.561,3.419,6.09,11.483,19.88,32.87,70.398,1.0,1.0,1.0,1.0,1.0,1.0,1.0,1.0,1.0,1.0,1.0,1.0,W02_20u_us,us,
bybit,ZRO,2,1788292909,1,0.9971,2.005817,200,200,4094.78963,9814.93656,27853.97878,73427.31858,3839.47803,12351.01828,32108.79461,71133.74951,3.939,4.98,6.997,8.46,14.008,28.239,2.451,3.925,5.648,7.408,11.093,25.457,1.0,1.0,1.0,1.0,1.0,1.0,1.0,1.0,1.0,1.0,1.0,1.0,W02_20u_us,us,
dydx,ICP,2,1788292909,1,2.4994,70.4169,47,64,0,0,21300.03727,49699.99039,0,0,22476.71828,36857.5289,35.208,35.208,35.208,35.208,35.323,42.339,35.208,35.208,35.208,35.208,35.208,41.681,1.0,1.0,1.0,1.0,1.0,1.0,1.0,1.0,1.0,1.0,1.0,1.0,W02_20u_us,us,
dydx,FIL,2,1788292909,1,0.78895,72.247924,56,71,0,0,5243.2632,11043.0284,0,0,18366.0341,24166.0246,36.124,36.124,36.124,36.124,55.965,113.05,36.124,36.124,36.124,36.124,36.124,52.584,1.0,1.0,1.0,1.0,1.0,1.0,1.0,1.0,1.0,1.0,1.0,1.0,W02_20u_us,us,
dydx,MORPHO,2,1788292909,1,2.527,102.888801,15,7,0,0,0,1000.572,0,0,0,1000.76,51.444,51.444,1181.395,1562.205,1752.61,1866.853,51.444,59.782,1201.594,1582.198,1772.5,1886.681,1.0,1.0,1.0,1.0,1.0,1.0,1.0,1.0,1.0,1.0,1.0,1.0,W02_20u_us,us,
dydx,LDO,2,1788292909,1,0.3683,59.733913,41,35,0,0,17840.1872,23640.1892,0,0,21015.6378,21015.6378,29.867,29.867,29.867,29.867,29.867,45.719,29.867,29.867,29.867,29.867,29.867,46.526,1.0,1.0,1.0,1.0,1.0,1.0,1.0,1.0,1.0,1.0,1.0,1.0,W02_20u_us,us,
dydx,ONDO,2,1788292909,1,0.3438,93.077371,40,31,0,0,14199.9312,42599.8436,0,0,21300.1272,49700.0456,46.539,46.539,46.539,46.539,46.539,69.018,46.539,46.539,46.539,46.539,46.539,54.494,1.0,1.0,1.0,1.0,1.0,1.0,1.0,1.0,1.0,1.0,1.0,1.0,W02_20u_us,us,
dydx,RUNE,2,1788292909,1,0.4716,72.094996,23,21,0,0,11699.6453,27299.4893,0,0,11700.1614,27300.317,36.047,36.047,36.047,36.047,38.35,59.068,36.047,36.047,36.047,38.41,42.53,65.383,1.0,1.0,1.0,1.0,1.0,1.0,1.0,1.0,1.0,1.0,1.0,1.0,W02_20u_us,us,
dydx,SPX,2,1788292909,1,0.5829,720.535255,35,31,0,0,0,0,0,0,0,0,586.136,699.656,767.768,790.472,801.824,808.635,360.268,360.268,360.268,360.268,360.268,360.268,1.0,1.0,1.0,1.0,1.0,1.0,1.0,1.0,1.0,1.0,1.0,1.0,W02_20u_us,us,
dydx,TAO,2,1788292909,1,222.455,65.181722,39,45,0,0,16665.2268,95164.9322,0,0,65532.7098,279831.8692,32.591,32.591,32.591,32.591,32.591,40.184,32.591,32.591,32.591,32.591,32.591,32.591,1.0,1.0,1.0,1.0,1.0,1.0,1.0,1.0,1.0,1.0,1.0,1.0,W02_20u_us,us,
dydx,WIF,2,1788292909,1,0.197875,45.988629,40,37,0,1990.58586,9090.53646,23290.56321,0,14803.54953,14803.54953,14803.54953,22.994,22.994,28.097,38.18,47.576,84.129,22.994,22.994,22.994,22.994,22.994,55.049,1.0,1.0,1.0,1.0,1.0,1.0,1.0,1.0,1.0,1.0,1.0,1.0,W02_20u_us,us,
dydx,XMR,2,1788292909,1,506.47,228.24649,52,39,0,0,0,0,0,0,0,0,114.123,114.123,235.914,277.394,298.134,310.578,114.123,114.123,114.123,114.123,114.123,114.123,1.0,1.0,1.0,1.0,1.0,1.0,1.0,1.0,1.0,1.0,1.0,1.0,W02_20u_us,us,
dydx,ZEC,2,1788292910,1,830.55,49.846487,64,40,0,994.176,9513.965,135475.829,0,75019.062,91689.062,291758.378,24.923,24.976,34.408,37.552,40.072,52.928,24.923,24.923,24.923,24.923,24.923,24.923,1.0,1.0,1.0,1.0,1.0,1.0,1.0,1.0,1.0,1.0,1.0,1.0,W02_20u_us,us,
hl,ONDO,2,1788292910,1,0.34233,1.168463,20,20,46975.20183,46975.20183,46975.20183,46975.20183,37586.37917,37586.37917,37586.37917,37586.37917,0.643,0.759,1.331,2.112,2.843,4.471,0.584,0.584,0.621,1.405,2.572,4.187,1.0,1.0,1.0,1.0,1.0,1.0,1.0,1.0,1.0,1.0,1.0,1.0,W02_20u_us,us,
dydx,ZEN,2,1788292910,1,5.263,668.820065,20,22,0,0,0,0,0,0,0,0,334.41,334.41,334.41,334.41,334.41,334.41,334.41,352.247,680.135,789.431,844.079,876.868,1.0,1.0,1.0,1.0,1.0,1.0,1.0,1.0,1.0,1.0,1.0,1.0,W02_20u_us,us,
okx,USELESS,2,1788292910,1,0.116605,2.572788,400,400,1022.08813,2561.32795,5843.76242,12460.60313,811.98868,3180.48033,7021.41073,13217.1972,4.938,6.319,12.963,24.658,43.032,113.243,2.037,5.178,11.968,20.993,36.889,121.143,1.0,1.0,1.0,1.0,1.0,0.8788,1.0,1.0,1.0,1.0,1.0,1.0,W02_20u_us,us,
dydx,ZRO,2,1788292910,1,0.978,531.697342,11,16,0,0,0,0,0,0,0,0,834.536,846.716,854.024,856.46,857.678,956.678,265.849,265.849,265.849,265.849,272.088,499.818,1.0,1.0,1.0,1.0,1.0,1.0,1.0,1.0,1.0,1.0,1.0,1.0,W02_20u_us,us,
aster,BTW,3,1788292955,1,0.426355,9.147307,244,268,503.58862,6454.95314,19111.87854,29169.22351,6126.91939,14600.66187,23401.49644,49490.15968,7.181,9.971,13.343,17.157,23.952,40.74,6.074,6.262,7.836,8.55,10.134,24.175,1.0,1.0,1.0,1.0,1.0,1.0,1.0,1.0,1.0,1.0,1.0,1.0,W02_20u_us,us,
aster,AR,3,1788292955,1,2.272,17.605634,13,19,2938.969,15760.1219,16064.1347,16367.3411,305.6256,2189.15,6381.8146,7304.7394,8.803,8.803,8.803,13.97,17.989,301.531,12.23,14.918,18.729,24.77,173.219,359.119,1.0,1.0,1.0,1.0,1.0,0.8387,1.0,1.0,1.0,1.0,1.0,0.471,W02_20u_us,us,
aster,FIL,3,1788292955,1,0.7885,12.682308,30,29,1196.4204,18054.6687,39537.1251,59524.9315,899.3022,8750.1642,10270.3191,14298.0206,6.341,6.341,12.95,15.987,17.505,24.586,6.341,7.625,14.464,16.744,20.133,109.007,1.0,1.0,1.0,1.0,1.0,1.0,1.0,1.0,1.0,1.0,1.0,1.0,W02_20u_us,us,
aster,FET,3,1788292955,1,0.1547,25.856496,21,30,0,14822.5949,14998.6913,23823.5232,0,6011.7645,7334.9541,7334.9541,12.928,12.928,12.928,14.988,17.19,45.645,12.928,12.928,12.928,13.681,58.489,389.201,1.0,1.0,1.0,1.0,1.0,1.0,1.0,1.0,1.0,1.0,1.0,1.0,W02_20u_us,us,
aster,ICP,3,1788292955,1,2.5015,11.992804,99,76,719.837,17073.109,35251.504,54077.261,1556.979,8496.093,12830.374,16653.442,7.494,9.862,14.233,16.111,19.022,25.161,5.996,5.996,10.229,14.109,17.449,61.222,1.0,1.0,1.0,1.0,1.0,1.0,1.0,1.0,1.0,1.0,1.0,1.0,W02_20u_us,us,
aster,LDO,3,1788292955,1,0.36845,18.998507,50,34,1522.4616,3808.566,16395.7109,25784.3398,2293.5672,6349.9489,6349.9489,7226.2709,9.499,9.499,14.798,19.577,22.68,41.502,9.499,9.499,9.726,14.605,106.41,463.958,1.0,1.0,1.0,1.0,1.0,1.0,1.0,1.0,1.0,1.0,1.0,0.8769,W02_20u_us,us,
aster,KAS,3,1788292955,1,0.02734,29.261156,14,20,0,2706.61923,16206.72438,32728.36494,0,2008.32415,5587.85905,7687.84764,14.631,14.631,16.554,27.467,33.851,49.899,15.784,17.699,23.873,32.054,66.611,292.576,1.0,1.0,1.0,1.0,1.0,1.0,1.0,1.0,1.0,1.0,1.0,1.0,W02_20u_us,us,
aster,KITE,3,1788292955,1,0.12322,11.361792,94,39,1614.83113,9116.75823,14695.85138,17132.14359,868.51582,3168.60942,4674.79002,5041.04553,5.681,6.492,9.026,13.441,18.121,107.761,6.305,6.934,10.747,24.171,300.788,473.427,1.0,1.0,1.0,1.0,1.0,1.0,1.0,1.0,1.0,1.0,1.0,0.5329,W02_20u_us,us,
aster,MAGMA,3,1788292955,1,0.428585,13.299579,132,121,247.9471,3664.01918,7774.81751,14730.85337,388.5975,5220.42802,7413.55081,15483.67811,9.853,10.818,11.46,19.165,35.167,137.615,8.378,10.897,14.103,17.484,33.995,140.167,1.0,1.0,1.0,1.0,1.0,1.0,1.0,1.0,1.0,1.0,1.0,1.0,W02_20u_us,us,
aster,MORPHO,3,1788292955,1,2.5248,11.882129,23,21,999.98379,2772.76687,2872.99123,3090.9265,999.90954,2778.13955,2983.53154,2983.53154,5.941,5.941,11.341,111.007,193.042,331.921,5.941,5.949,12.598,118.212,207.67,360.968,1.0,1.0,1.0,1.0,1.0,1.0,1.0,1.0,1.0,1.0,1.0,1.0,W02_20u_us,us,
aster,ONDO,3,1788292955,1,0.34225,8.765522,80,235,15419.99085,27541.54039,38873.53725,57420.93266,17198.94937,27996.38347,49883.96299,60485.43705,4.383,4.383,4.383,4.383,5.05,9.009,4.383,4.383,4.383,4.383,4.383,7.991,1.0,1.0,1.0,1.0,1.0,1.0,1.0,1.0,1.0,1.0,1.0,1.0,W02_20u_us,us,
aster,POWER,3,1788292955,1,0.08511,46.998003,32,17,0,1121.88296,1191.91124,1261.92029,0,1122.45556,1122.45556,1192.50514,24.387,24.53,314.499,1445.973,1445.973,1445.973,24.387,24.53,306.014,704.182,704.182,704.182,1.0,1.0,1.0,0.7725,0.3862,0.1545,1.0,1.0,1.0,0.6328,0.3164,0.1266,W02_20u_us,us,
aster,RIVER,3,1788292955,1,1.353,14.781966,81,171,1555.8816,6164.5288,15945.2539,21624.6932,1514.5844,11053.3741,35273.2099,75731.816,7.391,7.391,10.179,13.755,20.792,46.776,7.391,7.391,10.308,13.917,18.045,28.019,1.0,1.0,1.0,1.0,1.0,1.0,1.0,1.0,1.0,1.0,1.0,1.0,W02_20u_us,us,
aster,SPX,3,1788292955,1,0.56945,22.829046,12,7,0,2812.1472,14232.5172,14232.5172,0,2381.6114,2381.6114,2381.6114,11.415,11.415,11.415,21.389,27.816,783.844,11.415,12.1,94.576,1949.734,1949.734,1949.734,1.0,1.0,1.0,1.0,1.0,0.6961,1.0,1.0,1.0,0.7823,0.3912,0.1565,W02_20u_us,us,
aster,TAO,3,1788292955,1,222.465,4.04558,98,108,20094.89326,58540.42711,110929.92974,128029.61917,15300.50341,43698.18257,62981.32718,100266.61802,2.36,3.72,4.59,5.001,5.31,7.588,2.161,2.462,3.008,3.189,4.379,8.291,1.0,1.0,1.0,1.0,1.0,1.0,1.0,1.0,1.0,1.0,1.0,1.0,W02_20u_us,us,
aster,UAI,3,1788292955,1,0.4984,16.051364,52,40,10.458,16170.0308,42896.6202,99033.4724,1240.5156,8812.6337,23960.5336,46832.0574,11.907,11.973,12.911,15.484,16.795,24.872,8.026,8.026,11.045,13.142,18.013,27.755,1.0,1.0,1.0,1.0,1.0,1.0,1.0,1.0,1.0,1.0,1.0,1.0,W02_20u_us,us,
aster,XMR,3,1788292955,1,502.67,3.183003,264,201,6632.95094,35453.42878,55758.14922,92695.89536,10858.8353,34475.02044,66917.06233,128896.33254,3.576,3.777,3.898,5.224,7.524,11.228,1.592,1.82,2.399,3.286,5.404,9.992,1.0,1.0,1.0,1.0,1.0,1.0,1.0,1.0,1.0,1.0,1.0,1.0,W02_20u_us,us,
aster,WIF,3,1788292955,1,0.198,20.20202,26,24,0,13280.77864,13280.77864,32129.4818,0,11089.32616,13490.01196,14580.88986,10.101,10.101,10.468,12.81,13.981,47.05,10.101,10.101,10.101,11.53,13.341,66.067,1.0,1.0,1.0,1.0,1.0,1.0,1.0,1.0,1.0,1.0,1.0,1.0,W02_20u_us,us,
aster,ZEN,3,1788292955,1,5.4065,12.947378,8,8,2796.948,10901.475,10901.475,10901.475,999.768,9277.6629,9277.6629,9277.6629,6.474,6.474,6.993,13.042,17.156,459.562,6.474,6.483,13.136,15.354,31.502,257.362,1.0,1.0,1.0,1.0,1.0,0.57,1.0,1.0,1.0,1.0,1.0,0.4762,W02_20u_us,us,
aster,ZRO,3,1788292955,1,0.99715,11.03144,126,258,355.2166,3619.24367,15823.86717,17700.56577,859.99159,5568.83185,5568.83185,6570.15593,8.543,11.911,14.693,20.668,25.628,147.888,8.104,9.027,15.215,19.892,121.714,683.39,1.0,1.0,1.0,1.0,1.0,1.0,1.0,1.0,1.0,1.0,1.0,1.0,W02_20u_us,us,
aster,龙虾,3,1788292955,1,0.069234,11.121784,241,61,118.46184,713.265301,2833.388602,4102.245077,128.364682,716.667449,1306.083185,3729.144503,11.448,17.534,24.483,55.84,186.911,457.062,12.963,20.443,44.816,74.708,194.502,459.169,1.0,1.0,1.0,1.0,1.0,1.0,1.0,1.0,1.0,1.0,1.0,1.0,W02_20u_us,us,
binance,AR,3,1788292955,1,2.2725,4.40044,588,1000,1088.7539,27737.8351,60507.8654,162339.6307,5027.1236,29584.5601,60110.7199,121678.9798,5.871,6.236,8.938,9.969,12.248,17.509,2.2,2.2,2.929,4.765,7.872,14.34,1.0,1.0,1.0,1.0,1.0,1.0,1.0,1.0,1.0,1.0,1.0,1.0,W02_20u_us,us,
aster,USELESS,3,1788292955,1,0.11681,11.985275,75,63,2361.01216,9428.40589,34099.37271,74009.58216,1248.69137,7278.64702,16371.78029,18159.80811,5.993,5.993,7.987,11.33,15.924,23.791,9.132,9.275,12.723,15.447,20.962,95.804,1.0,1.0,1.0,1.0,1.0,1.0,1.0,1.0,1.0,1.0,1.0,1.0,W02_20u_us,us,
binance,FET,3,1788292955,1,0.15465,6.466214,591,1000,32836.9777,85485.1672,180480.6181,294362.2779,39925.7507,100310.5435,188430.9937,293212.4189,3.233,3.233,3.233,6.278,7.989,9.015,3.233,3.233,3.233,3.233,3.233,5.568,1.0,1.0,1.0,1.0,1.0,1.0,1.0,1.0,1.0,1.0,1.0,1.0,W02_20u_us,us,
binance,KAS,3,1788292955,1,0.027325,3.659652,414,1000,1609.17198,10772.24285,32208.29704,95640.879,1770.9071,11087.2696,30995.69865,85560.02161,5.424,6.957,9.836,13.152,17.882,26.801,3.238,6.087,8.993,10.901,15.231,27.03,1.0,1.0,1.0,1.0,1.0,1.0,1.0,1.0,1.0,1.0,1.0,1.0,W02_20u_us,us,
binance,FIL,3,1788292955,1,0.78805,1.268955,1000,1000,30605.96132,126713.0716,275189.07366,557285.476751,51467.67666,167825.08965,357330.02935,585644.91558,1.396,2.11,3.163,3.836,4.949,6.686,0.634,0.634,0.673,1.288,2.087,4.556,1.0,1.0,1.0,1.0,1.0,1.0,1.0,1.0,1.0,1.0,1.0,1.0,W02_20u_us,us,
binance,KITE,3,1788292956,1,0.123025,0.812843,1000,1000,1690.61336,9025.65251,26290.24482,55487.75576,1365.05951,6195.51495,21924.19909,46403.94846,0.406,0.985,5.628,9.411,16.019,30.168,2.726,4.367,7.895,13.574,20.838,34.764,1.0,1.0,1.0,1.0,1.0,1.0,1.0,1.0,1.0,1.0,1.0,1.0,W02_20u_us,us,
binance,LDO,3,1788292956,1,0.36825,2.715547,1000,1000,7114.9724,29124.3379,70063.0836,199766.3542,12655.0935,38734.3479,94713.253,221539.1597,1.358,1.358,2.352,4.306,7.58,13.902,3.411,3.742,4.471,5.63,7.243,11.305,1.0,1.0,1.0,1.0,1.0,1.0,1.0,1.0,1.0,1.0,1.0,1.0,W02_20u_us,us,
binance,MAGMA,3,1788292956,1,0.42883,2.331926,1000,1000,1514.87499,9198.79369,21274.77875,37585.645,3495.8583,9317.21073,18998.86461,44190.02077,3.972,5.853,8.502,12.308,16.684,33.516,1.867,4.012,6.653,9.166,14.267,32.727,1.0,1.0,1.0,1.0,1.0,1.0,1.0,1.0,1.0,1.0,1.0,1.0,W02_20u_us,us,
binance,ONDO,3,1788292956,1,0.34225,2.921841,1000,1000,32311.0424,176133.16918,406710.75878,782620.8965,72681.12194,288987.81878,498555.68928,903982.07687,1.461,1.461,1.461,1.91,3.147,4.824,1.461,1.461,1.461,1.461,1.461,2.503,1.0,1.0,1.0,1.0,1.0,1.0,1.0,1.0,1.0,1.0,1.0,1.0,W02_20u_us,us,
binance,POWER,3,1788292956,1,0.08505,7.054674,938,1000,1212.86658,2931.56529,4929.74043,7412.17594,229.44168,574.34834,2763.4953,7464.0029,7.518,7.874,11.789,24.44,62.557,132.909,12.178,20.172,31.361,46.335,75.47,152.239,1.0,1.0,1.0,1.0,1.0,1.0,1.0,1.0,1.0,1.0,1.0,1.0,W02_20u_us,us,
binance,RIVER,3,1788292956,1,1.3535,7.388253,503,1000,1017.456,8536.8154,22926.3683,49176.6999,561.0976,9393.4692,22596.4701,40975.7092,3.694,3.694,8.074,9.861,15.238,29.804,3.694,6.938,9.425,10.978,15.182,28.921,1.0,1.0,1.0,1.0,1.0,1.0,1.0,1.0,1.0,1.0,1.0,1.0,W02_20u_us,us,
binance,RUNE,3,1788292956,1,0.47005,2.127433,593,1000,3620.5986,30284.3292,61207.277,147116.6734,6912.8397,28764.7006,56485.2749,127447.7434,1.064,1.064,2.556,6.861,13.027,18.488,1.797,2.494,3.764,5.605,8.234,14.218,1.0,1.0,1.0,1.0,1.0,1.0,1.0,1.0,1.0,1.0,1.0,1.0,W02_20u_us,us,
binance,TAO,3,1788292956,1,222.165,0.450116,1000,1000,46960.87954,166949.95997,614809.36612,1702599.22287,48345.97826,206972.53551,684884.83369,1567196.0325,0.644,1.11,1.741,2.435,3.106,4.32,0.225,0.225,0.413,0.698,1.141,2.509,1.0,1.0,1.0,1.0,1.0,1.0,1.0,1.0,1.0,1.0,1.0,1.0,W02_20u_us,us,
binance,UAI,3,1788292956,1,0.4979,4.016871,1000,1000,2796.6497,14502.7536,35207.8259,71319.3157,5778.4488,27446.1814,83820.0133,120842.4412,2.265,3.141,5.235,7.896,11.06,22.257,2.605,3.311,4.813,6.365,8.445,15.081,1.0,1.0,1.0,1.0,1.0,1.0,1.0,1.0,1.0,1.0,1.0,1.0,W02_20u_us,us,
binance,USELESS,3,1788292956,1,0.116715,2.570364,1000,1000,9129.6679,25880.74883,55851.60377,138470.47527,8356.40383,26393.91298,56906.13305,158954.53326,1.394,2.159,3.525,5.56,7.497,13.944,2.59,3.056,4.707,6.034,7.861,12.902,1.0,1.0,1.0,1.0,1.0,1.0,1.0,1.0,1.0,1.0,1.0,1.0,W02_20u_us,us,
binance,WIF,3,1788292956,1,0.19795,5.051781,714,1000,17368.38886,52891.08426,122719.12548,293229.96471,7191.14791,48164.59967,107227.66258,226797.20936,2.526,2.526,2.526,2.526,3.497,7.486,2.526,3.21,5.831,6.704,8.562,12.445,1.0,1.0,1.0,1.0,1.0,1.0,1.0,1.0,1.0,1.0,1.0,1.0,W02_20u_us,us,
binance,XMR,3,1788292956,1,502.585,0.198971,1000,1000,5453.92781,58777.88393,209212.44625,400666.35396,16263.49635,55293.12328,205688.56737,324975.76759,2.783,3.713,4.979,6.407,8.691,11.698,0.761,1.248,2.741,3.929,5.707,8.788,1.0,1.0,1.0,1.0,1.0,1.0,1.0,1.0,1.0,1.0,1.0,1.0,W02_20u_us,us,
binance,ZEC,3,1788292956,1,827.865,0.120793,1000,1000,397699.84282,1557369.80731,2981163.38946,6142256.90209,210292.25054,702575.72955,1835828.38453,4402647.57873,0.294,0.298,0.649,1.028,1.41,1.953,0.06,0.06,0.06,0.107,0.21,0.731,1.0,1.0,1.0,1.0,1.0,1.0,1.0,1.0,1.0,1.0,1.0,1.0,W02_20u_us,us,
binance,ZEN,3,1788292956,1,5.4055,1.849968,894,1000,3423.0141,24915.9982,58487.5261,192013.3457,3260.7474,26158.939,56410.0504,126328.4427,3.379,4.835,6.723,8.436,11.07,16.955,0.925,1.371,4.558,7.086,9.697,15.574,1.0,1.0,1.0,1.0,1.0,1.0,1.0,1.0,1.0,1.0,1.0,1.0,W02_20u_us,us,
binance,ZRO,3,1788292956,1,0.99625,3.011292,999,1000,6259.78603,22125.3781,46124.32394,114942.73016,5166.41713,20746.65228,44044.98924,70788.50406,2.799,3.434,4.865,6.007,8.347,15.59,2.102,3.082,4.669,6.591,9.81,17.55,1.0,1.0,1.0,1.0,1.0,1.0,1.0,1.0,1.0,1.0,1.0,1.0,W02_20u_us,us,
binance,龙虾,3,1788292956,1,0.069186,8.961351,1000,1000,467.937101,5771.893123,11613.886032,32007.217016,296.111828,4241.707483,11807.053549,17832.467683,6.972,9.908,15.099,18.603,23.972,42.968,8.568,11.049,15.089,19.589,28.383,65.026,1.0,1.0,1.0,1.0,1.0,1.0,1.0,1.0,1.0,1.0,1.0,1.0,W02_20u_us,us,
bitget,AR,3,1788292956,1,2.2705,4.404316,100,100,261.1845,11472.4149,26377.2272,75436.4614,641.3637,6506.7231,11926.2219,67090.4686,8.257,9.634,10.46,10.735,11.021,21.56,6.168,7.969,12.01,15.864,22.223,39.398,1.0,1.0,1.0,1.0,1.0,1.0,1.0,1.0,1.0,1.0,1.0,1.0,W02_20u_us,us,
bitget,BTW,3,1788292956,1,0.42695,4.309638,100,100,274.726396,6960.218174,13076.235268,22573.192922,301.220079,7361.832703,12770.07368,26064.934774,10.194,12.011,13.189,16.714,23.381,47.285,8.741,10.225,11.242,14.351,21.271,47.038,1.0,1.0,1.0,1.0,1.0,0.9072,1.0,1.0,1.0,1.0,1.0,1.0,W02_20u_us,us,
bitget,FET,3,1788292956,1,0.15445,6.474587,100,100,27599.0958,67360.1696,133620.2503,196805.352,12577.7498,44920.0813,100281.6478,213852.8141,3.237,3.237,3.237,3.237,3.237,6.227,3.237,3.237,5.832,7.772,8.742,12.544,1.0,1.0,1.0,1.0,1.0,1.0,1.0,1.0,1.0,1.0,1.0,1.0,W02_20u_us,us,
bitget,FIL,3,1788292956,1,0.78755,1.269761,100,100,10732.93247,76837.07142,245776.09377,431012.98222,23689.0176,84787.50181,458455.48618,503121.79538,2.295,3.524,5.912,7.248,8.385,10.26,2.534,3.489,4.196,4.955,5.377,6.899,1.0,1.0,1.0,1.0,1.0,1.0,1.0,1.0,1.0,1.0,1.0,1.0,W02_20u_us,us,
bitget,KITE,3,1788292956,1,0.12303,13.004958,100,100,554.24524,3035.22079,24748.88129,52836.51735,390.28825,8137.25991,23831.55233,48485.77991,6.681,8.935,13.748,19.844,24.503,31.553,8.066,10.093,13.069,14.276,17.617,30.019,1.0,1.0,1.0,1.0,1.0,1.0,1.0,1.0,1.0,1.0,1.0,1.0,W02_20u_us,us,
bitget,LDO,3,1788292956,1,0.36795,2.717761,100,100,4657.27536,25053.28524,70255.53005,139018.26118,1576.23717,9223.86844,65970.22464,132031.34655,3.81,4.897,6.997,8.439,11.239,17.861,3.815,4.708,8.255,10.92,15.272,25.697,1.0,1.0,1.0,1.0,1.0,1.0,1.0,1.0,1.0,1.0,1.0,1.0,W02_20u_us,us,
bitget,MAGMA,3,1788292956,1,0.42908,13.983406,100,100,684.31832,7956.81428,12780.76543,35134.73033,237.88012,5403.79107,19299.90424,49038.44101,7.197,9.561,12.83,17.804,22.453,47.606,9.889,11.422,13.372,18.564,23.165,34.926,1.0,1.0,1.0,1.0,1.0,1.0,1.0,1.0,1.0,1.0,1.0,1.0,W02_20u_us,us,
bitget,ONDO,3,1788292956,1,0.34225,2.921841,100,100,52089.87933,399588.18283,785150.11338,1823107.10967,115951.14241,464980.04288,1094214.51705,1922355.58974,3.666,4.024,4.239,4.311,4.347,4.392,1.461,1.461,1.461,2.785,3.584,4.063,1.0,1.0,1.0,1.0,1.0,1.0,1.0,1.0,1.0,1.0,1.0,1.0,W02_20u_us,us,
bitget,POWER,3,1788292956,1,0.085175,12.914588,100,100,584.17856,2913.76488,5769.7122,11819.25231,924.58917,1740.7713,6766.44116,14240.41956,6.457,8.843,12.564,22.758,43.469,89.159,8.159,8.859,16.063,25.895,41.927,95.829,1.0,1.0,1.0,1.0,1.0,1.0,1.0,1.0,1.0,1.0,1.0,1.0,W02_20u_us,us,
bitget,RIVER,3,1788292956,1,1.3525,7.393715,100,100,2383.576,15039.766,27023.217,49795.628,43.296,7799.271,22720.139,44645.172,3.697,3.697,4.039,7.565,10.968,21.309,10.451,10.771,10.963,12.846,17.301,31.047,1.0,1.0,1.0,1.0,1.0,1.0,1.0,1.0,1.0,1.0,1.0,1.0,W02_20u_us,us,
bitget,KAS,3,1788292956,1,0.02732,7.320644,100,100,1465.94505,14564.77565,51640.35023,108378.38516,1536.18629,17249.60055,46772.32174,95818.25166,6.982,7.151,8.765,9.873,11.117,19.018,6.354,6.838,8.54,9.761,11.492,18.232,1.0,1.0,1.0,1.0,1.0,1.0,1.0,1.0,1.0,1.0,1.0,1.0,W02_20u_us,us,
bitget,RUNE,3,1788292956,1,0.4694,4.260758,100,100,2480.87849,5262.80507,27220.29672,59157.52582,799.38,4865.0815,21756.16456,50480.98048,2.13,2.262,5.498,10.637,20.513,30.637,5.069,7.224,10.858,15.249,20.686,32.593,1.0,1.0,1.0,1.0,1.0,1.0,1.0,1.0,1.0,1.0,1.0,1.0,W02_20u_us,us,
bitget,TAO,3,1788292956,1,222.105,0.450238,100,100,598621.24834,913403.6676,1167641.8429,2130942.69868,28444.43127,171926.07741,379457.01175,382064.32722,1.133,1.354,1.487,1.532,1.554,1.567,0.872,1.179,1.965,3.115,4.638,6.465,1.0,1.0,1.0,1.0,1.0,1.0,1.0,1.0,1.0,1.0,1.0,1.0,W02_20u_us,us,
bitget,USELESS,3,1788292956,1,0.116615,6.002658,100,100,4955.46468,22776.86531,38302.20378,71868.76427,1489.79371,8740.87141,40519.20412,69827.2192,3.412,3.929,4.882,6.798,9.68,14.808,4.229,5.718,8.708,13.236,18.027,25.423,1.0,1.0,1.0,1.0,1.0,1.0,1.0,1.0,1.0,1.0,1.0,1.0,W02_20u_us,us,
bitget,UAI,3,1788292956,1,0.497025,13.077813,100,100,681.38328,4468.0131,11841.71235,25386.96371,1549.40317,5701.51878,13011.49376,31684.86486,7.298,8.925,12.869,17.251,26.782,50.871,7.166,7.456,9.418,13.886,21.475,46.361,1.0,1.0,1.0,1.0,1.0,1.0,1.0,1.0,1.0,1.0,1.0,1.0,W02_20u_us,us,
bitget,XMR,3,1788292956,1,502.66,11.936498,100,100,8343.1037,62023.6967,289185.7001,396403.5723,11173.3997,53445.1398,176839.7017,343316.1297,6.774,6.968,7.084,7.185,7.754,10.93,6.109,6.138,6.156,7.24,8.233,11.259,1.0,1.0,1.0,1.0,1.0,1.0,1.0,1.0,1.0,1.0,1.0,1.0,W02_20u_us,us,
bitget,WIF,3,1788292956,1,0.19795,5.051781,100,100,8142.67367,28741.17663,77515.94215,208403.88908,2875.02236,36535.4125,105511.18985,205072.4952,2.526,2.526,5.128,6.353,7.901,14.98,6.33,6.954,7.328,9.602,12.492,18.31,1.0,1.0,1.0,1.0,1.0,1.0,1.0,1.0,1.0,1.0,1.0,1.0,W02_20u_us,us,
bybit,AR,3,1788292956,1,2.2735,4.398505,200,200,172.5182,2769.8257,7281.8145,14641.4002,244.9901,2315.9791,11355.9474,14918.8634,8.01,10.864,16.358,25.069,39.417,78.837,8.294,10.418,17.467,24.435,31.466,70.939,1.0,1.0,1.0,1.0,1.0,1.0,1.0,1.0,1.0,1.0,1.0,1.0,W02_20u_us,us,
bybit,FIL,3,1788292956,1,0.78685,1.27089,200,200,2703.33817,35514.43966,55238.27676,260790.4405,7960.35161,36673.26807,52187.11099,264994.35695,3.946,4.878,6.941,9.301,11.27,14.654,1.572,2.573,4.154,5.873,7.822,11.313,1.0,1.0,1.0,1.0,1.0,1.0,1.0,1.0,1.0,1.0,1.0,1.0,W02_20u_us,us,
bybit,BTW,3,1788292956,1,0.42629,3.753313,200,200,272.6368,3370.6322,7651.0775,14067.3685,366.8631,4821.2255,8145.7719,16310.5322,8.844,10.937,14.363,21.447,35.317,86.691,7.954,10.296,13.47,17.805,31.471,69.538,1.0,1.0,1.0,1.0,1.0,1.0,1.0,1.0,1.0,1.0,1.0,1.0,W02_20u_us,us,
bybit,KAS,3,1788292956,1,0.027295,10.991024,200,200,2256.2351,11488.8755,40977.2823,120364.9778,934.5076,12108.9325,33709.657,105238.6435,5.496,7.279,8.762,11.521,15.651,27.078,6.967,8.306,11.016,13.135,16.153,25.737,1.0,1.0,1.0,1.0,1.0,1.0,1.0,1.0,1.0,1.0,1.0,1.0,W02_20u_us,us,
bybit,KITE,3,1788292956,1,0.1229,11.391375,200,200,304.55612,2691.97338,3882.93718,7039.92379,226.31082,1414.93719,3778.66653,7479.0493,9.423,12.569,18.835,32.113,74.235,183.56,10.43,13.935,22.624,34.65,68.207,244.134,1.0,1.0,1.0,1.0,1.0,1.0,1.0,1.0,1.0,1.0,1.0,1.0,W02_20u_us,us,
bybit,LDO,3,1788292956,1,0.36785,2.718499,200,200,3522.9143,26403.98517,51431.99515,158165.11437,9046.12341,21053.90831,56302.15929,219102.60402,4.048,4.448,6.485,9.077,13.021,17.989,1.359,2.283,3.535,5.321,7.679,15.19,1.0,1.0,1.0,1.0,1.0,1.0,1.0,1.0,1.0,1.0,1.0,1.0,W02_20u_us,us,
bitget,ZRO,3,1788292956,1,0.99635,3.01099,100,100,718.9278,4015.8385,32654.4018,110754.8388,1650.3036,27537.4212,43887.4741,86378.0487,4.825,7.326,11.912,17.858,21.726,25.562,5.907,7.256,8.965,10.495,11.986,15.142,1.0,1.0,1.0,1.0,1.0,1.0,1.0,1.0,1.0,1.0,1.0,1.0,W02_20u_us,us,
bybit,MAGMA,3,1788292956,1,0.4289,4.663092,200,200,870.9544,2153.7454,5046.9392,17900.1561,108.1699,1284.5255,4886.748,18601.3165,4.923,7.202,14.589,26.727,44.995,75.772,12.467,15.069,22.55,31.087,53.618,86.994,1.0,1.0,1.0,1.0,1.0,1.0,1.0,1.0,1.0,1.0,1.0,1.0,W02_20u_us,us,
bybit,POWER,3,1788292956,1,0.085185,10.56524,200,200,166.99966,608.6761,833.43625,1366.55003,120.03684,411.98261,733.94169,7040.67846,14.976,28.034,90.817,216.439,327.046,421.868,16.208,34.068,61.106,71.243,138.698,229.71,1.0,1.0,1.0,1.0,1.0,1.0,1.0,1.0,1.0,1.0,1.0,0.5708,W02_20u_us,us,
bybit,ONDO,3,1788292956,1,0.34215,2.922695,200,200,38942.3675,228556.3444,416535.7802,709290.1232,53308.997,276031.2335,485320.2134,854276.2585,1.461,1.461,1.461,1.461,1.461,3.358,1.461,1.461,1.461,1.461,1.461,3.169,1.0,1.0,1.0,1.0,1.0,1.0,1.0,1.0,1.0,1.0,1.0,1.0,W02_20u_us,us,
bybit,RUNE,3,1788292956,1,0.4698,4.257131,200,200,310.05924,1051.78236,36090.75447,137899.25392,327.21227,1640.81945,40201.12952,135060.69154,9.03,14.782,24.981,34.798,39.749,43.231,8.448,12.122,22.152,33.22,40.024,44.471,1.0,1.0,1.0,1.0,1.0,1.0,1.0,1.0,1.0,1.0,1.0,1.0,W02_20u_us,us,
bybit,RIVER,3,1788292956,1,1.3545,7.382798,200,200,6.093,1102.3758,4114.4569,8535.3415,417.882,1828.9457,4900.6462,9418.8171,10.984,13.499,23.019,35.865,67.985,152.338,4.906,7.99,16.027,28.471,56.862,179.806,1.0,1.0,1.0,1.0,1.0,1.0,1.0,1.0,1.0,1.0,1.0,1.0,W02_20u_us,us,
bybit,TAO,3,1788292956,1,222.255,0.449934,200,200,31946.45419,157656.84474,472409.53753,790945.39649,35716.21796,153870.9669,315091.9965,510708.50335,1.601,1.957,2.663,3.201,4.479,6.503,0.555,0.635,1.047,1.817,2.947,4.948,1.0,1.0,1.0,1.0,1.0,1.0,1.0,1.0,1.0,1.0,1.0,1.0,W02_20u_us,us,
bybit,UAI,3,1788292956,1,0.49755,2.009848,200,200,759.2258,2492.2977,8716.0999,44460.2217,819.5418,3411.6548,19568.5691,52393.3443,5.962,7.986,13.696,22.444,33.987,53.551,5.72,7.95,13.5,19.453,27.014,43.571,1.0,1.0,1.0,1.0,1.0,1.0,1.0,1.0,1.0,1.0,1.0,1.0,W02_20u_us,us,
bybit,USELESS,3,1788292956,1,0.11669,5.141829,200,200,1591.92345,18025.08237,69234.9086,218998.52104,4695.0448,17335.50956,83304.96674,195898.42324,6.272,7.158,9.02,11.189,14.617,20.844,3.256,3.593,4.896,6.991,10.39,19.307,1.0,1.0,1.0,1.0,1.0,1.0,1.0,1.0,1.0,1.0,1.0,1.0,W02_20u_us,us,
bybit,WIF,3,1788292956,1,0.19785,5.054334,200,200,7557.7546,42786.7109,99694.5827,216260.0237,11060.2344,40321.2865,98068.1325,174156.6068,2.527,4.815,6.475,7.028,8.536,12.834,2.71,5.146,6.607,7.094,7.338,11.242,1.0,1.0,1.0,1.0,1.0,1.0,1.0,1.0,1.0,1.0,1.0,1.0,W02_20u_us,us,
bybit,XMR,3,1788292956,1,502.83,2.386492,200,200,4581.9438,40427.4643,215778.1181,306164.3365,12636.3159,82711.0937,302747.5959,307857.0637,5.376,6.336,7.766,8.601,11.08,15.593,2.96,3.613,4.387,5.871,7.643,10.347,1.0,1.0,1.0,1.0,1.0,1.0,1.0,1.0,1.0,1.0,1.0,1.0,W02_20u_us,us,
bybit,ZEN,3,1788292956,1,5.403,3.701647,200,200,870.9088,2810.0104,9064.9038,15971.0764,1092.691,3443.8078,10022.5299,15365.0675,5.855,7.378,12.546,21.611,33.812,90.076,4.852,6.596,11.131,18.902,32.434,68.993,1.0,1.0,1.0,1.0,1.0,1.0,1.0,1.0,1.0,1.0,1.0,1.0,W02_20u_us,us,
bybit,ZRO,3,1788292956,1,0.99665,1.003361,200,200,4233.23088,9870.65119,22884.62551,110814.50464,3267.46806,11055.83348,27215.94792,83105.92259,3.719,5.077,7.093,8.697,13.722,29.381,1.398,1.953,4.06,7.144,11.877,27.253,1.0,1.0,1.0,1.0,1.0,1.0,1.0,1.0,1.0,1.0,1.0,1.0,W02_20u_us,us,
dydx,ICP,3,1788292956,1,2.4995,61.612322,53,66,0,0,22376.04328,36575.45623,0,0,7280.10696,21660.55851,30.806,30.806,30.806,30.806,30.806,33.609,30.806,30.806,30.806,30.806,37.92,55.903,1.0,1.0,1.0,1.0,1.0,1.0,1.0,1.0,1.0,1.0,1.0,1.0,W02_20u_us,us,
dydx,LDO,3,1788292956,1,0.36805,57.057465,53,48,0,0,17832.1066,23632.2314,0,0,17917.6377,23903.3866,28.529,28.529,28.529,28.529,28.529,41.187,28.529,28.529,28.529,28.529,28.529,40.919,1.0,1.0,1.0,1.0,1.0,1.0,1.0,1.0,1.0,1.0,1.0,1.0,W02_20u_us,us,
dydx,FIL,3,1788292956,1,0.7885,60.875079,57,72,0,0,18256.1833,24056.1963,0,0,15448.6733,21248.5877,30.438,30.438,30.438,30.438,30.438,47.51,30.438,30.438,30.438,30.438,30.438,58.986,1.0,1.0,1.0,1.0,1.0,1.0,1.0,1.0,1.0,1.0,1.0,1.0,W02_20u_us,us,
dydx,MORPHO,3,1788292956,1,2.527,94.974278,15,7,0,0,1000.97,1000.97,0,0,1000.366,1000.366,47.487,47.487,1184.518,1567.724,1759.327,1874.289,47.487,55.807,1195.255,1575.071,1764.979,1878.924,1.0,1.0,1.0,1.0,1.0,1.0,1.0,1.0,1.0,1.0,1.0,1.0,W02_20u_us,us,
dydx,ONDO,3,1788292957,1,0.34525,182.476466,38,24,0,0,0,21300.0761,0,0,0,393938.7218,91.238,91.238,91.238,91.238,92.88,102.255,91.238,91.238,91.238,91.238,91.238,91.238,1.0,1.0,1.0,1.0,1.0,1.0,1.0,1.0,1.0,1.0,1.0,1.0,W02_20u_us,us,
dydx,SPX,3,1788292957,1,0.58255,708.952021,30,26,0,0,0,0,0,0,0,0,584.899,700.569,769.971,793.105,804.672,811.612,354.476,354.476,354.476,354.476,354.476,354.476,1.0,1.0,1.0,1.0,1.0,1.0,1.0,1.0,1.0,1.0,1.0,1.0,W02_20u_us,us,
dydx,RUNE,3,1788292957,1,0.472,76.271186,24,22,0,0,3899.8388,3899.8388,0,0,11699.7679,27299.8225,38.136,38.136,38.136,82.74,163.192,211.463,38.136,38.136,38.136,38.608,39.431,61.415,1.0,1.0,1.0,1.0,1.0,1.0,1.0,1.0,1.0,1.0,1.0,1.0,W02_20u_us,us,
dydx,TAO,3,1788292957,1,222.705,39.065131,44,45,0,7099.3038,46297.2596,74695.5531,0,8332.0476,32096.7242,60496.9772,19.533,19.533,19.533,19.533,22.773,28.933,19.533,19.533,19.533,19.533,20.818,30.837,1.0,1.0,1.0,1.0,1.0,1.0,1.0,1.0,1.0,1.0,1.0,1.0,W02_20u_us,us,
dydx,WIF,3,1788292957,1,0.198095,69.158737,44,38,0,0,14731.89415,36031.97093,0,0,12045.63004,12045.63004,34.579,34.579,34.579,34.623,36.115,48.824,34.579,34.579,34.579,34.587,34.835,223.668,1.0,1.0,1.0,1.0,1.0,1.0,1.0,1.0,1.0,1.0,1.0,1.0,W02_20u_us,us,
dydx,XMR,3,1788292957,1,506.81,232.03962,42,25,0,0,0,0,0,0,0,0,116.02,116.02,235.796,276.636,297.056,309.308,116.02,116.02,116.02,116.02,116.02,116.02,1.0,1.0,1.0,1.0,1.0,1.0,1.0,1.0,1.0,1.0,1.0,1.0,W02_20u_us,us,
dydx,ZEC,3,1788292957,1,829.43,59.076715,62,43,0,0,8517.818,47962.587,0,0,59186.421,104756.213,29.538,29.538,29.538,29.538,34.093,49.807,29.538,29.538,29.538,29.538,29.559,31.732,1.0,1.0,1.0,1.0,1.0,1.0,1.0,1.0,1.0,1.0,1.0,1.0,W02_20u_us,us,
dydx,ZEN,3,1788292957,1,5.409,92.438528,21,23,0,0,1001.424,1001.424,0,0,999.856,999.856,46.219,46.219,378.755,490.727,546.713,580.305,46.219,48.824,376.712,486.008,540.656,573.445,1.0,1.0,1.0,1.0,1.0,1.0,1.0,1.0,1.0,1.0,1.0,1.0,W02_20u_us,us,
hl,ONDO,3,1788292958,1,0.342205,0.876667,20,20,49508.28323,49508.28323,49508.28323,49508.28323,37484.46495,37484.46495,37484.46495,37484.46495,0.628,0.972,1.414,2.128,2.666,4.158,0.438,0.438,0.539,1.343,2.62,4.468,1.0,1.0,1.0,1.0,1.0,1.0,1.0,1.0,1.0,1.0,1.0,1.0,W02_20u_us,us,
okx,USELESS,3,1788292958,1,0.116455,2.576102,400,400,1051.10565,2855.77643,6504.40016,16162.73764,376.19447,2662.34781,6833.7512,14971.39469,3.113,5.484,11.816,21.984,38.065,104.373,8.292,10.64,15.502,23.615,37.51,102.426,1.0,1.0,1.0,1.0,1.0,0.9381,1.0,1.0,1.0,1.0,1.0,1.0,W02_20u_us,us,
dydx,ZRO,3,1788292958,1,0.998,80.160321,23,23,0,0,8700.482,20300.463,0,0,2899.788,8699.896,40.08,40.08,40.08,40.08,46.415,152.766,40.08,40.08,40.08,48.544,59.728,173.622,1.0,1.0,1.0,1.0,1.0,1.0,1.0,1.0,1.0,1.0,1.0,1.0,W02_20u_us,us,
aster,AR,1,1788307927,1,2.2745,21.982853,20,13,0,3454.0566,11258.4294,11865.9174,0,11017.801,11324.905,11941.3978,12.7,14.044,14.85,19.721,24.149,364.396,10.991,10.991,12.373,17.655,20.918,310.961,1.0,1.0,1.0,1.0,1.0,1.0,1.0,1.0,1.0,1.0,1.0,0.6995,W03_00u_asia,asia,
aster,FIL,1,1788307927,1,0.783,25.542784,31,28,0,1202.0122,21961.0066,37767.7493,0,8085.1568,11413.9487,16473.2445,12.771,12.771,19.394,22.469,24.006,29.128,12.771,12.771,12.771,12.771,15.57,61.56,1.0,1.0,1.0,1.0,1.0,1.0,1.0,1.0,1.0,1.0,1.0,1.0,W03_00u_asia,asia,
aster,BTW,1,1788307927,1,0.419855,8.812566,272,248,2224.48617,8351.73188,23245.53711,50440.27685,2384.20113,9526.5376,23621.72255,51632.63682,8.708,8.82,9.322,11.615,17.212,28.953,5.994,6.153,6.595,9.462,14.741,27.045,1.0,1.0,1.0,1.0,1.0,1.0,1.0,1.0,1.0,1.0,1.0,1.0,W03_00u_asia,asia,
aster,FET,1,1788307927,1,0.15415,19.461563,20,28,4269.804,12291.9954,12472.4754,12950.1282,4860.1414,12360.1214,14435.8783,14925.9943,9.731,9.731,9.731,10.673,13.445,102.726,9.731,9.731,9.731,9.918,13.068,176.048,1.0,1.0,1.0,1.0,1.0,1.0,1.0,1.0,1.0,1.0,1.0,1.0,W03_00u_asia,asia,
aster,KAS,1,1788307927,1,0.02754,29.048656,13,21,0,2987.16,14407.61307,27580.06932,0,2017.13843,6249.10071,7698.6999,14.524,14.524,14.524,24.735,32.338,54.354,14.524,15.18,20.496,28.404,57.427,269.97,1.0,1.0,1.0,1.0,1.0,1.0,1.0,1.0,1.0,1.0,1.0,1.0,W03_00u_asia,asia,
aster,KITE,1,1788307927,1,0.12441,9.645527,137,49,863.05845,9031.14485,12643.49591,14709.34455,1956.75727,5124.21956,8137.30718,8497.86528,4.823,6.158,10.808,15.136,19.047,92.036,5.443,5.68,8.211,12.737,62.157,428.716,1.0,1.0,1.0,1.0,1.0,1.0,1.0,1.0,1.0,1.0,1.0,0.7446,W03_00u_asia,asia,
aster,ICP,1,1788307927,1,2.4865,12.065152,79,66,310.625,22513.051,49183.546,68861.039,1286.296,9340.5,12442.536,16718.346,7.554,9.936,12.42,13.248,14.426,20.371,6.033,6.033,9.284,11.68,15.505,64.657,1.0,1.0,1.0,1.0,1.0,1.0,1.0,1.0,1.0,1.0,1.0,1.0,W03_00u_asia,asia,
aster,LDO,1,1788307927,1,0.3676,21.762786,47,29,0,16380.5081,25267.7807,41952.4257,0,2765.6496,6345.1242,7177.677,10.881,10.881,11.894,14.108,15.215,26.118,10.881,10.881,11.114,18.445,106.914,462.508,1.0,1.0,1.0,1.0,1.0,1.0,1.0,1.0,1.0,1.0,1.0,0.9531,W03_00u_asia,asia,
aster,MAGMA,1,1788307927,1,0.41842,14.817647,131,141,99.07142,3580.03213,9556.39236,29838.57542,183.84247,1574.61996,3950.63658,11003.98912,11.534,14.043,17.474,22.629,33.441,62.304,10.824,13.409,21.708,35.198,51.326,159.797,1.0,1.0,1.0,1.0,1.0,1.0,1.0,1.0,1.0,1.0,1.0,1.0,W03_00u_asia,asia,
aster,MORPHO,1,1788307927,1,2.59525,13.486177,41,33,1182.35331,3006.10907,3116.52273,3222.64268,999.845,1099.9219,1310.2645,1431.90809,6.743,6.743,13.534,100.939,181.27,935.375,6.743,6.751,130.414,215.963,269.6,545.343,1.0,1.0,1.0,1.0,1.0,1.0,1.0,1.0,1.0,1.0,1.0,0.6528,W03_00u_asia,asia,
aster,ONDO,1,1788307927,1,0.3403,5.877167,83,241,25477.48911,35303.92275,45020.88468,56559.73085,17734.1757,24169.54173,35964.25594,46738.39319,2.939,2.939,3.74,4.809,5.343,5.689,2.939,2.939,2.939,2.939,3.528,9.375,1.0,1.0,1.0,1.0,1.0,1.0,1.0,1.0,1.0,1.0,1.0,1.0,W03_00u_asia,asia,
aster,POWER,1,1788307927,1,0.085905,24.445609,46,33,0,1123.16352,1263.24974,1263.24974,0,1123.4415,1594.14264,1861.57593,18.361,19.366,172.017,366.653,542.735,657.097,16.607,17.325,92.757,281.278,483.168,645.301,1.0,1.0,1.0,1.0,1.0,1.0,1.0,1.0,1.0,1.0,1.0,0.957,W03_00u_asia,asia,
aster,SPX,1,1788307927,1,0.5719,20.982689,19,13,0,14237.6541,14237.6541,14237.6541,0,1775.4301,5354.9436,5354.9436,10.491,10.491,11.333,17.122,20.801,786.324,10.739,13.238,21.349,29.908,786.64,1046.051,1.0,1.0,1.0,1.0,1.0,0.8659,1.0,1.0,1.0,1.0,1.0,0.4182,W03_00u_asia,asia,
aster,RIVER,1,1788307927,1,1.331,15.026296,88,130,1540.672,9323.2231,15718.8391,19452.498,2562.5016,11073.3964,34527.6359,91601.9488,7.513,7.513,10.393,14.042,18.787,52.292,7.513,7.513,7.513,11.179,14.264,26.586,1.0,1.0,1.0,1.0,1.0,1.0,1.0,1.0,1.0,1.0,1.0,1.0,W03_00u_asia,asia,
aster,TAO,1,1788307927,1,220.01,2.727149,111,139,10425.12002,63302.90715,124990.75834,167250.73548,14058.98476,45842.64983,77343.77511,142873.36374,2.275,3.751,4.966,6.334,7.761,10.27,1.364,1.364,1.364,1.907,3.58,8.504,1.0,1.0,1.0,1.0,1.0,1.0,1.0,1.0,1.0,1.0,1.0,1.0,W03_00u_asia,asia,
aster,UAI,1,1788307927,1,0.5603,17.847582,133,97,125.955,3898.1133,34698.0057,55574.0734,407.1408,3843.1034,12842.4672,19741.8361,10.259,10.484,13.014,17.982,28.977,40.504,10.141,13.102,16.381,21.51,27.467,59.956,1.0,1.0,1.0,1.0,1.0,1.0,1.0,1.0,1.0,1.0,1.0,1.0,W03_00u_asia,asia,
aster,USELESS,1,1788307927,1,0.11247,16.004268,59,69,2775.43551,17618.25933,33909.05877,49729.12931,1088.56776,6157.88312,19581.49712,35776.5785,8.002,8.002,8.002,11.39,14.586,23.203,8.002,8.002,10.242,13.448,19.497,33.184,1.0,1.0,1.0,1.0,1.0,1.0,1.0,1.0,1.0,1.0,1.0,1.0,W03_00u_asia,asia,
aster,WIF,1,1788307927,1,0.1942,20.597322,20,29,0,14703.81523,14703.81523,32965.22301,0,12292.809,13375.0887,19339.32244,10.299,10.299,10.299,10.299,11.735,40.26,10.299,10.299,10.299,11.116,13.282,48.422,1.0,1.0,1.0,1.0,1.0,1.0,1.0,1.0,1.0,1.0,1.0,1.0,W03_00u_asia,asia,
aster,XMR,1,1788307927,1,504.79,3.169635,250,199,12622.83427,46427.91985,63627.28185,107109.89036,16997.31086,50136.51442,71516.81884,138123.37613,3.893,4.437,5.103,5.504,6.928,10.869,1.585,1.585,1.585,2.49,3.902,8.465,1.0,1.0,1.0,1.0,1.0,1.0,1.0,1.0,1.0,1.0,1.0,1.0,W03_00u_asia,asia,
aster,ZEN,1,1788307928,1,5.498,21.826119,9,10,0,15129.6727,15571.1347,15571.1347,0,5265.5888,5265.5888,5265.5888,10.913,10.913,11.423,14.479,18.153,358.294,11.122,11.927,16.345,19.995,378.183,378.183,1.0,1.0,1.0,1.0,1.0,0.7578,1.0,1.0,1.0,1.0,0.7903,0.3161,W03_00u_asia,asia,
aster,ZRO,1,1788307928,1,1.0214,13.706677,139,240,277.60318,3375.30165,17111.4824,51754.02692,616.37299,4479.85715,4479.85715,5446.01025,9.464,12.724,15.718,21.689,26.999,38.866,7.56,11.654,16.41,24.754,151.105,338.119,1.0,1.0,1.0,1.0,1.0,1.0,1.0,1.0,1.0,1.0,1.0,1.0,W03_00u_asia,asia,
aster,龙虾,1,1788307928,1,0.065399,74.771214,235,64,0,0,2024.037915,3715.643933,0,0,153.202471,1352.232472,37.386,37.386,42.121,73.961,154.975,315.922,51.987,55.655,81.317,118.162,204.504,370.773,1.0,1.0,1.0,1.0,1.0,1.0,1.0,1.0,1.0,1.0,1.0,1.0,W03_00u_asia,asia,
binance,AR,1,1788307928,1,2.2735,4.398505,588,1000,2513.4073,25740.5537,65873.868,154832.7079,795.9717,22083.0874,49023.6279,111640.9695,2.199,3.117,5.205,8.088,10.071,16.163,5.582,6.989,9.393,12.043,14.002,19.894,1.0,1.0,1.0,1.0,1.0,1.0,1.0,1.0,1.0,1.0,1.0,1.0,W03_00u_asia,asia,
binance,FET,1,1788307928,1,0.15415,6.487188,587,1000,39239.0012,117330.429,201499.0937,379386.4202,27706.4817,87027.123,172661.5688,313686.0876,3.244,3.244,3.75,6.74,8.236,9.133,3.244,3.244,3.244,3.244,3.244,7.041,1.0,1.0,1.0,1.0,1.0,1.0,1.0,1.0,1.0,1.0,1.0,1.0,W03_00u_asia,asia,
binance,FIL,1,1788307928,1,0.78225,1.278364,1000,1000,61408.42224,217354.53259,378408.79111,886513.4499,86162.82759,238751.69007,405639.87371,950660.138079,0.639,0.639,1.263,1.59,2.255,3.925,1.84,1.879,2.021,2.609,3.293,4.637,1.0,1.0,1.0,1.0,1.0,1.0,1.0,1.0,1.0,1.0,1.0,1.0,W03_00u_asia,asia,
binance,KAS,1,1788307928,1,0.027515,3.634381,430,1000,5882.56278,14690.29929,34729.52541,70048.50218,1465.01107,12527.48614,31659.42149,62158.16129,1.817,1.817,1.996,4.677,9.346,20.891,3.993,6.54,9.574,11.147,14.372,24.897,1.0,1.0,1.0,1.0,1.0,1.0,1.0,1.0,1.0,1.0,1.0,1.0,W03_00u_asia,asia,
binance,KITE,1,1788307928,1,0.124245,0.804861,1000,1000,3285.8989,14305.25411,29991.00196,57920.90737,989.4614,6256.36277,19018.82781,63414.61589,1.719,3.715,5.198,7.81,11.691,22.213,4.303,6.066,10.715,15.528,22.472,37.18,1.0,1.0,1.0,1.0,1.0,1.0,1.0,1.0,1.0,1.0,1.0,1.0,W03_00u_asia,asia,
binance,LDO,1,1788307928,1,0.36745,2.721459,1000,1000,21419.8629,68496.6424,135165.9622,343557.1813,6696.5866,32796.2618,97886.3035,247435.7171,2.07,3.076,3.68,5.02,5.912,8.026,3.81,3.946,4.821,6.687,9.36,14.413,1.0,1.0,1.0,1.0,1.0,1.0,1.0,1.0,1.0,1.0,1.0,1.0,W03_00u_asia,asia,
binance,MAGMA,1,1788307928,1,0.41799,7.177205,1000,1000,479.10131,4873.35347,8426.63025,19046.88464,2641.75765,5055.36467,10020.89188,20261.46795,7.092,9.289,13.175,17.327,30.352,72.273,4.47,4.879,6.404,11.847,23.84,61.822,1.0,1.0,1.0,1.0,1.0,1.0,1.0,1.0,1.0,1.0,1.0,1.0,W03_00u_asia,asia,
binance,ONDO,1,1788307928,1,0.34025,2.939015,1000,1000,88984.7096,293922.28637,600280.35428,1158863.52797,56947.61682,267282.4026,612108.26224,985712.48245,1.47,1.47,1.47,1.47,1.47,1.47,1.47,1.47,1.47,1.536,2.972,3.834,1.0,1.0,1.0,1.0,1.0,1.0,1.0,1.0,1.0,1.0,1.0,1.0,W03_00u_asia,asia,
binance,POWER,1,1788307928,1,0.0859,4.656577,919,1000,377.22837,1322.54872,7422.31417,29724.29149,327.54757,2468.85756,5259.82597,9104.54976,5.384,11.007,20.222,30.577,40.135,50.118,8.141,12.379,17.221,26.678,53.017,137.628,1.0,1.0,1.0,1.0,1.0,1.0,1.0,1.0,1.0,1.0,1.0,1.0,W03_00u_asia,asia,
binance,RIVER,1,1788307928,1,1.3315,7.510327,522,1000,561.4158,11327.0925,34087.5247,79046.853,1159.506,13771.9123,37633.9232,74354.2301,3.755,7.047,9.578,10.751,14.763,24.321,3.755,3.755,7.783,9.524,11.936,20.501,1.0,1.0,1.0,1.0,1.0,1.0,1.0,1.0,1.0,1.0,1.0,1.0,W03_00u_asia,asia,
binance,RUNE,1,1788307928,1,0.47075,2.12427,612,1000,3332.3618,18110.7846,48180.0703,142983.9973,6301.8642,25081.5759,68895.6697,135406.4843,2.235,3.773,6.533,8.753,11.794,20.272,2.342,2.764,4.901,6.803,9.576,15.405,1.0,1.0,1.0,1.0,1.0,1.0,1.0,1.0,1.0,1.0,1.0,1.0,W03_00u_asia,asia,
binance,TAO,1,1788307928,1,219.825,0.454907,1000,1000,68658.3713,294337.98174,807956.06959,2341412.8733,66463.5372,255481.65589,834639.12401,1807999.27821,0.48,0.676,1.254,1.89,2.54,3.685,0.227,0.437,0.938,1.309,1.81,3.006,1.0,1.0,1.0,1.0,1.0,1.0,1.0,1.0,1.0,1.0,1.0,1.0,W03_00u_asia,asia,
binance,UAI,1,1788307928,1,0.5601,3.570791,1000,1000,4641.2754,21360.8092,42943.0729,134924.2692,7060.6189,31946.8868,63554.2738,127428.0202,3.371,3.729,5.117,6.91,10.058,17.736,3.091,3.641,5.131,6.408,8.33,14.519,1.0,1.0,1.0,1.0,1.0,1.0,1.0,1.0,1.0,1.0,1.0,1.0,W03_00u_asia,asia,
binance,USELESS,1,1788307928,1,0.11239,1.779518,1000,1000,10831.8164,31433.23394,67103.00436,166337.12711,6400.57405,17890.89768,52117.26683,123857.59951,1.563,2.533,3.61,4.666,6.518,12.172,1.66,2.165,3.636,5.791,9.458,18.929,1.0,1.0,1.0,1.0,1.0,1.0,1.0,1.0,1.0,1.0,1.0,1.0,W03_00u_asia,asia,
binance,WIF,1,1788307928,1,0.19415,5.150657,675,1000,18595.55131,70950.639,182702.986,388052.60663,8314.28526,50402.50665,142588.88779,267147.02004,2.575,2.575,2.575,2.815,5.27,8.061,2.575,3.002,5.837,6.781,8.125,11.772,1.0,1.0,1.0,1.0,1.0,1.0,1.0,1.0,1.0,1.0,1.0,1.0,W03_00u_asia,asia,
binance,XMR,1,1788307928,1,504.785,0.198104,1000,1000,18509.35434,71891.68892,210779.42044,442826.04519,11721.2908,68885.23907,268976.07946,389876.24795,0.376,1.509,2.988,5.063,6.928,8.728,0.099,0.099,1.303,3.095,5.625,9.997,1.0,1.0,1.0,1.0,1.0,1.0,1.0,1.0,1.0,1.0,1.0,1.0,W03_00u_asia,asia,
binance,ZEC,1,1788307928,1,831.555,0.120257,1000,1000,311894.15781,1529942.29423,3313318.00275,5586094.14365,319924.79183,1070575.29003,2736668.38835,5982302.50568,0.574,0.814,1.199,1.412,1.752,2.23,0.06,0.06,0.06,0.06,0.06,0.139,1.0,1.0,1.0,1.0,1.0,1.0,1.0,1.0,1.0,1.0,1.0,1.0,W03_00u_asia,asia,
binance,ZEN,1,1788307928,1,5.4935,1.820333,945,1000,11273.7487,43655.6933,90977.3438,227245.0331,4116.1175,27115.3321,77174.5469,169152.3057,1.698,2.214,3.43,4.556,6.104,10.096,2.891,4.104,5.464,6.944,10.013,15.97,1.0,1.0,1.0,1.0,1.0,1.0,1.0,1.0,1.0,1.0,1.0,1.0,W03_00u_asia,asia,
binance,ZRO,1,1788307928,1,1.0205,1.959824,1000,1000,4778.63258,24120.89182,58611.35554,153244.47398,9144.77601,29173.42403,72735.35978,117670.61307,3.058,3.559,4.905,6.719,9.96,16.43,1.539,2.133,3.336,4.118,5.901,12.006,1.0,1.0,1.0,1.0,1.0,1.0,1.0,1.0,1.0,1.0,1.0,1.0,W03_00u_asia,asia,
binance,龙虾,1,1788307928,1,0.065236,7.357901,1000,1000,957.003251,55646.017966,62869.295538,70756.349532,684.480084,5212.721358,12011.447853,16162.85357,5.323,7.091,10.469,12.887,17.027,20.582,6.134,8.257,11.693,16.286,24.081,65.41,1.0,1.0,1.0,1.0,1.0,1.0,1.0,1.0,1.0,1.0,1.0,1.0,W03_00u_asia,asia,
bitget,AR,1,1788307928,1,2.273,8.798944,100,100,514.8567,3115.4515,49984.3747,91080.3587,1901.371,8265.5226,55647.4587,96381.1081,8.379,10.721,15.14,21.124,25.96,31.156,4.399,5.784,8.649,12.485,18.01,23.416,1.0,1.0,1.0,1.0,1.0,1.0,1.0,1.0,1.0,1.0,1.0,1.0,W03_00u_asia,asia,
bitget,BTW,1,1788307928,1,0.420334,2.616967,100,100,3867.872234,8518.602,16625.920212,28468.145158,181.708658,5142.550034,14099.889382,22360.019625,4.234,5.436,6.649,9.097,16.0,39.333,10.305,12.194,14.266,18.208,25.23,42.446,1.0,1.0,1.0,1.0,1.0,1.0,1.0,1.0,1.0,1.0,1.0,0.8906,W03_00u_asia,asia,
bitget,FET,1,1788307928,1,0.15405,6.491399,100,100,38277.9733,78949.2615,180575.3508,306333.8725,15895.1674,49503.1481,124702.6563,272549.1119,3.246,3.246,3.246,3.343,6.54,8.458,3.246,3.246,6.345,8.041,8.889,11.766,1.0,1.0,1.0,1.0,1.0,1.0,1.0,1.0,1.0,1.0,1.0,1.0,W03_00u_asia,asia,
bitget,FIL,1,1788307928,1,0.78195,1.278854,100,100,11829.07415,62929.65397,300081.82006,593448.55706,31043.24148,113362.74808,282536.93826,759961.09857,2.14,2.854,4.651,6.148,7.338,10.039,2.749,3.613,4.703,5.229,5.91,7.224,1.0,1.0,1.0,1.0,1.0,1.0,1.0,1.0,1.0,1.0,1.0,1.0,W03_00u_asia,asia,
bitget,KAS,1,1788307928,1,0.02752,7.267442,100,100,3892.62162,14092.56271,47778.5539,93436.87441,1057.32611,29734.61972,58381.09144,102459.77516,3.634,4.001,5.961,7.417,10.941,20.32,6.925,7.096,9.297,10.099,11.967,14.638,1.0,1.0,1.0,1.0,1.0,1.0,1.0,1.0,1.0,1.0,1.0,1.0,W03_00u_asia,asia,
bitget,KITE,1,1788307928,1,0.12424,12.8783,100,100,474.96197,17364.52507,25993.30282,57266.91384,617.98494,11604.90284,24520.99921,56021.90411,8.121,9.879,13.808,16.281,18.168,24.907,7.974,9.267,13.942,16.583,18.218,29.56,1.0,1.0,1.0,1.0,1.0,1.0,1.0,1.0,1.0,1.0,1.0,1.0,W03_00u_asia,asia,
bitget,MAGMA,1,1788307928,1,0.41772,9.575792,100,100,7.51536,8046.66967,11020.04201,32709.58014,1331.73216,8375.27972,12543.55122,35454.01812,14.22,14.337,15.823,19.163,23.948,53.111,4.788,5.753,10.017,12.889,16.637,45.345,1.0,1.0,1.0,1.0,1.0,1.0,1.0,1.0,1.0,1.0,1.0,1.0,W03_00u_asia,asia,
bitget,LDO,1,1788307928,1,0.3671,5.448107,100,100,7748.05784,51094.17584,98354.10628,166333.41442,1028.59112,21337.26736,66668.28509,149810.63728,2.724,2.724,2.724,3.675,6.516,10.603,5.191,5.781,9.669,11.645,13.705,18.177,1.0,1.0,1.0,1.0,1.0,1.0,1.0,1.0,1.0,1.0,1.0,1.0,W03_00u_asia,asia,
bitget,ONDO,1,1788307928,1,0.34035,2.938152,100,100,104816.72787,647883.81537,984835.34581,1855405.89693,97366.98912,483455.47637,1000962.62727,1803515.61055,1.469,1.469,1.85,3.129,3.768,4.152,2.787,3.597,4.083,4.245,4.326,4.992,1.0,1.0,1.0,1.0,1.0,1.0,1.0,1.0,1.0,1.0,1.0,1.0,W03_00u_asia,asia,
bitget,POWER,1,1788307928,1,0.086075,8.132443,100,100,117.65916,1740.99842,13563.19658,38484.49304,116.4321,1833.24381,10078.21215,19560.74941,15.021,17.676,22.108,27.173,31.182,47.359,13.327,17.41,21.768,27.194,35.378,69.288,1.0,1.0,1.0,1.0,1.0,1.0,1.0,1.0,1.0,1.0,1.0,1.0,W03_00u_asia,asia,
bitget,RIVER,1,1788307928,1,1.3305,7.515971,100,100,1880.62,11518.191,34197.541,60692.332,311.454,11320.039,28877.455,46312.074,3.758,3.758,5.618,8.446,13.031,21.955,6.594,8.934,10.338,11.198,14.994,23.007,1.0,1.0,1.0,1.0,1.0,1.0,1.0,1.0,1.0,1.0,1.0,1.0,W03_00u_asia,asia,
bitget,RUNE,1,1788307928,1,0.47035,2.126076,100,100,2961.24627,6484.85018,29568.98376,61509.65638,2443.92295,12393.86362,29415.84509,59946.02924,2.723,2.956,5.686,9.815,17.557,27.913,3.955,4.635,6.792,10.722,16.42,27.531,1.0,1.0,1.0,1.0,1.0,1.0,1.0,1.0,1.0,1.0,1.0,1.0,W03_00u_asia,asia,
bitget,TAO,1,1788307928,1,219.805,1.364846,100,100,312780.77757,879725.63431,1304416.96998,1516812.70942,35497.4845,196121.26636,432982.28433,440420.35369,1.075,1.334,1.716,2.166,3.017,3.768,2.274,2.616,3.292,4.5,5.643,6.947,1.0,1.0,1.0,1.0,1.0,1.0,1.0,1.0,1.0,1.0,1.0,1.0,W03_00u_asia,asia,
bitget,UAI,1,1788307928,1,0.55967,5.360302,100,100,1374.28747,9769.18999,16109.75828,28735.9345,1435.9383,5724.2115,13310.99572,31900.13791,3.734,4.928,8.616,10.55,15.004,37.225,2.68,2.68,6.332,13.261,21.82,41.993,1.0,1.0,1.0,1.0,1.0,1.0,1.0,1.0,1.0,1.0,1.0,1.0,W03_00u_asia,asia,
bitget,USELESS,1,1788307928,1,0.112495,4.444642,100,100,3098.52357,13570.16827,53477.69187,79121.17428,3572.55454,21021.45972,50269.93284,89082.80716,5.692,6.179,6.997,8.67,12.413,21.79,3.222,4.539,6.189,7.858,11.148,17.414,1.0,1.0,1.0,1.0,1.0,1.0,1.0,1.0,1.0,1.0,1.0,1.0,W03_00u_asia,asia,
bitget,WIF,1,1788307928,1,0.19425,5.148005,100,100,11596.9346,122735.36073,268915.00737,430396.46081,10879.68894,56110.55415,243423.51864,437642.29199,4.555,6.138,7.089,7.405,7.564,10.417,4.526,6.124,7.083,7.402,7.562,11.519,1.0,1.0,1.0,1.0,1.0,1.0,1.0,1.0,1.0,1.0,1.0,1.0,W03_00u_asia,asia,
bitget,XMR,1,1788307928,1,504.88,8.318808,100,100,50721.5231,165697.5478,333862.68,513551.8295,3865.4662,47092.2638,344569.1981,454165.2788,4.299,4.328,4.346,4.352,5.598,6.399,6.335,7.285,7.905,8.82,10.073,13.685,1.0,1.0,1.0,1.0,1.0,1.0,1.0,1.0,1.0,1.0,1.0,1.0,W03_00u_asia,asia,
bybit,AR,1,1788307928,1,2.276,8.787346,200,200,85.9597,2283.3251,6771.7649,10302.1908,495.5466,2622.3877,12282.7873,17873.4441,12.375,14.711,18.52,30.475,46.004,83.44,5.905,9.648,16.182,21.168,28.252,64.49,1.0,1.0,1.0,1.0,1.0,1.0,1.0,1.0,1.0,1.0,1.0,1.0,W03_00u_asia,asia,
bitget,ZRO,1,1788307928,1,1.0207,3.918879,100,100,2077.4561,13783.7133,54062.8062,156717.5566,831.3237,14247.3336,79326.7617,148797.9411,4.016,6.525,8.813,11.262,14.989,22.119,3.704,6.913,11.393,13.045,13.87,20.903,1.0,1.0,1.0,1.0,1.0,1.0,1.0,1.0,1.0,1.0,1.0,1.0,W03_00u_asia,asia,
bybit,BTW,1,1788307928,1,0.419865,2.143546,200,200,260.1674,2226.171,6091.1928,12784.8835,466.3484,2644.4552,24740.8582,44942.3019,7.944,9.259,16.218,26.245,43.876,100.868,6.652,8.387,12.781,21.906,30.501,37.007,1.0,1.0,1.0,1.0,1.0,1.0,1.0,1.0,1.0,1.0,1.0,1.0,W03_00u_asia,asia,
bybit,FIL,1,1788307928,1,0.78175,3.837544,200,200,4480.18175,34408.39543,197517.56574,447997.57452,4238.42669,36803.95458,273439.79671,306050.31194,3.714,4.666,6.491,8.057,10.394,14.538,2.42,3.601,5.553,7.473,10.05,13.655,1.0,1.0,1.0,1.0,1.0,1.0,1.0,1.0,1.0,1.0,1.0,1.0,W03_00u_asia,asia,
bybit,KAS,1,1788307928,1,0.027495,3.637025,200,200,3580.7745,12080.2055,35391.9554,114441.7063,3091.9383,14231.0779,33036.4003,116126.6883,1.819,1.819,4.457,7.806,12.909,25.786,5.038,7.004,8.257,10.065,12.896,22.209,1.0,1.0,1.0,1.0,1.0,1.0,1.0,1.0,1.0,1.0,1.0,1.0,W03_00u_asia,asia,
bybit,KITE,1,1788307928,1,0.124235,12.073892,200,200,153.81699,1753.96887,3297.60161,6177.34159,191.58841,832.31924,2481.10811,6312.50497,11.545,17.239,24.452,40.607,84.002,228.17,11.902,17.564,31.389,46.885,88.734,292.351,1.0,1.0,1.0,1.0,1.0,1.0,1.0,1.0,1.0,1.0,1.0,1.0,W03_00u_asia,asia,
bybit,LDO,1,1788307928,1,0.3673,5.44514,200,200,2254.86131,21575.94568,199497.00796,368074.64388,1338.7295,20110.86456,216767.45496,321686.41979,4.133,5.466,7.352,9.121,11.028,18.011,3.402,4.898,8.125,10.79,13.272,19.198,1.0,1.0,1.0,1.0,1.0,1.0,1.0,1.0,1.0,1.0,1.0,1.0,W03_00u_asia,asia,
bybit,MAGMA,1,1788307928,1,0.41775,11.968881,200,200,679.1671,9223.0535,12012.9235,13526.3473,557.6881,3918.9224,6244.8409,10936.8819,7.232,8.766,13.548,15.751,18.093,73.359,7.232,9.575,11.729,18.215,41.002,116.084,1.0,1.0,1.0,1.0,1.0,1.0,1.0,1.0,1.0,1.0,1.0,1.0,W03_00u_asia,asia,
bybit,ONDO,1,1788307928,1,0.34035,2.938152,200,200,30281.4277,212271.0837,420900.2814,746483.434,55721.2515,234031.6128,440289.5197,735261.833,1.469,1.469,2.28,3.343,3.875,5.327,1.469,1.469,1.469,1.469,2.745,3.742,1.0,1.0,1.0,1.0,1.0,1.0,1.0,1.0,1.0,1.0,1.0,1.0,W03_00u_asia,asia,
bybit,POWER,1,1788307928,1,0.086105,3.484118,200,200,421.36637,962.62544,1398.09722,8937.96057,337.69906,657.5969,985.36336,1730.19441,4.809,12.697,40.696,54.318,71.71,294.022,9.338,19.555,74.41,161.051,270.772,385.361,1.0,1.0,1.0,1.0,1.0,1.0,1.0,1.0,1.0,1.0,1.0,0.6142,W03_00u_asia,asia,
bybit,RIVER,1,1788307928,1,1.3315,7.510327,200,200,410.3473,1194.0764,3901.6313,7378.7603,153.4464,776.9933,3721.9925,7711.023,5.099,9.774,21.524,37.418,70.571,166.872,9.538,15.839,26.453,39.53,73.969,130.805,1.0,1.0,1.0,1.0,1.0,1.0,1.0,1.0,1.0,1.0,1.0,1.0,W03_00u_asia,asia,
bybit,RUNE,1,1788307928,1,0.47075,6.372809,200,200,110.07394,1681.57777,39546.83113,142788.88251,576.7487,3459.02977,35835.43295,129117.51452,12.207,15.666,22.263,33.191,40.493,44.934,5.919,9.287,14.012,23.37,34.191,41.32,1.0,1.0,1.0,1.0,1.0,1.0,1.0,1.0,1.0,1.0,1.0,1.0,W03_00u_asia,asia,
bybit,TAO,1,1788307928,1,219.905,0.454742,200,200,79230.94845,216500.84397,517363.275,956021.39215,19890.15707,138017.64781,459001.03198,774024.66354,0.679,0.908,1.355,2.206,2.896,3.955,1.401,1.565,2.057,3.089,5.04,7.683,1.0,1.0,1.0,1.0,1.0,1.0,1.0,1.0,1.0,1.0,1.0,1.0,W03_00u_asia,asia,
bybit,UAI,1,1788307928,1,0.56045,5.352841,200,200,896.1397,3228.1339,9595.5155,48113.855,701.1187,2442.2252,19092.6957,58753.9995,4.595,7.175,13.614,21.862,33.254,55.777,7.188,9.532,15.465,21.726,30.973,42.503,1.0,1.0,1.0,1.0,1.0,1.0,1.0,1.0,1.0,1.0,1.0,1.0,W03_00u_asia,asia,
bybit,USELESS,1,1788307928,1,0.112505,4.444247,200,200,1187.78533,14470.38128,66329.73169,205831.53392,4330.69416,14992.59724,48414.66902,167983.26609,6.206,7.664,9.131,10.99,13.571,22.098,2.532,3.33,4.33,6.958,11.629,21.422,1.0,1.0,1.0,1.0,1.0,1.0,1.0,1.0,1.0,1.0,1.0,1.0,W03_00u_asia,asia,
bybit,XMR,1,1788307928,1,504.905,2.574742,200,200,9975.1395,87409.1259,337137.9982,397193.2794,13905.3999,69612.3152,312021.312,399512.3407,4.955,5.484,5.822,6.126,6.85,10.218,2.482,3.426,5.441,6.509,7.16,9.993,1.0,1.0,1.0,1.0,1.0,1.0,1.0,1.0,1.0,1.0,1.0,1.0,W03_00u_asia,asia,
bybit,ZEN,1,1788307928,1,5.4955,5.459012,200,200,864.978,2991.3497,8277.7745,13583.7354,577.3048,3235.2144,8889.0571,20777.2244,5.279,6.978,12.375,21.786,34.377,94.425,4.285,7.046,12.954,21.161,33.443,63.597,1.0,1.0,1.0,1.0,1.0,1.0,1.0,1.0,1.0,1.0,1.0,1.0,W03_00u_asia,asia,
bybit,ZRO,1,1788307928,1,1.021,1.958864,200,200,1476.50572,5745.36772,34513.30194,103913.60081,4179.31018,16576.26088,50933.07795,130877.31228,6.64,8.217,9.564,12.128,20.015,28.305,2.885,3.557,6.504,8.003,11.34,19.516,1.0,1.0,1.0,1.0,1.0,1.0,1.0,1.0,1.0,1.0,1.0,1.0,W03_00u_asia,asia,
bybit,WIF,1,1788307928,1,0.19415,5.150657,200,200,7693.8194,64006.3569,150725.1283,257005.7903,17145.6327,62869.9997,128121.3437,217770.5738,4.378,6.052,7.056,7.391,8.743,12.039,2.575,2.575,2.575,4.653,6.189,8.732,1.0,1.0,1.0,1.0,1.0,1.0,1.0,1.0,1.0,1.0,1.0,1.0,W03_00u_asia,asia,
dydx,FIL,1,1788307928,1,0.78255,42.169829,67,79,0,12946.1697,18746.4645,18746.4645,0,10088.733,13114.0948,18914.0876,21.085,21.085,21.085,21.085,21.085,59.304,21.085,21.085,21.085,21.085,21.085,79.304,1.0,1.0,1.0,1.0,1.0,1.0,1.0,1.0,1.0,1.0,1.0,1.0,W03_00u_asia,asia,
dydx,ICP,1,1788307928,1,2.4841,37.840667,42,57,0,10133.55574,10133.55574,10133.55574,0,5085.8628,5085.8628,19465.35805,18.92,18.92,18.92,18.92,18.92,102.358,18.92,18.92,18.92,18.92,43.221,69.615,1.0,1.0,1.0,1.0,1.0,1.0,1.0,1.0,1.0,1.0,1.0,1.0,W03_00u_asia,asia,
dydx,LDO,1,1788307928,1,0.36765,62.5595,49,46,0,0,12841.1906,12841.1906,0,0,8086.8265,13886.6801,31.28,31.28,31.28,31.28,31.31,79.001,31.28,31.28,31.28,31.287,36.914,74.961,1.0,1.0,1.0,1.0,1.0,1.0,1.0,1.0,1.0,1.0,1.0,1.0,W03_00u_asia,asia,
dydx,MORPHO,1,1788307928,1,2.597,92.414324,16,8,0,0,1000.395,1000.395,0,0,999.247,999.247,46.207,46.207,1153.003,1548.777,1746.664,1865.397,46.207,49.235,1175.596,1569.7,1766.752,1884.984,1.0,1.0,1.0,1.0,1.0,1.0,1.0,1.0,1.0,1.0,1.0,1.0,W03_00u_asia,asia,
dydx,RUNE,1,1788307929,1,0.47295,52.85971,28,22,0,0,11700.23,27300.0641,0,0,11699.6518,27299.8462,26.43,26.43,26.43,30.577,38.018,63.781,26.43,26.43,26.43,27.839,30.306,53.216,1.0,1.0,1.0,1.0,1.0,1.0,1.0,1.0,1.0,1.0,1.0,1.0,W03_00u_asia,asia,
dydx,ONDO,1,1788307929,1,0.3416,70.257611,40,28,0,0,21300.1016,49700.1766,0,0,7100.0736,21300.0391,35.129,35.129,35.129,35.129,35.97,44.429,35.129,35.129,35.129,35.129,42.835,61.607,1.0,1.0,1.0,1.0,1.0,1.0,1.0,1.0,1.0,1.0,1.0,1.0,W03_00u_asia,asia,
dydx,TAO,1,1788307929,1,220.29,46.302601,45,43,0,7101.0918,37966.6602,587932.5796,0,58432.6336,65533.6849,779700.4007,23.151,23.151,23.151,23.151,24.46,28.647,23.151,23.151,23.151,23.151,23.304,23.757,1.0,1.0,1.0,1.0,1.0,1.0,1.0,1.0,1.0,1.0,1.0,1.0,W03_00u_asia,asia,
dydx,SPX,1,1788307929,1,0.57205,1183.462984,23,19,0,0,0,0,0,0,0,0,591.731,591.731,591.731,591.731,591.731,591.731,609.201,610.081,610.609,610.785,610.873,611.919,1.0,1.0,1.0,1.0,1.0,1.0,1.0,1.0,1.0,1.0,1.0,1.0,W03_00u_asia,asia,
dydx,WIF,1,1788307929,1,0.194135,46.874598,38,31,0,23550.00835,23550.00835,66149.9986,0,11941.3802,26141.39603,54541.47127,23.437,23.437,23.541,23.746,23.849,25.551,23.437,23.437,23.437,23.455,23.704,37.066,1.0,1.0,1.0,1.0,1.0,1.0,1.0,1.0,1.0,1.0,1.0,1.0,W03_00u_asia,asia,
dydx,XMR,1,1788307929,1,508.27,177.858225,47,30,0,0,0,1002.4625,0,0,0,362932.4508,88.929,88.929,194.009,229.71,247.56,258.27,88.929,88.929,88.929,88.929,88.929,88.929,1.0,1.0,1.0,1.0,1.0,1.0,1.0,1.0,1.0,1.0,1.0,1.0,W03_00u_asia,asia,
dydx,ZEC,1,1788307929,1,833.905,49.526025,67,49,0,998.208,998.208,104149.176,0,8359.7,122920.992,368588.106,24.763,24.763,44.54,51.14,54.44,59.836,24.763,24.763,24.763,24.763,24.823,25.003,1.0,1.0,1.0,1.0,1.0,1.0,1.0,1.0,1.0,1.0,1.0,1.0,W03_00u_asia,asia,
hl,ONDO,1,1788307930,1,0.340435,0.881225,20,20,32887.77291,32887.77291,32887.77291,32887.77291,58949.60348,58949.60348,58949.60348,58949.60348,0.558,0.809,1.221,1.823,2.863,4.211,0.726,0.73,1.146,1.527,1.821,3.136,1.0,1.0,1.0,1.0,1.0,1.0,1.0,1.0,1.0,1.0,1.0,1.0,W03_00u_asia,asia,
dydx,ZEN,1,1788307929,1,5.4985,81.840502,30,30,0,0,1002.108,1002.108,0,0,999.301,999.301,40.92,40.92,376.452,489.672,546.282,580.248,40.92,43.567,374.797,485.207,540.412,573.535,1.0,1.0,1.0,1.0,1.0,1.0,1.0,1.0,1.0,1.0,1.0,1.0,W03_00u_asia,asia,
okx,USELESS,1,1788307930,1,0.112325,0.890274,400,400,563.70195,1938.84762,5922.54574,14811.36842,642.11408,2357.35922,5476.7044,12222.62997,6.686,9.032,16.861,28.751,44.477,91.652,5.591,8.094,14.945,25.985,44.973,105.603,1.0,1.0,1.0,1.0,1.0,1.0,1.0,1.0,1.0,1.0,1.0,1.0,W03_00u_asia,asia,
dydx,ZRO,1,1788307929,1,1.012,276.679842,20,22,0,0,0,0,0,0,0,0,164.627,176.187,207.937,417.194,687.846,850.237,138.34,138.34,138.34,146.807,158.116,267.825,1.0,1.0,1.0,1.0,1.0,1.0,1.0,1.0,1.0,1.0,1.0,1.0,W03_00u_asia,asia,
aster,AR,1,1788310258,1,2.2265,22.456771,18,16,0,2671.1719,10171.17,10765.7556,0,8499.8958,9879.8009,10482.3161,11.228,11.228,17.694,25.374,29.529,403.238,11.228,11.244,19.319,22.011,24.562,559.147,1.0,1.0,1.0,1.0,1.0,1.0,1.0,1.0,1.0,1.0,1.0,1.0,W03_00u_asia,asia,
aster,BTW,1,1788310258,1,0.420455,10.227016,291,236,2164.98648,10392.78932,21544.46423,51724.28568,5399.8703,12476.86236,25606.33377,51401.02577,5.114,5.114,6.267,9.934,15.056,28.171,5.114,5.114,5.182,5.949,10.7,23.746,1.0,1.0,1.0,1.0,1.0,1.0,1.0,1.0,1.0,1.0,1.0,1.0,W03_00u_asia,asia,
aster,FIL,1,1788310258,1,0.774,25.839793,29,23,0,16944.933,34448.2601,65034.239,0,7996.6825,9488.0284,14220.9281,12.92,12.92,12.92,12.92,12.92,19.246,12.92,12.92,12.92,12.92,17.844,102.824,1.0,1.0,1.0,1.0,1.0,1.0,1.0,1.0,1.0,1.0,1.0,1.0,W03_00u_asia,asia,
aster,FET,1,1788310258,1,0.15345,19.550342,26,37,4369.2033,14085.9089,15211.2938,20695.2294,1626.9312,9420.4806,12604.6875,12952.7625,9.775,9.775,9.775,10.592,13.442,47.109,9.775,9.775,12.055,14.174,16.198,117.234,1.0,1.0,1.0,1.0,1.0,1.0,1.0,1.0,1.0,1.0,1.0,1.0,W03_00u_asia,asia,
aster,ICP,1,1788310258,1,2.451,8.159935,45,104,431.15,23605.002,25817.082,51056.618,1294.823,10682.502,13553.96,22767.171,6.2,9.22,15.16,17.78,19.09,22.628,4.08,4.55,8.684,10.462,14.222,50.711,1.0,1.0,1.0,1.0,1.0,1.0,1.0,1.0,1.0,1.0,1.0,1.0,W03_00u_asia,asia,
aster,KITE,1,1788310258,1,0.12422,14.49042,123,49,750.24172,8366.16255,41752.46492,44280.42329,1093.4128,4376.26685,7391.49757,7391.49757,7.245,8.357,11.999,17.233,21.556,26.977,7.866,8.085,11.878,17.515,112.736,447.029,1.0,1.0,1.0,1.0,1.0,1.0,1.0,1.0,1.0,1.0,1.0,0.7141,W03_00u_asia,asia,
aster,KAS,1,1788310258,1,0.02738,29.218408,15,21,0,2817.50075,14237.92911,32361.36975,0,1986.45217,5737.55947,7837.99595,14.609,14.609,16.527,23.757,28.314,50.648,14.609,15.981,20.626,28.574,59.593,279.211,1.0,1.0,1.0,1.0,1.0,1.0,1.0,1.0,1.0,1.0,1.0,1.0,W03_00u_asia,asia,
aster,LDO,1,1788310258,1,0.3633,11.010184,47,29,3469.9664,13224.8864,13870.51,13870.51,999.9885,10763.6835,10763.6835,11413.908,7.27,7.764,8.06,10.681,13.598,181.482,5.505,5.511,12.114,14.314,15.831,262.387,1.0,1.0,1.0,1.0,1.0,1.0,1.0,1.0,1.0,1.0,1.0,1.0,W03_00u_asia,asia,
aster,MAGMA,1,1788310258,1,0.44437,10.351734,174,79,500.48099,2803.81527,9755.95956,18177.95087,181.3968,2475.43785,6895.62608,10882.49909,6.466,9.211,13.793,21.541,30.589,67.504,10.31,12.135,17.484,25.318,37.06,168.001,1.0,1.0,1.0,1.0,1.0,1.0,1.0,1.0,1.0,1.0,1.0,1.0,W03_00u_asia,asia,
aster,MORPHO,1,1788310258,1,2.61005,19.539856,41,27,100.128,1928.15252,2038.56327,2160.14821,999.84202,2734.96087,2734.96087,2740.75633,19.266,20.457,56.34,162.171,225.816,1196.431,9.77,9.781,15.521,138.084,219.373,602.927,1.0,1.0,1.0,1.0,1.0,0.9768,1.0,1.0,1.0,1.0,1.0,0.6974,W03_00u_asia,asia,
aster,ONDO,1,1788310258,1,0.33875,2.95203,82,240,3899.465,26424.69059,38830.86889,56532.91424,10936.30997,17154.45313,25970.76879,46044.66294,1.476,1.476,1.476,3.671,7.002,10.934,1.476,1.476,1.476,1.476,1.476,16.181,1.0,1.0,1.0,1.0,1.0,1.0,1.0,1.0,1.0,1.0,1.0,1.0,W03_00u_asia,asia,
aster,POWER,1,1788310258,1,0.08591,27.936212,52,39,0,1293.2251,1468.25628,1578.51802,0,1123.49596,1616.50133,1800.31805,16.132,16.796,106.795,277.294,494.252,796.257,14.845,14.989,80.004,274.487,494.012,652.805,1.0,1.0,1.0,1.0,1.0,0.8071,1.0,1.0,1.0,1.0,1.0,0.7642,W03_00u_asia,asia,
aster,RIVER,1,1788310258,1,1.3375,22.429907,94,124,0,5684.776,17494.969,22180.9955,0,7677.6254,33472.8223,77593.8784,11.215,11.215,11.215,14.796,21.282,45.635,11.215,11.215,11.215,14.862,18.523,31.019,1.0,1.0,1.0,1.0,1.0,1.0,1.0,1.0,1.0,1.0,1.0,1.0,W03_00u_asia,asia,
aster,SPX,1,1788310258,1,0.56705,26.452694,18,13,0,2806.045,14226.0746,14226.0746,0,3387.2356,6966.3055,6966.3055,13.226,13.226,14.94,19.708,22.64,788.318,13.226,13.226,15.273,23.537,739.886,946.299,1.0,1.0,1.0,1.0,1.0,0.7831,1.0,1.0,1.0,1.0,1.0,0.4115,W03_00u_asia,asia,
aster,TAO,1,1788310258,1,218.115,3.209316,126,153,10929.25847,79170.03304,116123.80354,170839.22517,17882.12483,81593.34487,110175.05766,143915.0496,2.522,4.377,5.968,7.327,8.284,10.522,2.613,2.796,2.907,3.505,5.087,8.514,1.0,1.0,1.0,1.0,1.0,1.0,1.0,1.0,1.0,1.0,1.0,1.0,W03_00u_asia,asia,
aster,UAI,1,1788310258,1,0.56685,1.764135,119,115,6510.8316,12291.406,49849.9826,72897.0788,1629.9037,5094.9903,17229.9126,39280.0842,0.882,0.882,0.882,0.882,5.733,19.845,7.421,7.68,10.949,15.743,24.786,46.889,1.0,1.0,1.0,1.0,1.0,1.0,1.0,1.0,1.0,1.0,1.0,1.0,W03_00u_asia,asia,
aster,USELESS,1,1788310258,1,0.112065,11.60041,68,66,2149.99742,22789.59869,44249.30297,61518.56546,1107.59077,4514.3061,10308.68187,20573.53107,6.425,6.559,7.51,10.5,14.238,17.872,7.532,7.559,10.226,15.486,23.341,68.7,1.0,1.0,1.0,1.0,1.0,1.0,1.0,1.0,1.0,1.0,1.0,1.0,W03_00u_asia,asia,
aster,WIF,1,1788310258,1,0.1932,20.703934,22,29,0,14979.74342,14979.74342,20332.85582,0,14150.56378,17618.09926,32086.81573,10.352,10.352,10.352,10.352,12.885,46.148,10.352,10.352,10.352,10.352,12.089,30.96,1.0,1.0,1.0,1.0,1.0,1.0,1.0,1.0,1.0,1.0,1.0,1.0,W03_00u_asia,asia,
aster,XMR,1,1788310258,1,505.475,3.363173,259,192,14151.70447,42123.36556,70194.25148,113639.96,13924.91575,40521.35358,76751.11014,152020.68105,1.846,1.863,1.873,2.73,4.043,8.919,1.682,1.699,3.226,4.203,5.708,9.647,1.0,1.0,1.0,1.0,1.0,1.0,1.0,1.0,1.0,1.0,1.0,1.0,W03_00u_asia,asia,
aster,ZEN,1,1788310258,1,5.4715,23.759481,7,9,0,13382.2027,13382.2027,13382.2027,0,4497.6067,4840.1203,4840.1203,11.88,11.88,14.733,16.962,18.076,391.401,12.097,13.661,19.172,26.115,413.589,413.589,1.0,1.0,1.0,1.0,1.0,0.6762,1.0,1.0,1.0,1.0,0.7465,0.2986,W03_00u_asia,asia,
aster,ZRO,1,1788310258,1,1.01235,0.987801,95,244,599.62155,3506.13635,11521.59768,11755.00296,8499.85652,9620.46496,9760.41967,10585.50927,2.635,6.861,11.527,17.45,22.307,189.708,0.494,0.495,5.236,6.816,10.727,241.298,1.0,1.0,1.0,1.0,1.0,1.0,1.0,1.0,1.0,1.0,1.0,1.0,W03_00u_asia,asia,
aster,龙虾,1,1788310258,1,0.065614,105.007277,237,65,0,0,0,3082.605506,0,0,0,1855.962039,52.504,52.504,56.422,101.771,191.103,351.042,52.589,52.622,68.823,97.716,185.621,337.289,1.0,1.0,1.0,1.0,1.0,1.0,1.0,1.0,1.0,1.0,1.0,1.0,W03_00u_asia,asia,
binance,FET,1,1788310258,1,0.15345,6.516781,580,1000,23857.4491,114355.1073,193365.4842,349406.6305,30798.3229,81610.5348,150364.4985,250130.6657,3.258,3.258,6.163,7.969,8.872,9.706,3.258,3.258,3.258,3.258,4.386,7.62,1.0,1.0,1.0,1.0,1.0,1.0,1.0,1.0,1.0,1.0,1.0,1.0,W03_00u_asia,asia,
binance,AR,1,1788310258,1,2.2265,4.491354,566,1000,1495.7238,13272.1919,41147.9477,157815.8497,994.2134,20797.0136,48846.0031,104726.0122,5.161,5.949,8.224,11.443,15.656,24.873,3.877,5.335,8.871,10.897,13.88,20.16,1.0,1.0,1.0,1.0,1.0,1.0,1.0,1.0,1.0,1.0,1.0,1.0,W03_00u_asia,asia,
binance,FIL,1,1788310258,1,0.77355,1.292741,1000,1000,60123.00507,217767.3331,442121.61217,1005112.47027,59415.235,206457.1798,425402.38345,921134.463656,0.646,0.748,1.463,1.713,2.472,3.631,0.646,0.646,0.886,1.412,1.981,3.243,1.0,1.0,1.0,1.0,1.0,1.0,1.0,1.0,1.0,1.0,1.0,1.0,W03_00u_asia,asia,
binance,KITE,1,1788310258,1,0.12405,3.224506,1000,1000,1074.99354,21435.12758,38695.61687,74624.48917,1097.27992,6173.0592,23718.00679,57220.69584,3.784,5.708,9.68,12.281,14.138,18.273,3.671,5.845,9.64,13.503,20.293,33.165,1.0,1.0,1.0,1.0,1.0,1.0,1.0,1.0,1.0,1.0,1.0,1.0,W03_00u_asia,asia,
binance,LDO,1,1788310258,1,0.36325,2.752925,1000,1000,13668.4634,71882.3652,172041.9637,363010.498,7528.3494,40473.0073,98867.692,208497.223,2.691,3.41,4.114,5.611,7.623,10.411,2.023,3.076,3.708,5.295,8.147,12.921,1.0,1.0,1.0,1.0,1.0,1.0,1.0,1.0,1.0,1.0,1.0,1.0,W03_00u_asia,asia,
binance,KAS,1,1788310258,1,0.02736,7.309942,419,1000,1619.87564,15013.61299,31386.67751,72003.80127,3059.21449,11885.036,28373.54396,66060.54201,4.963,6.137,8.126,10.969,13.941,22.199,3.655,4.769,6.294,8.579,12.773,24.546,1.0,1.0,1.0,1.0,1.0,1.0,1.0,1.0,1.0,1.0,1.0,1.0,W03_00u_asia,asia,
binance,MAGMA,1,1788310258,1,0.443735,2.929676,1000,1000,1130.46473,5458.09819,9418.52537,18033.07477,1606.64931,10229.33025,15811.17844,27032.72758,2.342,4.894,9.017,13.561,25.635,62.921,1.526,3.197,7.315,10.491,14.47,40.389,1.0,1.0,1.0,1.0,1.0,1.0,1.0,1.0,1.0,1.0,1.0,1.0,W03_00u_asia,asia,
binance,ONDO,1,1788310258,1,0.33855,2.953773,1000,1000,42085.56483,258488.50392,634953.10803,1504444.58029,47851.19342,263785.12917,601909.28813,1035738.52186,1.477,1.477,1.477,1.477,1.959,4.003,1.477,1.477,1.477,2.502,3.466,4.045,1.0,1.0,1.0,1.0,1.0,1.0,1.0,1.0,1.0,1.0,1.0,1.0,W03_00u_asia,asia,
binance,POWER,1,1788310258,1,0.0859,2.328289,922,1000,319.87637,3425.93671,9960.72639,31691.58358,765.31829,2431.11088,5265.16717,9185.41328,7.72,10.621,14.342,20.468,29.322,44.223,1.946,5.124,14.705,25.672,51.138,137.483,1.0,1.0,1.0,1.0,1.0,1.0,1.0,1.0,1.0,1.0,1.0,1.0,W03_00u_asia,asia,
binance,RIVER,1,1788310258,1,1.3385,7.47105,532,1000,830.229,10320.9326,42798.8756,74754.6998,2009.5712,12630.4565,32428.9786,54148.4826,3.736,5.002,8.725,9.996,14.337,25.565,3.736,3.736,5.203,8.205,12.891,22.472,1.0,1.0,1.0,1.0,1.0,1.0,1.0,1.0,1.0,1.0,1.0,1.0,W03_00u_asia,asia,
binance,RUNE,1,1788310258,1,0.46835,2.135155,582,1000,5542.6201,18207.2478,53808.0346,153807.2849,4525.0801,24299.9087,52270.7469,128158.5175,2.531,2.867,4.676,7.047,9.77,18.81,3.177,3.882,5.339,7.445,10.123,15.977,1.0,1.0,1.0,1.0,1.0,1.0,1.0,1.0,1.0,1.0,1.0,1.0,W03_00u_asia,asia,
binance,UAI,1,1788310258,1,0.5665,3.53045,1000,1000,5235.1661,18410.9324,43909.8081,102572.8357,5022.1617,34607.9059,58585.183,167258.9663,4.74,5.139,6.292,7.23,10.754,19.584,2.044,2.787,4.183,5.91,9.226,13.742,1.0,1.0,1.0,1.0,1.0,1.0,1.0,1.0,1.0,1.0,1.0,1.0,W03_00u_asia,asia,
binance,TAO,1,1788310258,1,217.965,0.458789,1000,1000,207639.33419,476935.89245,1274847.47572,2961242.73137,74307.16348,340848.48951,889249.84595,1751470.49893,0.229,0.266,0.561,1.144,2.015,2.882,0.51,0.672,0.957,1.553,2.322,3.59,1.0,1.0,1.0,1.0,1.0,1.0,1.0,1.0,1.0,1.0,1.0,1.0,W03_00u_asia,asia,
binance,USELESS,1,1788310258,1,0.112035,0.892578,1000,1000,10065.59355,26372.04463,66942.86461,139097.39682,8583.48226,28894.05471,77831.86209,144670.61887,0.993,1.421,2.585,4.381,6.397,12.729,1.578,2.291,4.141,5.552,7.543,13.429,1.0,1.0,1.0,1.0,1.0,1.0,1.0,1.0,1.0,1.0,1.0,1.0,W03_00u_asia,asia,
binance,WIF,1,1788310258,1,0.19315,5.177323,671,1000,15457.48029,70075.45147,167998.63664,382668.88238,14478.53494,68821.99282,151338.87535,312164.86899,2.589,2.589,2.589,2.589,5.127,8.685,2.589,2.717,5.746,6.756,7.261,9.745,1.0,1.0,1.0,1.0,1.0,1.0,1.0,1.0,1.0,1.0,1.0,1.0,W03_00u_asia,asia,
binance,XMR,1,1788310258,1,505.565,0.593396,1000,1000,11893.07714,49915.89059,213981.95503,426216.07593,15292.45791,88788.04629,282882.28296,416934.20975,1.74,2.106,2.326,2.511,4.734,10.019,1.877,2.749,3.857,4.889,6.098,8.559,1.0,1.0,1.0,1.0,1.0,1.0,1.0,1.0,1.0,1.0,1.0,1.0,W03_00u_asia,asia,
binance,ZEC,1,1788310258,1,828.245,0.120737,1000,1000,236115.45126,1144096.40999,3096334.18575,5981288.71375,243062.67821,1174151.62533,2431309.49238,5381229.19652,0.06,0.06,0.06,0.384,0.672,1.284,0.06,0.06,0.06,0.212,0.714,1.436,1.0,1.0,1.0,1.0,1.0,1.0,1.0,1.0,1.0,1.0,1.0,1.0,W03_00u_asia,asia,
binance,ZEN,1,1788310258,1,5.4695,1.828321,917,1000,4668.388,39428.0126,100863.2713,252719.8302,5912.9468,41979.0287,75847.3406,152664.3431,1.848,2.939,5.301,6.885,8.789,12.536,1.954,2.625,4.498,5.902,8.114,12.114,1.0,1.0,1.0,1.0,1.0,1.0,1.0,1.0,1.0,1.0,1.0,1.0,W03_00u_asia,asia,
binance,ZRO,1,1788310258,1,1.0117,1.976871,1000,1000,5090.82302,25202.16608,55712.73676,178077.16967,13366.8346,44923.67584,80915.02751,125538.73348,1.813,2.504,4.239,6.594,9.521,15.055,0.988,0.988,1.643,3.291,4.81,8.789,1.0,1.0,1.0,1.0,1.0,1.0,1.0,1.0,1.0,1.0,1.0,1.0,W03_00u_asia,asia,
binance,龙虾,1,1788310258,1,0.065343,1.683412,1000,1000,469.90416,5418.574946,10878.296859,20765.936644,1225.134032,9193.686007,16364.329765,28187.263631,6.751,8.387,11.783,17.101,24.744,59.733,3.269,5.308,8.822,10.494,15.554,38.352,1.0,1.0,1.0,1.0,1.0,1.0,1.0,1.0,1.0,1.0,1.0,1.0,W03_00u_asia,asia,
bitget,AR,1,1788310258,1,2.225,8.988764,100,100,949.4223,12122.6144,30063.8159,64184.0374,1149.6366,6160.8692,20467.8422,77955.3611,4.963,7.2,12.226,15.647,19.06,30.7,5.719,7.354,11.716,16.324,23.588,36.469,1.0,1.0,1.0,1.0,1.0,1.0,1.0,1.0,1.0,1.0,1.0,1.0,W03_00u_asia,asia,
bitget,BTW,1,1788310258,1,0.421125,3.158211,100,100,2606.638082,6890.096995,15209.354702,27812.965142,527.510139,4587.877362,11796.387374,25760.308033,6.757,7.848,8.505,12.181,18.077,40.359,4.878,9.038,15.679,19.844,28.017,54.857,1.0,1.0,1.0,1.0,1.0,1.0,1.0,1.0,1.0,1.0,1.0,1.0,W03_00u_asia,asia,
bitget,FET,1,1788310259,1,0.15335,6.52103,100,100,20424.5732,59776.1387,183303.5623,298066.0501,16359.316,55266.3398,117645.6027,286413.293,3.261,3.261,5.082,7.432,8.607,10.5,3.261,5.712,8.154,8.968,9.375,11.877,1.0,1.0,1.0,1.0,1.0,1.0,1.0,1.0,1.0,1.0,1.0,1.0,W03_00u_asia,asia,
bitget,FIL,1,1788310259,1,0.77325,1.293243,100,100,12059.95103,80610.04519,483241.47588,819115.45506,41657.82789,217932.41171,434318.28281,825440.03352,1.862,2.548,3.485,5.461,7.083,9.533,1.713,1.826,1.895,2.51,3.514,4.662,1.0,1.0,1.0,1.0,1.0,1.0,1.0,1.0,1.0,1.0,1.0,1.0,W03_00u_asia,asia,
bitget,KAS,1,1788310259,1,0.02736,7.309942,100,100,1925.50599,29263.37884,48748.83273,99073.04874,2346.1208,19710.75661,47814.14397,94255.09647,6.127,6.718,7.911,10.121,12.926,17.053,6.977,7.144,7.471,9.218,11.217,16.86,1.0,1.0,1.0,1.0,1.0,1.0,1.0,1.0,1.0,1.0,1.0,1.0,W03_00u_asia,asia,
bitget,KITE,1,1788310259,1,0.12404,12.899065,100,100,433.92311,7745.72968,16880.40766,39067.24538,436.35648,6268.12638,13029.45779,31751.94956,8.408,11.546,16.712,20.272,25.824,42.017,8.769,12.169,14.665,15.798,26.152,42.077,1.0,1.0,1.0,1.0,1.0,1.0,1.0,1.0,1.0,1.0,1.0,1.0,W03_00u_asia,asia,
bitget,MAGMA,1,1788310259,1,0.44356,9.017946,100,100,240.22944,8535.3182,12180.97768,43883.74471,1474.23263,9428.33645,13257.49319,42710.51549,9.139,9.98,11.637,13.482,18.189,47.516,4.714,7.006,10.875,15.729,19.952,42.698,1.0,1.0,1.0,1.0,1.0,1.0,1.0,1.0,1.0,1.0,1.0,1.0,W03_00u_asia,asia,
bitget,ONDO,1,1788310259,1,0.33875,2.95203,100,100,21581.49728,347799.58964,1019771.44723,1994656.43444,248147.35253,511202.17189,1147763.78843,2045136.92541,2.141,3.285,3.971,4.199,5.698,7.109,1.476,1.476,1.476,1.476,2.512,3.662,1.0,1.0,1.0,1.0,1.0,1.0,1.0,1.0,1.0,1.0,1.0,1.0,W03_00u_asia,asia,
bitget,POWER,1,1788310259,1,0.086055,5.810238,100,100,304.00257,2368.84072,14107.6663,35907.34916,468.16852,1977.09557,8606.71584,19917.7153,9.251,13.767,18.226,23.666,27.923,44.431,6.459,11.191,17.13,24.861,35.791,72.145,1.0,1.0,1.0,1.0,1.0,1.0,1.0,1.0,1.0,1.0,1.0,1.0,W03_00u_asia,asia,
bitget,RIVER,1,1788310259,1,1.337,14.958863,100,100,4362.04,14739.981,31270.316,55826.417,2674.662,12670.707,23869.981,35773.36,7.479,7.479,7.479,8.429,12.485,22.098,7.479,7.479,7.479,10.961,15.405,26.23,1.0,1.0,1.0,1.0,1.0,1.0,1.0,1.0,1.0,1.0,1.0,1.0,W03_00u_asia,asia,
bitget,RUNE,1,1788310259,1,0.46815,2.136067,100,100,2578.98559,11717.64948,26269.24458,50867.03471,1054.2022,6081.1148,25881.81488,58529.16517,3.125,4.232,5.894,10.262,16.284,28.963,4.753,6.729,9.986,14.103,20.167,28.098,1.0,1.0,1.0,1.0,1.0,1.0,1.0,1.0,1.0,1.0,1.0,1.0,W03_00u_asia,asia,
bitget,LDO,1,1788310259,1,0.36305,2.754442,100,100,3186.45733,28229.91574,74571.26116,131320.15997,3873.64945,27672.88124,77783.46424,154463.86674,3.849,5.361,7.929,9.782,13.125,17.357,3.323,5.083,6.973,8.992,12.649,18.55,1.0,1.0,1.0,1.0,1.0,1.0,1.0,1.0,1.0,1.0,1.0,1.0,W03_00u_asia,asia,
bitget,TAO,1,1788310259,1,217.935,2.294262,100,100,41818.00883,252390.64002,1025698.52922,1108126.45352,67260.25643,242232.72182,424443.47568,593624.39996,2.29,2.951,4.417,5.306,5.859,6.893,1.147,1.147,1.147,1.147,1.316,2.488,1.0,1.0,1.0,1.0,1.0,1.0,1.0,1.0,1.0,1.0,1.0,1.0,W03_00u_asia,asia,
bitget,UAI,1,1788310259,1,0.565535,5.835183,100,100,392.7853,6594.9761,15135.92639,25146.15932,511.00718,6187.46871,15414.61649,21707.74312,7.461,9.239,10.405,14.088,20.594,41.462,6.368,8.993,13.584,16.811,23.291,38.034,1.0,1.0,1.0,1.0,1.0,1.0,1.0,1.0,1.0,1.0,1.0,0.865,W03_00u_asia,asia,
bitget,USELESS,1,1788310259,1,0.111995,6.250279,100,100,1707.42195,11193.93987,32317.09278,83659.89795,3003.51767,12074.88384,38472.66002,86029.13436,4.21,6.213,8.393,10.289,14.619,25.896,4.464,5.397,6.637,8.435,12.828,23.372,1.0,1.0,1.0,1.0,1.0,1.0,1.0,1.0,1.0,1.0,1.0,1.0,W03_00u_asia,asia,
bitget,XMR,1,1788310259,1,505.595,8.504831,100,100,43884.5029,91326.6081,332970.6063,580770.1909,14781.3268,123881.1565,356648.5682,480563.6531,5.851,6.436,6.787,6.904,6.994,7.129,5.858,6.044,6.156,7.241,8.323,11.44,1.0,1.0,1.0,1.0,1.0,1.0,1.0,1.0,1.0,1.0,1.0,1.0,W03_00u_asia,asia,
bitget,ZRO,1,1788310259,1,1.01135,2.966332,100,100,6492.7379,22424.3651,76133.5641,147789.6397,263.1048,17099.9692,68515.898,155208.7225,1.483,1.483,3.316,4.377,6.801,15.673,7.998,9.275,12.268,15.44,17.361,21.674,1.0,1.0,1.0,1.0,1.0,1.0,1.0,1.0,1.0,1.0,1.0,1.0,W03_00u_asia,asia,
bybit,AR,1,1788310259,1,2.2285,13.46197,200,200,79.0585,1769.4163,6635.4405,14550.1109,636.219,8773.5971,13467.6415,19115.2757,11.08,14.105,21.525,30.204,43.603,81.61,6.731,8.365,13.962,18.443,22.12,54.418,1.0,1.0,1.0,1.0,1.0,1.0,1.0,1.0,1.0,1.0,1.0,1.0,W03_00u_asia,asia,
bybit,BTW,1,1788310259,1,0.420515,2.140233,200,200,239.5526,2275.3877,5237.2786,12891.8498,269.2756,8795.3002,23966.6718,44467.2685,9.036,11.588,17.968,27.496,43.658,96.717,9.302,12.6,17.212,20.429,22.265,26.727,1.0,1.0,1.0,1.0,1.0,1.0,1.0,1.0,1.0,1.0,1.0,1.0,W03_00u_asia,asia,
bitget,WIF,1,1788310259,1,0.19315,5.177323,100,100,10530.70056,79654.39513,272908.31841,603764.74212,11090.67526,81668.63404,260983.38479,466530.09548,2.589,3.49,6.056,6.911,7.338,10.59,6.428,7.097,7.498,7.632,7.699,10.622,1.0,1.0,1.0,1.0,1.0,1.0,1.0,1.0,1.0,1.0,1.0,1.0,W03_00u_asia,asia,
bybit,KAS,1,1788310259,1,0.02732,7.320644,200,200,1169.0282,10684.4249,33017.934,117140.6711,807.5793,10566.9609,29331.4956,99532.8742,6.477,6.899,9.099,10.598,14.461,25.781,6.435,7.584,9.622,11.814,15.862,27.372,1.0,1.0,1.0,1.0,1.0,1.0,1.0,1.0,1.0,1.0,1.0,1.0,W03_00u_asia,asia,
bybit,FIL,1,1788310259,1,0.77335,1.293076,200,200,3438.34996,33861.11093,230781.43482,484688.92468,13255.69556,43720.45493,238862.79117,500532.48387,2.623,4.849,7.033,8.769,10.953,15.428,0.674,1.574,3.626,5.131,6.269,8.987,1.0,1.0,1.0,1.0,1.0,1.0,1.0,1.0,1.0,1.0,1.0,1.0,W03_00u_asia,asia,
bybit,KITE,1,1788310259,1,0.12406,11.284862,200,200,190.90792,768.65526,3197.52528,6945.41829,270.49823,1181.66469,2514.29249,6234.36014,10.525,17.916,30.477,44.895,77.785,175.984,9.821,14.395,28.516,43.491,83.718,317.16,1.0,1.0,1.0,1.0,1.0,1.0,1.0,1.0,1.0,1.0,1.0,1.0,W03_00u_asia,asia,
bybit,MAGMA,1,1788310259,1,0.44315,2.256572,200,200,735.6364,2439.5354,6134.1366,14417.8061,45191.763,47290.5603,52370.0187,58912.5008,4.986,7.329,14.793,24.582,44.501,92.235,1.128,1.128,3.493,4.567,6.124,7.188,1.0,1.0,1.0,1.0,1.0,1.0,1.0,1.0,1.0,1.0,1.0,1.0,W03_00u_asia,asia,
bybit,LDO,1,1788310259,1,0.36305,2.754442,200,200,3043.57765,29607.0952,200862.30449,377724.25675,2510.76897,15956.20198,188869.73242,356605.76352,3.065,4.062,6.962,9.378,11.346,15.967,4.856,6.39,8.34,10.363,13.794,20.355,1.0,1.0,1.0,1.0,1.0,1.0,1.0,1.0,1.0,1.0,1.0,1.0,W03_00u_asia,asia,
bybit,ONDO,1,1788310259,1,0.33865,2.952901,200,200,21026.7567,157256.7845,411780.9405,939540.9067,54284.6061,201882.329,426412.2796,778213.1936,3.039,3.734,4.151,4.29,5.079,6.929,1.476,1.476,1.476,1.476,2.789,3.773,1.0,1.0,1.0,1.0,1.0,1.0,1.0,1.0,1.0,1.0,1.0,1.0,W03_00u_asia,asia,
bybit,POWER,1,1788310259,1,0.086085,15.101353,200,200,217.60333,911.05395,2105.37869,12473.77541,91.08117,931.22516,1708.42295,2997.98968,11.432,15.961,32.185,44.221,50.28,226.08,11.916,16.967,36.643,102.385,216.732,250.714,1.0,1.0,1.0,1.0,1.0,1.0,1.0,1.0,1.0,1.0,1.0,0.4618,W03_00u_asia,asia,
bybit,RIVER,1,1788310259,1,1.3375,7.476636,200,200,323.0192,1280.0839,4294.7825,8732.8898,471.3774,1175.5295,3847.395,7713.2704,6.383,11.158,19.909,32.239,58.332,160.092,4.169,8.787,21.289,36.934,70.069,102.046,1.0,1.0,1.0,1.0,1.0,1.0,1.0,1.0,1.0,1.0,1.0,1.0,W03_00u_asia,asia,
bybit,TAO,1,1788310259,1,218.035,0.458642,200,200,31941.93798,238463.32192,644154.96986,1376124.83252,29990.6044,152442.74733,499190.00167,1023461.67875,0.303,0.756,1.9,3.263,4.57,6.322,0.397,0.797,1.709,2.553,3.604,5.64,1.0,1.0,1.0,1.0,1.0,1.0,1.0,1.0,1.0,1.0,1.0,1.0,W03_00u_asia,asia,
bybit,RUNE,1,1788310259,1,0.46865,2.133789,200,200,171.21491,1162.94616,20603.0046,155636.92704,664.16419,1792.7551,18305.30719,131489.51591,11.484,16.192,28.361,37.434,42.722,46.262,4.546,8.211,18.622,30.644,39.169,45.052,1.0,1.0,1.0,1.0,1.0,1.0,1.0,1.0,1.0,1.0,1.0,1.0,W03_00u_asia,asia,
bybit,UAI,1,1788310259,1,0.56615,1.766316,200,200,7681.9109,9565.5343,18258.9684,54917.3182,1283.4789,4931.3311,12156.0055,72359.6685,1.251,1.95,5.463,7.589,10.886,31.627,1.947,3.303,9.1,14.304,26.113,46.463,1.0,1.0,1.0,1.0,1.0,1.0,1.0,1.0,1.0,1.0,1.0,1.0,W03_00u_asia,asia,
bybit,USELESS,1,1788310259,1,0.11208,3.568879,200,200,770.06657,11171.87628,48103.80084,185306.93018,2686.27413,12478.82149,45028.301,160579.81339,6.704,8.411,10.486,12.539,16.261,25.582,4.859,5.734,7.109,9.631,13.85,24.478,1.0,1.0,1.0,1.0,1.0,1.0,1.0,1.0,1.0,1.0,1.0,1.0,W03_00u_asia,asia,
bybit,XMR,1,1788310259,1,505.545,0.197806,200,200,10019.9592,67147.6615,296176.9106,360596.0214,5251.305,90123.4462,337776.4168,395299.316,2.335,3.185,3.933,4.281,4.974,9.459,0.099,0.177,4.449,7.011,8.753,11.128,1.0,1.0,1.0,1.0,1.0,1.0,1.0,1.0,1.0,1.0,1.0,1.0,W03_00u_asia,asia,
bybit,ZEN,1,1788310259,1,5.4695,5.484962,200,200,360.766,2637.411,7505.586,11961.6174,918.2739,3631.3993,8435.6327,17385.9449,7.216,9.834,16.03,25.958,40.166,108.072,4.027,5.745,10.9,18.667,33.52,72.566,1.0,1.0,1.0,1.0,1.0,1.0,1.0,1.0,1.0,1.0,1.0,1.0,W03_00u_asia,asia,
bybit,WIF,1,1788310259,1,0.19305,5.180005,200,200,10302.4519,69754.1052,153885.6439,277253.0914,13664.411,64797.885,151353.5462,205785.1413,2.938,5.354,6.804,7.287,7.528,10.717,2.998,5.384,6.816,7.293,7.531,10.025,1.0,1.0,1.0,1.0,1.0,1.0,1.0,1.0,1.0,1.0,1.0,1.0,W03_00u_asia,asia,
bybit,ZRO,1,1788310259,1,1.01165,0.988484,200,200,1722.53291,12685.16005,47121.99033,165449.6678,5534.52331,17292.06696,31945.07691,111506.21133,6.282,7.4,8.901,10.346,12.714,20.781,0.494,0.494,1.84,4.877,10.489,21.378,1.0,1.0,1.0,1.0,1.0,1.0,1.0,1.0,1.0,1.0,1.0,1.0,W03_00u_asia,asia,
dydx,FIL,1,1788310259,1,0.7731,64.674686,45,58,0,0,13656.3179,25256.6041,0,0,17990.4795,23790.5341,32.337,32.337,32.337,32.344,34.631,60.892,32.337,32.337,32.337,32.337,32.337,43.119,1.0,1.0,1.0,1.0,1.0,1.0,1.0,1.0,1.0,1.0,1.0,1.0,W03_00u_asia,asia,
dydx,MORPHO,1,1788310259,1,2.611,99.578705,15,7,0,0,1000.23,1000.23,0,0,999.744,999.744,49.789,49.789,1150.163,1544.059,1741.007,1859.176,49.789,52.782,1184.266,1580.26,1778.257,1897.056,1.0,1.0,1.0,1.0,1.0,1.0,1.0,1.0,1.0,1.0,1.0,1.0,W03_00u_asia,asia,
dydx,ICP,1,1788310259,1,2.45215,60.763004,38,53,0,0,4995.74445,19195.68567,0,0,36555.57791,36555.57791,30.382,30.382,30.382,30.382,44.42,70.098,30.382,30.382,30.382,30.382,30.382,34.705,1.0,1.0,1.0,1.0,1.0,1.0,1.0,1.0,1.0,1.0,1.0,1.0,W03_00u_asia,asia,
dydx,LDO,1,1788310259,1,0.36245,85.529038,52,41,0,0,20483.7983,20483.7983,0,0,12773.5565,18573.6629,42.765,42.765,42.765,42.765,42.765,59.529,42.765,42.765,42.765,42.765,42.811,75.191,1.0,1.0,1.0,1.0,1.0,1.0,1.0,1.0,1.0,1.0,1.0,1.0,W03_00u_asia,asia,
dydx,ONDO,1,1788310259,1,0.33735,257.892397,45,32,0,0,0,0,0,0,0,0,128.946,128.946,128.946,128.946,128.946,128.946,128.946,128.946,128.946,128.946,129.833,139.092,1.0,1.0,1.0,1.0,1.0,1.0,1.0,1.0,1.0,1.0,1.0,1.0,W03_00u_asia,asia,
dydx,RUNE,1,1788310259,1,0.4702,76.563165,29,21,0,0,11699.6408,27299.8673,0,0,11699.9356,27299.7496,38.282,38.282,38.282,38.282,40.128,61.035,38.282,38.282,38.282,39.23,40.882,62.313,1.0,1.0,1.0,1.0,1.0,1.0,1.0,1.0,1.0,1.0,1.0,1.0,W03_00u_asia,asia,
dydx,TAO,1,1788310260,1,218.29,52.224106,45,43,0,0,46293.8761,369228.0639,0,0,82194.4261,569327.179,26.112,26.112,26.112,26.112,26.244,27.508,26.112,26.112,26.112,26.112,26.189,26.418,1.0,1.0,1.0,1.0,1.0,1.0,1.0,1.0,1.0,1.0,1.0,1.0,W03_00u_asia,asia,
dydx,SPX,1,1788310260,1,0.5811,664.257443,32,27,0,0,0,0,0,0,0,0,582.643,707.773,782.851,807.877,820.39,827.898,336.811,337.051,337.195,337.243,337.267,337.282,1.0,1.0,1.0,1.0,1.0,1.0,1.0,1.0,1.0,1.0,1.0,1.0,W03_00u_asia,asia,
dydx,WIF,1,1788310260,1,0.193265,54.329548,38,35,0,0,16375.53642,16375.53642,0,0,35764.65413,64164.68297,27.165,27.165,27.165,27.284,29.767,87.825,27.165,27.165,27.165,27.165,27.165,28.685,1.0,1.0,1.0,1.0,1.0,1.0,1.0,1.0,1.0,1.0,1.0,1.0,W03_00u_asia,asia,
dydx,ZEC,1,1788310260,1,829.885,40.126042,69,52,0,993.864,9347.372,101070.192,0,19707.835,209353.151,655056.885,20.063,20.12,28.328,31.064,34.067,49.668,20.063,20.063,20.063,20.063,20.063,22.185,1.0,1.0,1.0,1.0,1.0,1.0,1.0,1.0,1.0,1.0,1.0,1.0,W03_00u_asia,asia,
dydx,XMR,1,1788310260,1,509.14,188.160427,49,35,0,0,0,998.613,0,0,0,282908.2866,94.08,94.08,194.177,227.996,244.905,255.05,94.08,94.08,94.08,94.08,94.08,94.08,1.0,1.0,1.0,1.0,1.0,1.0,1.0,1.0,1.0,1.0,1.0,1.0,W03_00u_asia,asia,
dydx,ZEN,1,1788310260,1,5.323,650.009393,26,28,0,0,0,0,0,0,0,0,343.69,344.68,345.274,345.472,345.571,345.63,325.005,342.89,675.95,786.97,842.48,875.786,1.0,1.0,1.0,1.0,1.0,1.0,1.0,1.0,1.0,1.0,1.0,1.0,W03_00u_asia,asia,
hl,ONDO,1,1788310260,1,0.338715,0.8857,20,20,27702.36961,27702.36961,27702.36961,27702.36961,96292.50817,96292.50817,96292.50817,96292.50817,0.443,0.599,1.083,1.836,3.217,5.356,0.443,0.443,0.693,1.158,1.447,2.001,1.0,1.0,1.0,1.0,1.0,1.0,1.0,1.0,1.0,1.0,1.0,1.0,W03_00u_asia,asia,
okx,USELESS,1,1788310260,1,0.111945,2.679887,400,400,400.83312,2228.24127,5317.27081,16568.1822,734.25429,2173.70127,6091.91878,12749.77111,7.355,9.842,16.453,27.677,45.565,91.956,4.987,7.355,15.333,26.392,42.674,111.942,1.0,1.0,1.0,1.0,1.0,1.0,1.0,1.0,1.0,1.0,1.0,1.0,W03_00u_asia,asia,
dydx,ZRO,1,1788310260,1,1.012,79.051383,24,23,0,0,8690.976,20291.192,0,0,2897.632,8692.088,39.526,39.526,39.526,39.526,44.563,122.586,39.526,39.526,39.526,47.881,61.609,162.27,1.0,1.0,1.0,1.0,1.0,1.0,1.0,1.0,1.0,1.0,1.0,1.0,W03_00u_asia,asia,
aster,FET,2,1788310306,1,0.15375,19.512195,27,35,2574.1824,10589.3095,10942.4695,12268.9388,2130.8994,10156.9472,12227.699,13065.8708,9.756,9.756,9.756,12.908,14.584,114.568,9.756,9.756,10.722,13.491,14.967,97.997,1.0,1.0,1.0,1.0,1.0,1.0,1.0,1.0,1.0,1.0,1.0,1.0,W03_00u_asia,asia,
aster,AR,2,1788310306,1,2.2305,22.416499,21,15,0,2586.275,10683.6404,11278.226,0,9581.0346,9881.9562,10485.8154,11.208,11.208,15.29,23.946,28.785,407.489,11.208,11.224,19.285,21.971,24.225,548.484,1.0,1.0,1.0,1.0,1.0,1.0,1.0,1.0,1.0,1.0,1.0,1.0,W03_00u_asia,asia,
aster,FIL,2,1788310306,1,0.7795,12.828736,32,25,1208.3069,22549.0803,45383.1164,60267.6185,1731.366,8975.6877,10478.5572,14486.9524,6.414,6.414,13.039,16.141,17.692,19.859,6.414,6.414,10.364,14.804,18.73,85.911,1.0,1.0,1.0,1.0,1.0,1.0,1.0,1.0,1.0,1.0,1.0,1.0,W03_00u_asia,asia,
aster,BTW,2,1788310306,1,0.42089,13.305139,301,222,345.26349,6932.91351,22343.09344,33841.9264,373.62508,13935.97514,22627.3724,45729.23625,8.978,11.038,13.165,15.772,21.202,34.128,8.542,9.617,10.433,12.516,14.147,27.808,1.0,1.0,1.0,1.0,1.0,1.0,1.0,1.0,1.0,1.0,1.0,1.0,W03_00u_asia,asia,
aster,KAS,2,1788310306,1,0.02739,29.20774,15,20,0,2708.78875,14129.22505,29432.86669,0,2201.68257,7881.65655,7881.65655,14.604,14.604,16.52,24.066,28.463,52.497,15.753,17.004,22.141,31.151,59.129,267.001,1.0,1.0,1.0,1.0,1.0,1.0,1.0,1.0,1.0,1.0,1.0,1.0,W03_00u_asia,asia,
aster,ICP,2,1788310306,1,2.455,8.14664,49,100,431.854,19500.683,21784.82,62738.602,3400.077,9212.559,12758.675,16562.52,6.18,10.253,13.877,16.629,20.246,28.129,4.073,4.073,6.503,8.63,13.629,62.131,1.0,1.0,1.0,1.0,1.0,1.0,1.0,1.0,1.0,1.0,1.0,1.0,W03_00u_asia,asia,
aster,KITE,2,1788310306,1,0.124105,7.251924,119,48,1613.54829,8658.45678,12093.51263,14738.89417,1093.02906,5580.23358,7839.5701,8200.2901,3.626,4.633,7.836,13.667,19.295,128.686,6.552,7.103,10.405,14.453,88.364,437.207,1.0,1.0,1.0,1.0,1.0,1.0,1.0,1.0,1.0,1.0,1.0,0.7279,W03_00u_asia,asia,
aster,LDO,2,1788310306,1,0.36375,13.745704,45,27,999.9885,10937.9312,11583.5548,11583.5548,1025.388,10792.5518,10792.5518,11624.9935,6.873,6.873,11.819,14.425,16.147,550.784,6.873,6.873,13.362,15.616,17.561,295.871,1.0,1.0,1.0,1.0,1.0,0.7242,1.0,1.0,1.0,1.0,1.0,0.6776,W03_00u_asia,asia,
aster,MAGMA,2,1788310306,1,0.44294,13.997381,145,99,832.55284,5379.06325,9779.94263,15611.0237,210.987,2359.09492,6567.02244,13461.45388,6.999,8.027,12.802,18.442,27.287,92.214,9.871,11.492,17.459,26.051,38.231,149.14,1.0,1.0,1.0,1.0,1.0,1.0,1.0,1.0,1.0,1.0,1.0,1.0,W03_00u_asia,asia,
aster,MORPHO,2,1788310306,1,2.61225,15.695282,42,27,999.96762,2830.16035,2930.16547,3162.16116,999.96975,2736.1502,2736.1502,2741.94566,7.848,7.848,14.046,112.566,198.235,1035.276,7.848,7.855,13.363,132.869,212.38,595.431,1.0,1.0,1.0,1.0,1.0,1.0,1.0,1.0,1.0,1.0,1.0,0.698,W03_00u_asia,asia,
aster,ONDO,2,1788310306,1,0.33915,8.845644,84,240,10870.70964,21126.91393,28113.44086,34530.18121,8737.21684,16501.3534,23095.4353,45174.69617,4.423,4.423,4.423,5.506,6.439,13.9,4.423,4.423,5.913,6.642,7.381,21.531,1.0,1.0,1.0,1.0,1.0,1.0,1.0,1.0,1.0,1.0,1.0,1.0,W03_00u_asia,asia,
aster,POWER,2,1788310306,1,0.085885,33.766083,52,39,0,1123.0939,1398.17596,1581.9641,0,1123.47022,1546.34672,1730.16344,16.883,16.883,108.889,277.77,493.138,794.343,19.514,19.945,89.816,286.338,501.497,658.597,1.0,1.0,1.0,1.0,1.0,0.807,1.0,1.0,1.0,1.0,1.0,0.7644,W03_00u_asia,asia,
aster,RIVER,2,1788310306,1,1.341,14.914243,98,121,2081.288,7228.6312,18056.613,23265.8514,1511.3604,8691.9081,32441.5215,75121.2273,7.457,7.457,8.701,12.298,19.536,43.458,7.457,7.457,10.409,12.662,17.704,28.926,1.0,1.0,1.0,1.0,1.0,1.0,1.0,1.0,1.0,1.0,1.0,1.0,W03_00u_asia,asia,
aster,TAO,2,1788310306,1,218.345,0.457991,125,148,6923.90091,64758.96561,115419.11063,173995.36762,19193.57723,53229.80711,92415.69561,132352.79118,1.986,4.172,6.707,7.59,9.102,12.513,0.229,0.229,0.229,0.92,2.412,6.417,1.0,1.0,1.0,1.0,1.0,1.0,1.0,1.0,1.0,1.0,1.0,1.0,W03_00u_asia,asia,
aster,UAI,2,1788310306,1,0.56745,1.76227,129,103,7773.9993,13522.4837,20260.1986,41378.1382,5.675,1967.0206,6568.0439,19806.3966,0.881,0.881,1.009,1.826,4.9,26.706,18.284,20.156,22.948,29.511,39.875,70.16,1.0,1.0,1.0,1.0,1.0,1.0,1.0,1.0,1.0,1.0,1.0,1.0,W03_00u_asia,asia,
aster,USELESS,2,1788310306,1,0.11245,14.228546,73,62,1999.96126,23245.22187,60130.31607,88199.87796,1104.93503,5768.54251,14523.02944,20327.40057,7.114,7.114,8.001,9.942,14.75,18.842,7.114,7.114,9.488,13.311,19.791,67.754,1.0,1.0,1.0,1.0,1.0,1.0,1.0,1.0,1.0,1.0,1.0,1.0,W03_00u_asia,asia,
aster,WIF,2,1788310306,1,0.19345,15.507883,24,29,1751.00805,10328.51174,12129.44232,17488.82552,999.98272,8499.96924,11972.35124,17423.31124,7.754,7.754,10.846,14.469,16.66,59.233,7.754,7.758,10.857,11.89,15.231,66.807,1.0,1.0,1.0,1.0,1.0,1.0,1.0,1.0,1.0,1.0,1.0,1.0,W03_00u_asia,asia,
aster,ZEN,2,1788310306,1,5.482,18.241518,9,9,1798.6468,15181.6756,15181.6756,15181.6756,441.7035,4855.5369,4855.5369,4855.5369,9.121,9.121,9.631,14.407,19.06,359.797,9.549,11.282,17.74,24.671,406.235,406.235,1.0,1.0,1.0,1.0,1.0,0.7488,1.0,1.0,1.0,1.0,0.7486,0.2994,W03_00u_asia,asia,
aster,ZRO,2,1788310306,1,1.0154,5.909001,107,241,419.20011,2680.61327,11760.37283,13201.01909,1139.88739,8922.23031,9701.57319,10120.46883,6.978,10.07,13.473,20.826,24.693,173.632,2.955,2.956,10.197,12.977,18.021,238.759,1.0,1.0,1.0,1.0,1.0,1.0,1.0,1.0,1.0,1.0,1.0,1.0,W03_00u_asia,asia,
aster,龙虾,2,1788310306,1,0.065409,118.638108,239,65,0,0,0,2651.615007,0,0,0,2150.156404,59.319,59.319,61.81,100.482,167.403,268.063,59.459,64.374,80.097,99.467,182.834,340.869,1.0,1.0,1.0,1.0,1.0,1.0,1.0,1.0,1.0,1.0,1.0,1.0,W03_00u_asia,asia,
binance,AR,2,1788310306,1,2.2305,4.4833,571,1000,1882.5852,14596.7948,38976.5674,123882.6853,1939.5003,24386.7306,54419.931,104893.0355,2.831,4.778,7.051,10.084,13.699,22.927,4.571,5.648,7.301,9.255,11.374,17.629,1.0,1.0,1.0,1.0,1.0,1.0,1.0,1.0,1.0,1.0,1.0,1.0,W03_00u_asia,asia,
binance,FIL,2,1788310306,1,0.77885,1.283944,1000,1000,38276.03739,163125.42099,320922.58506,704534.45085,48214.36429,172032.396086,377250.40506,722713.114599,1.565,2.387,3.115,3.804,4.672,6.338,0.642,0.642,0.813,1.369,2.269,4.487,1.0,1.0,1.0,1.0,1.0,1.0,1.0,1.0,1.0,1.0,1.0,1.0,W03_00u_asia,asia,
aster,SPX,2,1788310306,1,0.56755,29.953308,17,12,0,2807.4318,14227.539,14227.539,0,1766.3572,5345.6056,5345.6056,14.977,14.977,14.977,21.917,26.376,793.286,15.312,18.668,23.799,28.198,1114.835,1114.835,1.0,1.0,1.0,1.0,1.0,0.7836,1.0,1.0,1.0,1.0,0.8673,0.3469,W03_00u_asia,asia,
binance,FET,2,1788310306,1,0.15375,6.504065,583,1000,26380.6047,87549.323,208902.0269,328567.9156,21878.3642,75283.5986,136325.1608,229391.8072,3.252,3.252,3.252,3.252,5.19,7.93,3.252,3.252,6.439,8.097,8.927,10.242,1.0,1.0,1.0,1.0,1.0,1.0,1.0,1.0,1.0,1.0,1.0,1.0,W03_00u_asia,asia,
aster,XMR,2,1788310306,1,505.03,3.960161,266,195,9137.48661,39498.41822,75361.60907,120129.5837,13993.55637,63340.06296,99974.4987,158618.74472,1.98,2.187,3.243,4.337,6.549,10.172,1.98,1.98,1.98,2.852,4.267,8.687,1.0,1.0,1.0,1.0,1.0,1.0,1.0,1.0,1.0,1.0,1.0,1.0,W03_00u_asia,asia,
binance,KAS,2,1788310306,1,0.027385,3.651634,422,1000,961.1772,12404.11924,31462.87994,65192.48639,4011.46299,14246.99186,31312.0607,67346.88605,4.891,7.149,11.425,13.929,17.023,25.415,3.216,4.347,5.025,7.734,11.667,22.746,1.0,1.0,1.0,1.0,1.0,1.0,1.0,1.0,1.0,1.0,1.0,1.0,W03_00u_asia,asia,
binance,LDO,2,1788310306,1,0.36375,2.749141,1000,1000,12203.2061,51985.5115,142826.6175,330445.5691,10062.9347,38215.0771,95649.2217,210791.6159,3.094,3.609,4.649,6.247,7.934,11.635,1.834,2.979,4.508,5.691,7.376,12.209,1.0,1.0,1.0,1.0,1.0,1.0,1.0,1.0,1.0,1.0,1.0,1.0,W03_00u_asia,asia,
binance,KITE,2,1788310306,1,0.123945,4.034047,1000,1000,936.32955,7278.77262,22522.79669,58450.74845,1994.65973,7297.98012,25292.13228,59458.28769,3.676,6.343,11.405,15.947,21.127,33.851,4.723,6.512,8.337,12.06,18.559,30.576,1.0,1.0,1.0,1.0,1.0,1.0,1.0,1.0,1.0,1.0,1.0,1.0,W03_00u_asia,asia,
binance,ONDO,2,1788310306,1,0.33915,2.948548,1000,1000,36280.41755,191129.62557,592042.49299,1366740.17967,76062.18217,290800.52604,596770.99479,1003036.47517,4.356,4.39,4.41,4.416,4.419,5.343,1.474,1.474,1.474,1.474,1.474,2.529,1.0,1.0,1.0,1.0,1.0,1.0,1.0,1.0,1.0,1.0,1.0,1.0,W03_00u_asia,asia,
binance,POWER,2,1788310306,1,0.08589,4.65712,921,1000,316.49209,2949.83293,9458.16314,32625.70304,147.81673,1831.02982,4819.54202,9410.78973,7.748,11.442,16.156,21.775,31.043,44.265,11.635,13.687,20.519,30.889,55.496,138.3,1.0,1.0,1.0,1.0,1.0,1.0,1.0,1.0,1.0,1.0,1.0,1.0,W03_00u_asia,asia,
binance,MAGMA,2,1788310306,1,0.44233,2.712907,1000,1000,1143.89322,6317.88413,10051.07154,38865.50104,2171.13619,12380.80291,18099.20437,28049.65633,5.178,7.156,9.415,12.74,22.626,47.107,4.778,5.676,7.414,10.397,15.994,35.696,1.0,1.0,1.0,1.0,1.0,1.0,1.0,1.0,1.0,1.0,1.0,1.0,W03_00u_asia,asia,
binance,RIVER,2,1788310306,1,1.3415,7.454342,534,1000,319.5603,10089.3488,25977.8087,44077.0031,2656.8916,13000.1546,34217.2858,56485.6106,6.416,8.799,10.228,10.705,14.635,27.503,3.727,3.727,3.727,7.222,11.962,21.444,1.0,1.0,1.0,1.0,1.0,1.0,1.0,1.0,1.0,1.0,1.0,1.0,W03_00u_asia,asia,
binance,RUNE,2,1788310306,1,0.46865,2.133789,585,1000,4701.1184,17863.1408,50518.642,150178.5892,4113.3434,23777.1832,54403.3891,128493.2698,1.067,2.055,3.214,6.138,10.243,18.63,4.322,5.152,6.948,8.655,10.952,16.62,1.0,1.0,1.0,1.0,1.0,1.0,1.0,1.0,1.0,1.0,1.0,1.0,W03_00u_asia,asia,
binance,TAO,2,1788310306,1,218.145,0.458411,1000,1000,68599.4696,359320.97596,1050985.42823,2830191.67182,73944.20272,271046.81777,864657.41326,1750867.75778,0.229,0.229,0.54,1.734,2.98,4.487,0.272,0.709,1.353,1.767,2.476,3.857,1.0,1.0,1.0,1.0,1.0,1.0,1.0,1.0,1.0,1.0,1.0,1.0,W03_00u_asia,asia,
binance,UAI,2,1788310306,1,0.5681,3.520507,1000,1000,3567.4833,23342.3223,46478.1868,104020.4507,3281.8608,19446.8351,62310.9903,143830.3283,4.333,4.807,6.062,8.226,11.045,16.661,3.307,4.29,6.133,8.073,10.535,17.858,1.0,1.0,1.0,1.0,1.0,1.0,1.0,1.0,1.0,1.0,1.0,1.0,W03_00u_asia,asia,
binance,USELESS,2,1788310306,1,0.11243,1.778885,1000,1000,7575.53556,25800.55906,65643.58523,139208.86874,9437.55961,28450.79789,66570.27652,170876.0954,1.271,1.973,3.738,5.855,8.09,14.111,1.326,1.887,3.307,4.753,6.995,13.728,1.0,1.0,1.0,1.0,1.0,1.0,1.0,1.0,1.0,1.0,1.0,1.0,W03_00u_asia,asia,
binance,WIF,2,1788310306,1,0.19345,5.169294,675,1000,14084.56481,52570.84613,140793.04191,383243.65789,15689.27277,60215.05252,145160.54652,302251.71593,2.585,2.585,2.585,2.744,5.249,9.172,2.585,2.585,4.217,5.985,6.87,9.328,1.0,1.0,1.0,1.0,1.0,1.0,1.0,1.0,1.0,1.0,1.0,1.0,W03_00u_asia,asia,
binance,XMR,2,1788310306,1,505.135,0.989834,1000,1000,6924.65238,30975.60179,181268.66071,376763.60746,13434.05885,77792.05527,249434.3983,401274.62705,2.143,2.725,4.085,5.951,8.514,14.199,1.825,2.411,3.431,5.079,6.841,9.886,1.0,1.0,1.0,1.0,1.0,1.0,1.0,1.0,1.0,1.0,1.0,1.0,W03_00u_asia,asia,
binance,ZEC,2,1788310306,1,830.005,0.120481,1000,1000,179900.1496,766586.98247,2199485.68506,5428265.1954,282771.54366,1381256.31081,3039933.82714,5715627.07498,0.178,0.239,0.604,0.939,1.31,1.92,0.06,0.06,0.06,0.06,0.081,0.355,1.0,1.0,1.0,1.0,1.0,1.0,1.0,1.0,1.0,1.0,1.0,1.0,W03_00u_asia,asia,
binance,ZEN,2,1788310306,1,5.4795,1.824984,931,1000,3283.549,32016.8555,87151.272,236051.0501,6367.9534,34248.4206,81737.2006,155296.7113,2.153,3.174,5.256,7.36,10.08,15.789,1.905,3.019,4.617,5.884,7.78,12.73,1.0,1.0,1.0,1.0,1.0,1.0,1.0,1.0,1.0,1.0,1.0,1.0,W03_00u_asia,asia,
binance,ZRO,2,1788310306,1,1.0147,1.971026,1000,1000,7026.358,20878.3702,48013.44553,151965.10945,5130.93763,27473.71213,59464.14122,99207.00896,1.864,2.548,3.785,5.049,8.194,16.653,1.808,2.98,5.011,7.066,8.984,14.82,1.0,1.0,1.0,1.0,1.0,1.0,1.0,1.0,1.0,1.0,1.0,1.0,W03_00u_asia,asia,
binance,龙虾,2,1788310306,1,0.065075,3.227071,1000,1000,1070.539226,8170.171693,14312.229627,26968.075602,988.469741,2927.312494,9961.347,27810.710818,6.091,6.623,9.933,13.189,18.53,44.095,2.224,5.227,12.595,20.315,29.234,52.303,1.0,1.0,1.0,1.0,1.0,1.0,1.0,1.0,1.0,1.0,1.0,1.0,W03_00u_asia,asia,
bitget,AR,2,1788310306,1,2.2285,4.487323,100,100,716.9678,6465.2723,27462.7309,64330.968,303.258,19072.791,30036.4996,62552.4357,4.801,7.034,11.328,17.324,22.583,28.957,8.058,10.543,14.033,17.113,19.335,25.477,1.0,1.0,1.0,1.0,1.0,1.0,1.0,1.0,1.0,1.0,1.0,1.0,W03_00u_asia,asia,
bitget,BTW,2,1788310306,1,0.421544,2.443396,100,100,2548.175543,5782.812677,15151.60234,28720.411854,383.874099,7708.880796,13479.457135,25080.323954,6.297,7.661,8.492,13.381,20.247,42.496,7.876,9.329,10.241,14.298,21.186,48.097,1.0,1.0,1.0,1.0,1.0,1.0,1.0,1.0,1.0,1.0,1.0,1.0,W03_00u_asia,asia,
bitget,FIL,2,1788310306,1,0.7786,2.568713,100,100,11479.86983,71087.37907,139403.28839,276458.43017,28265.99857,88894.62859,191577.97968,349019.58652,2.445,3.149,5.043,6.636,7.813,10.112,2.675,3.264,4.284,4.851,5.951,7.186,1.0,1.0,1.0,1.0,1.0,1.0,1.0,1.0,1.0,1.0,1.0,1.0,W03_00u_asia,asia,
bitget,FET,2,1788310306,1,0.15365,6.508298,100,100,30111.9994,69672.58,164329.7006,305656.5833,15979.4419,51060.9386,145343.2498,269359.0825,3.254,3.254,3.254,3.254,3.254,5.932,8.352,9.057,9.48,9.621,9.692,12.087,1.0,1.0,1.0,1.0,1.0,1.0,1.0,1.0,1.0,1.0,1.0,1.0,W03_00u_asia,asia,
bitget,KITE,2,1788310306,1,0.12394,12.909472,100,100,303.52919,1310.64689,6989.90054,32570.57656,340.34022,2812.05247,12881.7407,37218.65981,9.226,12.438,19.591,31.393,40.13,49.51,8.666,11.767,18.756,21.835,27.404,46.395,1.0,1.0,1.0,1.0,1.0,1.0,1.0,1.0,1.0,1.0,1.0,1.0,W03_00u_asia,asia,
bitget,KAS,2,1788310306,1,0.02738,7.304602,100,100,340.1038,19218.92971,56937.45762,103523.02394,3318.13524,17527.65539,52789.35403,94716.49216,6.997,8.977,12.099,13.354,15.409,19.445,3.652,3.652,5.642,7.703,11.217,19.387,1.0,1.0,1.0,1.0,1.0,1.0,1.0,1.0,1.0,1.0,1.0,1.0,W03_00u_asia,asia,
bitget,LDO,2,1788310306,1,0.3635,5.502063,100,100,1408.4896,16394.26684,67579.99712,149082.65678,6791.85981,60264.43975,82915.7683,156058.73115,4.459,5.711,8.436,10.462,13.178,21.359,2.751,2.751,3.018,5.498,7.759,11.187,1.0,1.0,1.0,1.0,1.0,1.0,1.0,1.0,1.0,1.0,1.0,1.0,W03_00u_asia,asia,
bitget,MAGMA,2,1788310306,1,0.442055,11.537026,100,100,183.3287,11088.55437,17439.69746,34217.6544,308.34971,3067.5337,13864.45019,46788.07756,9.377,10.409,13.546,17.349,19.386,39.56,9.668,12.141,16.121,23.088,28.259,45.573,1.0,1.0,1.0,1.0,1.0,1.0,1.0,1.0,1.0,1.0,1.0,1.0,W03_00u_asia,asia,
bitget,ONDO,2,1788310306,1,0.33915,2.948548,100,100,216754.88723,414769.22643,1048085.67299,1932966.83905,49098.72503,522285.07779,1172093.90022,2009292.7652,1.474,1.474,1.474,2.549,3.486,4.048,1.474,1.474,1.574,2.999,3.711,5.824,1.0,1.0,1.0,1.0,1.0,1.0,1.0,1.0,1.0,1.0,1.0,1.0,W03_00u_asia,asia,
bitget,POWER,2,1788310306,1,0.08605,6.97269,100,100,369.37019,4980.12284,16768.15836,38520.68691,287.76372,2523.39702,9767.11148,21055.7513,7.279,11.431,14.937,17.309,23.205,38.332,8.589,12.466,15.956,22.918,33.0,68.03,1.0,1.0,1.0,1.0,1.0,1.0,1.0,1.0,1.0,1.0,1.0,1.0,W03_00u_asia,asia,
bitget,RIVER,2,1788310307,1,1.34,14.925373,100,100,3955.406,13065.916,27041.832,45453.155,2313.225,9278.708,24211.015,42282.716,7.463,7.463,7.463,9.017,13.614,23.839,7.463,7.463,8.025,11.486,17.487,29.085,1.0,1.0,1.0,1.0,1.0,1.0,1.0,1.0,1.0,1.0,1.0,1.0,W03_00u_asia,asia,
bitget,RUNE,2,1788310307,1,0.46845,2.1347,100,100,1157.56033,5872.67804,26075.21343,50093.64953,2555.40883,14390.38674,26071.81669,57732.66388,3.194,5.771,9.218,13.283,20.629,33.823,2.566,3.951,6.221,10.512,15.522,22.87,1.0,1.0,1.0,1.0,1.0,1.0,1.0,1.0,1.0,1.0,1.0,1.0,W03_00u_asia,asia,
bitget,UAI,2,1788310307,1,0.56609,7.066014,100,100,565.21602,7402.66858,14923.10506,22354.90111,398.76796,5479.13522,14497.85472,25092.18462,5.093,8.234,12.185,15.241,20.499,36.581,6.989,10.522,14.67,17.993,24.686,43.831,1.0,1.0,1.0,1.0,1.0,0.8975,1.0,1.0,1.0,1.0,1.0,0.9993,W03_00u_asia,asia,
bitget,WIF,2,1788310307,1,0.19345,5.169294,100,100,7984.49055,43435.93629,231780.14368,572946.21574,12469.35504,123137.01865,296371.07941,454533.30096,2.585,5.027,6.663,7.209,8.52,12.596,2.585,2.585,5.528,6.641,7.197,10.124,1.0,1.0,1.0,1.0,1.0,1.0,1.0,1.0,1.0,1.0,1.0,1.0,W03_00u_asia,asia,
bitget,USELESS,2,1788310307,1,0.112345,4.450576,100,100,2958.5269,22554.6796,47530.69246,92314.0143,2099.25964,12506.79728,33846.42628,86877.20943,3.526,5.333,7.579,9.573,13.015,19.616,2.718,3.878,6.963,9.184,13.535,22.571,1.0,1.0,1.0,1.0,1.0,1.0,1.0,1.0,1.0,1.0,1.0,1.0,W03_00u_asia,asia,
bitget,XMR,2,1788310307,1,505.275,8.114393,100,100,5746.0249,86831.9177,283001.4141,453916.578,41962.3253,132415.7794,344225.713,512545.6647,5.101,5.173,5.216,6.7,8.336,10.374,4.995,5.12,5.195,5.22,5.328,5.397,1.0,1.0,1.0,1.0,1.0,1.0,1.0,1.0,1.0,1.0,1.0,1.0,W03_00u_asia,asia,
bitget,TAO,2,1788310307,1,218.09,2.751158,100,100,47589.44229,263966.09183,940162.78331,1128423.61951,52744.0829,165675.2275,366851.96696,707441.06933,1.984,2.361,3.273,4.451,6.099,7.395,1.651,1.743,2.121,2.436,2.819,3.797,1.0,1.0,1.0,1.0,1.0,1.0,1.0,1.0,1.0,1.0,1.0,1.0,W03_00u_asia,asia,
bybit,BTW,2,1788310307,1,0.420815,2.138707,200,200,210.3132,1545.8413,5125.3592,12835.7986,480.0007,21398.0913,22876.2637,45115.7152,10.253,15.427,22.49,32.61,48.917,102.145,5.899,9.374,13.279,14.897,16.163,22.16,1.0,1.0,1.0,1.0,1.0,1.0,1.0,1.0,1.0,1.0,1.0,1.0,W03_00u_asia,asia,
bybit,AR,2,1788310307,1,2.232,8.960573,200,200,539.2435,2565.1655,7493.9567,11548.762,622.6864,2165.8311,14102.5748,27405.2953,8.371,11.178,16.629,27.346,41.944,85.828,5.905,9.533,17.509,23.108,29.312,58.099,1.0,1.0,1.0,1.0,1.0,1.0,1.0,1.0,1.0,1.0,1.0,1.0,W03_00u_asia,asia,
bybit,FIL,2,1788310307,1,0.77835,1.284769,200,200,7225.32865,31716.0773,237725.88784,460340.83907,3472.72134,41149.59405,222047.83709,454106.80312,2.946,3.466,4.244,5.493,7.96,13.387,0.642,1.323,3.451,7.045,10.507,14.891,1.0,1.0,1.0,1.0,1.0,1.0,1.0,1.0,1.0,1.0,1.0,1.0,W03_00u_asia,asia,
bybit,KITE,2,1788310307,1,0.12396,9.680542,200,200,991.2,2531.65231,4430.10589,8116.19428,114.47046,599.76771,3009.58099,5817.84707,4.84,4.901,10.034,25.486,57.811,152.313,13.794,20.247,32.404,45.824,90.61,328.047,1.0,1.0,1.0,1.0,1.0,1.0,1.0,1.0,1.0,1.0,1.0,1.0,W03_00u_asia,asia,
bybit,KAS,2,1788310307,1,0.027345,3.656976,200,200,809.2614,8256.2851,32565.7436,111954.5074,4266.6715,14758.8386,46108.1664,114454.1554,8.282,9.407,11.704,15.183,19.499,29.451,5.019,5.252,5.707,7.963,12.15,21.897,1.0,1.0,1.0,1.0,1.0,1.0,1.0,1.0,1.0,1.0,1.0,1.0,W03_00u_asia,asia,
bybit,LDO,2,1788310307,1,0.3635,5.502063,200,200,467.4645,25033.16321,196965.30141,367960.90938,1093.73937,19439.23086,181817.64273,349208.9737,6.456,8.73,11.072,12.475,15.426,20.356,5.564,6.908,9.264,11.443,14.313,20.639,1.0,1.0,1.0,1.0,1.0,1.0,1.0,1.0,1.0,1.0,1.0,1.0,W03_00u_asia,asia,
bybit,ONDO,2,1788310307,1,0.33915,2.948548,200,200,27916.0212,172705.2732,413799.0756,930662.2985,42193.0097,212966.8918,427829.9805,777466.0712,1.474,1.474,1.474,1.939,3.181,5.278,3.693,4.058,4.277,4.35,4.386,4.584,1.0,1.0,1.0,1.0,1.0,1.0,1.0,1.0,1.0,1.0,1.0,1.0,W03_00u_asia,asia,
bybit,MAGMA,2,1788310307,1,0.4417,9.05592,200,200,660.7617,2317.8342,5810.7241,11694.6176,1118.3189,2699.5438,55939.2794,63101.8211,6.466,8.989,16.903,23.922,46.49,92.145,5.874,7.115,13.445,21.944,29.565,35.91,1.0,1.0,1.0,1.0,1.0,1.0,1.0,1.0,1.0,1.0,1.0,1.0,W03_00u_asia,asia,
bitget,ZRO,2,1788310307,1,1.01505,6.896212,100,100,775.9148,20524.2681,82203.1027,152386.7919,770.8194,40682.2423,94188.8122,147733.7173,7.238,8.587,11.974,16.469,18.825,21.92,3.938,6.515,10.117,13.56,15.4,18.869,1.0,1.0,1.0,1.0,1.0,1.0,1.0,1.0,1.0,1.0,1.0,1.0,W03_00u_asia,asia,
bybit,POWER,2,1788310307,1,0.086075,15.103108,200,200,228.67062,1056.62315,2064.74057,12559.65583,47.11858,794.83476,1638.54083,2984.56783,10.818,14.375,30.985,43.06,49.122,214.289,14.199,20.081,39.55,104.945,218.868,250.627,1.0,1.0,1.0,1.0,1.0,1.0,1.0,1.0,1.0,1.0,1.0,0.4584,W03_00u_asia,asia,
bybit,RUNE,2,1788310307,1,0.4688,4.266212,200,200,315.23588,1228.15121,36996.12356,143943.88474,597.5641,1716.71171,31996.36247,132295.40461,9.613,15.335,25.295,35.333,41.131,44.95,5.537,8.337,17.63,29.023,36.909,42.329,1.0,1.0,1.0,1.0,1.0,1.0,1.0,1.0,1.0,1.0,1.0,1.0,W03_00u_asia,asia,
bybit,RIVER,2,1788310307,1,1.3405,7.459903,200,200,371.984,1540.9194,4564.9159,6891.3766,56.8584,664.5303,3223.4756,5850.5153,5.638,9.836,17.98,30.375,63.288,169.125,13.556,18.613,28.437,43.941,71.208,88.908,1.0,1.0,1.0,1.0,1.0,1.0,1.0,1.0,1.0,1.0,1.0,1.0,W03_00u_asia,asia,
bybit,UAI,2,1788310307,1,0.56765,5.284947,200,200,1240.6185,4278.5442,9883.9948,53083.891,535.6896,2506.7153,13833.899,68610.7993,3.984,5.981,10.059,15.976,27.055,46.233,7.229,10.201,15.759,23.669,29.948,46.924,1.0,1.0,1.0,1.0,1.0,1.0,1.0,1.0,1.0,1.0,1.0,1.0,W03_00u_asia,asia,
bybit,TAO,2,1788310307,1,218.215,0.458264,200,200,32741.14036,208748.76572,599555.78892,1311564.3765,31416.09192,167728.83973,443947.69306,977497.53285,0.257,0.726,1.669,2.37,3.531,5.326,0.509,1.181,1.863,2.307,2.87,4.837,1.0,1.0,1.0,1.0,1.0,1.0,1.0,1.0,1.0,1.0,1.0,1.0,W03_00u_asia,asia,
bybit,USELESS,2,1788310307,1,0.11251,5.332859,200,200,837.8812,11559.33993,48630.99784,209680.23139,3017.52984,13633.13,58078.83287,225425.41803,6.63,8.28,10.153,12.321,15.989,25.928,2.666,2.666,4.534,8.062,12.613,23.049,1.0,1.0,1.0,1.0,1.0,1.0,1.0,1.0,1.0,1.0,1.0,1.0,W03_00u_asia,asia,
bybit,WIF,2,1788310307,1,0.19335,5.171968,200,200,10272.8226,51239.9946,127580.4315,236264.3809,15180.3457,74068.7383,144262.3142,213760.4873,4.05,5.904,7.016,7.387,7.573,11.059,2.586,4.66,6.519,7.138,7.448,9.668,1.0,1.0,1.0,1.0,1.0,1.0,1.0,1.0,1.0,1.0,1.0,1.0,W03_00u_asia,asia,
bybit,XMR,2,1788310307,1,505.245,0.197924,200,200,4472.7198,51986.4743,249425.4483,295163.8896,6345.3711,74562.8799,329478.5682,368763.8485,4.753,5.933,7.164,8.569,9.385,12.888,0.94,2.505,4.567,6.452,8.276,11.082,1.0,1.0,1.0,1.0,1.0,1.0,1.0,1.0,1.0,1.0,1.0,1.0,W03_00u_asia,asia,
bybit,ZEN,2,1788310307,1,5.4775,1.82565,200,200,752.2498,3183.3981,8181.5605,13154.6547,532.2631,2845.5364,7694.4031,29055.5643,3.3,6.071,11.547,21.147,35.801,106.139,7.433,9.336,14.246,23.736,38.04,68.984,1.0,1.0,1.0,1.0,1.0,1.0,1.0,1.0,1.0,1.0,1.0,1.0,W03_00u_asia,asia,
bybit,ZRO,2,1788310307,1,1.01465,0.985562,200,200,2485.72159,12258.15432,32936.86117,128833.57625,3372.50816,17916.69441,58032.94057,104980.09337,3.328,4.575,6.824,8.835,12.731,24.797,1.109,1.294,4.852,8.632,12.982,20.138,1.0,1.0,1.0,1.0,1.0,1.0,1.0,1.0,1.0,1.0,1.0,1.0,W03_00u_asia,asia,
dydx,ICP,2,1788310307,1,2.4533,51.359393,41,54,0,0,22101.45776,22101.45776,0,0,15255.45176,64954.18201,25.68,25.68,25.68,25.68,25.68,34.528,25.68,25.68,25.68,25.68,25.68,36.538,1.0,1.0,1.0,1.0,1.0,1.0,1.0,1.0,1.0,1.0,1.0,1.0,W03_00u_asia,asia,
dydx,LDO,2,1788310307,1,0.3635,60.522696,50,45,0,0,17644.818,23444.7669,0,0,17925.876,23725.7544,30.261,30.261,30.261,30.261,30.261,42.967,30.261,30.261,30.261,32.582,34.173,44.766,1.0,1.0,1.0,1.0,1.0,1.0,1.0,1.0,1.0,1.0,1.0,1.0,W03_00u_asia,asia,
dydx,FIL,2,1788310307,1,0.7773,43.741155,45,62,0,20766.7177,20766.7177,32366.9121,0,123.861,15174.2346,18074.3811,21.871,21.871,21.871,21.871,21.871,30.573,29.619,30.891,31.654,31.908,33.29,63.011,1.0,1.0,1.0,1.0,1.0,1.0,1.0,1.0,1.0,1.0,1.0,1.0,W03_00u_asia,asia,
dydx,MORPHO,2,1788310307,1,2.5415,664.961637,17,10,0,0,0,0,0,0,0,0,1575.43,1646.46,1689.078,1703.284,1710.387,1714.648,332.481,350.56,1507.586,1899.77,2095.862,2213.517,1.0,1.0,1.0,1.0,1.0,1.0,1.0,1.0,1.0,1.0,1.0,1.0,W03_00u_asia,asia,
dydx,SPX,2,1788310307,1,0.5811,664.257443,32,26,0,0,0,0,0,0,0,0,580.06,703.9,778.204,802.972,815.356,822.787,344.616,345.256,345.64,345.768,345.832,345.87,1.0,1.0,1.0,1.0,1.0,1.0,1.0,1.0,1.0,1.0,1.0,1.0,W03_00u_asia,asia,
dydx,TAO,2,1788310307,1,218.465,48.978097,38,40,0,14200.3188,29631.396,79731.152,0,8330.76,65529.0005,895261.4855,24.489,24.489,24.489,24.489,24.489,26.46,24.489,24.489,24.489,24.489,24.876,26.017,1.0,1.0,1.0,1.0,1.0,1.0,1.0,1.0,1.0,1.0,1.0,1.0,W03_00u_asia,asia,
dydx,RUNE,2,1788310307,1,0.4705,76.514346,25,22,0,0,7800.1054,23400.0946,0,0,11699.5775,27299.7788,38.257,38.257,38.257,38.257,47.02,74.845,38.257,38.257,38.257,38.731,39.557,61.611,1.0,1.0,1.0,1.0,1.0,1.0,1.0,1.0,1.0,1.0,1.0,1.0,W03_00u_asia,asia,
dydx,ONDO,2,1788310307,1,0.3408,76.29108,46,35,0,0,7099.9635,21300.0879,0,0,21299.8746,49699.8244,38.146,38.146,38.146,38.146,44.046,59.991,38.146,38.146,38.146,38.146,39.004,47.802,1.0,1.0,1.0,1.0,1.0,1.0,1.0,1.0,1.0,1.0,1.0,1.0,W03_00u_asia,asia,
dydx,XMR,2,1788310308,1,507.735,163.668055,53,35,0,0,0,1002.1242,0,0,0,248688.8714,81.834,81.834,188.391,230.673,252.367,265.383,81.834,81.834,81.834,81.834,81.834,81.834,1.0,1.0,1.0,1.0,1.0,1.0,1.0,1.0,1.0,1.0,1.0,1.0,W03_00u_asia,asia,
dydx,ZEC,2,1788310308,1,831.69,37.754452,61,40,0,996.144,996.144,98908.511,0,19748.262,134325.102,379993.642,18.877,18.956,42.86,50.828,54.812,57.202,18.877,18.877,18.877,18.877,18.877,21.675,1.0,1.0,1.0,1.0,1.0,1.0,1.0,1.0,1.0,1.0,1.0,1.0,W03_00u_asia,asia,
dydx,ZEN,2,1788310308,1,5.627,629.10965,25,28,0,0,0,0,0,0,0,0,314.555,314.555,628.099,737.899,792.799,825.739,318.926,319.406,319.694,319.79,319.838,319.867,1.0,1.0,1.0,1.0,1.0,1.0,1.0,1.0,1.0,1.0,1.0,1.0,W03_00u_asia,asia,
hl,ONDO,2,1788310308,1,0.33926,1.179037,20,20,24363.94023,24363.94023,24363.94023,24363.94023,82730.83506,82730.83506,82730.83506,82730.83506,0.59,0.59,0.869,2.003,3.489,5.435,0.59,0.719,1.198,1.483,1.626,1.712,1.0,1.0,1.0,1.0,1.0,0.9751,1.0,1.0,1.0,1.0,1.0,1.0,W03_00u_asia,asia,
okx,USELESS,2,1788310308,1,0.11234,1.78031,400,400,516.16137,2312.45764,5742.34295,13329.38391,929.92905,2825.70941,6649.20711,17066.28474,7.235,9.428,16.203,26.858,44.041,102.931,3.922,6.157,11.942,22.782,40.07,92.923,1.0,1.0,1.0,1.0,1.0,1.0,1.0,1.0,1.0,1.0,1.0,1.0,W03_00u_asia,asia,
dydx,ZRO,2,1788310308,1,1.016,78.740157,16,19,0,0,8700.164,20288.278,0,0,2899.86,20288.38,39.37,39.37,39.37,39.37,46.843,150.127,39.37,39.37,39.37,47.683,58.667,157.843,1.0,1.0,1.0,1.0,1.0,1.0,1.0,1.0,1.0,1.0,1.0,1.0,W03_00u_asia,asia,
dydx,WIF,2,1788310308,1,0.193315,55.350076,36,30,0,0,11588.66487,11588.66487,0,0,21299.92148,49699.92236,27.675,27.675,27.778,27.985,28.089,217.764,27.675,27.675,27.675,27.675,34.018,50.854,1.0,1.0,1.0,1.0,1.0,1.0,1.0,1.0,1.0,1.0,1.0,1.0,W03_00u_asia,asia,
aster,BTW,3,1788310354,1,0.420765,10.219481,299,226,1388.1931,8437.05679,23442.92481,50914.58032,1372.74066,16951.32761,23754.68435,48995.53418,7.909,8.292,9.446,11.504,16.98,29.666,6.905,7.315,9.175,10.834,13.609,23.92,1.0,1.0,1.0,1.0,1.0,1.0,1.0,1.0,1.0,1.0,1.0,1.0,W03_00u_asia,asia,
aster,FIL,3,1788310354,1,0.7805,12.8123,32,24,1204.398,19324.5612,29612.3331,43756.088,1161.4251,10775.4895,12280.2796,13065.6508,6.406,6.406,13.042,16.13,17.674,23.426,6.406,6.406,13.27,16.244,17.731,92.546,1.0,1.0,1.0,1.0,1.0,1.0,1.0,1.0,1.0,1.0,1.0,1.0,W03_00u_asia,asia,
aster,AR,3,1788310354,1,2.2305,22.416499,21,15,0,2375.5062,10472.8716,11067.4572,0,11373.3748,11674.2964,12278.1556,11.208,11.208,16.48,24.892,29.258,401.024,11.208,11.208,11.228,17.425,21.041,440.794,1.0,1.0,1.0,1.0,1.0,1.0,1.0,1.0,1.0,1.0,1.0,1.0,W03_00u_asia,asia,
aster,FET,3,1788310354,1,0.15355,19.53761,26,36,2017.977,11543.2826,12491.7087,13328.2864,3099.3605,12176.5848,13683.2267,14031.3017,9.769,9.769,11.019,13.65,14.966,102.305,9.769,9.769,9.769,12.248,14.265,95.151,1.0,1.0,1.0,1.0,1.0,1.0,1.0,1.0,1.0,1.0,1.0,1.0,W03_00u_asia,asia,
aster,ICP,3,1788310354,1,2.455,8.14664,49,100,431.854,19120.055,23374.832,55698.658,1176.592,9090.614,12513.23,16317.075,6.18,9.2,13.409,15.095,18.83,25.6,4.073,5.037,9.06,10.64,14.784,61.592,1.0,1.0,1.0,1.0,1.0,1.0,1.0,1.0,1.0,1.0,1.0,1.0,W03_00u_asia,asia,
aster,KAS,3,1788310354,1,0.02739,29.20774,15,20,0,2708.78875,14129.21711,30242.07113,0,2010.82802,7690.79238,7690.79238,14.604,14.604,16.52,25.736,31.123,50.972,14.604,15.924,22.393,29.451,60.003,271.434,1.0,1.0,1.0,1.0,1.0,1.0,1.0,1.0,1.0,1.0,1.0,1.0,W03_00u_asia,asia,
aster,KITE,3,1788310354,1,0.124125,10.473313,121,44,1613.79631,8316.22362,11865.98265,14395.85699,114.13061,3915.15778,6928.36609,6928.36609,5.237,6.243,9.704,15.001,19.6,133.601,8.968,9.96,13.104,18.432,144.004,462.135,1.0,1.0,1.0,1.0,1.0,1.0,1.0,1.0,1.0,1.0,1.0,0.6954,W03_00u_asia,asia,
aster,LDO,3,1788310354,1,0.36355,13.753266,46,29,999.8016,10935.1176,11580.7412,11580.7412,999.7224,10765.0359,10765.0359,11597.4776,6.877,6.877,13.081,15.48,17.039,270.055,6.877,6.885,11.831,13.48,15.136,229.626,1.0,1.0,1.0,1.0,1.0,1.0,1.0,1.0,1.0,1.0,1.0,1.0,W03_00u_asia,asia,
aster,MAGMA,3,1788310354,1,0.45071,17.306028,159,120,702.48316,2198.7184,8471.48671,13544.47823,180.8911,2959.64845,5953.86613,14387.66787,8.653,10.837,16.789,20.975,30.644,99.912,10.353,11.295,16.461,24.989,40.376,142.999,1.0,1.0,1.0,1.0,1.0,1.0,1.0,1.0,1.0,1.0,1.0,1.0,W03_00u_asia,asia,
aster,MORPHO,3,1788310354,1,2.6056,14.583973,42,27,999.8208,2926.3441,3042.46011,3142.57187,999.97625,2731.97665,2731.97665,2731.97665,7.292,7.292,11.957,102.035,180.822,1037.788,7.292,7.3,13.973,145.395,231.916,616.601,1.0,1.0,1.0,1.0,1.0,1.0,1.0,1.0,1.0,1.0,1.0,0.6963,W03_00u_asia,asia,
aster,ONDO,3,1788310354,1,0.3389,5.901446,85,239,21252.36355,28907.6741,38805.00604,49737.46722,13336.04861,18127.89559,33668.78684,56179.29911,2.951,2.951,3.764,4.833,5.367,7.998,2.951,2.951,2.951,3.528,4.714,14.295,1.0,1.0,1.0,1.0,1.0,1.0,1.0,1.0,1.0,1.0,1.0,1.0,W03_00u_asia,asia,
aster,POWER,3,1788310354,1,0.085975,29.07822,52,38,0,1123.23076,1363.35596,1578.63626,0,1371.41545,1546.47348,1656.7686,15.415,15.559,106.961,281.206,499.719,802.469,16.291,16.578,82.967,273.396,489.417,646.37,1.0,1.0,1.0,1.0,1.0,0.8074,1.0,1.0,1.0,1.0,1.0,0.762,W03_00u_asia,asia,
aster,RIVER,3,1788310354,1,1.339,14.93652,96,123,1549.9392,6668.2158,14946.1957,21660.4626,1509.108,9174.7122,35617.3313,70717.8156,7.468,7.468,10.303,13.909,21.218,48.912,7.468,7.468,10.432,14.074,18.868,29.432,1.0,1.0,1.0,1.0,1.0,1.0,1.0,1.0,1.0,1.0,1.0,1.0,W03_00u_asia,asia,
aster,SPX,3,1788310354,1,0.5676,24.665257,18,11,0,2807.629,14227.7362,14227.7362,0,1766.2733,1766.2733,1766.2733,12.333,12.333,13.02,21.269,26.491,793.73,12.752,16.947,206.28,1613.287,1869.928,1869.928,1.0,1.0,1.0,1.0,1.0,0.7836,1.0,1.0,1.0,1.0,0.5106,0.2042,W03_00u_asia,asia,
aster,TAO,3,1788310354,1,218.305,0.458075,121,151,1247.30486,78318.18633,135485.73876,169180.49209,22272.25141,72707.90088,100657.27974,140709.88732,3.787,5.436,8.407,10.177,11.549,14.043,0.229,0.229,0.229,0.915,2.092,5.806,1.0,1.0,1.0,1.0,1.0,1.0,1.0,1.0,1.0,1.0,1.0,1.0,W03_00u_asia,asia,
aster,UAI,3,1788310354,1,0.5669,14.111836,123,112,6636.1675,11364.118,48922.2568,71547.8824,1425.2516,6356.6993,18476.7284,25719.287,7.056,7.056,7.056,7.237,9.399,19.391,7.676,8.248,10.824,15.425,23.389,43.501,1.0,1.0,1.0,1.0,1.0,1.0,1.0,1.0,1.0,1.0,1.0,1.0,W03_00u_asia,asia,
aster,WIF,3,1788310354,1,0.19335,15.515904,22,28,1578.11556,11951.30586,11957.30194,30334.54874,7380.9027,15460.51714,18352.37354,24629.22896,7.758,7.758,11.567,14.835,16.468,53.394,7.758,7.758,7.758,7.758,9.115,30.801,1.0,1.0,1.0,1.0,1.0,1.0,1.0,1.0,1.0,1.0,1.0,1.0,W03_00u_asia,asia,
aster,ZEN,3,1788310354,1,5.467,25.608195,8,8,0,13381.4985,13551.7705,13551.7705,0,917.4424,4839.2362,4839.2362,12.804,12.804,16.052,19.001,20.475,391.573,12.804,13.876,20.915,28.55,417.047,417.047,1.0,1.0,1.0,1.0,1.0,0.6762,1.0,1.0,1.0,1.0,0.746,0.2984,W03_00u_asia,asia,
aster,XMR,3,1788310354,1,505.275,4.947801,263,191,13167.65936,42773.64255,77443.6685,122521.08562,9022.36824,37237.13006,67857.66373,126061.87999,2.474,2.526,2.789,3.09,4.437,8.16,3.343,3.601,3.756,4.767,6.808,10.019,1.0,1.0,1.0,1.0,1.0,1.0,1.0,1.0,1.0,1.0,1.0,1.0,W03_00u_asia,asia,
aster,ZRO,3,1788310354,1,1.0151,15.761994,103,244,279.51352,1261.5718,3625.90355,4281.73932,279.38625,8620.54134,8760.72259,9830.31373,10.797,13.902,23.738,48.018,169.542,376.961,9.896,11.154,12.146,12.476,21.215,246.863,1.0,1.0,1.0,1.0,1.0,1.0,1.0,1.0,1.0,1.0,1.0,1.0,W03_00u_asia,asia,
aster,龙虾,3,1788310354,1,0.06513,160.294795,234,66,0,0,0,1655.468291,0,0,0,1616.779492,80.147,80.531,105.746,141.695,208.061,354.17,80.147,81.0,94.542,119.9,215.267,371.23,1.0,1.0,1.0,1.0,1.0,1.0,1.0,1.0,1.0,1.0,1.0,1.0,W03_00u_asia,asia,
binance,AR,3,1788310354,1,2.2305,4.4833,571,1000,1210.927,13052.8913,40594.2297,152543.4417,1936.8264,22525.7427,55042.7213,105745.1295,4.041,5.383,8.499,11.48,15.162,24.034,4.661,5.693,7.324,9.266,11.215,17.886,1.0,1.0,1.0,1.0,1.0,1.0,1.0,1.0,1.0,1.0,1.0,1.0,W03_00u_asia,asia,
aster,USELESS,3,1788310354,1,0.11262,14.207068,76,57,2171.86362,22667.80017,46374.17818,64960.34013,150.0037,4663.5829,11417.81999,15957.89981,7.104,7.104,7.983,10.338,14.416,18.371,9.591,10.123,12.371,16.457,24.036,159.432,1.0,1.0,1.0,1.0,1.0,1.0,1.0,1.0,1.0,1.0,1.0,1.0,W03_00u_asia,asia,
binance,FET,3,1788310354,1,0.15355,6.512537,581,1000,22445.249,90731.6088,202089.3332,347092.4476,22819.5937,72395.5886,145794.7902,243375.6827,3.256,3.256,6.43,8.099,8.934,10.095,3.256,3.256,3.256,3.256,5.374,8.583,1.0,1.0,1.0,1.0,1.0,1.0,1.0,1.0,1.0,1.0,1.0,1.0,W03_00u_asia,asia,
binance,FIL,3,1788310354,1,0.77985,1.282298,1000,1000,67641.15407,209929.26544,402694.48488,814762.25466,83704.607326,261142.269616,437272.940823,904182.978289,0.68,1.302,1.675,1.799,1.861,1.899,0.641,0.641,0.641,1.093,1.508,2.7,1.0,1.0,1.0,1.0,1.0,1.0,1.0,1.0,1.0,1.0,1.0,1.0,W03_00u_asia,asia,
binance,KAS,3,1788310354,1,0.027375,3.652968,421,1000,1267.38364,12061.81804,31980.05691,67637.18583,3677.61928,13298.39435,29679.75021,67213.57637,4.467,6.278,9.79,12.652,16.888,25.199,3.978,4.729,6.796,8.932,13.504,24.695,1.0,1.0,1.0,1.0,1.0,1.0,1.0,1.0,1.0,1.0,1.0,1.0,W03_00u_asia,asia,
binance,LDO,3,1788310354,1,0.36345,2.75141,1000,1000,9998.8692,52472.0745,156464.4518,360251.4325,5068.7765,37075.8577,100555.6787,207980.0548,1.376,1.854,4.209,6.356,7.993,11.87,3.441,3.784,5.545,7.349,9.928,14.266,1.0,1.0,1.0,1.0,1.0,1.0,1.0,1.0,1.0,1.0,1.0,1.0,W03_00u_asia,asia,
binance,KITE,3,1788310354,1,0.123985,4.032746,1000,1000,1191.02536,6300.33251,21636.00913,59570.36645,2386.75713,8288.86019,27971.2174,59938.92092,3.453,5.406,10.935,15.573,20.851,34.182,3.537,4.39,6.12,10.143,16.401,28.289,1.0,1.0,1.0,1.0,1.0,1.0,1.0,1.0,1.0,1.0,1.0,1.0,W03_00u_asia,asia,
binance,MAGMA,3,1788310354,1,0.44976,5.336179,1000,1000,1309.73086,6514.00947,9872.78272,19147.85002,742.15878,8204.81405,15343.86414,31365.39709,3.574,5.786,8.967,12.128,22.466,60.46,6.196,7.789,9.91,13.27,18.544,43.928,1.0,1.0,1.0,1.0,1.0,1.0,1.0,1.0,1.0,1.0,1.0,1.0,W03_00u_asia,asia,
binance,ONDO,3,1788310354,1,0.33885,2.951158,1000,1000,38083.50721,244995.21778,583067.17514,1428845.98416,52412.2366,243219.79936,622095.02389,1034784.50529,1.476,1.476,1.476,1.476,2.108,3.919,1.476,1.476,1.476,1.476,2.705,4.404,1.0,1.0,1.0,1.0,1.0,1.0,1.0,1.0,1.0,1.0,1.0,1.0,W03_00u_asia,asia,
binance,POWER,3,1788310354,1,0.08595,6.980803,923,1000,260.10413,3317.34185,8964.02703,31536.2541,676.84942,2366.37603,5274.65624,8866.84465,8.208,10.905,15.622,22.008,32.51,48.981,4.522,7.941,15.158,26.194,51.5,135.083,1.0,1.0,1.0,1.0,1.0,1.0,1.0,1.0,1.0,1.0,1.0,1.0,W03_00u_asia,asia,
binance,RIVER,3,1788310354,1,1.3395,7.465472,532,1000,1155.557,13036.4899,45216.9528,79626.8896,176.076,9936.8875,29368.2794,52629.4361,3.733,3.733,7.746,9.472,12.308,22.052,8.57,9.884,10.673,12.587,15.684,26.467,1.0,1.0,1.0,1.0,1.0,1.0,1.0,1.0,1.0,1.0,1.0,1.0,W03_00u_asia,asia,
binance,RUNE,3,1788310354,1,0.4686,4.268032,583,1000,4231.0312,17083.7407,51492.664,146934.471,5502.6837,24103.1969,56166.575,127917.8576,2.134,2.134,3.514,6.238,10.056,18.491,3.344,3.806,5.132,6.473,9.002,14.94,1.0,1.0,1.0,1.0,1.0,1.0,1.0,1.0,1.0,1.0,1.0,1.0,W03_00u_asia,asia,
binance,TAO,3,1788310354,1,218.095,0.458516,1000,1000,63965.92763,327356.42367,1079517.84183,2895443.21639,87954.66679,295796.90397,856344.61327,1780144.77336,0.728,0.937,1.403,2.216,2.979,4.856,0.333,0.51,1.035,1.53,2.14,3.575,1.0,1.0,1.0,1.0,1.0,1.0,1.0,1.0,1.0,1.0,1.0,1.0,W03_00u_asia,asia,
binance,UAI,3,1788310355,1,0.56665,5.294273,1000,1000,5166.3235,20411.9745,52536.882,118970.9544,6497.3075,22413.0094,45858.943,141947.2114,2.96,3.686,5.556,7.252,9.78,17.067,3.866,4.139,5.315,6.421,9.207,16.429,1.0,1.0,1.0,1.0,1.0,1.0,1.0,1.0,1.0,1.0,1.0,1.0,W03_00u_asia,asia,
binance,USELESS,3,1788310355,1,0.112585,2.664653,1000,1000,7924.63546,28144.51428,65423.21687,128729.81172,8154.22425,27392.47005,68149.51432,144445.52452,2.123,2.939,4.255,5.731,7.762,13.322,1.558,2.089,3.466,5.208,7.172,12.877,1.0,1.0,1.0,1.0,1.0,1.0,1.0,1.0,1.0,1.0,1.0,1.0,W03_00u_asia,asia,
binance,WIF,3,1788310355,1,0.19335,5.171968,673,1000,11772.28665,58102.87438,162976.26651,427039.56386,17708.12781,75113.4811,158093.04012,320481.68736,2.586,2.586,4.929,6.343,7.051,10.309,2.586,2.586,2.628,5.193,6.476,8.756,1.0,1.0,1.0,1.0,1.0,1.0,1.0,1.0,1.0,1.0,1.0,1.0,W03_00u_asia,asia,
binance,XMR,3,1788310355,1,505.355,0.197881,1000,1000,11347.459,40782.63035,176017.61787,401935.69434,13845.38217,79839.09849,248395.36514,383522.05421,0.186,1.032,1.778,2.443,4.568,9.791,2.359,3.055,4.213,5.583,7.168,9.702,1.0,1.0,1.0,1.0,1.0,1.0,1.0,1.0,1.0,1.0,1.0,1.0,W03_00u_asia,asia,
binance,ZEN,3,1788310355,1,5.4645,1.829994,927,1000,2653.576,35781.8525,114615.5054,251136.3881,5093.0917,31320.6283,75242.255,146737.2623,2.597,3.658,5.987,7.969,9.902,13.834,2.893,3.791,5.359,6.765,9.276,14.854,1.0,1.0,1.0,1.0,1.0,1.0,1.0,1.0,1.0,1.0,1.0,1.0,W03_00u_asia,asia,
binance,ZEC,3,1788310355,1,830.145,0.120461,1000,1000,171653.78517,939384.15813,2412665.95083,5442204.4673,254111.01015,1429716.95985,3218484.8035,5697080.64118,0.06,0.06,0.16,0.329,0.638,1.246,0.06,0.071,0.382,0.601,0.873,1.359,1.0,1.0,1.0,1.0,1.0,1.0,1.0,1.0,1.0,1.0,1.0,1.0,W03_00u_asia,asia,
binance,ZRO,3,1788310355,1,1.0139,1.972581,1000,1000,6374.35792,26789.60244,53535.16494,156814.57334,7833.80797,30505.94236,71907.2529,109493.93051,3.096,3.648,5.312,6.605,9.244,16.474,1.909,2.434,4.193,6.24,8.49,15.363,1.0,1.0,1.0,1.0,1.0,1.0,1.0,1.0,1.0,1.0,1.0,1.0,W03_00u_asia,asia,
binance,龙虾,3,1788310355,1,0.06489,7.08892,1000,1000,1014.146816,6382.379579,15277.924494,23918.893875,396.818483,4956.379749,11603.141454,26272.865313,4.93,7.181,9.593,12.881,20.211,47.12,6.415,8.524,10.958,16.537,24.453,54.276,1.0,1.0,1.0,1.0,1.0,1.0,1.0,1.0,1.0,1.0,1.0,1.0,W03_00u_asia,asia,
bitget,BTW,3,1788310355,1,0.421573,2.443233,100,100,415.028346,3674.120616,13082.023577,26459.790087,471.592141,7796.590625,13672.575915,25225.005517,6.496,12.343,16.672,20.409,26.578,49.141,6.061,8.086,9.338,13.283,20.24,46.912,1.0,1.0,1.0,1.0,1.0,1.0,1.0,1.0,1.0,1.0,1.0,1.0,W03_00u_asia,asia,
bitget,AR,3,1788310355,1,2.2295,4.485311,100,100,333.33,3170.2973,24517.2366,51385.9203,986.9067,30552.2363,41476.1473,83891.863,7.797,10.197,14.942,22.334,27.987,36.003,4.974,5.912,9.093,10.153,12.692,15.82,1.0,1.0,1.0,1.0,1.0,1.0,1.0,1.0,1.0,1.0,1.0,1.0,W03_00u_asia,asia,
bitget,FET,3,1788310355,1,0.15345,6.516781,100,100,22860.6961,74347.8197,180379.5667,298683.1482,16234.5908,52270.1251,120603.2209,274783.7529,6.971,8.373,9.214,9.495,9.635,10.271,3.258,5.091,7.902,8.838,9.307,11.877,1.0,1.0,1.0,1.0,1.0,1.0,1.0,1.0,1.0,1.0,1.0,1.0,W03_00u_asia,asia,
bitget,FIL,3,1788310355,1,0.77975,1.282462,100,100,14614.17314,73034.36837,262346.99015,663617.56396,99995.23694,328777.3093,523322.49664,882065.97161,2.253,2.73,3.016,3.111,3.158,7.432,1.139,1.531,1.767,1.845,1.979,2.715,1.0,1.0,1.0,1.0,1.0,1.0,1.0,1.0,1.0,1.0,1.0,1.0,W03_00u_asia,asia,
bitget,KAS,3,1788310355,1,0.02737,7.307271,100,100,672.39527,24830.29211,54266.41174,97800.84842,2781.9853,14242.13297,43881.24666,90689.16809,5.756,7.727,9.667,10.916,12.765,16.878,6.967,7.137,7.239,8.994,12.634,21.73,1.0,1.0,1.0,1.0,1.0,1.0,1.0,1.0,1.0,1.0,1.0,1.0,W03_00u_asia,asia,
bitget,KITE,3,1788310355,1,0.12394,12.909472,100,100,327.82403,2691.67594,3987.51526,30535.45444,426.57607,2764.29821,12520.4514,31046.45761,9.013,12.55,16.932,29.495,40.163,52.144,8.714,12.151,19.069,21.999,28.123,46.904,1.0,1.0,1.0,1.0,1.0,1.0,1.0,1.0,1.0,1.0,1.0,1.0,W03_00u_asia,asia,
bitget,LDO,3,1788310355,1,0.36325,2.752925,100,100,1226.55589,22011.97254,79758.83902,151968.6196,4585.7932,33218.73541,80528.29794,155348.31232,3.847,5.379,9.334,11.89,13.799,18.993,4.754,5.818,7.879,8.987,11.558,15.274,1.0,1.0,1.0,1.0,1.0,1.0,1.0,1.0,1.0,1.0,1.0,1.0,W03_00u_asia,asia,
bitget,MAGMA,3,1788310355,1,0.450055,10.887558,100,100,243.74624,4400.41137,13678.86299,36643.67918,1247.81736,8094.18428,12558.9486,21759.37267,9.304,10.247,11.948,16.97,21.311,48.327,5.444,5.605,10.342,13.682,17.619,52.243,1.0,1.0,1.0,1.0,1.0,1.0,1.0,1.0,1.0,1.0,1.0,1.0,W03_00u_asia,asia,
bitget,ONDO,3,1788310355,1,0.33895,2.950288,100,100,25462.10913,386061.07466,993862.32278,1826685.51264,127199.33683,396115.1673,1112949.58999,1848847.84492,1.475,2.465,3.641,4.033,4.634,6.279,1.475,1.475,1.475,2.391,3.408,4.019,1.0,1.0,1.0,1.0,1.0,1.0,1.0,1.0,1.0,1.0,1.0,1.0,W03_00u_asia,asia,
bitget,RUNE,3,1788310355,1,0.46835,2.135155,100,100,2136.18008,5807.10547,25840.41293,49858.9521,2083.00265,13765.07588,26399.08943,58059.93662,3.117,5.103,8.115,12.298,19.191,32.188,3.499,4.998,7.462,11.676,17.035,24.567,1.0,1.0,1.0,1.0,1.0,1.0,1.0,1.0,1.0,1.0,1.0,1.0,W03_00u_asia,asia,
bitget,RIVER,3,1788310355,1,1.3385,7.47105,100,100,45.492,8629.644,25399.763,46334.824,62.933,8593.961,20877.468,31488.302,10.527,10.867,11.071,12.494,16.6,27.841,10.267,10.737,11.019,12.298,16.548,31.901,1.0,1.0,1.0,1.0,1.0,1.0,1.0,1.0,1.0,1.0,1.0,1.0,W03_00u_asia,asia,
bitget,POWER,3,1788310355,1,0.08613,4.644143,100,100,393.29731,2084.39304,13864.64996,37128.21916,394.21544,3654.05837,9055.89246,20053.08196,7.027,11.571,17.117,24.801,32.002,49.208,7.692,10.812,15.475,20.81,31.588,69.327,1.0,1.0,1.0,1.0,1.0,1.0,1.0,1.0,1.0,1.0,1.0,1.0,W03_00u_asia,asia,
bitget,TAO,3,1788310355,1,218.02,3.669388,100,100,78406.66895,431639.16504,1071701.45074,1366232.73245,40609.67768,246377.83147,382934.70107,413485.70983,1.835,1.961,2.548,3.388,4.496,5.84,2.194,2.616,3.3,3.732,4.16,5.143,1.0,1.0,1.0,1.0,1.0,1.0,1.0,1.0,1.0,1.0,1.0,1.0,W03_00u_asia,asia,
bitget,USELESS,3,1788310355,1,0.112495,6.222499,100,100,4674.57168,16760.161,51507.63398,87454.76888,1131.27285,15428.18663,35308.73586,74544.77297,3.231,3.616,4.445,6.841,10.522,19.887,4.008,5.762,9.755,13.082,16.985,23.252,1.0,1.0,1.0,1.0,1.0,1.0,1.0,1.0,1.0,1.0,1.0,1.0,W03_00u_asia,asia,
bitget,UAI,3,1788310355,1,0.56565,10.960842,100,100,15.26418,6805.57929,17055.29881,25957.98496,327.70726,3145.3174,14252.57425,27971.75217,12.134,12.255,12.531,13.897,19.797,39.284,9.82,14.684,18.258,21.993,28.003,46.208,1.0,1.0,1.0,1.0,1.0,1.0,1.0,1.0,1.0,1.0,1.0,1.0,W03_00u_asia,asia,
bitget,WIF,3,1788310355,1,0.19335,5.171968,100,100,9048.98122,45064.799,230572.10901,601716.96948,13352.02141,99723.66487,274998.33549,443547.26985,5.529,6.643,7.312,7.535,8.135,12.245,2.586,2.717,5.741,6.75,7.254,9.968,1.0,1.0,1.0,1.0,1.0,1.0,1.0,1.0,1.0,1.0,1.0,1.0,W03_00u_asia,asia,
bybit,BTW,3,1788310355,1,0.420745,2.139063,200,200,252.3064,1528.9215,5049.6742,12764.3588,644.0656,21325.5666,23276.0701,43789.7597,10.057,14.761,21.583,31.571,47.779,101.068,4.03,7.612,13.213,15.698,17.309,22.794,1.0,1.0,1.0,1.0,1.0,1.0,1.0,1.0,1.0,1.0,1.0,1.0,W03_00u_asia,asia,
bybit,AR,3,1788310355,1,2.231,8.96459,200,200,504.9876,2192.2358,7294.1366,13432.9563,215.9037,1484.4631,15297.145,19923.951,6.583,10.188,16.441,26.805,41.568,81.715,10.965,14.167,20.732,26.054,31.794,59.162,1.0,1.0,1.0,1.0,1.0,1.0,1.0,1.0,1.0,1.0,1.0,1.0,W03_00u_asia,asia,
bitget,XMR,3,1788310355,1,505.34,5.540824,100,100,13594.77,94937.2458,294080.38,506651.046,723.1554,91491.0582,357365.4675,515266.8335,3.234,3.398,3.496,4.755,5.679,9.015,6.235,7.991,9.252,10.727,12.405,13.511,1.0,1.0,1.0,1.0,1.0,1.0,1.0,1.0,1.0,1.0,1.0,1.0,W03_00u_asia,asia,
bitget,ZRO,3,1788310355,1,1.0141,3.944384,100,100,1705.8748,23294.0091,58709.8522,142905.9839,520.4909,9561.7324,93582.2953,147261.607,1.972,2.628,7.439,11.058,13.809,19.939,4.833,9.261,14.459,17.831,20.305,26.322,1.0,1.0,1.0,1.0,1.0,1.0,1.0,1.0,1.0,1.0,1.0,1.0,W03_00u_asia,asia,
bybit,FIL,3,1788310355,1,0.77955,1.282791,200,200,6255.21315,33514.39436,234339.40281,493481.63243,10955.31122,47089.30238,253836.47985,487313.16312,1.609,3.65,6.628,8.124,9.352,12.408,0.641,0.919,2.755,4.827,7.101,10.441,1.0,1.0,1.0,1.0,1.0,1.0,1.0,1.0,1.0,1.0,1.0,1.0,W03_00u_asia,asia,
bybit,KITE,3,1788310355,1,0.124045,7.255431,200,200,67.67279,3069.8841,5746.33331,9669.40373,308.19406,1336.48416,3266.58766,6175.35804,10.513,11.101,14.56,20.732,47.837,144.52,8.419,12.639,24.363,40.058,83.181,319.575,1.0,1.0,1.0,1.0,1.0,1.0,1.0,1.0,1.0,1.0,1.0,1.0,W03_00u_asia,asia,
bybit,KAS,3,1788310355,1,0.027325,3.659652,200,200,2089.579,13473.4006,39384.8497,114417.9189,2111.8494,10678.32,31945.0678,73980.9348,1.83,3.319,7.416,10.112,14.64,23.648,6.797,7.973,9.25,11.511,15.899,27.06,1.0,1.0,1.0,1.0,1.0,1.0,1.0,1.0,1.0,1.0,1.0,1.0,W03_00u_asia,asia,
bybit,LDO,3,1788310355,1,0.36325,2.752925,200,200,1854.33957,25321.05849,234599.3057,339879.84648,4269.75767,16967.40219,215036.20802,387704.18522,4.466,6.075,8.92,11.513,14.03,17.649,5.775,6.329,6.661,8.154,12.174,20.316,1.0,1.0,1.0,1.0,1.0,1.0,1.0,1.0,1.0,1.0,1.0,1.0,W03_00u_asia,asia,
bybit,MAGMA,3,1788310355,1,0.45005,2.221975,200,200,992.3757,2330.0519,7338.2203,16004.3533,1059.742,1935.1341,6311.4403,11267.5773,1.703,4.434,13.736,23.241,39.756,80.039,1.111,2.649,15.117,26.158,44.906,89.796,1.0,1.0,1.0,1.0,1.0,1.0,1.0,1.0,1.0,1.0,1.0,1.0,W03_00u_asia,asia,
bybit,RIVER,3,1788310355,1,1.3395,7.465472,200,200,152.2443,901.882,3417.4437,7606.8578,287.43,1148.1247,3528.1516,6420.0522,9.132,14.621,25.636,41.667,74.141,177.868,6.908,11.049,22.611,39.396,69.876,92.9,1.0,1.0,1.0,1.0,1.0,1.0,1.0,1.0,1.0,1.0,1.0,1.0,W03_00u_asia,asia,
bybit,ONDO,3,1788310355,1,0.33895,2.950288,200,200,19250.7919,160748.567,382124.6907,903666.3284,61489.548,211801.557,415892.7357,781137.9214,1.475,1.475,3.097,3.761,5.244,7.2,1.475,1.475,1.475,1.475,1.475,3.004,1.0,1.0,1.0,1.0,1.0,1.0,1.0,1.0,1.0,1.0,1.0,1.0,W03_00u_asia,asia,
bybit,POWER,3,1788310355,1,0.086165,15.087332,200,200,84.378,533.73265,1728.41062,12363.45055,290.827,868.3569,1874.83972,2904.7633,16.694,24.008,41.201,53.353,59.462,228.663,11.098,16.54,37.118,108.563,220.586,248.333,1.0,1.0,1.0,1.0,1.0,1.0,1.0,1.0,1.0,1.0,1.0,0.4492,W03_00u_asia,asia,
bybit,RUNE,3,1788310355,1,0.4688,4.266212,200,200,166.13368,1006.97029,34216.29747,130462.01463,702.41453,1667.30323,21933.79957,141415.14254,10.908,16.327,28.647,37.102,42.015,45.678,5.42,8.061,18.02,30.37,39.494,45.504,1.0,1.0,1.0,1.0,1.0,1.0,1.0,1.0,1.0,1.0,1.0,1.0,W03_00u_asia,asia,
bybit,TAO,3,1788310355,1,218.155,0.45839,200,200,50675.51807,210098.71218,633395.13712,1448829.30884,27855.02034,159448.90607,445077.03046,997213.43114,0.229,0.589,1.571,2.221,3.275,5.039,0.568,0.78,1.505,2.518,3.587,5.909,1.0,1.0,1.0,1.0,1.0,1.0,1.0,1.0,1.0,1.0,1.0,1.0,W03_00u_asia,asia,
bybit,UAI,3,1788310355,1,0.56575,8.837826,200,200,1606.7672,4986.226,13832.8705,63707.4254,1034.9474,3031.8534,8772.8144,59420.2426,4.916,5.821,8.71,14.201,22.724,40.67,5.012,7.232,13.265,21.037,32.814,53.578,1.0,1.0,1.0,1.0,1.0,1.0,1.0,1.0,1.0,1.0,1.0,1.0,W03_00u_asia,asia,
bybit,USELESS,3,1788310355,1,0.11268,8.874689,200,200,1210.38249,11980.14198,47914.32972,194442.12723,3138.64027,14850.53683,70408.81395,197438.2567,7.173,8.338,9.678,11.611,15.185,24.804,4.766,5.045,6.48,8.848,13.036,22.875,1.0,1.0,1.0,1.0,1.0,1.0,1.0,1.0,1.0,1.0,1.0,1.0,W03_00u_asia,asia,
bybit,WIF,3,1788310355,1,0.19325,5.174644,200,200,10090.9625,56647.7466,139707.9848,242071.5364,20109.5277,76803.3306,150183.3965,201913.5166,5.046,6.404,7.219,7.49,7.626,11.183,2.587,2.587,3.077,5.419,6.591,8.309,1.0,1.0,1.0,1.0,1.0,1.0,1.0,1.0,1.0,1.0,1.0,1.0,W03_00u_asia,asia,
bybit,XMR,3,1788310355,1,505.535,0.19781,200,200,3987.0501,44122.8814,304947.6818,340667.288,13676.8372,104941.0356,361884.7174,384118.1424,0.099,0.099,1.417,5.471,9.836,14.009,1.152,1.318,2.467,3.391,4.135,7.808,1.0,1.0,1.0,1.0,1.0,1.0,1.0,1.0,1.0,1.0,1.0,1.0,W03_00u_asia,asia,
bybit,ZEN,3,1788310355,1,5.464,7.320644,200,200,476.1533,2504.2452,7531.8857,12884.6268,932.2618,2647.6852,7965.4092,13128.413,6.667,9.19,14.847,25.369,40.027,103.296,6.015,7.249,13.266,23.927,37.383,76.191,1.0,1.0,1.0,1.0,1.0,1.0,1.0,1.0,1.0,1.0,1.0,1.0,W03_00u_asia,asia,
bybit,ZRO,3,1788310355,1,1.0143,5.91541,200,200,1037.31829,9734.3656,35133.37119,106086.47987,5653.70766,16712.37826,41761.50497,141322.14974,5.779,7.802,9.613,11.331,14.717,23.841,5.378,7.126,8.174,8.863,12.702,20.528,1.0,1.0,1.0,1.0,1.0,1.0,1.0,1.0,1.0,1.0,1.0,1.0,W03_00u_asia,asia,
dydx,FIL,3,1788310355,1,0.77935,65.439148,44,57,0,0,23689.9027,35289.8911,0,0,5153.5188,5153.5188,32.72,32.72,32.72,32.72,32.72,37.858,32.72,32.72,32.72,32.72,105.746,152.005,1.0,1.0,1.0,1.0,1.0,1.0,1.0,1.0,1.0,1.0,1.0,1.0,W03_00u_asia,asia,
dydx,ICP,3,1788310355,1,2.453,53.811659,37,51,0,0,22097.22886,36297.12778,0,0,29455.4138,36555.4398,26.906,26.906,26.906,26.906,27.023,29.839,26.906,26.906,26.906,26.906,26.906,35.694,1.0,1.0,1.0,1.0,1.0,1.0,1.0,1.0,1.0,1.0,1.0,1.0,W03_00u_asia,asia,
dydx,LDO,3,1788310355,1,0.36325,57.811425,50,43,0,0,17636.8903,23436.8785,0,0,7845.8894,13645.8836,28.906,28.906,28.906,28.906,28.906,41.659,28.906,28.906,28.906,33.549,40.938,79.545,1.0,1.0,1.0,1.0,1.0,1.0,1.0,1.0,1.0,1.0,1.0,1.0,W03_00u_asia,asia,
dydx,MORPHO,3,1788310355,1,2.607,99.731492,18,11,0,0,1001.284,1001.284,0,0,1000.84,1000.84,49.866,49.866,1144.605,1537.013,1733.217,1850.939,49.866,52.208,1180.671,1576.143,1773.879,1892.52,1.0,1.0,1.0,1.0,1.0,1.0,1.0,1.0,1.0,1.0,1.0,1.0,W03_00u_asia,asia,
dydx,ONDO,3,1788310356,1,0.34015,85.256504,45,29,0,0,21300.1656,49700.1666,0,0,7100.156,21300.0428,42.628,42.628,42.628,42.628,42.628,49.842,42.628,42.628,42.628,42.628,46.935,60.789,1.0,1.0,1.0,1.0,1.0,1.0,1.0,1.0,1.0,1.0,1.0,1.0,W03_00u_asia,asia,
dydx,SPX,3,1788310356,1,0.5811,664.257443,29,23,0,0,0,0,0,0,0,0,579.2,702.61,776.656,801.338,813.679,821.083,346.177,346.897,347.329,347.473,347.545,347.588,1.0,1.0,1.0,1.0,1.0,1.0,1.0,1.0,1.0,1.0,1.0,1.0,W03_00u_asia,asia,
dydx,TAO,3,1788310356,1,218.515,45.305814,55,57,0,8332.7244,46298.6153,907749.7803,0,58429.7752,82196.5176,1400347.3451,22.653,22.653,22.653,22.653,23.634,26.789,22.653,22.653,22.653,22.653,22.73,22.958,1.0,1.0,1.0,1.0,1.0,1.0,1.0,1.0,1.0,1.0,1.0,1.0,W03_00u_asia,asia,
dydx,XMR,3,1788310356,1,508.53,187.206261,50,31,0,0,0,1002.5023,0,0,0,771998.4926,93.603,93.603,194.145,228.333,245.427,255.684,93.603,93.603,93.603,93.603,93.603,93.603,1.0,1.0,1.0,1.0,1.0,1.0,1.0,1.0,1.0,1.0,1.0,1.0,W03_00u_asia,asia,
dydx,WIF,3,1788310356,1,0.193275,52.257147,51,46,0,0,23483.96401,37684.02429,0,0,30942.82914,59342.74026,26.129,26.129,26.232,26.439,26.542,29.111,26.129,26.129,26.129,26.129,26.168,32.95,1.0,1.0,1.0,1.0,1.0,1.0,1.0,1.0,1.0,1.0,1.0,1.0,W03_00u_asia,asia,
dydx,ZEC,3,1788310356,1,831.7,36.31117,88,56,0,996.228,20790.503,805020.225,0,11414.977,134341.612,380015.911,18.156,18.182,26.102,28.742,31.161,43.647,18.156,18.156,18.156,18.156,18.156,25.415,1.0,1.0,1.0,1.0,1.0,1.0,1.0,1.0,1.0,1.0,1.0,1.0,W03_00u_asia,asia,
hl,ONDO,3,1788310357,1,0.338995,0.29499,20,20,36232.78797,36232.78797,36232.78797,36232.78797,98469.05525,98469.05525,98469.05525,98469.05525,0.206,0.347,0.909,2.11,3.396,5.09,0.147,0.147,0.387,0.71,0.871,0.968,1.0,1.0,1.0,1.0,1.0,1.0,1.0,1.0,1.0,1.0,1.0,1.0,W03_00u_asia,asia,
dydx,RUNE,3,1788310356,1,0.47055,65.880353,29,23,0,0,11700.3094,27300.2986,0,0,11699.8145,27300.0158,32.94,32.94,32.94,34.326,36.821,59.728,32.94,32.94,32.94,34.359,36.837,59.876,1.0,1.0,1.0,1.0,1.0,1.0,1.0,1.0,1.0,1.0,1.0,1.0,W03_00u_asia,asia,
dydx,ZEN,3,1788310356,1,5.3195,652.316947,36,35,0,0,0,0,0,0,0,0,343.157,344.057,344.597,344.777,344.867,344.921,326.158,344.002,669.418,777.89,832.126,864.667,1.0,1.0,1.0,1.0,1.0,1.0,1.0,1.0,1.0,1.0,1.0,1.0,W03_00u_asia,asia,
okx,USELESS,3,1788310357,1,0.112495,2.666785,400,400,546.4548,2302.45315,4906.3255,12013.03041,903.18252,2500.97568,5639.00011,15812.80115,6.794,8.898,15.491,27.419,44.67,103.509,4.092,6.221,13.02,22.992,40.98,98.748,1.0,1.0,1.0,1.0,1.0,1.0,1.0,1.0,1.0,1.0,1.0,1.0,W03_00u_asia,asia,
dydx,ZRO,3,1788310356,1,1.017,98.328417,28,22,0,0,8697.128,8697.128,0,0,8700.286,20288.956,49.164,49.164,49.164,49.164,56.597,143.524,49.164,49.164,49.164,49.164,54.444,137.653,1.0,1.0,1.0,1.0,1.0,1.0,1.0,1.0,1.0,1.0,1.0,1.0,W03_00u_asia,asia,
aster,AR,1,1788314224,1,2.193,18.239854,21,15,294.4704,1588.4916,10438.8806,11609.5046,2308.701,11166.2606,11462.2094,11759.099,10.992,12.336,20.851,28.528,32.504,473.999,9.12,9.12,9.825,14.033,16.136,516.039,1.0,1.0,1.0,1.0,1.0,1.0,1.0,1.0,1.0,1.0,1.0,1.0,W03b_01u_asia,asia,
aster,FIL,1,1788314224,1,0.768,26.041667,32,23,0,15010.4968,20531.4385,47443.6956,0,11365.2048,15301.1707,25225.1202,13.021,13.021,13.021,13.021,13.021,23.751,13.021,13.021,13.021,13.021,13.021,41.993,1.0,1.0,1.0,1.0,1.0,1.0,1.0,1.0,1.0,1.0,1.0,1.0,W03b_01u_asia,asia,
aster,BTW,1,1788314224,1,0.428645,10.964784,254,282,2107.92249,7122.43866,14022.42267,31583.63008,1608.84707,15946.97882,21573.80791,38456.23404,8.266,8.391,9.494,13.858,20.016,38.184,5.677,5.697,7.87,9.608,10.905,23.826,1.0,1.0,1.0,1.0,1.0,1.0,1.0,1.0,1.0,1.0,1.0,1.0,W03b_01u_asia,asia,
aster,FET,1,1788314224,1,0.15155,19.795447,26,35,1351.0936,10647.2571,11843.0677,12588.9652,11591.397,19449.1041,29017.6536,39821.9072,9.898,9.898,12.927,14.711,15.604,112.238,9.898,9.898,9.898,9.898,9.898,19.246,1.0,1.0,1.0,1.0,1.0,1.0,1.0,1.0,1.0,1.0,1.0,1.0,W03b_01u_asia,asia,
aster,ICP,1,1788314224,1,2.439,8.200082,48,115,475.291,19032.888,39822.697,66575.056,434.447,10370.457,14267.91,18408.495,6.88,9.59,11.256,13.828,16.454,24.738,7.72,10.01,11.384,13.314,16.032,54.445,1.0,1.0,1.0,1.0,1.0,1.0,1.0,1.0,1.0,1.0,1.0,1.0,W03b_01u_asia,asia,
aster,KAS,1,1788314224,1,0.027385,32.864707,15,20,0,3153.90572,16008.7443,39429.52113,0,2010.17491,7688.78192,7688.78192,16.432,16.432,18.349,25.936,32.139,48.355,16.432,17.094,21.051,26.045,58.169,276.392,1.0,1.0,1.0,1.0,1.0,1.0,1.0,1.0,1.0,1.0,1.0,1.0,W03b_01u_asia,asia,
aster,KITE,1,1788314224,1,0.124185,12.078753,128,45,977.51732,9052.23565,12667.60393,15311.42773,1501.05384,4844.86865,7380.52312,7380.52312,6.661,7.099,10.354,14.028,17.625,111.482,6.039,6.845,10.081,15.858,141.988,470.762,1.0,1.0,1.0,1.0,1.0,1.0,1.0,1.0,1.0,1.0,1.0,0.699,W03b_01u_asia,asia,
aster,LDO,1,1788314224,1,0.36185,13.81788,45,28,1095.648,10841.0148,11665.9399,11687.1091,1332.1659,11086.9378,11086.9378,11919.9197,6.909,6.909,14.667,17.697,19.212,545.071,6.909,6.909,12.077,15.02,16.818,317.468,1.0,1.0,1.0,1.0,1.0,0.7288,1.0,1.0,1.0,1.0,1.0,0.9242,W03b_01u_asia,asia,
aster,MAGMA,1,1788314225,1,0.47218,16.942691,139,120,150.02127,4256.50748,12243.70538,21136.71513,942.82074,2620.89154,10392.13255,15210.16414,10.998,12.594,14.445,19.954,30.344,61.491,8.585,8.843,13.269,22.182,32.702,115.087,1.0,1.0,1.0,1.0,1.0,1.0,1.0,1.0,1.0,1.0,1.0,1.0,W03b_01u_asia,asia,
aster,MORPHO,1,1788314225,1,2.60015,18.07588,43,28,999.89322,2823.46986,2923.50562,3134.08839,999.8805,2738.6507,2738.6507,2744.40106,9.038,9.038,9.96,105.4,189.711,320.179,9.038,9.042,15.475,129.445,207.695,313.617,1.0,1.0,1.0,1.0,1.0,1.0,1.0,1.0,1.0,1.0,1.0,1.0,W03b_01u_asia,asia,
aster,POWER,1,1788314225,1,0.085965,24.428547,61,48,0,1123.1918,1393.291,1563.37594,0,1123.58788,1328.70314,1669.73527,12.214,12.214,86.659,240.349,540.45,948.131,13.09,13.234,68.246,210.61,518.053,734.203,1.0,1.0,1.0,1.0,1.0,0.5946,1.0,1.0,1.0,1.0,1.0,0.5938,W03b_01u_asia,asia,
aster,ONDO,1,1788314225,1,0.3365,5.943536,88,245,13549.96683,23002.03461,27802.36414,46713.15051,21104.8744,26214.71361,44373.88001,62974.53409,2.972,2.972,3.806,4.875,6.766,13.629,2.972,2.972,2.972,2.972,2.972,6.253,1.0,1.0,1.0,1.0,1.0,1.0,1.0,1.0,1.0,1.0,1.0,1.0,W03b_01u_asia,asia,
aster,RIVER,1,1788314225,1,1.316,15.197568,74,144,2562.935,9315.9207,16341.1426,23019.3101,2555.3751,9713.5598,33919.3758,89078.2933,7.599,7.599,7.599,11.3,17.473,43.941,7.599,7.599,7.599,11.317,15.687,28.381,1.0,1.0,1.0,1.0,1.0,1.0,1.0,1.0,1.0,1.0,1.0,1.0,W03b_01u_asia,asia,
aster,SPX,1,1788314225,1,0.55325,23.497515,17,13,0,2775.1572,14195.0677,14195.0677,0,3315.2033,6894.4881,6894.4881,11.749,11.749,11.749,20.583,26.107,758.52,11.749,11.749,13.699,21.519,793.444,972.745,1.0,1.0,1.0,1.0,1.0,0.7792,1.0,1.0,1.0,1.0,1.0,0.4079,W03b_01u_asia,asia,
aster,UAI,1,1788314225,1,0.57985,8.62292,144,94,4596.8911,20873.4336,48910.0642,117852.1149,1331.442,13694.5746,25976.6857,47101.0756,4.311,4.311,4.311,5.856,8.784,15.013,4.311,4.313,7.988,9.599,10.586,23.767,1.0,1.0,1.0,1.0,1.0,1.0,1.0,1.0,1.0,1.0,1.0,1.0,W03b_01u_asia,asia,
aster,USELESS,1,1788314225,1,0.10952,16.435354,61,68,1114.10683,4472.82224,9229.2519,48835.95944,100.07393,4772.05914,13956.8626,18940.26508,8.218,8.218,10.727,15.925,28.02,53.386,12.419,13.97,14.982,17.786,26.177,80.876,1.0,1.0,1.0,1.0,1.0,1.0,1.0,1.0,1.0,1.0,1.0,1.0,W03b_01u_asia,asia,
aster,WIF,1,1788314225,1,0.19115,15.694481,21,31,1623.2135,11999.50138,11999.50138,17678.18669,6227.36977,14300.70347,17495.13841,30851.1123,7.847,7.847,9.679,13.781,16.046,54.88,7.847,7.847,7.847,7.847,9.823,32.004,1.0,1.0,1.0,1.0,1.0,1.0,1.0,1.0,1.0,1.0,1.0,1.0,W03b_01u_asia,asia,
aster,XMR,1,1788314225,1,504.475,3.766292,266,188,23404.44355,44340.21824,80440.29924,131325.81967,7809.74317,33471.61889,63611.03133,117170.50436,1.883,1.935,2.023,2.636,4.312,7.472,1.883,1.92,4.729,6.057,7.832,11.192,1.0,1.0,1.0,1.0,1.0,1.0,1.0,1.0,1.0,1.0,1.0,1.0,W03b_01u_asia,asia,
aster,ZEN,1,1788314225,1,5.341,22.467703,7,9,0,13371.6405,13371.6405,13541.2725,0,5295.3005,5295.3005,5295.3005,11.234,11.234,15.618,19.043,20.755,391.495,11.496,12.301,16.496,19.482,394.998,394.998,1.0,1.0,1.0,1.0,1.0,0.6762,1.0,1.0,1.0,1.0,0.7929,0.3171,W03b_01u_asia,asia,
aster,ZRO,1,1788314225,1,1.00065,10.992855,101,250,283.18584,3127.64326,19499.86502,19678.00582,354.18807,1481.7632,1481.7632,2101.74844,9.392,11.941,13.472,20.338,24.909,78.514,8.247,11.318,51.889,163.694,250.782,446.64,1.0,1.0,1.0,1.0,1.0,1.0,1.0,1.0,1.0,1.0,1.0,1.0,W03b_01u_asia,asia,
aster,TAO,1,1788314225,1,216.555,0.461776,105,143,1394.91673,53654.05086,120592.77005,158927.27456,38232.02538,79365.80225,110113.75712,147716.8199,4.965,6.403,8.78,9.816,11.065,13.239,0.382,0.537,0.63,0.829,1.836,4.948,1.0,1.0,1.0,1.0,1.0,1.0,1.0,1.0,1.0,1.0,1.0,1.0,W03b_01u_asia,asia,
aster,龙虾,1,1788314225,1,0.062784,14.812573,242,75,214.18647,3361.934295,4742.140817,5505.593834,47.374574,445.973096,991.067672,2058.67514,9.854,13.514,15.965,23.717,85.255,246.152,17.36,28.411,62.797,98.232,202.605,360.669,1.0,1.0,1.0,1.0,1.0,1.0,1.0,1.0,1.0,1.0,1.0,1.0,W03b_01u_asia,asia,
binance,AR,1,1788314225,1,2.1925,4.561003,538,1000,1272.2365,8924.9758,36783.6854,120893.3777,5071.463,20284.2648,60667.2352,120656.2763,4.004,5.423,8.513,10.88,15.853,24.781,3.094,4.968,6.092,6.467,8.904,15.247,1.0,1.0,1.0,1.0,1.0,1.0,1.0,1.0,1.0,1.0,1.0,1.0,W03b_01u_asia,asia,
binance,FET,1,1788314225,1,0.15155,6.598482,565,1000,18361.5997,82444.128,217457.2288,427728.7696,25122.295,76632.1047,138395.1948,213746.5813,3.299,3.299,3.299,6.043,7.97,10.875,3.299,3.299,3.299,3.299,6.577,8.569,1.0,1.0,1.0,1.0,1.0,1.0,1.0,1.0,1.0,1.0,1.0,1.0,W03b_01u_asia,asia,
binance,FIL,1,1788314225,1,0.76765,1.302677,1000,1000,48997.65377,138040.19727,316158.80257,935334.70962,108548.02729,277203.84073,448310.96443,881824.50034,0.651,0.651,1.027,1.49,2.054,3.951,0.651,0.651,1.094,1.671,2.464,3.417,1.0,1.0,1.0,1.0,1.0,1.0,1.0,1.0,1.0,1.0,1.0,1.0,W03b_01u_asia,asia,
binance,KAS,1,1788314225,1,0.02737,7.307271,425,1000,743.59744,10567.42987,33048.94237,67028.96413,2003.66178,15377.02208,30030.35327,60430.20718,5.006,7.092,9.413,11.982,15.815,25.107,3.654,4.853,7.053,10.332,14.17,23.922,1.0,1.0,1.0,1.0,1.0,1.0,1.0,1.0,1.0,1.0,1.0,1.0,W03b_01u_asia,asia,
binance,KITE,1,1788314225,1,0.12408,3.223727,1000,1000,1396.09632,10652.38918,26037.83246,64774.13961,741.6451,6753.61553,20254.60938,48711.83137,3.363,5.598,8.894,12.096,16.443,28.77,6.013,7.867,10.378,13.345,19.625,34.209,1.0,1.0,1.0,1.0,1.0,1.0,1.0,1.0,1.0,1.0,1.0,1.0,W03b_01u_asia,asia,
binance,MAGMA,1,1788314225,1,0.47081,1.274399,1000,1000,1233.59357,9870.38006,15217.82579,35130.71271,3672.46953,10232.40601,16594.37541,58103.38647,5.21,6.62,9.042,12.191,15.513,41.033,1.532,1.722,3.928,7.351,12.943,35.737,1.0,1.0,1.0,1.0,1.0,1.0,1.0,1.0,1.0,1.0,1.0,1.0,W03b_01u_asia,asia,
binance,LDO,1,1788314225,1,0.36185,2.763576,1000,1000,8449.0707,37897.2771,107046.5997,283519.1079,6061.8688,45390.7816,98214.743,211440.5894,2.679,3.412,3.987,5.448,7.838,14.116,2.695,3.42,4.592,6.954,9.403,12.978,1.0,1.0,1.0,1.0,1.0,1.0,1.0,1.0,1.0,1.0,1.0,1.0,W03b_01u_asia,asia,
binance,ONDO,1,1788314225,1,0.33645,2.97221,1000,1000,42442.17557,227122.3919,697745.83552,1563554.60468,70027.50415,258540.24864,531502.84477,936254.29023,1.486,1.486,1.486,1.486,2.609,4.088,1.486,1.486,1.486,1.486,1.951,3.455,1.0,1.0,1.0,1.0,1.0,1.0,1.0,1.0,1.0,1.0,1.0,1.0,W03b_01u_asia,asia,
binance,RIVER,1,1788314225,1,1.3165,7.595898,514,1000,2884.1456,14680.9244,47366.0618,85669.0899,1385.6157,14713.9517,39292.6249,66227.4782,3.798,3.798,3.798,7.011,10.452,19.962,3.798,3.798,7.185,9.29,11.978,20.33,1.0,1.0,1.0,1.0,1.0,1.0,1.0,1.0,1.0,1.0,1.0,1.0,W03b_01u_asia,asia,
binance,POWER,1,1788314225,1,0.085945,5.817674,929,1000,1009.72295,2231.49034,4553.34709,31972.11926,618.09949,2405.78315,5460.03045,9438.04018,7.401,8.079,15.159,28.649,46.347,59.372,2.953,7.459,14.771,26.715,50.713,134.106,1.0,1.0,1.0,1.0,1.0,1.0,1.0,1.0,1.0,1.0,1.0,1.0,W03b_01u_asia,asia,
binance,RUNE,1,1788314225,1,0.46565,2.147536,579,1000,3508.1589,14833.4856,31018.8611,113774.9289,7544.8161,28926.2424,63945.4242,135101.5688,1.074,1.3,3.934,7.341,12.299,22.977,1.074,2.01,3.396,5.215,7.999,14.105,1.0,1.0,1.0,1.0,1.0,1.0,1.0,1.0,1.0,1.0,1.0,1.0,W03b_01u_asia,asia,
binance,TAO,1,1788314225,1,216.315,0.462289,1000,1000,48899.71365,224163.20834,861552.33343,2450198.16755,94393.50264,296540.43579,861321.49404,1742794.31847,0.895,1.111,1.505,1.793,2.215,3.678,0.231,0.269,1.05,1.623,2.263,3.384,1.0,1.0,1.0,1.0,1.0,1.0,1.0,1.0,1.0,1.0,1.0,1.0,W03b_01u_asia,asia,
binance,UAI,1,1788314225,1,0.5798,3.449465,1000,1000,10034.4139,26441.3214,52940.0192,101622.059,15206.1632,47050.654,71971.7085,199249.4004,1.725,1.725,1.725,2.431,5.369,11.747,1.941,2.695,3.148,3.963,4.838,8.129,1.0,1.0,1.0,1.0,1.0,1.0,1.0,1.0,1.0,1.0,1.0,1.0,W03b_01u_asia,asia,
binance,USELESS,1,1788314225,1,0.10938,1.828488,1000,1000,5128.95575,19173.80059,53230.36778,142792.48273,7177.70224,25752.65726,67852.34146,161048.41695,3.69,4.41,6.174,7.596,9.893,17.946,1.21,2.298,3.999,5.253,7.775,14.042,1.0,1.0,1.0,1.0,1.0,1.0,1.0,1.0,1.0,1.0,1.0,1.0,W03b_01u_asia,asia,
binance,WIF,1,1788314225,1,0.19115,5.231494,654,1000,10761.38741,50874.57001,144276.61063,352090.44272,17083.10831,61628.85721,130970.68363,326516.42349,2.616,2.616,2.616,4.546,6.197,11.13,2.616,2.616,2.616,4.747,6.297,8.886,1.0,1.0,1.0,1.0,1.0,1.0,1.0,1.0,1.0,1.0,1.0,1.0,W03b_01u_asia,asia,
binance,XMR,1,1788314225,1,504.625,0.198167,1000,1000,18431.12476,44251.04226,181862.23361,434578.29098,27392.62875,98706.15794,273277.74055,396802.96399,0.099,0.099,1.546,3.929,5.769,8.412,0.736,1.159,2.318,3.278,4.368,6.393,1.0,1.0,1.0,1.0,1.0,1.0,1.0,1.0,1.0,1.0,1.0,1.0,W03b_01u_asia,asia,
binance,ZEC,1,1788314225,1,820.895,0.121818,1000,1000,185539.82222,775715.45661,3196642.32078,7199730.50987,266881.72987,958594.84457,2734520.81808,4982703.86539,0.421,0.721,0.915,1.169,1.624,2.535,0.061,0.061,0.061,0.061,0.148,0.442,1.0,1.0,1.0,1.0,1.0,1.0,1.0,1.0,1.0,1.0,1.0,1.0,W03b_01u_asia,asia,
binance,ZEN,1,1788314225,1,5.3395,1.872835,877,1000,2939.006,24219.6049,75469.9787,212069.2377,8579.758,30995.1449,78875.3836,143660.9486,3.384,4.582,6.476,8.359,11.633,16.275,2.756,3.719,4.297,5.356,7.058,12.642,1.0,1.0,1.0,1.0,1.0,1.0,1.0,1.0,1.0,1.0,1.0,1.0,W03b_01u_asia,asia,
binance,ZRO,1,1788314225,1,0.9999,2.0002,1000,1000,5266.71905,22447.4846,69961.43238,141281.85636,3691.84538,19765.0403,52660.74172,92817.26617,1.771,2.419,4.048,5.822,8.783,15.817,1.0,1.456,3.617,6.662,10.832,18.087,1.0,1.0,1.0,1.0,1.0,1.0,1.0,1.0,1.0,1.0,1.0,1.0,W03b_01u_asia,asia,
binance,龙虾,1,1788314225,1,0.062784,0.159278,1000,1000,596.920325,1703.920697,7952.697041,16431.642072,3703.922112,7289.906447,12579.223092,38776.963233,4.005,8.27,17.145,24.68,38.098,79.431,0.08,1.062,2.002,5.905,14.953,41.469,1.0,1.0,1.0,1.0,1.0,1.0,1.0,1.0,1.0,1.0,1.0,1.0,W03b_01u_asia,asia,
bitget,AR,1,1788314225,1,2.1915,4.563085,100,100,348.6694,4722.739,25519.0753,72306.6095,588.9504,5054.4086,26173.4485,85776.9456,7.796,10.601,15.635,18.33,21.713,29.407,5.057,7.828,12.13,16.332,20.693,32.513,1.0,1.0,1.0,1.0,1.0,1.0,1.0,1.0,1.0,1.0,1.0,1.0,W03b_01u_asia,asia,
bitget,FET,1,1788314225,1,0.15145,6.602839,100,100,24328.3964,54484.9293,145480.0729,222315.7631,16174.961,52367.0751,132485.7583,212725.0949,3.301,3.301,3.301,3.301,4.496,7.913,3.301,3.301,6.868,8.386,9.145,11.935,1.0,1.0,1.0,1.0,1.0,1.0,1.0,1.0,1.0,1.0,1.0,1.0,W03b_01u_asia,asia,
bitget,BTW,1,1788314225,1,0.429261,9.295055,100,100,312.770702,5813.963182,13058.979806,24855.384141,54.115988,5844.957915,14041.475629,27771.031748,7.103,8.783,9.808,13.622,20.99,48.046,11.04,11.385,11.669,15.705,22.89,47.618,1.0,1.0,1.0,1.0,1.0,1.0,1.0,1.0,1.0,1.0,1.0,1.0,W03b_01u_asia,asia,
bitget,FIL,1,1788314225,1,0.76735,1.303186,100,100,6526.66266,156728.07195,288064.06807,709026.47356,28329.61922,90702.20658,447786.30402,918540.1322,1.728,1.841,3.068,5.143,8.172,12.49,1.419,2.339,3.927,4.915,6.041,7.477,1.0,1.0,1.0,1.0,1.0,1.0,1.0,1.0,1.0,1.0,1.0,1.0,W03b_01u_asia,asia,
bitget,MAGMA,1,1788314225,1,0.47088,14.01631,100,100,710.42715,3446.97775,19308.99857,51005.00086,229.96693,7891.54251,12406.71614,38715.38226,8.257,9.856,14.161,19.336,24.144,37.031,10.67,13.072,15.073,16.987,20.372,42.053,1.0,1.0,1.0,1.0,1.0,1.0,1.0,1.0,1.0,1.0,1.0,1.0,W03b_01u_asia,asia,
bitget,LDO,1,1788314225,1,0.3618,5.527916,100,100,1523.52983,22687.21783,64302.57892,117946.21365,4800.2325,43337.74283,54821.67799,112497.97758,4.607,5.881,8.406,10.322,14.786,20.912,2.764,2.764,4.2,6.122,9.566,16.252,1.0,1.0,1.0,1.0,1.0,1.0,1.0,1.0,1.0,1.0,1.0,1.0,W03b_01u_asia,asia,
bitget,KAS,1,1788314225,1,0.02739,7.301935,100,100,1002.85407,11863.04012,42697.481,95627.5526,3514.7176,35817.03874,50887.17394,83899.55256,6.957,7.129,9.418,10.774,14.073,23.876,3.651,3.651,4.513,6.994,10.256,14.825,1.0,1.0,1.0,1.0,1.0,1.0,1.0,1.0,1.0,1.0,1.0,1.0,W03b_01u_asia,asia,
bitget,KITE,1,1788314225,1,0.12408,12.894907,100,100,338.2441,6316.89061,14426.48448,54027.36546,439.58136,1791.97449,11101.49935,32389.14741,8.646,11.346,16.629,19.075,22.644,43.035,8.036,11.059,18.856,23.868,29.482,51.171,1.0,1.0,1.0,1.0,1.0,1.0,1.0,1.0,1.0,1.0,1.0,1.0,W03b_01u_asia,asia,
bitget,ONDO,1,1788314225,1,0.33645,2.97221,100,100,89891.76194,378631.59958,886739.85556,1813060.13883,47418.49446,331046.37865,1029822.983,1682806.71362,1.486,1.486,1.486,2.387,3.423,4.044,2.033,3.246,3.973,4.216,5.737,6.753,1.0,1.0,1.0,1.0,1.0,1.0,1.0,1.0,1.0,1.0,1.0,1.0,W03b_01u_asia,asia,
bitget,RIVER,1,1788314225,1,1.316,15.197568,100,100,2754.925,17632.788,32783.226,58152.309,791.517,6781.817,16493.653,32065.354,7.599,7.599,7.599,11.008,14.407,21.67,7.599,9.188,12.794,16.558,22.184,42.359,1.0,1.0,1.0,1.0,1.0,1.0,1.0,1.0,1.0,1.0,1.0,1.0,W03b_01u_asia,asia,
bitget,POWER,1,1788314225,1,0.086085,10.454783,100,100,175.4871,2219.51602,8643.12823,34995.87868,124.14167,3416.38672,8761.96274,16128.47028,11.817,14.675,18.57,24.853,34.537,58.967,10.922,11.56,15.349,21.416,32.939,75.744,1.0,1.0,1.0,1.0,1.0,1.0,1.0,1.0,1.0,1.0,1.0,1.0,W03b_01u_asia,asia,
bitget,RUNE,1,1788314225,1,0.4655,4.296455,100,100,633.75955,8525.99313,25105.83836,56119.38138,7573.25123,20032.40678,26568.23257,52556.77022,4.586,7.376,11.209,15.03,18.878,28.232,2.148,2.709,6.171,7.382,9.637,17.921,1.0,1.0,1.0,1.0,1.0,1.0,1.0,1.0,1.0,1.0,1.0,1.0,W03b_01u_asia,asia,
bitget,TAO,1,1788314225,1,216.32,1.849112,100,100,45068.26755,390404.21897,929541.48065,1670632.62775,78243.82329,254074.5865,475346.47805,1271485.88152,1.388,1.631,2.372,3.285,4.921,6.494,1.229,1.487,2.324,2.78,3.206,3.788,1.0,1.0,1.0,1.0,1.0,1.0,1.0,1.0,1.0,1.0,1.0,1.0,W03b_01u_asia,asia,
bitget,USELESS,1,1788314225,1,0.10931,5.488976,100,100,1988.63287,13236.08089,44962.86479,85379.75515,2912.93241,14432.77515,46938.824,80523.00973,3.618,4.689,7.09,9.694,13.448,22.055,3.403,4.446,5.273,8.323,12.172,22.74,1.0,1.0,1.0,1.0,1.0,1.0,1.0,1.0,1.0,1.0,1.0,1.0,W03b_01u_asia,asia,
bitget,UAI,1,1788314225,1,0.57832,7.262415,100,100,2906.92915,7134.38397,18548.59204,28952.83196,2561.35418,7642.0181,19831.9311,24140.80512,5.575,6.332,6.83,10.479,17.632,35.368,6.133,7.821,8.924,13.584,19.624,34.855,1.0,1.0,1.0,1.0,1.0,1.0,1.0,1.0,1.0,1.0,1.0,0.9623,W03b_01u_asia,asia,
bitget,WIF,1,1788314225,1,0.19115,5.231494,100,100,7897.95134,87464.64096,241573.95171,437076.759,11649.51803,59314.01977,262122.89678,458279.65892,2.616,4.733,6.601,7.224,8.632,11.3,4.755,6.301,7.229,7.538,7.693,10.581,1.0,1.0,1.0,1.0,1.0,1.0,1.0,1.0,1.0,1.0,1.0,1.0,W03b_01u_asia,asia,
bitget,XMR,1,1788314225,1,504.61,3.963457,100,100,18511.0187,65931.6279,338108.3014,497174.3181,3681.6349,220417.5987,369453.7586,488440.3151,2.847,3.009,3.106,3.138,5.329,8.208,5.095,6.89,7.988,9.285,10.885,11.845,1.0,1.0,1.0,1.0,1.0,1.0,1.0,1.0,1.0,1.0,1.0,1.0,W03b_01u_asia,asia,
bybit,BTW,1,1788314225,1,0.428515,6.767558,200,200,355.4302,2857.5817,5836.9385,13785.7996,115.7668,2545.2231,7027.1413,17668.0163,8.574,11.113,16.16,25.578,43.349,97.636,10.381,11.083,16.15,23.66,40.615,81.848,1.0,1.0,1.0,1.0,1.0,1.0,1.0,1.0,1.0,1.0,1.0,1.0,W03b_01u_asia,asia,
bybit,AR,1,1788314225,1,2.193,9.119927,200,200,945.1082,3543.2805,7471.4248,14063.6532,300.24,1598.5996,6705.9225,13394.6117,6.522,8.068,13.915,20.993,36.76,74.703,10.224,14.106,21.666,30.6,40.174,76.814,1.0,1.0,1.0,1.0,1.0,1.0,1.0,1.0,1.0,1.0,1.0,1.0,W03b_01u_asia,asia,
bitget,ZRO,1,1788314225,1,0.99985,5.00075,100,100,621.4819,13450.2169,69192.3624,153356.1738,1110.7451,18225.981,78269.8587,154895.5149,6.179,8.251,11.765,16.56,19.532,25.022,7.265,8.072,10.086,13.34,17.877,22.306,1.0,1.0,1.0,1.0,1.0,1.0,1.0,1.0,1.0,1.0,1.0,1.0,W03b_01u_asia,asia,
bybit,KAS,1,1788314226,1,0.02733,7.317966,200,200,183.8189,9871.8008,39833.5385,128428.6575,1449.8026,11726.9164,26047.5264,116774.0958,9.179,10.078,12.403,13.751,17.298,27.347,6.9,7.109,8.773,11.477,15.268,25.406,1.0,1.0,1.0,1.0,1.0,1.0,1.0,1.0,1.0,1.0,1.0,1.0,W03b_01u_asia,asia,
bybit,KITE,1,1788314226,1,0.124025,16.93207,200,200,214.00984,666.63958,3675.24758,8501.9739,33.14271,390.14206,1725.2013,5607.18703,12.764,18.312,23.897,39.206,66.73,151.952,17.881,26.249,39.782,56.469,105.007,299.759,1.0,1.0,1.0,1.0,1.0,1.0,1.0,1.0,1.0,1.0,1.0,1.0,W03b_01u_asia,asia,
bybit,LDO,1,1788314226,1,0.3616,5.530973,200,200,1502.37945,18974.76869,202200.43676,374123.61064,2127.34816,16664.37237,195310.49921,380589.89051,2.765,4.827,8.011,10.468,14.411,20.953,5.229,6.763,8.097,11.008,14.312,21.205,1.0,1.0,1.0,1.0,1.0,1.0,1.0,1.0,1.0,1.0,1.0,1.0,W03b_01u_asia,asia,
bybit,FIL,1,1788314226,1,0.76785,1.302338,200,200,9074.60432,30020.25387,309162.09464,683242.61231,9304.22153,40413.48306,235027.14554,452391.07859,0.651,1.503,4.679,6.923,8.465,12.219,4.153,4.876,6.231,7.336,8.333,10.898,1.0,1.0,1.0,1.0,1.0,1.0,1.0,1.0,1.0,1.0,1.0,1.0,W03b_01u_asia,asia,
bybit,MAGMA,1,1788314226,1,0.4701,4.254414,200,200,116.0271,1351.5913,5978.5294,17392.6241,1359.8673,3042.9755,7153.9412,12657.8968,10.962,15.007,21.438,26.561,45.981,82.289,3.108,5.027,9.324,19.216,36.654,83.436,1.0,1.0,1.0,1.0,1.0,1.0,1.0,1.0,1.0,1.0,1.0,1.0,W03b_01u_asia,asia,
bybit,ONDO,1,1788314226,1,0.33645,2.97221,200,200,30962.5125,190119.4837,508192.31,1017722.6298,43210.0583,190947.9873,410233.2135,734743.8722,1.486,1.486,1.486,1.486,2.738,4.94,3.864,4.161,4.34,4.399,4.429,4.872,1.0,1.0,1.0,1.0,1.0,1.0,1.0,1.0,1.0,1.0,1.0,1.0,W03b_01u_asia,asia,
bybit,POWER,1,1788314226,1,0.086075,12.779553,200,200,180.1026,881.51068,1961.18567,17895.40847,126.12916,871.46843,1800.80375,3410.22206,10.96,15.984,33.572,47.774,54.965,145.424,12.877,17.783,35.686,89.969,204.644,243.455,1.0,1.0,1.0,1.0,1.0,1.0,1.0,1.0,1.0,1.0,1.0,0.4735,W03b_01u_asia,asia,
bybit,RIVER,1,1788314226,1,1.3165,7.595898,200,200,193.7152,1174.5198,4252.9809,5691.284,318.1872,1095.8573,3852.932,6175.3914,8.45,13.068,20.643,33.839,72.424,147.752,6.562,11.397,24.061,39.003,81.389,192.443,1.0,1.0,1.0,1.0,1.0,1.0,1.0,1.0,1.0,1.0,1.0,1.0,W03b_01u_asia,asia,
bybit,RUNE,1,1788314226,1,0.4656,8.591065,200,200,227.60159,1311.27608,38271.24434,147179.30731,74.03805,1192.47919,38798.85019,145024.66313,9.678,13.388,24.833,33.187,39.681,44.478,12.59,16.765,25.025,33.479,39.291,43.188,1.0,1.0,1.0,1.0,1.0,1.0,1.0,1.0,1.0,1.0,1.0,1.0,W03b_01u_asia,asia,
bybit,TAO,1,1788314226,1,216.375,0.462161,200,200,52385.03724,204475.98302,523817.739,1219881.94784,39654.7046,150745.06907,428291.672,862834.42175,0.886,1.021,1.607,2.343,3.992,6.092,1.755,2.06,2.959,3.775,4.428,5.6,1.0,1.0,1.0,1.0,1.0,1.0,1.0,1.0,1.0,1.0,1.0,1.0,W03b_01u_asia,asia,
bybit,USELESS,1,1788314226,1,0.1095,3.652968,200,200,449.51083,9521.88915,49785.39718,167338.64177,3344.05613,16115.50953,53763.0665,193078.55758,7.311,9.332,11.619,13.681,17.727,26.539,2.272,3.876,5.0,7.388,11.129,21.079,1.0,1.0,1.0,1.0,1.0,1.0,1.0,1.0,1.0,1.0,1.0,1.0,W03b_01u_asia,asia,
bybit,UAI,1,1788314226,1,0.57955,5.17643,200,200,1076.6238,4894.7597,12147.5286,44521.3711,1162.1919,9558.7696,16940.5979,54616.721,5.507,6.862,10.434,14.64,26.512,47.854,4.805,6.205,9.691,13.288,17.098,36.318,1.0,1.0,1.0,1.0,1.0,1.0,1.0,1.0,1.0,1.0,1.0,1.0,W03b_01u_asia,asia,
bybit,WIF,1,1788314226,1,0.19095,5.236973,200,200,12576.0381,62266.6538,131432.5542,293314.3498,7770.2656,46653.5813,106884.9291,183365.1555,2.618,2.618,2.618,4.746,6.301,9.834,6.825,7.34,7.649,7.752,8.975,12.841,1.0,1.0,1.0,1.0,1.0,1.0,1.0,1.0,1.0,1.0,1.0,1.0,W03b_01u_asia,asia,
bybit,XMR,1,1788314226,1,504.835,0.198085,200,200,4071.8482,56426.5945,190989.9357,271262.4307,4173.136,92797.9374,301271.5053,350257.3458,0.265,1.416,3.658,6.205,8.759,11.668,3.053,4.178,6.392,8.058,9.425,11.554,1.0,1.0,1.0,1.0,1.0,1.0,1.0,1.0,1.0,1.0,1.0,1.0,W03b_01u_asia,asia,
bybit,ZEN,1,1788314226,1,5.3365,1.873887,200,200,652.3691,2189.4494,7091.8775,13507.1364,405.38,2065.8264,6970.5992,11582.113,3.275,6.772,14.48,26.611,41.37,93.438,8.75,11.105,17.778,28.251,43.516,78.052,1.0,1.0,1.0,1.0,1.0,1.0,1.0,1.0,1.0,1.0,1.0,1.0,W03b_01u_asia,asia,
bybit,ZRO,1,1788314226,1,0.9998,2.0004,200,200,1779.15711,8222.26065,63071.67536,116634.86564,4255.45287,10263.30854,33290.018,87413.81443,4.104,5.842,8.026,10.226,16.906,23.512,1.0,1.0,4.103,6.795,13.273,26.06,1.0,1.0,1.0,1.0,1.0,1.0,1.0,1.0,1.0,1.0,1.0,1.0,W03b_01u_asia,asia,
dydx,LDO,1,1788314226,1,0.36145,63.632591,41,38,0,0,4886.3886,10686.2092,0,0,17653.2554,17835.9834,31.816,31.816,31.816,32.359,45.921,87.586,31.816,31.816,31.816,31.816,31.816,77.174,1.0,1.0,1.0,1.0,1.0,1.0,1.0,1.0,1.0,1.0,1.0,1.0,W03b_01u_asia,asia,
dydx,MORPHO,1,1788314226,1,2.527,680.648991,14,7,0,0,0,0,0,0,0,0,1587.363,1658.343,1700.931,1715.127,1722.225,1726.484,340.324,358.268,1505.928,1894.634,2088.987,2205.599,1.0,1.0,1.0,1.0,1.0,1.0,1.0,1.0,1.0,1.0,1.0,1.0,W03b_01u_asia,asia,
dydx,FIL,1,1788314226,1,0.76735,43.005148,33,48,0,12750.8233,12750.8233,12750.8233,0,14839.393,17862.0526,23662.1498,21.503,21.503,21.503,21.503,21.519,96.828,21.503,21.503,21.503,21.503,21.503,39.201,1.0,1.0,1.0,1.0,1.0,1.0,1.0,1.0,1.0,1.0,1.0,1.0,W03b_01u_asia,asia,
dydx,ICP,1,1788314226,1,2.4395,54.929289,32,43,0,0,7099.88352,21299.96124,0,0,14996.67372,22096.68492,27.465,27.465,27.465,27.465,34.668,52.562,27.465,27.465,27.465,27.465,27.465,42.979,1.0,1.0,1.0,1.0,1.0,1.0,1.0,1.0,1.0,1.0,1.0,1.0,W03b_01u_asia,asia,
dydx,ONDO,1,1788314226,1,0.33785,103.596271,31,23,0,0,0,21300.0014,0,0,0,14200.0344,51.798,51.798,51.798,51.798,51.798,59.022,51.798,51.798,51.798,51.798,51.798,73.683,1.0,1.0,1.0,1.0,1.0,1.0,1.0,1.0,1.0,1.0,1.0,1.0,W03b_01u_asia,asia,
dydx,RUNE,1,1788314226,1,0.46725,79.186731,23,19,0,0,7800.104,23400.244,0,0,11699.8634,27299.8688,39.593,39.593,39.593,39.593,47.949,75.209,39.593,39.593,39.593,40.548,42.211,63.779,1.0,1.0,1.0,1.0,1.0,1.0,1.0,1.0,1.0,1.0,1.0,1.0,W03b_01u_asia,asia,
dydx,TAO,1,1788314226,1,216.73,41.526323,41,40,0,7100.4724,21299.9356,71399.198,0,50099.0824,66764.0557,266862.6355,20.763,20.763,20.763,20.763,23.691,33.536,20.763,20.763,20.763,20.763,20.763,20.763,1.0,1.0,1.0,1.0,1.0,1.0,1.0,1.0,1.0,1.0,1.0,1.0,W03b_01u_asia,asia,
dydx,WIF,1,1788314226,1,0.190985,34.034086,37,36,0,14995.21834,14995.21834,29195.29822,0,15049.48617,36349.39965,64749.47181,17.017,17.017,17.017,17.017,17.017,31.647,17.017,17.017,17.017,17.017,18.586,29.771,1.0,1.0,1.0,1.0,1.0,1.0,1.0,1.0,1.0,1.0,1.0,1.0,W03b_01u_asia,asia,
dydx,SPX,1,1788314226,1,0.56505,709.67171,25,20,0,0,0,0,0,0,0,0,587.733,697.813,763.861,785.877,796.885,803.49,366.104,366.664,367.0,367.112,367.168,367.202,1.0,1.0,1.0,1.0,1.0,1.0,1.0,1.0,1.0,1.0,1.0,1.0,W03b_01u_asia,asia,
dydx,XMR,1,1788314226,1,503.34,359.20054,44,29,0,0,0,0,0,0,0,0,179.6,179.6,179.6,179.6,179.6,179.6,179.6,179.6,179.6,179.6,179.6,179.6,1.0,1.0,1.0,1.0,1.0,1.0,1.0,1.0,1.0,1.0,1.0,1.0,W03b_01u_asia,asia,
dydx,ZEC,1,1788314226,1,821.77,31.152269,68,46,0,984.588,9499.098,123996.432,0,19753.339,111445.009,311521.317,15.576,15.853,28.646,33.002,36.028,47.705,15.576,15.576,15.576,15.576,15.597,19.305,1.0,1.0,1.0,1.0,1.0,1.0,1.0,1.0,1.0,1.0,1.0,1.0,W03b_01u_asia,asia,
hl,ONDO,1,1788314227,1,0.336455,0.297217,20,20,42729.59606,42729.59606,42729.59606,42729.59606,53249.52078,53249.52078,53249.52078,53249.52078,0.149,0.149,0.149,0.569,1.83,3.319,0.149,0.149,0.149,1.309,2.63,4.368,1.0,1.0,1.0,1.0,1.0,1.0,1.0,1.0,1.0,1.0,1.0,1.0,W03b_01u_asia,asia,
okx,USELESS,1,1788314227,1,0.10928,1.830161,400,400,491.7256,2287.77054,5674.31963,16450.62742,843.16723,2443.69367,5540.07843,13917.4105,7.404,10.058,16.663,27.022,44.943,88.314,4.538,6.881,14.059,24.945,42.95,109.991,1.0,1.0,1.0,1.0,1.0,1.0,1.0,1.0,1.0,1.0,1.0,1.0,W03b_01u_asia,asia,
dydx,ZEN,1,1788314227,1,5.343,89.83717,22,22,0,0,999.972,999.972,0,0,998.262,998.262,44.919,44.919,382.932,496.538,553.341,587.423,44.919,48.32,375.308,484.304,538.802,571.5,1.0,1.0,1.0,1.0,1.0,1.0,1.0,1.0,1.0,1.0,1.0,1.0,W03b_01u_asia,asia,
dydx,ZRO,1,1788314227,1,1.0035,89.686099,17,20,0,0,2900.097,8699.646,0,0,5800.032,17388.444,44.843,44.843,44.843,53.161,65.193,153.772,44.843,44.843,44.843,44.843,61.688,239.214,1.0,1.0,1.0,1.0,1.0,1.0,1.0,1.0,1.0,1.0,1.0,1.0,W03b_01u_asia,asia,
aster,AR,2,1788314272,1,2.1915,22.815423,18,14,0,3359.0136,11445.7324,12323.0956,0,2061.0883,10152.3472,10449.2368,11.408,11.408,12.659,19.583,24.621,377.409,11.408,11.414,15.761,20.429,23.276,272.598,1.0,1.0,1.0,1.0,1.0,0.7014,1.0,1.0,1.0,1.0,1.0,0.5729,W03b_01u_asia,asia,
aster,BTW,2,1788314272,1,0.429685,6.74913,280,255,5045.24616,11093.96946,18804.25257,34788.59384,1165.31879,14701.60461,24102.41581,53663.46661,3.375,3.375,3.375,5.292,12.364,31.932,3.375,3.375,7.642,10.896,13.407,24.817,1.0,1.0,1.0,1.0,1.0,1.0,1.0,1.0,1.0,1.0,1.0,1.0,W03b_01u_asia,asia,
aster,FET,2,1788314272,1,0.15145,19.808518,25,33,2843.5322,10888.7989,11614.8014,12360.6989,2677.4076,11733.1021,12881.7466,13682.1842,9.904,9.904,9.904,12.748,14.628,109.601,9.904,9.904,9.904,12.975,14.741,191.699,1.0,1.0,1.0,1.0,1.0,1.0,1.0,1.0,1.0,1.0,1.0,1.0,W03b_01u_asia,asia,
aster,FIL,2,1788314272,1,0.769,26.007802,31,25,0,15773.0304,19095.8048,46346.5758,0,5236.231,11459.5739,14372.4081,13.004,13.004,13.004,13.004,13.004,26.567,13.004,13.004,13.004,13.004,20.644,85.169,1.0,1.0,1.0,1.0,1.0,1.0,1.0,1.0,1.0,1.0,1.0,1.0,W03b_01u_asia,asia,
aster,ICP,2,1788314272,1,2.442,8.190008,51,112,5363.239,20522.892,33339.889,57341.344,249.237,8299.792,12509.547,16514.724,5.81,7.0,7.714,7.952,9.968,16.585,9.225,10.755,14.851,17.663,22.299,65.111,1.0,1.0,1.0,1.0,1.0,1.0,1.0,1.0,1.0,1.0,1.0,1.0,W03b_01u_asia,asia,
aster,KAS,2,1788314272,1,0.027375,32.876712,14,20,0,2707.93839,14128.38303,32115.48856,0,2009.58187,7688.18888,7688.18888,16.438,16.438,16.438,24.795,29.749,49.759,16.438,16.438,21.244,27.974,61.005,279.873,1.0,1.0,1.0,1.0,1.0,1.0,1.0,1.0,1.0,1.0,1.0,1.0,W03b_01u_asia,asia,
aster,LDO,2,1788314272,1,0.36175,13.8217,48,29,999.909,10746.7905,11571.7156,11592.8848,999.844,13007.3475,13007.3475,13840.3294,6.911,6.911,10.227,12.3,13.752,267.859,6.911,6.918,11.889,13.547,14.375,178.117,1.0,1.0,1.0,1.0,1.0,1.0,1.0,1.0,1.0,1.0,1.0,1.0,W03b_01u_asia,asia,
aster,KITE,2,1788314272,1,0.1237,6.467259,107,53,229.46656,7839.44851,12197.70079,14849.41971,2251.3106,4725.64485,8458.24258,8572.52023,8.348,9.833,12.987,14.746,19.379,157.394,3.234,4.042,7.077,12.448,64.712,443.933,1.0,1.0,1.0,1.0,1.0,1.0,1.0,1.0,1.0,1.0,1.0,0.7451,W03b_01u_asia,asia,
aster,MORPHO,2,1788314272,1,2.59815,16.550238,39,30,999.9792,8499.73224,8610.12028,8716.23245,1088.22555,10325.75267,12055.29812,12061.04848,8.275,8.275,17.046,19.973,50.214,226.288,8.275,8.275,15.208,18.235,19.798,178.794,1.0,1.0,1.0,1.0,1.0,1.0,1.0,1.0,1.0,1.0,1.0,1.0,W03b_01u_asia,asia,
aster,MAGMA,2,1788314272,1,0.4688,14.931741,80,154,227.6424,3680.07234,9931.91772,14765.01606,621.1546,2592.87343,9664.48113,13124.96611,10.034,10.99,13.316,19.848,27.943,107.704,7.466,9.626,13.947,22.049,33.031,114.515,1.0,1.0,1.0,1.0,1.0,1.0,1.0,1.0,1.0,1.0,1.0,1.0,W03b_01u_asia,asia,
aster,POWER,2,1788314272,1,0.08594,25.599255,61,47,0,1123.0565,1463.22558,1633.31052,0,1223.57038,1568.75248,1762.61638,12.8,12.8,77.704,231.524,531.984,940.082,13.676,13.82,62.399,207.633,522.296,736.791,1.0,1.0,1.0,1.0,1.0,0.5944,1.0,1.0,1.0,1.0,1.0,0.5903,W03b_01u_asia,asia,
aster,ONDO,2,1788314272,1,0.3364,5.945303,87,246,22090.32921,33104.83865,36771.41002,55000.28259,9877.96001,15876.33827,22054.5235,36585.582,4.692,5.319,5.695,5.82,5.883,6.952,2.973,2.973,3.369,4.657,5.377,22.131,1.0,1.0,1.0,1.0,1.0,1.0,1.0,1.0,1.0,1.0,1.0,1.0,W03b_01u_asia,asia,
aster,SPX,2,1788314272,1,0.5533,25.302729,18,12,0,2775.4342,14195.487,14195.487,0,1734.0455,5313.3303,5313.3303,12.651,12.651,13.552,19.624,23.367,756.515,13.078,17.383,23.303,27.917,1148.146,1148.146,1.0,1.0,1.0,1.0,1.0,0.779,1.0,1.0,1.0,1.0,0.8618,0.3447,W03b_01u_asia,asia,
aster,RIVER,2,1788314272,1,1.313,15.232292,71,147,2559.056,10287.0769,14835.7786,23676.8547,2555.4672,9710.6467,35194.1581,103378.3484,7.616,7.616,7.616,11.331,16.259,48.791,7.616,7.616,7.616,11.343,15.725,28.294,1.0,1.0,1.0,1.0,1.0,1.0,1.0,1.0,1.0,1.0,1.0,1.0,W03b_01u_asia,asia,
aster,TAO,2,1788314272,1,216.475,1.385841,105,145,5966.50503,68878.25648,129812.74981,168147.56002,33563.65527,73405.93955,116899.04119,154496.50531,1.503,3.246,6.458,7.733,9.049,10.785,0.693,0.693,0.693,1.339,2.388,5.654,1.0,1.0,1.0,1.0,1.0,1.0,1.0,1.0,1.0,1.0,1.0,1.0,W03b_01u_asia,asia,
aster,UAI,2,1788314272,1,0.57885,8.637816,134,103,5994.9533,19300.6085,44136.4711,98487.1337,1388.8979,12502.296,26292.5877,33045.755,5.624,5.835,5.962,6.004,10.188,18.664,4.992,5.519,8.257,11.856,14.134,26.243,1.0,1.0,1.0,1.0,1.0,1.0,1.0,1.0,1.0,1.0,1.0,1.0,W03b_01u_asia,asia,
aster,WIF,2,1788314273,1,0.19105,15.702696,20,31,6503.16122,16372.19343,21029.35455,38052.93454,999.99512,9073.02958,10156.88078,11972.11322,7.851,7.851,7.851,7.851,10.265,28.219,7.851,7.86,14.136,16.228,20.04,80.45,1.0,1.0,1.0,1.0,1.0,1.0,1.0,1.0,1.0,1.0,1.0,1.0,W03b_01u_asia,asia,
aster,USELESS,2,1788314273,1,0.109295,11.894414,57,71,2223.73402,7674.2521,11107.21085,13214.15619,100.0644,4658.15766,11558.10447,22170.68889,5.947,5.947,8.581,11.839,17.892,196.13,12.902,14.457,15.472,17.855,27.013,51.972,1.0,1.0,1.0,1.0,1.0,1.0,1.0,1.0,1.0,1.0,1.0,1.0,W03b_01u_asia,asia,
aster,XMR,2,1788314273,1,505.02,1.584096,266,194,20388.63794,51649.20423,68832.68109,122241.49895,8790.60395,47720.23759,82202.73237,139040.48134,0.792,1.155,2.029,2.896,4.647,7.263,3.925,3.943,3.953,4.497,6.503,11.097,1.0,1.0,1.0,1.0,1.0,1.0,1.0,1.0,1.0,1.0,1.0,1.0,W03b_01u_asia,asia,
aster,ZRO,2,1788314273,1,1.0015,11.982027,103,244,283.12629,3127.47243,19409.91802,19961.54976,703.14121,703.14121,703.14121,1465.82385,9.618,13.729,16.275,22.114,26.534,78.147,7.856,24.53,98.724,193.029,269.61,455.57,1.0,1.0,1.0,1.0,1.0,1.0,1.0,1.0,1.0,1.0,1.0,1.0,W03b_01u_asia,asia,
aster,龙虾,2,1788314273,1,0.062844,0.159123,242,72,5.97018,888.702935,1909.499725,3259.643831,358.124424,721.068177,1266.618267,3016.814748,19.979,21.237,36.787,73.614,147.371,308.496,4.139,14.989,48.599,88.774,186.822,336.473,1.0,1.0,1.0,1.0,1.0,1.0,1.0,1.0,1.0,1.0,1.0,1.0,W03b_01u_asia,asia,
binance,AR,2,1788314273,1,2.1915,4.563085,540,1000,1613.6808,12528.5322,47339.4573,145987.9167,2913.9461,20620.4704,58784.5971,118736.6481,5.069,5.957,8.105,10.186,14.108,21.619,4.599,5.722,6.395,8.526,10.742,16.608,1.0,1.0,1.0,1.0,1.0,1.0,1.0,1.0,1.0,1.0,1.0,1.0,W03b_01u_asia,asia,
binance,FET,2,1788314273,1,0.15145,6.602839,564,1000,26633.5483,100439.4061,211639.5658,440722.1339,22172.1457,75454.3979,145658.9483,225671.8713,3.301,3.301,3.301,3.301,4.551,7.763,3.301,3.301,3.391,6.648,8.276,10.005,1.0,1.0,1.0,1.0,1.0,1.0,1.0,1.0,1.0,1.0,1.0,1.0,W03b_01u_asia,asia,
binance,FIL,2,1788314273,1,0.76855,1.301152,1000,1000,30284.64412,129842.37453,266996.73356,723552.83263,94392.95029,240317.98125,449627.93717,800825.530917,0.651,1.263,1.677,2.465,3.646,6.103,0.651,0.651,1.072,1.512,1.947,3.31,1.0,1.0,1.0,1.0,1.0,1.0,1.0,1.0,1.0,1.0,1.0,1.0,W03b_01u_asia,asia,
binance,KAS,2,1788314273,1,0.027355,3.655639,422,1000,4306.20751,16138.93621,37175.13888,67191.19702,981.80545,8726.62707,27795.05488,57632.80155,3.549,4.516,7.019,8.584,12.511,21.216,6.669,7.974,11.02,14.767,18.851,28.771,1.0,1.0,1.0,1.0,1.0,1.0,1.0,1.0,1.0,1.0,1.0,1.0,W03b_01u_asia,asia,
aster,ZEN,2,1788314273,1,5.3385,24.35141,8,8,0,13371.2931,13371.2931,13540.9251,0,907.1357,4829.0813,4829.0813,12.176,12.176,15.188,18.365,19.953,389.934,12.439,14.301,20.893,29.295,422.513,422.513,1.0,1.0,1.0,1.0,1.0,0.6761,1.0,1.0,1.0,1.0,0.7461,0.2984,W03b_01u_asia,asia,
binance,KITE,2,1788314273,1,0.123635,5.661827,1000,1000,875.82756,8938.11062,36716.03079,68133.90711,1655.01164,7581.45526,24512.73797,51718.00685,5.778,7.459,10.231,13.683,18.952,28.723,4.349,5.915,8.007,11.212,17.263,30.512,1.0,1.0,1.0,1.0,1.0,1.0,1.0,1.0,1.0,1.0,1.0,1.0,W03b_01u_asia,asia,
binance,LDO,2,1788314273,1,0.36175,2.76434,1000,1000,13969.3039,59784.7062,140102.3461,286300.3831,11781.1068,44701.7092,101049.3218,214245.8518,4.115,4.131,5.516,6.213,7.758,10.306,2.427,3.287,4.22,5.697,7.686,10.978,1.0,1.0,1.0,1.0,1.0,1.0,1.0,1.0,1.0,1.0,1.0,1.0,W03b_01u_asia,asia,
binance,MAGMA,2,1788314273,1,0.46701,1.713025,1000,1000,2047.23297,3793.79995,16671.09955,39645.82444,913.12885,10555.35147,16507.98902,34439.51345,1.823,2.813,6.368,15.095,25.799,42.287,4.861,6.831,9.676,12.202,16.425,36.276,1.0,1.0,1.0,1.0,1.0,1.0,1.0,1.0,1.0,1.0,1.0,1.0,W03b_01u_asia,asia,
binance,ONDO,2,1788314273,1,0.33635,2.973094,1000,1000,59487.46319,275221.34789,742117.16352,1595235.71953,64547.84305,281877.41467,588521.76349,998277.0929,1.487,1.487,1.487,1.487,1.487,1.872,1.487,1.487,1.487,1.487,2.354,3.618,1.0,1.0,1.0,1.0,1.0,1.0,1.0,1.0,1.0,1.0,1.0,1.0,W03b_01u_asia,asia,
binance,POWER,2,1788314273,1,0.0859,4.656577,924,1000,1170.58039,2387.42466,4501.13549,32283.11446,153.66647,1980.1522,4348.75126,9444.1077,3.376,3.664,11.411,25.272,42.133,54.564,10.925,13.742,18.932,30.785,54.827,138.513,1.0,1.0,1.0,1.0,1.0,1.0,1.0,1.0,1.0,1.0,1.0,1.0,W03b_01u_asia,asia,
binance,RIVER,2,1788314273,1,1.3135,7.613247,511,1000,687.8807,14414.3213,42064.3732,88693.6597,1847.2212,13968.1784,37123.137,64778.4385,3.807,6.181,9.324,10.372,13.913,21.881,3.807,3.807,5.797,8.608,11.686,20.966,1.0,1.0,1.0,1.0,1.0,1.0,1.0,1.0,1.0,1.0,1.0,1.0,W03b_01u_asia,asia,
binance,RUNE,2,1788314273,1,0.46535,2.14892,577,1000,5667.1585,16770.5697,34626.3194,128217.5534,6354.0877,23430.2586,57768.1489,131113.4792,1.074,1.131,2.911,4.966,9.28,19.86,2.179,3.612,5.451,7.095,9.353,16.012,1.0,1.0,1.0,1.0,1.0,1.0,1.0,1.0,1.0,1.0,1.0,1.0,W03b_01u_asia,asia,
binance,UAI,2,1788314273,1,0.57885,1.727563,1000,1000,5645.9455,19159.9172,54294.6061,108530.7072,9990.9426,48277.315,89785.4881,157004.3925,1.911,2.666,4.119,6.027,8.942,16.75,2.411,3.225,4.057,5.258,6.956,12.044,1.0,1.0,1.0,1.0,1.0,1.0,1.0,1.0,1.0,1.0,1.0,1.0,W03b_01u_asia,asia,
binance,TAO,2,1788314273,1,216.265,0.462396,1000,1000,67217.44145,236475.29787,893379.58538,2472555.06961,110285.00395,289831.60657,864926.63727,1477646.81365,0.761,0.958,1.489,2.169,3.123,4.31,0.231,0.231,0.464,1.192,2.054,3.682,1.0,1.0,1.0,1.0,1.0,1.0,1.0,1.0,1.0,1.0,1.0,1.0,W03b_01u_asia,asia,
binance,USELESS,2,1788314273,1,0.109195,2.747379,1000,1000,5862.8278,19269.13861,50566.14208,124388.29792,5867.75393,25556.39182,67507.74546,166780.19315,2.036,2.681,3.944,5.599,9.239,17.771,1.761,2.451,4.043,5.866,8.604,15.293,1.0,1.0,1.0,1.0,1.0,1.0,1.0,1.0,1.0,1.0,1.0,1.0,W03b_01u_asia,asia,
binance,WIF,2,1788314273,1,0.19105,5.234232,653,1000,12726.32153,61858.15855,158090.31306,361753.22058,11568.16058,52051.59343,143376.42771,313049.97118,2.617,2.617,2.617,4.584,6.217,9.766,2.617,3.515,6.117,6.984,7.418,10.823,1.0,1.0,1.0,1.0,1.0,1.0,1.0,1.0,1.0,1.0,1.0,1.0,W03b_01u_asia,asia,
binance,XMR,2,1788314273,1,505.215,0.593807,1000,1000,8812.70588,54082.55176,206984.88843,408386.09585,15827.58279,90466.08646,279592.58137,413845.18783,0.774,1.089,2.181,4.262,7.026,10.869,0.37,1.012,2.716,4.03,5.615,9.014,1.0,1.0,1.0,1.0,1.0,1.0,1.0,1.0,1.0,1.0,1.0,1.0,W03b_01u_asia,asia,
binance,ZEC,2,1788314273,1,821.205,0.121772,1000,1000,193749.838,1003115.10888,2967207.78767,7121995.45237,330963.26601,1117656.18938,3026984.72671,5416663.91446,0.061,0.197,0.546,0.836,1.266,2.2,0.061,0.061,0.061,0.108,0.23,0.481,1.0,1.0,1.0,1.0,1.0,1.0,1.0,1.0,1.0,1.0,1.0,1.0,W03b_01u_asia,asia,
binance,ZEN,2,1788314273,1,5.3365,1.873887,875,1000,2627.0285,26538.3083,86314.5508,222854.8868,5362.7459,26977.9325,75316.0768,143799.1142,3.791,4.542,6.491,8.351,9.77,14.573,3.081,4.031,5.687,7.06,8.763,14.328,1.0,1.0,1.0,1.0,1.0,1.0,1.0,1.0,1.0,1.0,1.0,1.0,W03b_01u_asia,asia,
binance,ZRO,2,1788314273,1,1.00045,0.99955,1000,1000,5506.05203,25694.14234,69012.56344,147104.27085,5630.70862,32553.43962,60672.8556,160933.08078,2.032,2.621,4.205,5.885,9.397,15.773,1.337,2.407,4.057,5.484,9.03,14.5,1.0,1.0,1.0,1.0,1.0,1.0,1.0,1.0,1.0,1.0,1.0,1.0,W03b_01u_asia,asia,
binance,龙虾,2,1788314273,1,0.062732,5.419881,1000,1000,349.618795,2762.98455,8803.008554,15233.940819,892.668731,7561.283917,13338.363161,36028.417198,7.863,10.171,16.056,21.305,32.097,75.622,5.218,7.339,10.537,15.033,20.07,46.046,1.0,1.0,1.0,1.0,1.0,1.0,1.0,1.0,1.0,1.0,1.0,1.0,W03b_01u_asia,asia,
bitget,AR,2,1788314273,1,2.1905,4.565168,100,100,418.5582,21578.2107,44138.4177,97795.1664,1259.9397,23546.2695,64554.9558,112509.7209,7.161,9.287,10.563,12.417,14.198,18.107,6.41,6.629,9.026,10.22,11.477,16.891,1.0,1.0,1.0,1.0,1.0,1.0,1.0,1.0,1.0,1.0,1.0,1.0,W03b_01u_asia,asia,
bitget,BTW,2,1788314273,1,0.430725,10.935064,100,100,114.938473,2472.31966,11030.205355,26762.123485,2523.573357,9136.323225,17021.037072,28846.907831,14.009,16.03,17.62,22.213,29.413,56.125,5.485,5.596,6.661,10.6,16.709,39.912,1.0,1.0,1.0,1.0,1.0,1.0,1.0,1.0,1.0,1.0,1.0,1.0,W03b_01u_asia,asia,
bitget,FET,2,1788314273,1,0.15135,6.607202,100,100,22764.1732,60383.8224,160528.661,218215.8218,11019.0955,43106.916,97952.4047,225713.4777,3.304,3.304,3.304,3.304,5.571,8.761,7.801,8.856,9.489,9.7,9.805,13.566,1.0,1.0,1.0,1.0,1.0,1.0,1.0,1.0,1.0,1.0,1.0,1.0,W03b_01u_asia,asia,
bitget,FIL,2,1788314273,1,0.76825,3.904979,100,100,17570.62924,69653.5634,182897.37658,680316.4565,33026.65947,125060.15553,406439.74012,788148.2589,2.835,3.109,4.094,4.976,6.594,8.881,1.952,1.971,2.741,3.614,4.433,5.951,1.0,1.0,1.0,1.0,1.0,1.0,1.0,1.0,1.0,1.0,1.0,1.0,W03b_01u_asia,asia,
bitget,KAS,2,1788314273,1,0.02738,7.304602,100,100,2212.94326,13098.57655,49778.06201,89129.32281,2341.60101,21464.34528,43163.22557,77218.87067,5.975,6.64,7.456,9.527,12.95,22.39,3.652,5.357,6.759,9.63,13.245,18.323,1.0,1.0,1.0,1.0,1.0,1.0,1.0,1.0,1.0,1.0,1.0,1.0,W03b_01u_asia,asia,
bitget,KITE,2,1788314273,1,0.123575,13.756828,100,100,202.39221,7843.70396,28184.24629,53396.05676,337.86478,1559.36486,8321.7975,25014.81449,10.498,14.183,19.047,21.655,25.51,37.139,8.443,11.278,20.248,25.297,32.468,52.127,1.0,1.0,1.0,1.0,1.0,1.0,1.0,1.0,1.0,1.0,1.0,1.0,W03b_01u_asia,asia,
bitget,LDO,2,1788314273,1,0.3616,5.530973,100,100,5789.67505,27513.74802,63566.46417,111591.79439,3596.6454,17249.62261,48590.86361,123456.27897,2.765,3.619,4.766,6.01,9.783,15.234,3.254,4.393,5.445,8.109,13.567,21.221,1.0,1.0,1.0,1.0,1.0,1.0,1.0,1.0,1.0,1.0,1.0,1.0,W03b_01u_asia,asia,
bitget,MAGMA,2,1788314273,1,0.467275,4.066128,100,100,517.91233,1464.14671,6624.73318,22072.80459,497.28168,8033.89881,16174.07476,43644.85396,5.551,11.263,20.495,27.531,40.413,66.015,2.091,7.284,10.718,15.424,20.325,44.766,1.0,1.0,1.0,1.0,1.0,1.0,1.0,1.0,1.0,1.0,1.0,1.0,W03b_01u_asia,asia,
bitget,ONDO,2,1788314273,1,0.33645,2.97221,100,100,38739.51116,377537.08652,893538.97439,1809290.79262,163682.1474,336360.84637,1036567.81658,1817981.74821,2.278,3.368,4.022,4.24,4.349,6.129,1.486,1.486,1.486,1.702,3.08,3.907,1.0,1.0,1.0,1.0,1.0,1.0,1.0,1.0,1.0,1.0,1.0,1.0,W03b_01u_asia,asia,
bitget,POWER,2,1788314273,1,0.086045,10.459643,100,100,212.09607,2870.77705,8191.06422,34343.64969,133.46968,3811.26662,8460.57009,17065.91633,10.352,13.479,19.171,25.141,34.107,56.689,13.015,14.933,16.919,21.528,31.73,73.468,1.0,1.0,1.0,1.0,1.0,1.0,1.0,1.0,1.0,1.0,1.0,1.0,W03b_01u_asia,asia,
bitget,RIVER,2,1788314273,1,1.313,15.232292,100,100,3799.552,17654.713,38200.982,56393.111,3419.028,10392.473,19315.341,40498.698,7.616,7.616,7.616,9.44,12.525,20.961,7.616,7.616,7.616,10.028,14.973,34.423,1.0,1.0,1.0,1.0,1.0,1.0,1.0,1.0,1.0,1.0,1.0,1.0,W03b_01u_asia,asia,
bitget,RUNE,2,1788314273,1,0.46535,6.446761,100,100,1442.81636,15218.93986,25750.84526,45157.91919,1519.18499,19626.38534,26165.39269,53055.99441,5.65,6.585,9.841,12.911,16.353,25.498,4.946,5.159,8.378,10.098,12.244,20.487,1.0,1.0,1.0,1.0,1.0,1.0,1.0,1.0,1.0,1.0,1.0,1.0,W03b_01u_asia,asia,
bitget,TAO,2,1788314273,1,216.275,2.311871,100,100,87629.62188,604179.27567,1142008.79087,1932721.24144,53113.21757,258560.30818,502376.45322,1330506.64244,1.571,1.942,2.507,2.756,2.949,3.26,1.473,1.718,2.442,3.459,4.476,5.47,1.0,1.0,1.0,1.0,1.0,1.0,1.0,1.0,1.0,1.0,1.0,1.0,W03b_01u_asia,asia,
bitget,USELESS,2,1788314273,1,0.109135,8.246667,100,100,8664.4582,18714.33621,44137.43795,90843.8006,1284.10859,14097.02098,52887.75582,86417.65215,4.123,4.123,4.327,4.878,7.099,16.342,4.625,5.695,8.72,10.874,13.99,23.476,1.0,1.0,1.0,1.0,1.0,1.0,1.0,1.0,1.0,1.0,1.0,1.0,W03b_01u_asia,asia,
bitget,UAI,2,1788314273,1,0.57748,3.809656,100,100,618.66028,5692.94002,18671.87521,21148.44605,459.95165,6924.09852,16141.45772,21473.83923,5.81,9.384,14.154,17.16,23.14,34.029,6.417,10.041,14.288,17.595,22.643,35.739,1.0,1.0,1.0,1.0,1.0,0.8488,1.0,1.0,1.0,1.0,1.0,0.8559,W03b_01u_asia,asia,
bitget,XMR,2,1788314273,1,505.195,8.907452,100,100,17168.5676,116965.1796,316764.4954,490329.1028,3948.8006,151250.4622,359853.6834,482760.3252,5.777,6.165,6.445,6.585,6.959,8.471,5.949,7.164,7.913,8.819,10.101,13.066,1.0,1.0,1.0,1.0,1.0,1.0,1.0,1.0,1.0,1.0,1.0,1.0,W03b_01u_asia,asia,
bitget,WIF,2,1788314273,1,0.19105,5.234232,100,100,12611.25707,73690.51546,253135.40671,454181.14035,7901.78249,41977.72764,186033.5006,429233.14256,2.617,3.057,5.934,6.892,7.372,10.251,5.612,6.731,7.403,7.627,8.841,12.68,1.0,1.0,1.0,1.0,1.0,1.0,1.0,1.0,1.0,1.0,1.0,1.0,W03b_01u_asia,asia,
bitget,ZRO,2,1788314273,1,1.00055,2.998351,100,100,1009.8358,18054.4029,64036.4918,154542.4785,1512.0021,12123.2085,80637.3077,140925.4232,5.67,7.097,10.788,13.14,14.316,18.818,5.416,6.866,9.843,13.513,16.615,23.836,1.0,1.0,1.0,1.0,1.0,1.0,1.0,1.0,1.0,1.0,1.0,1.0,W03b_01u_asia,asia,
bybit,AR,2,1788314273,1,2.193,9.119927,200,200,585.2449,3110.2678,7037.621,13580.9342,423.3556,1778.9329,14365.5155,18277.1352,8.544,10.721,15.695,23.466,38.443,76.138,8.624,12.725,20.091,24.781,29.372,59.271,1.0,1.0,1.0,1.0,1.0,1.0,1.0,1.0,1.0,1.0,1.0,1.0,W03b_01u_asia,asia,
bybit,KITE,2,1788314273,1,0.123615,15.370303,200,200,6.42304,1009.19791,4972.2603,11022.45929,31.17492,363.48413,1533.33008,5182.71967,12.278,14.52,25.393,36.746,53.214,145.644,18.194,26.743,42.018,57.426,110.893,305.122,1.0,1.0,1.0,1.0,1.0,1.0,1.0,1.0,1.0,1.0,1.0,1.0,W03b_01u_asia,asia,
bybit,BTW,2,1788314273,1,0.42974,2.792386,200,200,519.5488,1797.5331,5735.5336,11225.4536,38.7046,2965.6257,8398.0896,16877.1538,8.36,13.478,20.888,30.275,47.039,101.865,10.39,10.547,15.066,23.014,35.722,73.808,1.0,1.0,1.0,1.0,1.0,1.0,1.0,1.0,1.0,1.0,1.0,0.905,W03b_01u_asia,asia,
bybit,FIL,2,1788314273,1,0.76855,1.301152,200,200,3199.96076,34810.77251,213359.98954,446302.47063,12837.82812,43403.2006,235344.28109,455563.72843,4.341,5.589,7.913,9.304,10.182,12.988,1.092,2.217,5.035,6.746,8.201,10.706,1.0,1.0,1.0,1.0,1.0,1.0,1.0,1.0,1.0,1.0,1.0,1.0,W03b_01u_asia,asia,
bybit,KAS,2,1788314273,1,0.027325,3.659652,200,200,1550.3972,15461.7895,49990.5209,137044.0646,3925.148,14195.1105,32637.6125,102828.3189,8.545,8.847,10.416,11.613,14.525,21.813,5.075,5.282,7.559,9.143,13.349,23.778,1.0,1.0,1.0,1.0,1.0,1.0,1.0,1.0,1.0,1.0,1.0,1.0,W03b_01u_asia,asia,
bybit,LDO,2,1788314273,1,0.36145,2.766634,200,200,2073.1325,26875.58434,194027.5278,377474.31263,1656.84176,11443.94056,179997.90139,340142.3945,5.879,7.304,9.202,10.826,11.638,14.864,5.638,7.661,9.809,12.777,16.313,25.366,1.0,1.0,1.0,1.0,1.0,1.0,1.0,1.0,1.0,1.0,1.0,1.0,W03b_01u_asia,asia,
bybit,MAGMA,2,1788314273,1,0.466,4.291845,200,200,20.9609,1555.2622,6262.2228,14445.9513,1054.5737,2780.087,8625.5932,11914.9612,14.219,17.239,22.305,30.11,49.636,86.17,2.704,4.353,12.185,21.072,35.121,86.287,1.0,1.0,1.0,1.0,1.0,1.0,1.0,1.0,1.0,1.0,1.0,1.0,W03b_01u_asia,asia,
bybit,ONDO,2,1788314273,1,0.33645,2.97221,200,200,20123.083,183537.4622,456020.9076,946535.9485,46131.541,198001.3929,445885.9247,818077.0073,3.564,4.011,4.28,4.369,5.581,7.269,1.486,1.486,1.486,1.486,2.624,3.725,1.0,1.0,1.0,1.0,1.0,1.0,1.0,1.0,1.0,1.0,1.0,1.0,W03b_01u_asia,asia,
bybit,POWER,2,1788314273,1,0.086025,10.462075,200,200,115.36494,794.8499,1807.12082,17561.79235,145.92041,868.99848,1718.42225,3295.35979,12.88,19.059,35.14,45.749,51.064,146.313,12.797,18.046,38.157,98.734,214.202,250.426,1.0,1.0,1.0,1.0,1.0,1.0,1.0,1.0,1.0,1.0,1.0,0.4667,W03b_01u_asia,asia,
bybit,RIVER,2,1788314273,1,1.3135,7.613247,200,200,142.4605,1669.707,4026.9853,8006.9418,196.3116,836.7353,2756.9428,6262.1435,9.25,12.304,18.862,35.253,64.923,134.91,8.955,15.245,27.801,45.729,89.234,205.348,1.0,1.0,1.0,1.0,1.0,1.0,1.0,1.0,1.0,1.0,1.0,1.0,W03b_01u_asia,asia,
bybit,RUNE,2,1788314273,1,0.46545,2.148458,200,200,380.46572,1523.03204,35762.20711,128446.6115,295.85131,1460.59427,24578.99699,147111.96224,8.579,11.385,21.853,32.258,39.225,43.887,10.2,14.759,22.557,33.12,40.535,45.264,1.0,1.0,1.0,1.0,1.0,1.0,1.0,1.0,1.0,1.0,1.0,1.0,W03b_01u_asia,asia,
bybit,TAO,2,1788314273,1,216.425,0.462054,200,200,25305.5191,147288.68586,527162.87395,1068483.22475,34132.81417,159887.60563,422485.11716,912500.88783,1.906,1.992,2.093,2.317,2.724,5.663,0.231,0.231,0.612,1.642,2.498,4.119,1.0,1.0,1.0,1.0,1.0,1.0,1.0,1.0,1.0,1.0,1.0,1.0,W03b_01u_asia,asia,
bybit,UAI,2,1788314273,1,0.57865,5.184481,200,200,1273.2344,6515.8088,15802.7884,51365.9081,1675.8731,5628.7181,21358.3729,62381.088,5.895,6.923,9.8,13.497,20.579,39.595,4.855,6.188,9.105,12.655,21.848,34.74,1.0,1.0,1.0,1.0,1.0,1.0,1.0,1.0,1.0,1.0,1.0,1.0,W03b_01u_asia,asia,
bybit,USELESS,2,1788314273,1,0.109315,6.403513,200,200,928.46799,11912.81006,61722.75292,205979.85725,1638.40912,11090.98663,42417.62261,205246.26794,6.111,7.84,9.766,11.903,15.525,24.766,3.915,5.452,8.402,11.221,15.143,27.01,1.0,1.0,1.0,1.0,1.0,1.0,1.0,1.0,1.0,1.0,1.0,1.0,W03b_01u_asia,asia,
bybit,WIF,2,1788314273,1,0.19095,5.236973,200,200,10058.4063,57639.7265,126276.0692,254413.2385,12475.8771,62161.4867,127386.4148,210592.7481,7.801,7.828,7.845,7.85,7.853,11.969,2.618,2.618,2.618,4.625,6.24,9.835,1.0,1.0,1.0,1.0,1.0,1.0,1.0,1.0,1.0,1.0,1.0,1.0,W03b_01u_asia,asia,
bybit,XMR,2,1788314273,1,505.37,2.770248,200,200,36253.5955,101214.0275,342579.7229,411075.2901,9761.1884,74573.0745,313645.2366,359932.6681,2.928,3.528,4.709,5.224,5.502,5.762,2.899,3.976,5.458,6.919,7.801,11.286,1.0,1.0,1.0,1.0,1.0,1.0,1.0,1.0,1.0,1.0,1.0,1.0,W03b_01u_asia,asia,
bybit,ZEN,2,1788314273,1,5.3355,5.622716,200,200,412.7002,1761.4664,7345.7299,12933.9428,1298.388,2874.6866,7667.2966,12602.3924,7.144,9.81,17.99,29.158,42.361,95.046,4.506,5.434,11.183,21.203,37.724,75.696,1.0,1.0,1.0,1.0,1.0,1.0,1.0,1.0,1.0,1.0,1.0,1.0,W03b_01u_asia,asia,
bybit,ZRO,2,1788314273,1,1.00035,4.998251,200,200,4381.35433,15222.6373,45739.84927,114808.36403,3266.80744,10319.29556,43495.41835,86591.92332,3.654,5.349,7.559,8.651,11.795,21.548,4.514,6.417,8.159,10.743,15.749,25.983,1.0,1.0,1.0,1.0,1.0,1.0,1.0,1.0,1.0,1.0,1.0,1.0,W03b_01u_asia,asia,
dydx,LDO,2,1788314273,1,0.3621,66.280033,39,35,0,0,17583.8003,23383.7975,0,0,23481.443,23664.171,33.14,33.14,33.14,33.14,33.14,51.12,33.14,33.14,33.14,33.14,33.14,40.234,1.0,1.0,1.0,1.0,1.0,1.0,1.0,1.0,1.0,1.0,1.0,1.0,W03b_01u_asia,asia,
dydx,FIL,2,1788314273,1,0.76925,68.898278,43,55,0,0,17692.7497,23492.9657,0,0,15018.1023,15018.1023,34.449,34.449,34.449,34.449,34.449,42.671,34.449,34.449,34.449,34.449,34.449,91.324,1.0,1.0,1.0,1.0,1.0,1.0,1.0,1.0,1.0,1.0,1.0,1.0,W03b_01u_asia,asia,
dydx,ICP,2,1788314273,1,2.4426,41.758782,37,54,0,12081.12988,12081.12988,12081.12988,0,10003.99467,10179.90467,31479.92474,20.879,20.879,20.879,20.881,21.289,99.866,20.879,20.879,20.879,20.879,20.895,40.252,1.0,1.0,1.0,1.0,1.0,1.0,1.0,1.0,1.0,1.0,1.0,1.0,W03b_01u_asia,asia,
dydx,MORPHO,2,1788314274,1,2.6005,88.44453,18,10,0,0,999.354,999.354,0,0,1000.396,1000.396,44.222,44.222,1154.966,1551.334,1749.518,1868.429,44.222,46.488,1166.548,1559.048,1755.298,1873.048,1.0,1.0,1.0,1.0,1.0,1.0,1.0,1.0,1.0,1.0,1.0,1.0,W03b_01u_asia,asia,
dydx,ONDO,2,1788314274,1,0.33775,74.019245,35,26,0,0,21300.2294,49700.2829,0,0,7100.016,21300.0504,37.01,37.01,37.01,37.01,39.562,50.624,37.01,37.01,37.01,37.01,42.208,57.405,1.0,1.0,1.0,1.0,1.0,1.0,1.0,1.0,1.0,1.0,1.0,1.0,W03b_01u_asia,asia,
dydx,RUNE,2,1788314274,1,0.4673,72.758399,25,22,0,0,11699.7836,11699.7836,0,0,11699.97,27299.9754,36.379,36.379,36.379,36.844,37.682,141.439,36.379,36.379,36.379,37.809,40.304,62.366,1.0,1.0,1.0,1.0,1.0,1.0,1.0,1.0,1.0,1.0,1.0,1.0,W03b_01u_asia,asia,
dydx,SPX,2,1788314274,1,0.56525,716.497125,24,21,0,0,0,0,0,0,0,0,587.349,695.709,760.725,782.397,793.233,799.735,369.512,370.072,370.408,370.52,370.576,370.61,1.0,1.0,1.0,1.0,1.0,1.0,1.0,1.0,1.0,1.0,1.0,1.0,W03b_01u_asia,asia,
dydx,TAO,2,1788314274,1,216.67,48.922324,41,45,0,15430.2346,29628.0046,74691.9406,0,8331.792,32093.5883,74694.308,24.461,24.461,24.461,24.461,24.461,25.165,24.461,24.461,24.461,24.461,26.02,33.64,1.0,1.0,1.0,1.0,1.0,1.0,1.0,1.0,1.0,1.0,1.0,1.0,W03b_01u_asia,asia,
dydx,WIF,2,1788314274,1,0.19093,37.710156,38,31,0,17092.11653,31292.14653,59692.19285,0,15047.38886,15047.38886,36347.47976,18.855,18.855,18.855,18.855,18.855,29.746,18.855,18.855,18.855,18.855,20.163,32.871,1.0,1.0,1.0,1.0,1.0,1.0,1.0,1.0,1.0,1.0,1.0,1.0,W03b_01u_asia,asia,
dydx,XMR,2,1788314274,1,508.785,185.343514,51,33,0,0,0,998.0586,0,0,0,411852.7418,92.672,92.672,194.177,228.431,245.558,255.834,92.672,92.672,92.672,92.672,92.672,92.672,1.0,1.0,1.0,1.0,1.0,1.0,1.0,1.0,1.0,1.0,1.0,1.0,W03b_01u_asia,asia,
dydx,ZEC,2,1788314274,1,822.55,26.746094,70,49,0,985.74,9344.028,135178.422,0,11366.37,125874.052,371511.606,13.373,13.689,28.161,32.985,36.185,45.235,13.373,13.373,13.373,13.373,13.373,24.789,1.0,1.0,1.0,1.0,1.0,1.0,1.0,1.0,1.0,1.0,1.0,1.0,W03b_01u_asia,asia,
dydx,ZEN,2,1788314274,1,5.192,662.557781,23,25,0,0,0,0,0,0,0,0,336.517,336.787,336.949,337.003,337.03,337.046,331.279,350.629,677.617,786.613,841.111,873.809,1.0,1.0,1.0,1.0,1.0,1.0,1.0,1.0,1.0,1.0,1.0,1.0,W03b_01u_asia,asia,
hl,ONDO,2,1788314275,1,0.336425,0.297243,20,20,37182.27666,37182.27666,37182.27666,37182.27666,31612.63178,31612.63178,31612.63178,31612.63178,0.297,0.54,1.321,2.059,2.837,3.836,0.187,0.366,0.884,1.667,2.097,3.774,1.0,1.0,1.0,1.0,1.0,1.0,1.0,1.0,1.0,1.0,1.0,1.0,W03b_01u_asia,asia,
okx,USELESS,2,1788314275,1,0.109155,0.916128,400,400,524.46204,2186.20734,5651.77497,14976.19217,309.9742,2024.22732,5273.58232,14137.68775,6.627,9.38,16.074,26.115,45.825,91.65,7.95,10.902,18.183,29.254,46.236,113.961,1.0,1.0,1.0,1.0,1.0,1.0,1.0,1.0,1.0,1.0,1.0,1.0,W03b_01u_asia,asia,
dydx,ZRO,2,1788314275,1,1.002,79.840319,22,21,0,0,8700.564,20300.79,0,0,2900.298,20288.742,39.92,39.92,39.92,39.92,46.23,128.454,39.92,39.92,39.92,48.348,59.486,146.436,1.0,1.0,1.0,1.0,1.0,1.0,1.0,1.0,1.0,1.0,1.0,1.0,W03b_01u_asia,asia,
aster,BTW,3,1788314320,1,0.42937,11.644968,268,267,1220.75849,6333.47793,14217.35325,31772.9852,5610.0274,14907.92022,24206.14056,54364.43916,5.822,6.079,11.004,14.291,21.782,39.162,7.081,7.267,7.378,7.416,9.599,23.989,1.0,1.0,1.0,1.0,1.0,1.0,1.0,1.0,1.0,1.0,1.0,1.0,W03b_01u_asia,asia,
aster,FET,3,1788314320,1,0.1518,26.350461,25,31,0,20146.1603,33280.2873,34998.8328,0,14397.0966,16758.5765,38380.205,13.175,13.175,13.175,13.175,13.175,19.254,13.175,13.175,13.175,13.175,15.423,34.481,1.0,1.0,1.0,1.0,1.0,1.0,1.0,1.0,1.0,1.0,1.0,1.0,W03b_01u_asia,asia,
aster,AR,3,1788314320,1,2.193,18.239854,18,13,294.4704,2646.3896,10439.8476,11610.4716,999.8225,9857.279,10153.2278,10450.1174,10.992,12.336,17.534,26.594,31.537,398.812,9.12,9.13,15.4,19.1,21.248,269.015,1.0,1.0,1.0,1.0,1.0,0.6733,1.0,1.0,1.0,1.0,1.0,0.5731,W03b_01u_asia,asia,
aster,FIL,3,1788314320,1,0.77,25.974026,32,24,0,15255.1144,20735.5484,49685.3286,0,6236.4648,10385.3752,13714.7996,12.987,12.987,12.987,12.987,12.987,23.298,12.987,12.987,12.987,12.987,19.215,98.977,1.0,1.0,1.0,1.0,1.0,1.0,1.0,1.0,1.0,1.0,1.0,1.0,W03b_01u_asia,asia,
aster,KAS,3,1788314320,1,0.027385,32.864707,15,19,0,2708.37206,14128.8167,31542.83719,0,2010.39435,7689.01287,7689.01287,16.432,16.432,18.349,27.567,32.954,53.209,16.432,17.093,21.77,28.23,59.483,276.674,1.0,1.0,1.0,1.0,1.0,1.0,1.0,1.0,1.0,1.0,1.0,1.0,W03b_01u_asia,asia,
aster,ICP,3,1788314320,1,2.44,8.196721,49,114,760.774,23729.491,26087.204,47682.467,434.625,8297.017,14389.441,18524.123,5.837,7.995,10.575,11.435,12.226,16.059,7.715,10.005,14.564,17.528,21.047,57.487,1.0,1.0,1.0,1.0,1.0,1.0,1.0,1.0,1.0,1.0,1.0,1.0,W03b_01u_asia,asia,
aster,KITE,3,1788314320,1,0.12374,6.465169,110,49,343.8211,8588.40243,12203.70157,14855.00569,2250.55224,4498.13452,8234.38061,8234.38061,6.8,8.653,12.117,14.546,18.552,152.219,3.233,4.041,7.114,13.37,87.369,454.318,1.0,1.0,1.0,1.0,1.0,1.0,1.0,1.0,1.0,1.0,1.0,0.7317,W03b_01u_asia,asia,
aster,LDO,3,1788314320,1,0.36215,13.806434,47,27,2425.4538,12820.6467,12999.5539,13020.7231,999.8616,10755.4035,10755.4035,11588.3854,6.903,6.903,7.145,11.343,14.646,197.796,6.903,6.91,11.876,13.532,14.359,241.735,1.0,1.0,1.0,1.0,1.0,1.0,1.0,1.0,1.0,1.0,1.0,1.0,W03b_01u_asia,asia,
aster,MORPHO,3,1788314320,1,2.5979,16.936757,42,28,1100.04994,2921.01337,3031.40141,3137.51358,999.99846,2737.6333,2737.6333,2743.38366,8.468,8.468,12.807,103.478,184.539,309.55,8.468,8.473,16.525,134.179,214.516,321.012,1.0,1.0,1.0,1.0,1.0,1.0,1.0,1.0,1.0,1.0,1.0,1.0,W03b_01u_asia,asia,
aster,MAGMA,3,1788314320,1,0.47141,15.697588,178,79,1100.66333,4338.99095,9927.94951,29929.10829,1314.92835,3082.73871,9289.82838,12312.62139,9.108,9.232,12.237,17.633,28.919,52.272,8.018,8.357,12.549,18.806,29.266,156.47,1.0,1.0,1.0,1.0,1.0,1.0,1.0,1.0,1.0,1.0,1.0,1.0,W03b_01u_asia,asia,
aster,POWER,3,1788314320,1,0.085855,38.436899,60,47,0,1223.08468,1293.13728,1463.22222,0,123.52472,1323.59582,1577.46044,20.096,20.24,116.758,275.23,579.077,968.602,23.606,24.324,112.676,267.951,583.237,775.246,1.0,1.0,1.0,1.0,1.0,0.5719,1.0,1.0,1.0,1.0,1.0,0.5709,W03b_01u_asia,asia,
aster,ONDO,3,1788314320,1,0.3368,5.938242,91,244,3645.07556,16825.22105,25256.30741,37425.80217,10722.29202,16517.19293,24130.37687,44782.48158,2.969,2.969,3.801,6.602,9.239,18.384,2.969,2.97,4.751,5.345,6.026,20.065,1.0,1.0,1.0,1.0,1.0,1.0,1.0,1.0,1.0,1.0,1.0,1.0,W03b_01u_asia,asia,
aster,RIVER,3,1788314320,1,1.315,15.209125,73,145,1522.1376,6079.7411,15795.8384,20999.0303,2555.4088,13863.4564,37575.1419,105093.8571,7.605,7.605,10.576,15.075,22.219,51.141,7.605,7.605,7.605,11.326,16.956,26.326,1.0,1.0,1.0,1.0,1.0,1.0,1.0,1.0,1.0,1.0,1.0,1.0,W03b_01u_asia,asia,
aster,SPX,3,1788314320,1,0.5531,28.927861,17,12,0,2774.7552,14194.6657,14194.6657,0,1733.7327,5313.0175,5313.0175,14.464,14.464,14.464,20.889,24.909,756.746,14.894,19.199,25.679,30.92,1151.814,1151.814,1.0,1.0,1.0,1.0,1.0,0.779,1.0,1.0,1.0,1.0,0.8615,0.3446,W03b_01u_asia,asia,
aster,TAO,3,1788314320,1,216.745,0.461372,115,137,4544.78842,51394.89411,104655.39513,168207.88897,22909.62305,64253.14278,104691.21326,139985.4453,3.838,5.26,7.193,8.19,9.666,11.973,0.231,0.231,0.231,0.847,2.045,5.638,1.0,1.0,1.0,1.0,1.0,1.0,1.0,1.0,1.0,1.0,1.0,1.0,W03b_01u_asia,asia,
aster,UAI,3,1788314320,1,0.57955,8.627383,142,98,2711.16,17996.0511,41887.466,98451.5701,10044.3508,13906.3353,26495.9027,46603.8261,4.314,4.314,6.109,10.01,13.183,19.326,5.963,6.001,6.847,8.169,8.829,21.782,1.0,1.0,1.0,1.0,1.0,1.0,1.0,1.0,1.0,1.0,1.0,1.0,W03b_01u_asia,asia,
aster,WIF,3,1788314320,1,0.19145,36.563071,22,29,0,9042.11948,11918.42188,17284.95584,0,1657.79352,3466.99132,8931.69876,18.282,18.282,21.412,22.458,23.471,67.703,18.282,20.512,25.842,47.6,72.448,115.346,1.0,1.0,1.0,1.0,1.0,1.0,1.0,1.0,1.0,1.0,1.0,1.0,W03b_01u_asia,asia,
aster,ZEN,3,1788314320,1,5.3455,20.578056,8,9,0,13371.9955,13371.9955,13542.5749,0,4945.7639,4945.7639,4945.7639,10.289,10.289,14.349,17.931,19.722,391.597,10.81,12.42,18.274,22.953,405.764,405.764,1.0,1.0,1.0,1.0,1.0,0.6768,1.0,1.0,1.0,1.0,0.7764,0.3106,W03b_01u_asia,asia,
aster,XMR,3,1788314320,1,505.725,0.197736,260,191,24426.53487,43788.60652,74140.27475,119158.65584,4091.1664,31369.12042,69927.24083,129098.4681,0.099,0.099,0.099,0.188,1.62,4.901,4.401,4.425,6.454,7.628,10.797,15.398,1.0,1.0,1.0,1.0,1.0,1.0,1.0,1.0,1.0,1.0,1.0,1.0,W03b_01u_asia,asia,
aster,USELESS,3,1788314320,1,0.10935,9.144947,62,70,1112.7833,7677.13658,13235.63042,34222.93709,100.101,5735.12402,17004.37843,22135.61998,4.572,4.572,7.916,10.641,16.948,42.277,10.424,11.156,13.008,14.988,24.207,50.515,1.0,1.0,1.0,1.0,1.0,1.0,1.0,1.0,1.0,1.0,1.0,1.0,W03b_01u_asia,asia,
aster,ZRO,3,1788314320,1,1.0012,13.98322,101,243,353.74142,3127.22076,19409.58137,19890.38329,283.26539,703.21214,703.21214,1323.19738,9.474,13.16,15.452,20.685,24.326,76.485,9.743,27.554,114.216,202.434,277.819,462.354,1.0,1.0,1.0,1.0,1.0,1.0,1.0,1.0,1.0,1.0,1.0,1.0,W03b_01u_asia,asia,
aster,龙虾,3,1788314320,1,0.062719,17.697845,242,71,239.752464,3864.25389,4842.967845,5799.113944,296.61637,571.383006,1175.240848,1876.796689,11.485,13.108,17.388,23.105,63.258,96.299,12.574,21.8,57.625,98.837,197.465,353.31,1.0,1.0,1.0,1.0,1.0,1.0,1.0,1.0,1.0,1.0,1.0,1.0,W03b_01u_asia,asia,
binance,AR,3,1788314320,1,2.1925,4.561003,542,1000,1225.332,9338.1601,47319.3751,141427.1621,1712.2745,15167.3191,55206.9289,112296.7836,4.346,5.594,8.667,11.933,16.23,24.636,3.992,5.417,7.711,9.557,12.3,19.516,1.0,1.0,1.0,1.0,1.0,1.0,1.0,1.0,1.0,1.0,1.0,1.0,W03b_01u_asia,asia,
binance,FET,3,1788314320,1,0.15185,6.585446,569,1000,20229.5408,70381.0752,180418.3312,373500.1735,31201.9672,77481.886,129661.3847,210506.85,3.293,3.293,4.854,7.366,8.622,10.627,3.293,3.293,3.293,3.293,5.181,7.999,1.0,1.0,1.0,1.0,1.0,1.0,1.0,1.0,1.0,1.0,1.0,1.0,W03b_01u_asia,asia,
binance,FIL,3,1788314320,1,0.76965,1.299292,1000,1000,45871.53495,139582.18507,312695.89551,951978.46258,93385.63772,243136.2016,396571.7336,875928.561757,0.65,0.65,0.65,0.65,0.65,2.356,0.65,0.65,0.65,1.228,1.861,3.172,1.0,1.0,1.0,1.0,1.0,1.0,1.0,1.0,1.0,1.0,1.0,1.0,W03b_01u_asia,asia,
binance,KAS,3,1788314320,1,0.02737,7.307271,422,1000,677.71344,10137.38809,32441.53744,66460.29865,1757.62018,14952.42238,29921.91606,61122.44876,4.963,7.312,9.88,12.247,16.216,24.984,3.654,5.155,7.533,10.753,14.626,24.432,1.0,1.0,1.0,1.0,1.0,1.0,1.0,1.0,1.0,1.0,1.0,1.0,W03b_01u_asia,asia,
binance,KITE,3,1788314320,1,0.123655,0.808702,1000,1000,1052.42598,8839.29588,36837.15068,69657.03942,1685.06491,8210.90611,22575.75748,50961.04524,3.39,5.707,9.377,13.181,17.762,28.525,3.075,5.499,8.18,11.396,17.868,31.916,1.0,1.0,1.0,1.0,1.0,1.0,1.0,1.0,1.0,1.0,1.0,1.0,W03b_01u_asia,asia,
binance,LDO,3,1788314320,1,0.36215,2.761287,1000,1000,6747.0359,45037.0775,156012.5014,323598.6953,10409.4799,46524.8375,100070.2232,210170.6971,2.346,3.244,3.783,5.233,8.408,13.163,3.438,3.79,5.468,6.624,8.144,11.773,1.0,1.0,1.0,1.0,1.0,1.0,1.0,1.0,1.0,1.0,1.0,1.0,W03b_01u_asia,asia,
binance,MAGMA,3,1788314320,1,0.470215,0.638006,1000,1000,2364.31155,21381.03764,25917.84482,39640.07152,3606.48384,13424.30182,21262.49577,58760.79073,4.227,5.599,7.832,10.97,16.018,22.916,2.354,3.547,5.22,7.762,10.831,27.462,1.0,1.0,1.0,1.0,1.0,1.0,1.0,1.0,1.0,1.0,1.0,1.0,W03b_01u_asia,asia,
binance,ONDO,3,1788314320,1,0.33675,2.969562,1000,1000,22806.46548,228916.14078,596955.55052,1469183.99885,81809.97944,302061.38547,659251.04264,1021998.17103,2.855,3.655,4.135,4.294,4.386,6.468,1.485,1.485,1.485,1.485,1.485,3.242,1.0,1.0,1.0,1.0,1.0,1.0,1.0,1.0,1.0,1.0,1.0,1.0,W03b_01u_asia,asia,
binance,POWER,3,1788314320,1,0.08589,6.985679,916,1000,218.47245,1288.88252,3700.0258,32135.19593,163.70704,1641.79766,4476.06649,9239.72771,11.677,16.099,23.489,35.303,47.636,56.078,11.158,15.251,20.826,31.678,55.836,140.236,1.0,1.0,1.0,1.0,1.0,1.0,1.0,1.0,1.0,1.0,1.0,1.0,W03b_01u_asia,asia,
binance,RIVER,3,1788314320,1,1.3155,7.601672,513,1000,598.9825,13597.6468,39372.4932,85860.3664,727.6164,11556.1199,36489.7607,63573.8927,3.801,6.848,9.581,10.492,13.402,21.712,3.801,5.874,9.191,10.297,13.892,22.985,1.0,1.0,1.0,1.0,1.0,1.0,1.0,1.0,1.0,1.0,1.0,1.0,W03b_01u_asia,asia,
binance,RUNE,3,1788314320,1,0.46565,2.147536,580,1000,2719.2091,15054.6518,30288.6747,115359.5275,8648.8635,30971.3931,65108.2105,136907.6034,4.797,5.562,7.343,9.686,13.367,23.888,1.377,2.299,3.59,5.375,7.537,12.824,1.0,1.0,1.0,1.0,1.0,1.0,1.0,1.0,1.0,1.0,1.0,1.0,W03b_01u_asia,asia,
binance,UAI,3,1788314320,1,0.57955,1.725477,1000,1000,10147.8038,28377.9042,60827.817,115134.9615,30875.6193,64468.9207,95098.25,211935.8289,1.894,2.269,3.965,5.574,7.503,12.736,1.994,2.397,3.547,4.614,5.863,7.088,1.0,1.0,1.0,1.0,1.0,1.0,1.0,1.0,1.0,1.0,1.0,1.0,W03b_01u_asia,asia,
binance,TAO,3,1788314320,1,216.535,0.461819,1000,1000,50281.18858,161304.76278,733535.29638,2397229.54261,94039.18001,299280.9238,888081.04139,1778766.38113,0.231,0.45,0.867,1.412,2.167,3.481,1.448,1.827,2.255,2.53,3.073,3.822,1.0,1.0,1.0,1.0,1.0,1.0,1.0,1.0,1.0,1.0,1.0,1.0,W03b_01u_asia,asia,
binance,USELESS,3,1788314320,1,0.109285,2.745116,1000,1000,5694.01016,17393.45661,45161.63525,132337.97417,8600.31364,30140.72033,68733.3577,167739.77735,1.69,2.198,3.578,5.568,8.981,18.355,2.068,2.541,3.788,5.536,7.593,12.96,1.0,1.0,1.0,1.0,1.0,1.0,1.0,1.0,1.0,1.0,1.0,1.0,W03b_01u_asia,asia,
binance,WIF,3,1788314321,1,0.19125,5.228758,654,1000,61035.75694,96806.78477,218041.8431,426890.27853,15520.03917,67485.95374,158228.81462,315019.36791,2.614,2.614,2.614,4.397,6.12,7.154,2.614,2.614,3.505,5.674,6.759,9.394,1.0,1.0,1.0,1.0,1.0,1.0,1.0,1.0,1.0,1.0,1.0,1.0,W03b_01u_asia,asia,
binance,XMR,3,1788314321,1,506.095,0.197591,1000,1000,10094.60397,42544.96041,210524.50458,402793.52442,19616.99667,96685.47481,278398.61376,419870.78355,1.677,2.727,4.487,6.0,7.456,12.42,0.099,0.48,1.978,3.071,4.961,7.834,1.0,1.0,1.0,1.0,1.0,1.0,1.0,1.0,1.0,1.0,1.0,1.0,W03b_01u_asia,asia,
binance,ZEC,3,1788314321,1,822.095,0.12164,1000,1000,207149.30482,1091404.71804,3012185.03577,6952463.66352,313855.33282,1172199.5708,3004534.6786,5310742.2131,0.636,0.713,0.833,0.999,1.315,1.861,0.061,0.061,0.061,0.256,0.632,1.483,1.0,1.0,1.0,1.0,1.0,1.0,1.0,1.0,1.0,1.0,1.0,1.0,W03b_01u_asia,asia,
binance,ZEN,3,1788314321,1,5.3445,1.871082,882,1000,2344.2173,23743.4091,73114.9909,194503.2924,7427.456,31101.1699,78292.3065,140860.1151,3.766,4.604,6.57,8.805,11.598,16.649,2.183,3.345,4.145,5.264,7.228,12.53,1.0,1.0,1.0,1.0,1.0,1.0,1.0,1.0,1.0,1.0,1.0,1.0,W03b_01u_asia,asia,
binance,龙虾,3,1788314321,1,0.062663,7.181329,1000,1000,446.847267,4394.865527,8566.261759,16922.082101,497.650613,5334.279924,8718.071396,32569.774618,8.586,9.44,13.259,17.932,29.598,71.013,6.024,9.251,12.729,17.55,28.757,60.276,1.0,1.0,1.0,1.0,1.0,1.0,1.0,1.0,1.0,1.0,1.0,1.0,W03b_01u_asia,asia,
bitget,AR,3,1788314321,1,2.1915,4.563085,100,100,389.6228,4977.7895,40445.2956,95500.3348,306.9986,6187.6,56285.1996,105401.032,7.414,9.411,14.575,17.567,21.332,27.258,8.18,11.136,14.987,17.76,20.892,28.251,1.0,1.0,1.0,1.0,1.0,1.0,1.0,1.0,1.0,1.0,1.0,1.0,W03b_01u_asia,asia,
bitget,BTW,3,1788314321,1,0.430222,9.553219,100,100,224.885636,7298.769546,13160.826587,28054.272959,1718.369708,6099.297143,14394.535984,29893.992071,8.517,9.994,10.893,15.33,21.176,47.145,7.284,7.716,10.099,13.537,20.608,42.944,1.0,1.0,1.0,1.0,1.0,1.0,1.0,1.0,1.0,1.0,1.0,1.0,W03b_01u_asia,asia,
bitget,FET,3,1788314321,1,0.15175,6.589786,100,100,18509.0966,45852.1046,135216.5576,240376.4965,17319.2517,56987.6446,95000.0522,231105.6213,3.295,3.295,5.842,7.863,8.874,11.187,3.295,6.022,8.339,9.112,9.498,11.759,1.0,1.0,1.0,1.0,1.0,1.0,1.0,1.0,1.0,1.0,1.0,1.0,W03b_01u_asia,asia,
binance,ZRO,3,1788314321,1,1.00025,2.99925,1000,1000,6618.71685,28849.46678,71273.80953,149744.06574,3655.69648,35065.34178,60419.08758,104738.88892,1.801,2.785,4.535,5.986,8.178,13.532,1.62,2.336,4.762,7.216,10.851,14.805,1.0,1.0,1.0,1.0,1.0,1.0,1.0,1.0,1.0,1.0,1.0,1.0,W03b_01u_asia,asia,
bitget,FIL,3,1788314321,1,0.7693,5.199532,100,100,17925.9271,74789.03735,157584.00293,688598.67219,20528.5557,169185.05794,470738.68615,991682.40553,2.6,2.6,3.286,4.756,6.617,8.473,3.734,3.817,4.289,4.744,5.932,7.966,1.0,1.0,1.0,1.0,1.0,1.0,1.0,1.0,1.0,1.0,1.0,1.0,W03b_01u_asia,asia,
bitget,KAS,3,1788314321,1,0.02739,7.301935,100,100,818.65124,11228.12887,45701.43986,93281.9815,1722.65232,34538.8198,51360.4422,84372.87082,6.464,7.543,9.589,11.01,14.655,23.892,3.651,3.651,6.748,8.851,11.648,15.733,1.0,1.0,1.0,1.0,1.0,1.0,1.0,1.0,1.0,1.0,1.0,1.0,W03b_01u_asia,asia,
bitget,KITE,3,1788314321,1,0.12362,9.707167,100,100,196.43076,1293.13917,21164.61184,51957.63557,475.20221,1702.60821,14552.15321,26400.97601,10.148,13.774,20.879,24.397,28.806,38.829,8.085,10.791,18.093,22.28,26.676,45.848,1.0,1.0,1.0,1.0,1.0,1.0,1.0,1.0,1.0,1.0,1.0,1.0,W03b_01u_asia,asia,
bitget,MAGMA,3,1788314321,1,0.47011,11.912106,100,100,460.84583,9251.61387,26439.54886,40299.10278,353.80184,7039.03524,19804.81966,48306.50039,7.6,10.259,14.096,17.543,21.041,31.354,9.506,12.927,15.944,17.65,21.432,39.037,1.0,1.0,1.0,1.0,1.0,1.0,1.0,1.0,1.0,1.0,1.0,1.0,W03b_01u_asia,asia,
bitget,LDO,3,1788314321,1,0.3621,5.523336,100,100,3287.68764,17703.55811,61987.39799,145636.43602,5266.12497,51791.20888,76457.83173,150637.45919,4.602,5.063,6.794,9.146,13.626,21.82,2.762,2.762,3.409,5.205,8.053,11.426,1.0,1.0,1.0,1.0,1.0,1.0,1.0,1.0,1.0,1.0,1.0,1.0,W03b_01u_asia,asia,
bitget,POWER,3,1788314321,1,0.086045,10.459643,100,100,173.68407,2871.83208,8191.86353,34344.449,125.54574,2827.76167,7476.81724,16870.98955,10.293,13.604,18.728,24.918,34.248,56.745,12.611,14.15,17.596,23.815,35.022,76.49,1.0,1.0,1.0,1.0,1.0,1.0,1.0,1.0,1.0,1.0,1.0,1.0,W03b_01u_asia,asia,
bitget,ONDO,3,1788314321,1,0.3368,5.938242,100,100,130769.6848,532553.89723,1014656.45904,2012782.77985,179938.29275,675044.10072,1109421.57196,1996623.18511,2.969,2.969,2.969,2.969,3.498,4.962,2.969,2.969,2.969,3.749,4.844,5.5,1.0,1.0,1.0,1.0,1.0,1.0,1.0,1.0,1.0,1.0,1.0,1.0,W03b_01u_asia,asia,
bitget,RIVER,3,1788314321,1,1.315,15.209125,100,100,3553.056,12696.692,30548.891,58676.218,2529.352,10517.729,19367.338,41209.804,7.605,7.605,7.605,9.801,14.474,25.063,7.605,7.605,7.605,11.365,16.313,33.452,1.0,1.0,1.0,1.0,1.0,1.0,1.0,1.0,1.0,1.0,1.0,1.0,W03b_01u_asia,asia,
bitget,RUNE,3,1788314321,1,0.4654,4.297379,100,100,1531.03741,4981.73577,26119.35525,56509.80105,1454.81853,19809.96551,26395.29474,53231.2691,4.655,6.486,8.967,13.925,19.855,30.129,3.874,4.086,7.386,9.065,10.991,19.236,1.0,1.0,1.0,1.0,1.0,1.0,1.0,1.0,1.0,1.0,1.0,1.0,W03b_01u_asia,asia,
bitget,TAO,3,1788314321,1,216.56,1.847063,100,100,63031.39204,397268.08529,1028240.73136,1208474.82413,114704.93949,261001.08124,486741.80068,1318242.02139,1.338,1.782,2.371,2.723,4.174,5.904,1.131,1.356,2.057,2.414,2.762,3.55,1.0,1.0,1.0,1.0,1.0,1.0,1.0,1.0,1.0,1.0,1.0,1.0,W03b_01u_asia,asia,
bitget,UAI,3,1788314321,1,0.578095,3.632621,100,100,2327.53829,7363.76669,18032.85725,25346.75986,451.20154,5610.06473,16941.37381,20939.45502,5.235,6.293,7.498,13.755,19.769,36.063,6.813,9.406,11.457,14.957,21.594,33.928,1.0,1.0,1.0,1.0,1.0,1.0,1.0,1.0,1.0,1.0,1.0,0.8347,W03b_01u_asia,asia,
bitget,USELESS,3,1788314321,1,0.109225,6.408789,100,100,5731.94805,17567.71552,34794.20829,80587.24381,5239.23336,16036.38705,46396.63335,93751.15537,3.527,3.824,4.254,6.372,9.368,17.909,3.415,3.945,4.662,6.219,9.837,19.13,1.0,1.0,1.0,1.0,1.0,1.0,1.0,1.0,1.0,1.0,1.0,1.0,W03b_01u_asia,asia,
bitget,WIF,3,1788314321,1,0.19125,5.228758,100,100,11312.24318,48577.66321,259337.82699,435305.39778,13208.76725,138520.95941,273108.28071,452203.92081,2.614,4.572,6.535,7.189,7.516,11.585,5.635,6.739,7.401,7.622,7.733,10.267,1.0,1.0,1.0,1.0,1.0,1.0,1.0,1.0,1.0,1.0,1.0,1.0,W03b_01u_asia,asia,
bitget,XMR,3,1788314321,1,505.965,7.708043,100,100,33164.2112,84816.9004,273456.5652,523370.2424,4131.691,138022.9309,353486.8504,459495.8167,3.854,3.854,3.854,4.01,4.129,4.378,6.01,6.612,6.973,8.016,9.841,13.347,1.0,1.0,1.0,1.0,1.0,1.0,1.0,1.0,1.0,1.0,1.0,1.0,W03b_01u_asia,asia,
bitget,ZRO,3,1788314321,1,1.00045,2.998651,100,100,605.8712,6057.7585,56424.6083,153394.9756,2812.3844,17910.1077,79462.7615,139066.4025,6.132,8.491,11.994,16.862,20.991,26.959,5.267,6.382,7.409,9.492,13.492,19.852,1.0,1.0,1.0,1.0,1.0,1.0,1.0,1.0,1.0,1.0,1.0,1.0,W03b_01u_asia,asia,
bybit,BTW,3,1788314321,1,0.42937,8.384377,200,200,274.6314,2807.4865,6148.3527,14707.2875,1194.6488,2962.5436,7528.1582,17555.6919,8.714,10.878,16.51,24.65,41.879,96.18,8.001,8.309,13.029,22.035,37.263,75.718,1.0,1.0,1.0,1.0,1.0,1.0,1.0,1.0,1.0,1.0,1.0,0.9242,W03b_01u_asia,asia,
bybit,AR,3,1788314321,1,2.194,9.11577,200,200,584.6647,2137.7893,6714.5541,13602.8729,388.8821,1934.5576,10086.6939,18025.6464,7.95,10.424,16.392,24.048,39.573,78.576,9.542,13.05,20.418,27.415,33.545,68.661,1.0,1.0,1.0,1.0,1.0,1.0,1.0,1.0,1.0,1.0,1.0,1.0,W03b_01u_asia,asia,
bybit,KITE,3,1788314321,1,0.12367,12.937657,200,200,29.41442,520.37519,2568.32104,11053.35153,247.28905,639.74157,2258.13608,5181.50674,16.845,24.012,33.389,44.006,60.924,127.074,13.401,19.955,34.698,54.449,111.541,283.9,1.0,1.0,1.0,1.0,1.0,1.0,1.0,1.0,1.0,1.0,1.0,1.0,W03b_01u_asia,asia,
bybit,FIL,3,1788314321,1,0.7696,2.598753,200,200,9289.36032,36192.5869,254093.33731,503438.89537,4679.76946,43755.4288,249189.86754,463769.8286,3.073,4.472,5.687,6.718,7.677,10.986,2.563,3.833,6.186,7.725,9.06,11.84,1.0,1.0,1.0,1.0,1.0,1.0,1.0,1.0,1.0,1.0,1.0,1.0,W03b_01u_asia,asia,
bybit,LDO,3,1788314321,1,0.36195,2.762813,200,200,2333.11809,23422.06713,222309.5845,391317.85227,2911.30201,18374.59017,204825.04933,369371.66429,4.818,7.113,8.829,10.631,12.293,16.778,5.947,6.427,7.802,10.739,14.469,20.464,1.0,1.0,1.0,1.0,1.0,1.0,1.0,1.0,1.0,1.0,1.0,1.0,W03b_01u_asia,asia,
bybit,KAS,3,1788314321,1,0.02733,7.317966,200,200,331.0262,19274.5981,47404.7721,131766.918,1469.1809,11543.4303,27246.7183,117059.3017,7.973,9.475,11.713,13.174,15.285,20.819,6.096,6.707,8.584,11.482,15.569,24.927,1.0,1.0,1.0,1.0,1.0,1.0,1.0,1.0,1.0,1.0,1.0,1.0,W03b_01u_asia,asia,
bybit,MAGMA,3,1788314321,1,0.46985,10.641694,200,200,133.7821,1906.1148,6744.6413,14256.8604,766.4888,2127.8936,7199.7404,14124.8591,11.537,14.259,19.927,26.771,43.601,89.493,7.574,9.256,16.991,26.72,41.923,84.002,1.0,1.0,1.0,1.0,1.0,1.0,1.0,1.0,1.0,1.0,1.0,1.0,W03b_01u_asia,asia,
bybit,POWER,3,1788314321,1,0.08603,11.623852,200,200,92.93289,704.27231,1788.5984,17540.69894,107.96144,967.88316,1768.43383,3098.63749,13.025,19.075,35.91,46.428,51.692,146.685,11.74,16.914,38.075,106.125,221.68,253.601,1.0,1.0,1.0,1.0,1.0,1.0,1.0,1.0,1.0,1.0,1.0,0.4579,W03b_01u_asia,asia,
bybit,RIVER,3,1788314321,1,1.3155,7.601672,200,200,325.857,1057.5023,3475.4767,7536.4726,208.0596,1027.4299,3775.0467,7875.4832,6.447,11.005,22.089,38.242,72.095,146.864,8.241,12.903,25.66,39.516,73.181,193.838,1.0,1.0,1.0,1.0,1.0,1.0,1.0,1.0,1.0,1.0,1.0,1.0,W03b_01u_asia,asia,
bybit,ONDO,3,1788314321,1,0.33675,2.969562,200,200,29855.3294,191884.9876,423664.0403,936759.0601,42140.7319,207964.462,447476.9101,898049.9082,1.485,1.485,1.485,1.485,2.74,5.12,1.485,1.485,1.485,2.65,3.552,4.415,1.0,1.0,1.0,1.0,1.0,1.0,1.0,1.0,1.0,1.0,1.0,1.0,W03b_01u_asia,asia,
bybit,RUNE,3,1788314321,1,0.46565,10.737679,200,200,284.45254,1541.08911,42223.72213,156226.68877,284.25459,1313.61805,25024.90819,134572.20951,10.396,14.149,23.365,32.093,39.021,43.366,10.73,14.903,24.094,32.295,39.127,44.65,1.0,1.0,1.0,1.0,1.0,1.0,1.0,1.0,1.0,1.0,1.0,1.0,W03b_01u_asia,asia,
bybit,UAI,3,1788314321,1,0.57945,5.177323,200,200,1117.5547,4862.2476,14409.0428,50156.1983,2228.3231,10145.4154,17090.445,59108.3352,4.83,6.715,10.259,14.397,24.496,43.57,2.636,4.315,7.213,11.185,16.329,35.51,1.0,1.0,1.0,1.0,1.0,1.0,1.0,1.0,1.0,1.0,1.0,1.0,W03b_01u_asia,asia,
bybit,TAO,3,1788314321,1,216.605,0.46167,200,200,48538.26196,197547.10151,521113.78591,1183791.86009,32950.96729,157836.3136,462557.61371,1015953.70421,0.665,1.218,1.872,2.748,3.51,5.427,0.231,0.231,1.221,2.638,4.827,7.281,1.0,1.0,1.0,1.0,1.0,1.0,1.0,1.0,1.0,1.0,1.0,1.0,W03b_01u_asia,asia,
bybit,USELESS,3,1788314321,1,0.1094,3.656307,200,200,803.51636,14999.15339,49115.3198,178192.81922,2948.41379,13790.61024,60379.28538,201041.76818,6.034,7.706,10.061,12.191,15.774,23.38,2.995,4.274,5.72,8.062,11.907,22.873,1.0,1.0,1.0,1.0,1.0,1.0,1.0,1.0,1.0,1.0,1.0,1.0,W03b_01u_asia,asia,
bybit,WIF,3,1788314321,1,0.19115,5.231494,200,200,8889.1971,52685.3171,119621.9154,251272.1845,14306.0766,61446.7458,128134.2462,222553.5048,2.885,5.366,6.855,7.351,8.177,12.243,2.616,2.616,2.616,4.964,6.406,9.51,1.0,1.0,1.0,1.0,1.0,1.0,1.0,1.0,1.0,1.0,1.0,1.0,W03b_01u_asia,asia,
bybit,XMR,3,1788314321,1,506.255,2.962934,200,200,2979.6348,85650.6117,292186.895,501002.8506,24631.9389,94005.1524,294919.3903,313453.2071,3.836,4.932,6.933,9.111,11.953,14.936,2.015,2.585,3.222,3.524,4.357,7.285,1.0,1.0,1.0,1.0,1.0,1.0,1.0,1.0,1.0,1.0,1.0,1.0,W03b_01u_asia,asia,
bybit,ZEN,3,1788314321,1,5.341,7.489234,200,200,662.3552,1913.7061,6941.5619,13170.4138,794.2859,2483.57,4937.5068,11460.1375,6.397,8.99,17.121,27.711,41.164,95.5,6.833,8.657,15.186,26.974,43.338,79.49,1.0,1.0,1.0,1.0,1.0,1.0,1.0,1.0,1.0,1.0,1.0,1.0,W03b_01u_asia,asia,
bybit,ZRO,3,1788314321,1,1.00005,0.99995,200,200,4433.01956,14861.31762,46662.56602,147086.84177,3021.46323,11356.45284,30201.01684,130268.30029,2.465,3.986,6.251,8.083,10.461,20.594,7.29,7.946,8.878,11.184,15.404,27.328,1.0,1.0,1.0,1.0,1.0,1.0,1.0,1.0,1.0,1.0,1.0,1.0,W03b_01u_asia,asia,
dydx,LDO,3,1788314321,1,0.3616,71.902655,36,33,0,0,4886.3886,4886.3886,0,0,17665.3193,23465.4323,35.951,35.951,35.951,37.385,74.002,103.376,35.951,35.951,35.951,35.951,35.951,50.08,1.0,1.0,1.0,1.0,1.0,1.0,1.0,1.0,1.0,1.0,1.0,1.0,W03b_01u_asia,asia,
dydx,FIL,3,1788314321,1,0.7699,49.357059,37,53,0,14820.096,17720.4543,17720.4543,0,9929.207,12951.587,18751.9675,24.679,24.679,24.679,24.679,24.679,68.811,24.679,24.679,24.679,24.679,24.703,50.96,1.0,1.0,1.0,1.0,1.0,1.0,1.0,1.0,1.0,1.0,1.0,1.0,W03b_01u_asia,asia,
dydx,ICP,3,1788314321,1,2.44135,52.020399,43,57,0,0,12076.04278,26275.92307,0,0,12277.79228,40677.80175,26.01,26.01,26.01,26.012,26.421,39.551,26.01,26.01,26.01,26.031,36.872,69.152,1.0,1.0,1.0,1.0,1.0,1.0,1.0,1.0,1.0,1.0,1.0,1.0,W03b_01u_asia,asia,
dydx,MORPHO,3,1788314321,1,2.6725,647.333957,15,6,0,0,0,0,0,0,0,0,323.667,323.667,1374.568,1769.604,1967.122,2085.633,1510.684,1573.864,1611.772,1624.408,1630.726,1634.517,1.0,1.0,1.0,1.0,1.0,1.0,1.0,1.0,1.0,1.0,1.0,1.0,W03b_01u_asia,asia,
dydx,RUNE,3,1788314322,1,0.4673,72.758399,20,17,0,0,7800.1968,23400.1098,0,0,3900.204,19500.2224,36.379,36.379,36.379,36.379,44.743,71.795,36.379,36.379,36.379,46.868,65.163,96.427,1.0,1.0,1.0,1.0,1.0,1.0,1.0,1.0,1.0,1.0,1.0,1.0,W03b_01u_asia,asia,
dydx,ONDO,3,1788314322,1,0.33905,150.420292,29,22,0,0,0,21300.1135,0,0,0,28399.9408,75.21,75.21,75.21,75.21,75.21,82.307,75.21,75.21,75.21,75.21,75.21,75.21,1.0,1.0,1.0,1.0,1.0,1.0,1.0,1.0,1.0,1.0,1.0,1.0,W03b_01u_asia,asia,
dydx,TAO,3,1788314322,1,216.945,58.540183,29,30,0,0,29632.5002,46297.6427,0,0,21298.6267,224021.8666,29.27,29.27,29.27,29.27,29.27,29.797,29.27,29.27,29.27,29.27,35.06,50.609,1.0,1.0,1.0,1.0,1.0,1.0,1.0,1.0,1.0,1.0,1.0,1.0,W03b_01u_asia,asia,
dydx,SPX,3,1788314322,1,0.56525,716.497125,16,15,0,0,0,0,0,0,0,0,588.258,697.048,762.322,784.08,794.959,801.487,367.903,368.383,368.671,368.767,368.815,368.844,1.0,1.0,1.0,1.0,1.0,1.0,1.0,1.0,1.0,1.0,1.0,1.0,W03b_01u_asia,asia,
dydx,WIF,3,1788314322,1,0.191065,38.206893,37,34,0,14998.3643,14998.3643,29198.33015,0,15057.87539,36357.88591,64757.85972,19.103,19.103,19.103,19.103,19.103,32.675,19.103,19.103,19.103,19.103,20.148,32.261,1.0,1.0,1.0,1.0,1.0,1.0,1.0,1.0,1.0,1.0,1.0,1.0,W03b_01u_asia,asia,
dydx,XMR,3,1788314322,1,509.395,179.624849,39,26,0,0,0,999.5436,0,0,0,287432.5828,89.812,89.812,195.095,230.696,248.496,259.176,89.812,89.812,89.812,89.812,89.812,89.812,1.0,1.0,1.0,1.0,1.0,1.0,1.0,1.0,1.0,1.0,1.0,1.0,W03b_01u_asia,asia,
dydx,ZEC,3,1788314322,1,822.155,43.179206,55,40,0,8367.876,8367.876,47850.696,0,8321.693,19697.999,19697.999,21.59,21.59,21.59,21.59,26.242,40.747,21.59,21.59,21.59,21.59,22.497,58.484,1.0,1.0,1.0,1.0,1.0,1.0,1.0,1.0,1.0,1.0,1.0,1.0,W03b_01u_asia,asia,
dydx,ZEN,3,1788314322,1,5.3465,91.648742,25,24,0,0,1000.536,1000.536,0,0,999.006,999.006,45.824,45.824,379.102,491.15,547.174,580.789,45.824,48.846,374.664,483.32,537.648,570.245,1.0,1.0,1.0,1.0,1.0,1.0,1.0,1.0,1.0,1.0,1.0,1.0,W03b_01u_asia,asia,
hl,ONDO,3,1788314322,1,0.336755,0.296952,20,20,39270.63865,39270.63865,39270.63865,39270.63865,49392.94737,49392.94737,49392.94737,49392.94737,0.148,0.148,0.31,1.22,2.144,3.431,0.267,0.564,1.21,2.131,2.773,3.853,1.0,1.0,1.0,1.0,1.0,1.0,1.0,1.0,1.0,1.0,1.0,1.0,W03b_01u_asia,asia,
okx,USELESS,3,1788314322,1,0.109215,0.915625,400,400,514.26489,2124.39567,5830.91751,15788.90872,805.65082,2447.39618,6802.80191,15487.47767,6.843,9.787,16.809,26.992,45.163,91.284,4.975,7.23,12.782,22.849,40.164,99.391,1.0,1.0,1.0,1.0,1.0,1.0,1.0,1.0,1.0,1.0,1.0,1.0,W03b_01u_asia,asia,
dydx,ZRO,3,1788314322,1,1.004,79.681275,20,20,0,0,2900.0,8700.376,0,0,5800.032,17388.444,39.841,39.841,39.841,48.161,60.202,143.875,39.841,39.841,39.841,39.841,56.665,240.901,1.0,1.0,1.0,1.0,1.0,1.0,1.0,1.0,1.0,1.0,1.0,1.0,W03b_01u_asia,asia,
aster,AR,1,1788340579,1,2.2655,22.070183,13,8,0,8795.0206,10476.6449,11357.4113,0,11297.3796,11594.8192,12191.0082,11.035,11.035,17.931,21.104,23.253,252.75,11.035,11.035,11.035,17.136,20.707,67.398,1.0,1.0,1.0,1.0,1.0,0.4929,1.0,1.0,1.0,1.0,1.0,0.4988,W05b_09u_eu,eu,
aster,FET,1,1788340579,1,0.1527,26.195154,26,34,0,18749.2329,20105.1268,48617.4686,0,8374.8302,9136.8488,9726.9251,13.098,13.098,13.098,13.098,15.004,26.464,13.098,13.098,13.191,16.419,25.517,233.096,1.0,1.0,1.0,1.0,1.0,1.0,1.0,1.0,1.0,1.0,1.0,1.0,W05b_09u_eu,eu,
aster,FIL,1,1788340579,1,0.7895,12.666244,24,27,1197.702,19262.1292,29613.6518,48879.1385,299.015,8494.2496,10016.3251,13276.5819,6.333,6.333,12.927,15.963,17.481,23.329,11.429,15.214,17.485,18.242,21.521,122.827,1.0,1.0,1.0,1.0,1.0,1.0,1.0,1.0,1.0,1.0,1.0,1.0,W05b_09u_eu,eu,
aster,BTW,1,1788340579,1,0.446635,11.866513,277,252,315.97155,7125.46187,19889.88417,31333.30858,36007.572,61385.12679,72029.24012,83510.44086,8.665,9.426,11.415,13.505,20.073,36.752,5.933,6.299,7.826,8.335,8.589,8.742,1.0,1.0,1.0,1.0,1.0,1.0,1.0,1.0,1.0,1.0,1.0,1.0,W05b_09u_eu,eu,
aster,ICP,1,1788340579,1,2.533,7.895776,79,122,311.362,14719.667,19049.65,51736.086,8405.95,13913.692,16204.654,22859.98,8.912,12.352,14.531,18.849,21.268,33.825,5.696,6.796,7.456,7.676,8.418,39.297,1.0,1.0,1.0,1.0,1.0,1.0,1.0,1.0,1.0,1.0,1.0,1.0,W05b_09u_eu,eu,
aster,KAS,1,1788340579,1,0.027625,32.579186,14,20,0,3781.41104,17279.45716,46700.70412,0,2046.64879,6276.56488,7724.21498,16.29,16.29,18.175,23.836,32.733,46.248,16.29,17.416,23.734,30.872,69.759,292.509,1.0,1.0,1.0,1.0,1.0,1.0,1.0,1.0,1.0,1.0,1.0,1.0,W05b_09u_eu,eu,
aster,LDO,1,1788340579,1,0.36515,13.693003,50,29,999.826,10766.4735,11590.0871,11610.7211,4066.1712,13841.4789,14491.4485,14718.0008,6.847,6.847,11.774,13.418,14.648,210.723,6.847,6.847,6.847,8.386,11.724,90.238,1.0,1.0,1.0,1.0,1.0,1.0,1.0,1.0,1.0,1.0,1.0,1.0,W05b_09u_eu,eu,
aster,KITE,1,1788340579,1,0.1369,13.148283,128,45,1023.82854,9142.008,13648.73095,18047.99135,936.3996,3776.61705,5280.02533,5280.02533,8.161,8.463,11.685,16.201,20.386,84.692,7.153,7.659,12.472,17.914,134.241,483.49,1.0,1.0,1.0,1.0,1.0,1.0,1.0,1.0,1.0,1.0,1.0,1.0,W05b_09u_eu,eu,
aster,MAGMA,1,1788340579,1,0.538915,14.287967,89,161,1069.48992,7549.02462,11301.23526,17872.8515,1071.08338,4127.34787,10820.59171,21453.92533,7.144,7.307,10.455,14.663,21.579,107.654,7.144,7.31,10.675,15.992,26.565,60.057,1.0,1.0,1.0,1.0,1.0,1.0,1.0,1.0,1.0,1.0,1.0,1.0,W05b_09u_eu,eu,
aster,MORPHO,1,1788340579,1,2.5745,30.297145,37,20,0,3905.74625,3905.74625,7082.09622,0,20.11152,20.11152,26.07611,15.459,15.498,15.629,32.472,110.946,266.007,125.197,127.854,147.039,209.08,246.802,350.374,1.0,1.0,1.0,1.0,1.0,1.0,1.0,1.0,1.0,1.0,1.0,1.0,W05b_09u_eu,eu,
aster,ONDO,1,1788340579,1,0.3412,11.723329,88,231,16476.26645,21698.27733,28655.31639,64222.35572,2032.27397,17368.08955,18419.82643,29468.7015,5.862,5.862,5.862,5.949,7.371,12.67,7.576,8.184,9.1,10.531,12.849,35.487,1.0,1.0,1.0,1.0,1.0,1.0,1.0,1.0,1.0,1.0,1.0,1.0,W05b_09u_eu,eu,
aster,POWER,1,1788340579,1,0.085745,24.491224,55,41,0,1222.90895,1392.96259,1580.44457,0,1223.43644,1493.59851,1563.67098,12.246,12.246,112.724,285.862,613.277,965.124,12.246,12.259,134.577,334.727,665.186,778.734,1.0,1.0,1.0,1.0,1.0,0.4754,1.0,1.0,1.0,1.0,1.0,0.4405,W05b_09u_eu,eu,
aster,RIVER,1,1788340579,1,1.274,15.698587,79,182,1922.4846,6731.2673,18812.793,30775.3945,2476.815,14007.8227,32991.9058,66039.487,7.849,7.849,9.658,14.548,21.605,38.831,7.849,7.849,7.928,11.813,13.756,22.624,1.0,1.0,1.0,1.0,1.0,1.0,1.0,1.0,1.0,1.0,1.0,1.0,W05b_09u_eu,eu,
aster,TAO,1,1788340579,1,217.805,4.132137,119,127,12300.76447,71825.72072,131704.18853,176241.52831,21220.70121,95504.03131,105424.61359,135568.09279,2.525,3.47,4.556,5.24,6.587,9.789,2.066,2.066,2.066,2.78,3.706,7.096,1.0,1.0,1.0,1.0,1.0,1.0,1.0,1.0,1.0,1.0,1.0,1.0,W05b_09u_eu,eu,
aster,UAI,1,1788340579,1,0.5558,7.196833,135,118,2303.353,24523.0929,47557.8968,69975.3854,456.6207,4280.793,16806.3238,37475.2693,5.013,6.105,7.041,8.918,11.795,17.744,7.121,9.708,12.228,17.255,24.607,47.571,1.0,1.0,1.0,1.0,1.0,1.0,1.0,1.0,1.0,1.0,1.0,1.0,W05b_09u_eu,eu,
aster,USELESS,1,1788340579,1,0.109135,17.40963,47,82,1145.57424,19174.84334,38061.14959,51922.77751,1624.79625,8765.75078,14935.68564,34091.64468,8.705,8.705,10.138,11.784,16.157,23.615,8.705,8.705,10.201,13.387,18.089,39.816,1.0,1.0,1.0,1.0,1.0,1.0,1.0,1.0,1.0,1.0,1.0,1.0,W05b_09u_eu,eu,
aster,WIF,1,1788340579,1,0.19545,25.58199,23,27,0,13527.28064,16401.33924,39384.57129,0,4642.40984,7540.17254,12994.72934,12.791,12.791,14.389,18.707,20.865,33.704,12.791,12.791,18.679,21.227,43.359,128.305,1.0,1.0,1.0,1.0,1.0,1.0,1.0,1.0,1.0,1.0,1.0,1.0,W05b_09u_eu,eu,
aster,XMR,1,1788340579,1,520.625,7.87515,258,202,16714.5915,30517.08712,54799.1976,96607.37274,9829.59352,38488.5596,79476.48099,141611.57867,3.938,4.047,4.212,5.133,6.53,9.284,3.938,3.938,4.16,4.64,6.1,11.095,1.0,1.0,1.0,1.0,1.0,1.0,1.0,1.0,1.0,1.0,1.0,1.0,W05b_09u_eu,eu,
aster,SPX,1,1788340579,1,0.5592,25.035765,13,7,0,2788.3179,14208.5095,14208.5095,0,477.0348,5327.1673,5327.1673,12.518,12.518,13.399,22.539,28.258,755.042,13.192,20.008,24.638,26.625,1173.574,1173.574,1.0,1.0,1.0,1.0,1.0,0.6929,1.0,1.0,1.0,1.0,0.6819,0.2728,W05b_09u_eu,eu,
aster,ZEN,1,1788340579,1,5.4025,20.360944,11,8,0,9104.8855,9104.8855,9104.8855,0,778.8472,778.8472,778.8472,10.18,10.18,17.842,21.415,40.441,525.364,10.421,42.779,245.67,899.298,899.298,899.298,1.0,1.0,1.0,1.0,1.0,0.5058,1.0,1.0,1.0,0.6851,0.3426,0.137,W05b_09u_eu,eu,
aster,ZRO,1,1788340579,1,1.01875,14.723926,122,243,139.0588,3058.50223,16054.11271,19875.99187,755.78267,5174.64054,6058.13518,6244.38794,10.407,13.784,16.518,21.852,25.405,100.427,7.362,8.7,13.824,16.483,125.823,678.224,1.0,1.0,1.0,1.0,1.0,1.0,1.0,1.0,1.0,1.0,1.0,1.0,W05b_09u_eu,eu,
aster,龙虾,1,1788340579,1,0.072697,12.655268,249,171,423.481023,2327.974315,3576.192866,7640.034179,48.156166,1332.800898,2505.595143,6942.910027,8.268,14.997,21.04,34.551,66.013,236.463,10.853,15.64,26.858,46.554,87.623,193.793,1.0,1.0,1.0,1.0,1.0,1.0,1.0,1.0,1.0,1.0,1.0,1.0,W05b_09u_eu,eu,
binance,AR,1,1788340579,1,2.2655,4.414037,584,1000,1384.0475,22475.0705,55807.9499,129410.5631,2457.9338,29074.0256,58008.8294,124702.995,5.335,5.978,8.333,10.21,13.152,19.272,3.135,4.878,6.001,8.518,10.644,16.012,1.0,1.0,1.0,1.0,1.0,1.0,1.0,1.0,1.0,1.0,1.0,1.0,W05b_09u_eu,eu,
binance,FET,1,1788340579,1,0.15275,6.546645,583,1000,30279.9275,100471.689,207794.2221,428748.0448,30758.5637,77978.8275,138220.8272,210553.6181,3.273,3.273,4.457,7.139,8.479,9.284,3.273,3.273,3.273,3.273,3.375,7.242,1.0,1.0,1.0,1.0,1.0,1.0,1.0,1.0,1.0,1.0,1.0,1.0,W05b_09u_eu,eu,
binance,FIL,1,1788340579,1,0.78965,1.266384,1000,1000,59202.04914,215263.65242,414522.63728,1047188.89166,49150.58011,212000.36268,386931.5313,812280.71858,1.847,1.873,1.889,1.894,2.39,3.845,0.633,1.209,1.623,1.761,2.346,4.081,1.0,1.0,1.0,1.0,1.0,1.0,1.0,1.0,1.0,1.0,1.0,1.0,W05b_09u_eu,eu,
binance,KAS,1,1788340579,1,0.02761,7.243752,412,1000,879.93147,9404.70405,28380.89171,69725.45452,2295.13644,11180.51607,26417.2482,56057.36502,4.965,6.537,9.134,11.139,15.59,26.869,3.622,4.986,6.639,10.07,14.436,26.436,1.0,1.0,1.0,1.0,1.0,1.0,1.0,1.0,1.0,1.0,1.0,1.0,W05b_09u_eu,eu,
binance,KITE,1,1788340579,1,0.136665,0.731716,1000,1000,3267.82596,18636.93282,45535.16412,112860.27749,2806.71063,14954.00939,47189.97802,142140.06335,3.028,4.086,5.834,8.149,11.756,19.8,1.185,2.998,6.06,8.952,13.195,22.94,1.0,1.0,1.0,1.0,1.0,1.0,1.0,1.0,1.0,1.0,1.0,1.0,W05b_09u_eu,eu,
binance,LDO,1,1788340579,1,0.36515,2.738601,1000,1000,6735.3135,67641.9785,145881.7916,339392.0031,11873.3137,46404.3895,103273.3213,239131.6527,1.822,2.965,3.965,5.915,8.643,12.071,1.369,2.287,3.38,4.735,5.976,10.02,1.0,1.0,1.0,1.0,1.0,1.0,1.0,1.0,1.0,1.0,1.0,1.0,W05b_09u_eu,eu,
binance,MAGMA,1,1788340579,1,0.538425,2.41445,1000,1000,4087.62102,11199.32605,27323.48857,58932.28862,2964.95868,18351.0073,42900.56977,86589.97368,3.336,4.528,5.76,7.708,12.272,27.174,2.464,3.593,6.238,8.979,13.779,21.158,1.0,1.0,1.0,1.0,1.0,1.0,1.0,1.0,1.0,1.0,1.0,1.0,W05b_09u_eu,eu,
binance,ONDO,1,1788340579,1,0.34115,2.931262,1000,1000,54129.17442,240736.48973,545575.81333,1079436.37988,42247.59805,297369.77359,561409.46466,974034.23748,1.466,1.466,1.466,1.466,1.466,2.869,1.466,1.98,3.43,3.913,4.155,5.715,1.0,1.0,1.0,1.0,1.0,1.0,1.0,1.0,1.0,1.0,1.0,1.0,W05b_09u_eu,eu,
binance,POWER,1,1788340579,1,0.08573,6.998717,1000,1000,1046.9952,5031.68597,23030.31686,31637.03937,834.99311,4110.85998,7640.85559,13238.86516,4.648,5.81,9.18,12.631,23.512,36.334,4.59,5.984,10.703,16.377,33.213,98.908,1.0,1.0,1.0,1.0,1.0,1.0,1.0,1.0,1.0,1.0,1.0,1.0,W05b_09u_eu,eu,
binance,RIVER,1,1788340579,1,1.2745,7.846214,454,1000,1775.1916,11845.7538,27681.5101,73562.3345,2395.47,15292.8378,54863.2579,83897.4873,3.923,3.923,6.196,8.983,13.383,24.758,3.923,3.923,4.254,8.012,10.418,19.999,1.0,1.0,1.0,1.0,1.0,1.0,1.0,1.0,1.0,1.0,1.0,1.0,W05b_09u_eu,eu,
binance,RUNE,1,1788340579,1,0.46795,2.13698,582,1000,5060.2305,21523.3607,55167.0704,143748.6555,3525.854,24497.8399,60472.6306,129267.4278,1.068,1.898,3.97,6.79,10.438,18.153,4.812,5.1,6.698,8.788,11.695,16.941,1.0,1.0,1.0,1.0,1.0,1.0,1.0,1.0,1.0,1.0,1.0,1.0,W05b_09u_eu,eu,
binance,TAO,1,1788340579,1,217.605,0.459548,1000,1000,60500.29191,259499.7046,743863.78027,1657217.78745,67383.06685,304107.21377,930914.37619,1830627.34428,0.23,0.23,0.739,1.341,2.106,3.74,0.302,0.982,1.778,2.409,3.23,4.406,1.0,1.0,1.0,1.0,1.0,1.0,1.0,1.0,1.0,1.0,1.0,1.0,W05b_09u_eu,eu,
binance,UAI,1,1788340579,1,0.5558,3.598417,1000,1000,4741.2803,22355.4473,44245.6643,99194.1785,5691.9438,16605.1221,34686.4224,74637.0665,3.032,3.459,4.881,6.609,9.69,16.624,3.38,3.889,4.926,6.535,9.657,19.45,1.0,1.0,1.0,1.0,1.0,1.0,1.0,1.0,1.0,1.0,1.0,1.0,W05b_09u_eu,eu,
binance,USELESS,1,1788340579,1,0.10907,1.833685,1000,1000,6845.66713,33457.31707,87146.34229,208275.78315,14222.78187,55022.96153,116807.768,225745.42231,0.917,1.521,3.269,4.667,7.091,12.766,1.952,2.581,3.767,4.802,5.865,9.797,1.0,1.0,1.0,1.0,1.0,1.0,1.0,1.0,1.0,1.0,1.0,1.0,W05b_09u_eu,eu,
binance,WIF,1,1788340579,1,0.19535,5.119017,693,1000,11704.0378,55242.84551,124224.90443,317920.71398,13198.61221,71658.8057,152359.93925,313736.52504,2.56,2.56,4.235,5.957,6.818,10.478,2.56,2.56,4.537,6.108,6.893,9.783,1.0,1.0,1.0,1.0,1.0,1.0,1.0,1.0,1.0,1.0,1.0,1.0,W05b_09u_eu,eu,
binance,XMR,1,1788340579,1,520.785,0.192018,1000,1000,12965.65694,108151.26532,233018.8187,479027.58816,24981.20027,130986.37696,304014.90093,513410.65809,0.644,1.516,3.43,5.211,6.388,8.813,0.096,0.096,0.494,2.009,4.18,6.546,1.0,1.0,1.0,1.0,1.0,1.0,1.0,1.0,1.0,1.0,1.0,1.0,W05b_09u_eu,eu,
binance,ZEC,1,1788340579,1,823.535,0.121428,1000,1000,221881.20636,1159404.43651,3219432.06698,6298613.7238,313677.03741,1156284.53369,2707033.54814,5346817.65026,0.061,0.061,0.061,0.061,0.128,0.523,0.061,0.061,0.061,0.061,0.41,0.991,1.0,1.0,1.0,1.0,1.0,1.0,1.0,1.0,1.0,1.0,1.0,1.0,W05b_09u_eu,eu,
binance,ZEN,1,1788340579,1,5.4005,1.85168,871,1000,3291.1401,26735.8077,72200.8183,211612.273,4400.3345,38800.4618,83953.4236,159186.0688,2.533,3.581,5.695,7.646,10.193,16.112,4.499,5.49,6.667,7.723,9.209,13.277,1.0,1.0,1.0,1.0,1.0,1.0,1.0,1.0,1.0,1.0,1.0,1.0,W05b_09u_eu,eu,
binance,ZRO,1,1788340579,1,1.01785,0.982463,1000,1000,6221.24374,22354.44263,56357.10896,158054.78859,8698.83108,43364.79041,82425.61606,188564.42418,2.962,3.888,5.776,7.194,8.976,15.453,0.491,1.2,2.693,4.003,6.471,11.485,1.0,1.0,1.0,1.0,1.0,1.0,1.0,1.0,1.0,1.0,1.0,1.0,W05b_09u_eu,eu,
binance,龙虾,1,1788340579,1,0.072577,3.306833,1000,1000,1882.465077,11315.048174,25407.719993,81426.972785,1209.034689,3486.422827,12111.038863,33380.555793,3.544,5.649,7.888,9.545,14.034,29.042,3.475,5.109,10.61,18.286,27.535,43.96,1.0,1.0,1.0,1.0,1.0,1.0,1.0,1.0,1.0,1.0,1.0,1.0,W05b_09u_eu,eu,
bitget,AR,1,1788340579,1,2.2645,4.415986,100,100,897.5277,6200.2939,40799.403,96018.7541,797.6104,36698.7695,57040.5535,105911.3934,6.186,6.855,10.298,14.315,23.226,34.462,6.192,7.304,9.546,11.788,14.48,18.712,1.0,1.0,1.0,1.0,1.0,1.0,1.0,1.0,1.0,1.0,1.0,1.0,W05b_09u_eu,eu,
bitget,BTW,1,1788340579,1,0.447383,8.963247,100,100,32.189202,2907.26273,5677.691351,14935.693747,1275.112294,2888.506079,7934.788531,18240.8951,14.888,17.508,20.427,26.102,44.08,60.867,7.01,7.31,13.224,20.237,33.314,60.459,1.0,1.0,1.0,1.0,1.0,0.6688,1.0,1.0,1.0,1.0,1.0,0.8174,W05b_09u_eu,eu,
bitget,FET,1,1788340579,1,0.15265,6.550934,100,100,20763.185,48220.3167,111525.6763,200911.4356,19327.7216,61855.5422,124754.8908,204587.2941,3.275,3.275,5.536,7.681,8.754,10.503,3.275,4.21,7.58,8.703,9.265,11.093,1.0,1.0,1.0,1.0,1.0,1.0,1.0,1.0,1.0,1.0,1.0,1.0,W05b_09u_eu,eu,
bitget,KAS,1,1788340579,1,0.027605,10.867596,100,100,7161.7475,35508.24833,47755.3155,95403.20911,2944.77059,19477.06868,45309.28824,72311.05664,8.078,8.567,8.861,8.959,10.033,13.578,7.808,8.432,8.807,10.422,12.905,19.243,1.0,1.0,1.0,1.0,1.0,1.0,1.0,1.0,1.0,1.0,1.0,1.0,W05b_09u_eu,eu,
bitget,FIL,1,1788340579,1,0.78885,1.267668,100,100,28174.27387,106208.15379,578816.59897,1373792.04649,78548.25357,291431.7495,545767.49927,1336143.71657,1.388,1.802,2.622,2.896,3.638,5.36,2.025,2.597,3.667,5.136,6.688,7.972,1.0,1.0,1.0,1.0,1.0,1.0,1.0,1.0,1.0,1.0,1.0,1.0,W05b_09u_eu,eu,
bitget,KITE,1,1788340580,1,0.13666,10.244402,100,100,1488.91277,5766.31372,36771.55695,68198.11343,1429.78628,5307.20523,16074.95749,48606.13807,5.991,7.616,11.107,16.313,27.199,39.784,7.944,8.717,11.313,16.31,21.08,35.124,1.0,1.0,1.0,1.0,1.0,1.0,1.0,1.0,1.0,1.0,1.0,1.0,W05b_09u_eu,eu,
bitget,LDO,1,1788340580,1,0.3649,5.480954,100,100,4260.10789,26898.3854,85538.33548,154571.70888,3794.41655,38138.30192,81371.82452,137218.51432,5.214,5.348,7.006,8.018,10.405,17.273,4.102,4.82,6.861,8.203,9.583,12.149,1.0,1.0,1.0,1.0,1.0,1.0,1.0,1.0,1.0,1.0,1.0,1.0,W05b_09u_eu,eu,
bitget,ONDO,1,1788340580,1,0.34115,2.931262,100,100,93060.20509,329018.88892,927465.93429,1852421.21146,35001.73041,646111.41078,1040676.39338,1990067.672,1.466,1.466,1.466,2.217,3.307,3.961,3.546,3.971,4.227,4.312,4.565,6.223,1.0,1.0,1.0,1.0,1.0,1.0,1.0,1.0,1.0,1.0,1.0,1.0,W05b_09u_eu,eu,
bitget,POWER,1,1788340580,1,0.08605,11.62115,100,100,128.2766,1862.98128,9469.3466,18022.97053,1016.62004,2751.51214,7981.23589,18615.13022,13.893,16.569,20.507,27.717,37.753,74.018,6.857,6.99,13.43,21.247,34.319,72.602,1.0,1.0,1.0,1.0,1.0,1.0,1.0,1.0,1.0,1.0,1.0,1.0,W05b_09u_eu,eu,
bitget,RIVER,1,1788340580,1,1.2735,7.852375,100,100,552.482,9790.692,25026.39,51903.526,485.394,11724.618,28448.019,46324.271,3.926,7.439,10.043,11.647,15.791,26.501,4.159,7.969,10.255,11.017,15.257,24.459,1.0,1.0,1.0,1.0,1.0,1.0,1.0,1.0,1.0,1.0,1.0,1.0,W05b_09u_eu,eu,
bitget,RUNE,1,1788340580,1,0.46785,2.137437,100,100,1093.3414,5231.92402,28669.41939,55085.5144,2134.61873,5843.19382,29448.26213,65909.49087,3.383,5.886,10.259,15.093,23.396,31.855,3.827,5.54,8.345,12.963,19.531,30.175,1.0,1.0,1.0,1.0,1.0,1.0,1.0,1.0,1.0,1.0,1.0,1.0,W05b_09u_eu,eu,
bitget,MAGMA,1,1788340580,1,0.53892,11.133378,100,100,385.03336,5368.97219,23028.28534,47914.89475,571.64218,12916.86687,26810.75796,66191.67554,8.597,10.845,14.382,18.174,23.057,34.699,6.55,9.169,11.698,13.03,17.524,27.532,1.0,1.0,1.0,1.0,1.0,1.0,1.0,1.0,1.0,1.0,1.0,1.0,W05b_09u_eu,eu,
bitget,TAO,1,1788340580,1,217.595,2.297847,100,100,49547.39134,275550.87585,1027659.49198,1211222.31923,38746.38462,186487.71789,403734.58989,511096.96657,1.933,2.442,2.769,3.045,3.246,4.456,1.512,2.087,3.292,4.008,4.48,5.619,1.0,1.0,1.0,1.0,1.0,1.0,1.0,1.0,1.0,1.0,1.0,1.0,W05b_09u_eu,eu,
bitget,UAI,1,1788340580,1,0.5555,9.0009,100,100,571.76652,5476.66554,22532.08286,22857.58159,3665.88306,10429.14122,33831.70427,35284.98881,6.593,9.248,13.924,16.806,22.535,33.483,6.017,6.959,7.598,9.598,14.169,28.078,1.0,1.0,1.0,1.0,1.0,0.9174,1.0,1.0,1.0,1.0,1.0,1.0,W05b_09u_eu,eu,
bitget,WIF,1,1788340580,1,0.19545,5.116398,100,100,2594.5143,44084.60659,184695.7854,311413.74433,10805.28263,117229.86592,231087.63197,307521.72631,5.474,6.574,7.234,9.914,11.353,14.442,2.558,2.558,3.552,5.613,6.644,10.287,1.0,1.0,1.0,1.0,1.0,1.0,1.0,1.0,1.0,1.0,1.0,1.0,W05b_09u_eu,eu,
bitget,USELESS,1,1788340580,1,0.10903,9.171788,100,100,3455.91019,28920.2269,58985.76608,119930.43129,4170.86313,20355.69215,69120.44227,122481.71986,4.998,6.011,7.877,9.134,10.953,14.339,4.809,5.615,6.319,7.844,10.898,18.849,1.0,1.0,1.0,1.0,1.0,1.0,1.0,1.0,1.0,1.0,1.0,1.0,W05b_09u_eu,eu,
bitget,XMR,1,1788340580,1,520.815,9.024318,100,100,8456.5554,80167.3159,269361.8447,392978.3504,6655.2592,94572.6906,364664.4798,463198.553,6.054,6.723,7.125,7.289,8.431,10.264,4.682,4.693,4.7,6.065,8.089,12.262,1.0,1.0,1.0,1.0,1.0,1.0,1.0,1.0,1.0,1.0,1.0,1.0,W05b_09u_eu,eu,
bitget,ZRO,1,1788340580,1,1.01825,2.946231,100,100,701.1659,16146.4313,84166.4368,153571.6972,8894.9559,38663.935,90448.2975,156497.8336,4.61,7.161,9.502,13.709,17.873,21.869,3.635,4.13,6.843,8.086,9.027,13.473,1.0,1.0,1.0,1.0,1.0,1.0,1.0,1.0,1.0,1.0,1.0,1.0,W05b_09u_eu,eu,
bybit,AR,1,1788340580,1,2.2655,4.414037,200,200,230.2761,2310.5485,5886.9397,12305.7856,32.1889,1414.7801,5418.0421,19667.549,8.455,11.847,18.578,30.489,47.226,87.035,12.213,15.719,25.505,35.926,52.999,88.03,1.0,1.0,1.0,1.0,1.0,1.0,1.0,1.0,1.0,1.0,1.0,1.0,W05b_09u_eu,eu,
bybit,BTW,1,1788340580,1,0.446485,6.943122,200,200,169.5488,3070.702,5224.1148,20042.6384,232.337,2424.1451,6041.0942,13661.4768,10.076,12.084,16.671,24.093,41.972,82.119,9.834,11.858,17.593,26.257,42.231,74.338,1.0,1.0,1.0,1.0,1.0,1.0,1.0,1.0,1.0,1.0,1.0,1.0,W05b_09u_eu,eu,
bybit,FIL,1,1788340580,1,0.7892,2.534212,200,200,10957.52185,39333.38999,67507.66105,134057.90758,2878.01199,29502.19565,160151.59211,194105.24203,2.414,3.108,4.532,5.902,7.24,10.115,3.069,4.392,6.703,8.325,10.213,14.115,1.0,1.0,1.0,1.0,1.0,1.0,1.0,1.0,1.0,1.0,1.0,1.0,W05b_09u_eu,eu,
bybit,KAS,1,1788340580,1,0.02757,7.254262,200,200,1105.1324,15451.4051,37091.3185,122459.5077,1059.171,14654.9957,33847.1748,107173.8348,5.216,6.235,8.869,10.632,13.203,20.482,7.072,7.163,9.309,10.198,13.415,20.364,1.0,1.0,1.0,1.0,1.0,1.0,1.0,1.0,1.0,1.0,1.0,1.0,W05b_09u_eu,eu,
bybit,KITE,1,1788340580,1,0.136575,8.054183,200,200,92.25786,3208.80825,5352.43154,8843.80158,34.70402,1434.85411,5183.74841,9194.26319,12.539,14.648,17.721,24.13,49.567,111.418,13.559,16.882,21.998,28.497,51.79,175.306,1.0,1.0,1.0,1.0,1.0,1.0,1.0,1.0,1.0,1.0,1.0,1.0,W05b_09u_eu,eu,
bybit,LDO,1,1788340580,1,0.36485,2.740852,200,200,8293.0177,23308.18788,193225.34477,310802.54954,7771.95778,25261.87172,210200.97979,415985.41747,3.025,3.568,4.391,5.621,7.867,15.648,3.714,3.913,4.88,6.141,8.714,15.344,1.0,1.0,1.0,1.0,1.0,1.0,1.0,1.0,1.0,1.0,1.0,1.0,W05b_09u_eu,eu,
bybit,MAGMA,1,1788340580,1,0.53815,1.858218,200,200,2259.3328,8125.0934,17330.2001,37610.2459,819.5988,4307.5249,10441.245,30741.1263,2.529,2.658,4.569,9.374,16.088,38.548,5.354,7.194,11.93,16.855,27.11,54.961,1.0,1.0,1.0,1.0,1.0,1.0,1.0,1.0,1.0,1.0,1.0,1.0,W05b_09u_eu,eu,
bybit,ONDO,1,1788340580,1,0.34115,2.931262,200,200,42114.2891,258042.9305,505866.5144,898059.001,56429.8079,266386.0295,482415.6553,761773.6434,1.466,1.466,1.466,2.299,3.348,4.527,1.466,1.466,2.136,3.267,3.832,4.171,1.0,1.0,1.0,1.0,1.0,1.0,1.0,1.0,1.0,1.0,1.0,1.0,W05b_09u_eu,eu,
bybit,POWER,1,1788340580,1,0.08606,6.97188,200,200,116.50377,689.98143,2924.19729,4260.61909,356.92651,1054.3979,1927.6678,3451.91625,14.74,19.56,23.534,53.315,164.852,340.416,7.532,12.385,32.563,87.371,198.519,198.519,1.0,1.0,1.0,1.0,1.0,1.0,1.0,1.0,1.0,1.0,0.8334,0.3334,W05b_09u_eu,eu,
bybit,RIVER,1,1788340580,1,1.2745,7.846214,200,200,269.5784,1194.9082,4221.9527,8260.3113,254.235,1467.9767,3983.2518,8213.6238,7.537,12.07,22.182,32.955,59.57,128.087,7.781,11.329,20.131,33.778,66.888,194.694,1.0,1.0,1.0,1.0,1.0,1.0,1.0,1.0,1.0,1.0,1.0,1.0,W05b_09u_eu,eu,
bybit,RUNE,1,1788340580,1,0.4681,8.545183,200,200,415.85138,2495.64484,38011.802,145565.98865,310.07622,2058.06941,37383.13176,158034.23957,5.711,9.033,16.04,25.147,35.69,42.667,8.264,12.628,19.035,29.124,37.51,43.385,1.0,1.0,1.0,1.0,1.0,1.0,1.0,1.0,1.0,1.0,1.0,1.0,W05b_09u_eu,eu,
bybit,UAI,1,1788340580,1,0.5557,3.599064,200,200,1479.8579,6254.3514,11436.2826,62733.0552,725.0496,2550.1938,9075.7422,42072.3296,4.822,6.499,9.031,12.643,21.766,45.306,4.577,7.568,13.245,23.572,34.45,49.016,1.0,1.0,1.0,1.0,1.0,1.0,1.0,1.0,1.0,1.0,1.0,1.0,W05b_09u_eu,eu,
bybit,TAO,1,1788340580,1,217.675,0.4594,200,200,42957.88232,182163.45348,529463.84452,1127948.50653,47332.88684,187903.69145,582121.77316,1174919.02307,0.828,0.988,1.383,2.076,3.163,5.115,1.98,2.238,2.721,3.083,3.489,4.712,1.0,1.0,1.0,1.0,1.0,1.0,1.0,1.0,1.0,1.0,1.0,1.0,W05b_09u_eu,eu,
bybit,USELESS,1,1788340580,1,0.108935,0.917979,200,200,2878.41563,25193.72571,95466.90442,288635.88401,3941.42951,25876.59753,73684.38869,251492.68629,1.979,3.654,6.272,8.594,11.788,17.502,3.58,5.103,6.843,8.293,11.038,16.166,1.0,1.0,1.0,1.0,1.0,1.0,1.0,1.0,1.0,1.0,1.0,1.0,W05b_09u_eu,eu,
bybit,WIF,1,1788340580,1,0.19535,5.119017,200,200,9760.8421,50048.843,121355.805,279638.1803,14214.9981,83092.69,142238.4917,259138.744,2.56,5.114,6.653,7.166,7.541,11.435,2.56,3.745,6.105,6.892,7.285,9.732,1.0,1.0,1.0,1.0,1.0,1.0,1.0,1.0,1.0,1.0,1.0,1.0,W05b_09u_eu,eu,
bybit,ZEN,1,1788340580,1,5.4,7.407407,200,200,556.3578,1879.6288,7183.1474,16560.4189,858.6659,2555.6026,7961.2011,12282.0254,6.593,10.048,17.83,28.813,41.353,79.608,5.721,7.636,13.749,24.438,38.628,75.993,1.0,1.0,1.0,1.0,1.0,1.0,1.0,1.0,1.0,1.0,1.0,1.0,W05b_09u_eu,eu,
bybit,XMR,1,1788340580,1,520.905,0.191974,200,200,6319.8227,70822.7199,289305.4355,289305.4355,4352.8849,50590.6206,267892.6986,267892.6986,0.708,1.836,3.778,5.492,8.177,11.831,3.105,4.516,6.443,8.016,10.419,13.51,1.0,1.0,1.0,1.0,1.0,1.0,1.0,1.0,1.0,1.0,1.0,1.0,W05b_09u_eu,eu,
bybit,ZRO,1,1788340580,1,1.01785,2.947389,200,200,897.31971,11405.85585,49818.3013,118988.20729,12280.80029,22811.33254,45521.81866,141381.86412,3.828,6.312,8.977,10.481,12.94,20.713,4.157,5.25,6.097,6.733,7.291,13.027,1.0,1.0,1.0,1.0,1.0,1.0,1.0,1.0,1.0,1.0,1.0,1.0,W05b_09u_eu,eu,
dydx,FIL,1,1788340580,1,0.7907,194.764133,56,67,0,0,0,14721.1729,0,0,0,14958.024,97.382,97.382,97.382,97.382,97.382,130.941,97.382,97.382,97.382,97.382,97.382,122.117,1.0,1.0,1.0,1.0,1.0,1.0,1.0,1.0,1.0,1.0,1.0,1.0,W05b_09u_eu,eu,
dydx,ICP,1,1788340580,1,2.5222,134.80295,85,63,0,0,0,1279.97928,0,0,0,14765.448,70.116,70.741,87.244,94.245,98.535,117.917,67.401,67.401,67.401,67.401,67.401,119.187,1.0,1.0,1.0,1.0,1.0,1.0,1.0,1.0,1.0,1.0,1.0,1.0,W05b_09u_eu,eu,
dydx,LDO,1,1788340580,1,0.36415,145.544419,54,48,0,0,0,14763.66,0,0,0,14980.112,72.772,72.772,72.772,72.772,72.772,92.798,72.772,72.772,72.772,72.772,72.772,115.048,1.0,1.0,1.0,1.0,1.0,1.0,1.0,1.0,1.0,1.0,1.0,1.0,W05b_09u_eu,eu,
dydx,MORPHO,1,1788340580,1,2.5835,1110.896071,14,8,0,0,0,0,0,0,0,0,1698.854,1843.234,1929.862,1958.738,1973.176,1981.839,1543.987,1721.287,1827.667,1863.127,1880.857,1891.495,1.0,1.0,1.0,1.0,1.0,1.0,1.0,1.0,1.0,1.0,1.0,1.0,W05b_09u_eu,eu,
dydx,ONDO,1,1788340580,1,0.34415,165.625454,60,38,0,0,0,178.8412,0,0,0,1329806.8291,192.418,223.334,241.883,248.066,251.158,253.013,82.813,82.813,82.813,82.813,82.813,82.813,1.0,1.0,1.0,1.0,1.0,1.0,1.0,1.0,1.0,1.0,1.0,1.0,W05b_09u_eu,eu,
dydx,SPX,1,1788340580,1,0.59125,8.45666,51,35,277.77,277.77,725.714,1037.186,47.32,1954462.164,2000880.305,2000928.041,16.25,31.359,286.685,412.687,476.861,858.327,18.01,18.73,19.162,19.306,19.378,19.422,1.0,1.0,1.0,1.0,1.0,1.0,1.0,1.0,1.0,1.0,1.0,1.0,W05b_09u_eu,eu,
dydx,RUNE,1,1788340580,1,0.469,315.565032,39,31,0,0,0,0,0,0,0,0,157.783,157.783,157.783,157.783,157.783,157.783,157.783,157.783,157.783,157.783,157.783,157.783,1.0,1.0,1.0,1.0,1.0,1.0,1.0,1.0,1.0,1.0,1.0,1.0,W05b_09u_eu,eu,
dydx,TAO,1,1788340580,1,217.52,90.106657,59,60,0,0,50098.6944,250197.8819,0,0,50099.865,257661.0559,45.053,45.053,45.053,45.053,45.053,45.053,45.053,45.053,45.053,45.053,45.053,45.053,1.0,1.0,1.0,1.0,1.0,1.0,1.0,1.0,1.0,1.0,1.0,1.0,W05b_09u_eu,eu,
dydx,WIF,1,1788340581,1,0.196315,141.099763,49,42,0,0,0,16550.13567,0,0,0,14765.4222,70.55,70.55,70.55,70.619,72.271,131.751,70.55,70.55,70.55,70.55,70.55,101.514,1.0,1.0,1.0,1.0,1.0,1.0,1.0,1.0,1.0,1.0,1.0,1.0,W05b_09u_eu,eu,
dydx,ZEN,1,1788340581,1,5.41,1149.722736,40,38,0,0,0,0,0,0,0,0,614.544,616.884,618.288,618.756,618.99,619.13,574.861,574.861,574.861,574.861,574.861,574.861,1.0,1.0,1.0,1.0,1.0,1.0,1.0,1.0,1.0,1.0,1.0,1.0,W05b_09u_eu,eu,
dydx,XMR,1,1788340581,1,524.22,151.081607,69,41,0,0,0,489.0444,0,0,0,870927.0011,78.477,178.493,238.503,258.506,268.507,274.508,75.541,75.541,75.541,75.541,75.541,75.541,1.0,1.0,1.0,1.0,1.0,1.0,1.0,1.0,1.0,1.0,1.0,1.0,W05b_09u_eu,eu,
hl,ONDO,1,1788340581,1,0.34138,1.171715,20,20,31319.53576,31319.53576,31319.53576,31319.53576,82142.79306,82142.79306,82142.79306,82142.79306,0.632,0.993,1.858,2.294,2.758,5.274,0.85,0.995,1.101,1.257,1.383,2.743,1.0,1.0,1.0,1.0,1.0,1.0,1.0,1.0,1.0,1.0,1.0,1.0,W05b_09u_eu,eu,
okx,USELESS,1,1788340581,1,0.10887,1.837053,400,400,1017.48757,4274.09148,10252.7239,26780.09569,516.30184,2723.81079,9276.15616,21686.77909,4.296,6.48,10.823,17.135,29.101,57.455,7.045,9.256,14.464,22.152,33.47,66.101,1.0,1.0,1.0,1.0,1.0,1.0,1.0,1.0,1.0,1.0,1.0,1.0,W05b_09u_eu,eu,
dydx,ZRO,1,1788340581,1,1.019,333.660451,43,28,0,0,0,0,0,0,0,0,195.071,226.006,262.957,399.565,700.273,880.698,185.657,220.726,260.797,398.24,694.704,872.582,1.0,1.0,1.0,1.0,1.0,1.0,1.0,1.0,1.0,1.0,1.0,1.0,W05b_09u_eu,eu,
dydx,ZEC,1,1788340581,1,825.43,43.85593,99,59,0,988.344,988.344,2772478.996,0,1362795.176,2802692.672,11351937.318,21.928,22.307,46.067,53.987,57.947,60.323,21.928,21.928,21.928,21.928,21.928,21.928,1.0,1.0,1.0,1.0,1.0,1.0,1.0,1.0,1.0,1.0,1.0,1.0,W05b_09u_eu,eu,
aster,BTW,2,1788340627,1,0.446665,11.417953,278,253,1315.56038,8234.80813,20069.32625,46745.15376,3081.88145,12103.03445,23595.70568,34149.541,8.252,8.995,11.182,13.504,19.354,36.598,5.709,5.882,6.719,9.15,12.699,25.687,1.0,1.0,1.0,1.0,1.0,1.0,1.0,1.0,1.0,1.0,1.0,1.0,W05b_09u_eu,eu,
aster,AR,2,1788340627,1,2.265,26.490066,12,8,0,12107.0205,12696.4183,13577.1847,0,999.9612,9895.4068,10491.5958,13.245,13.245,13.245,14.894,18.485,213.966,13.245,13.263,21.199,23.845,26.019,78.503,1.0,1.0,1.0,1.0,1.0,0.5817,1.0,1.0,1.0,1.0,1.0,0.4308,W05b_09u_eu,eu,
aster,FIL,2,1788340627,1,0.789,25.348542,23,26,0,14459.2484,19762.1546,51452.2497,0,4435.218,9522.2292,13540.2929,12.674,12.674,12.674,12.674,12.674,24.127,12.674,12.674,12.674,14.12,21.955,102.425,1.0,1.0,1.0,1.0,1.0,1.0,1.0,1.0,1.0,1.0,1.0,1.0,W05b_09u_eu,eu,
aster,FET,2,1788340627,1,0.1524,26.246719,25,35,0,39555.9351,63253.4349,83187.7925,0,5931.7769,7204.98,7305.0387,13.123,13.123,13.123,13.123,13.123,13.123,13.431,16.558,18.434,19.06,63.723,330.485,1.0,1.0,1.0,1.0,1.0,1.0,1.0,1.0,1.0,1.0,1.0,1.0,W05b_09u_eu,eu,
aster,KAS,2,1788340627,1,0.02761,28.975009,14,22,0,3897.96433,18160.31907,43506.42172,0,2058.45041,5637.98945,7736.02859,14.488,14.488,14.488,19.975,29.908,40.985,14.488,16.246,21.731,30.786,72.087,294.992,1.0,1.0,1.0,1.0,1.0,1.0,1.0,1.0,1.0,1.0,1.0,1.0,W05b_09u_eu,eu,
aster,ICP,2,1788340627,1,2.5305,3.951788,77,125,434.988,3120.016,19342.77,54202.504,7478.528,10664.218,15274.746,19114.043,6.951,11.883,15.423,19.935,22.811,33.149,3.728,4.828,5.488,7.037,9.541,48.97,1.0,1.0,1.0,1.0,1.0,1.0,1.0,1.0,1.0,1.0,1.0,1.0,W05b_09u_eu,eu,
aster,KITE,2,1788340627,1,0.13683,13.15501,127,49,957.02052,10016.00302,13675.36521,18075.50663,1143.53891,4931.60731,5684.25872,5684.25872,6.578,6.96,9.918,14.192,19.022,82.904,7.157,7.371,10.686,16.049,124.091,437.634,1.0,1.0,1.0,1.0,1.0,1.0,1.0,1.0,1.0,1.0,1.0,1.0,W05b_09u_eu,eu,
aster,LDO,2,1788340627,1,0.3645,10.973937,47,29,5974.6267,14297.9721,14297.9721,14318.6061,999.6427,10771.1906,10771.1906,11603.0828,5.487,5.487,5.487,6.194,8.315,427.297,5.487,5.499,13.722,16.463,18.25,218.873,1.0,1.0,1.0,1.0,1.0,0.8776,1.0,1.0,1.0,1.0,1.0,1.0,W05b_09u_eu,eu,
aster,MORPHO,2,1788340627,1,2.56995,29.961672,37,21,0,3702.5705,3908.01955,7199.99583,0,20.07642,20.07642,26.04101,14.981,14.981,15.476,29.665,100.933,250.579,142.43,145.438,165.083,227.194,265.032,359.979,1.0,1.0,1.0,1.0,1.0,1.0,1.0,1.0,1.0,1.0,1.0,1.0,W05b_09u_eu,eu,
aster,MAGMA,2,1788340627,1,0.538545,12.440929,85,149,2414.73539,8143.13249,13972.12107,21494.32289,752.31006,4795.467,9978.13248,22990.63455,6.697,6.83,7.24,9.44,15.855,66.288,6.22,7.817,10.712,16.746,28.227,59.403,1.0,1.0,1.0,1.0,1.0,1.0,1.0,1.0,1.0,1.0,1.0,1.0,W05b_09u_eu,eu,
aster,ONDO,2,1788340627,1,0.34095,8.798944,86,236,6.816,21834.43115,37890.58403,69133.77401,2810.48333,12043.65275,17005.6726,32780.96334,10.185,10.225,10.249,11.224,12.211,16.478,4.399,4.399,4.952,7.427,10.122,35.917,1.0,1.0,1.0,1.0,1.0,1.0,1.0,1.0,1.0,1.0,1.0,1.0,W05b_09u_eu,eu,
aster,POWER,2,1788340627,1,0.08538,7.027407,53,40,2686.4766,2978.88914,3148.9879,3249.00679,1331.96895,1554.87183,1895.00791,1972.25207,3.514,3.514,3.514,119.654,448.519,831.07,3.514,3.514,63.028,275.3,631.869,760.379,1.0,1.0,1.0,1.0,1.0,0.5346,1.0,1.0,1.0,1.0,1.0,0.4523,W05b_09u_eu,eu,
aster,SPX,2,1788340627,1,0.5582,28.663561,13,7,0,2786.1694,14206.2794,14206.2794,0,1839.1255,5418.5662,5418.5662,14.332,14.332,15.216,22.795,27.521,751.414,14.332,18.184,23.152,26.804,1163.09,1163.09,1.0,1.0,1.0,1.0,1.0,0.6925,1.0,1.0,1.0,1.0,0.6908,0.2763,W05b_09u_eu,eu,
aster,RIVER,2,1788340627,1,1.274,15.698587,79,182,1959.5289,8135.9818,20667.675,26175.7284,1366.8,13517.9381,34378.581,65869.9613,7.849,7.849,9.541,12.62,19.351,36.985,7.849,7.849,11.411,15.373,19.461,25.527,1.0,1.0,1.0,1.0,1.0,1.0,1.0,1.0,1.0,1.0,1.0,1.0,W05b_09u_eu,eu,
aster,UAI,2,1788340627,1,0.55325,9.037506,110,143,2553.64,28973.9704,49447.5197,69946.7399,258.0165,5284.581,18863.3636,25518.7961,4.519,4.519,4.856,9.011,11.968,17.931,10.15,11.853,14.263,18.45,25.254,41.591,1.0,1.0,1.0,1.0,1.0,1.0,1.0,1.0,1.0,1.0,1.0,1.0,W05b_09u_eu,eu,
aster,TAO,2,1788340627,1,217.55,5.515973,108,139,13623.01496,69331.14559,122765.27198,165510.4643,13290.6616,78040.11397,106396.85056,144021.13692,2.907,3.32,4.086,4.734,6.249,9.925,2.758,2.758,3.141,3.976,5.206,9.433,1.0,1.0,1.0,1.0,1.0,1.0,1.0,1.0,1.0,1.0,1.0,1.0,W05b_09u_eu,eu,
aster,XMR,2,1788340627,1,517.695,4.829098,266,221,12240.46909,25321.21947,52911.01809,95613.89366,12254.51854,50804.58004,84465.72455,142861.48646,2.415,2.415,2.692,3.328,5.011,11.183,2.415,2.415,2.464,3.15,4.921,9.409,1.0,1.0,1.0,1.0,1.0,1.0,1.0,1.0,1.0,1.0,1.0,1.0,W05b_09u_eu,eu,
aster,USELESS,2,1788340627,1,0.10868,20.242915,51,68,0,8329.74426,15649.95214,53788.34687,0,2832.83052,6913.68752,18816.14423,10.121,10.121,12.026,15.615,20.079,35.971,16.091,18.627,21.443,25.674,38.458,99.247,1.0,1.0,1.0,1.0,1.0,1.0,1.0,1.0,1.0,1.0,1.0,1.0,W05b_09u_eu,eu,
aster,WIF,2,1788340627,1,0.19545,25.58199,21,27,0,23235.75325,43148.29463,49013.01342,0,4771.99419,7670.41139,13124.96819,12.791,14.915,16.71,17.309,17.608,18.493,12.791,16.828,20.546,22.504,44.873,128.569,1.0,1.0,1.0,1.0,1.0,1.0,1.0,1.0,1.0,1.0,1.0,1.0,W05b_09u_eu,eu,
aster,ZEN,2,1788340627,1,5.394,14.831294,12,9,2796.1465,10900.6821,10900.6821,10900.6821,999.7096,8934.4749,9277.8493,9277.8493,7.416,7.416,7.936,13.677,17.962,455.973,7.416,7.423,12.659,14.672,33.525,273.854,1.0,1.0,1.0,1.0,1.0,0.5774,1.0,1.0,1.0,1.0,1.0,0.4762,W05b_09u_eu,eu,
aster,ZRO,2,1788340627,1,1.0179,11.788977,118,243,417.72297,3059.30488,16196.52842,19458.2968,894.4186,5313.36401,6196.85865,6383.11141,8.503,11.793,15.327,20.965,24.727,107.864,7.313,8.277,12.083,13.901,123.554,672.127,1.0,1.0,1.0,1.0,1.0,1.0,1.0,1.0,1.0,1.0,1.0,1.0,W05b_09u_eu,eu,
aster,龙虾,2,1788340627,1,0.072521,12.548176,242,168,466.811475,1238.876284,2399.817647,6499.89335,402.463181,852.931496,2540.734845,5961.121244,6.762,11.894,27.577,45.776,98.027,287.195,9.767,14.765,25.661,42.896,108.834,221.621,1.0,1.0,1.0,1.0,1.0,1.0,1.0,1.0,1.0,1.0,1.0,1.0,W05b_09u_eu,eu,
binance,AR,2,1788340627,1,2.2645,4.415986,581,1000,5785.9713,32348.311,60153.4723,136371.31,950.9246,22766.4536,53160.2445,119471.1069,3.44,5.032,5.987,6.306,8.324,14.124,4.312,5.687,8.899,11.989,14.72,20.127,1.0,1.0,1.0,1.0,1.0,1.0,1.0,1.0,1.0,1.0,1.0,1.0,W05b_09u_eu,eu,
binance,FET,2,1788340627,1,0.15235,6.563833,579,1000,53603.9903,128489.1502,278064.5352,487595.0331,18762.2445,89646.6568,168883.5582,250675.3707,3.282,3.282,3.282,3.282,3.282,6.715,3.282,3.282,3.282,6.22,8.033,10.763,1.0,1.0,1.0,1.0,1.0,1.0,1.0,1.0,1.0,1.0,1.0,1.0,W05b_09u_eu,eu,
binance,KITE,2,1788340627,1,0.13661,1.464022,1000,1000,3010.03792,16006.15682,49040.31655,100760.86734,3132.30472,13569.06708,49547.71633,134565.20679,3.901,4.989,6.143,8.587,12.224,20.565,1.565,3.258,6.263,8.339,12.063,21.134,1.0,1.0,1.0,1.0,1.0,1.0,1.0,1.0,1.0,1.0,1.0,1.0,W05b_09u_eu,eu,
binance,LDO,2,1788340627,1,0.36455,2.743108,1000,1000,15021.004,65903.8217,168709.9592,378592.7642,6261.1878,36559.7168,100903.5936,235877.3376,1.961,3.038,3.684,4.68,6.748,9.553,1.372,1.372,2.601,4.234,8.124,13.548,1.0,1.0,1.0,1.0,1.0,1.0,1.0,1.0,1.0,1.0,1.0,1.0,W05b_09u_eu,eu,
binance,FIL,2,1788340627,1,0.78855,1.26815,1000,1000,80852.92745,278479.6433,504213.56641,1207928.03889,50535.17117,209490.76797,388285.26326,980668.34029,0.634,0.634,0.634,0.634,1.246,1.64,0.634,1.158,2.148,2.942,3.88,5.506,1.0,1.0,1.0,1.0,1.0,1.0,1.0,1.0,1.0,1.0,1.0,1.0,W05b_09u_eu,eu,
binance,KAS,2,1788340627,1,0.027595,3.623845,411,1000,1665.21349,11476.66626,29298.60603,74561.21898,3921.99567,11706.59688,28759.08568,58383.93553,5.359,5.397,8.672,11.408,15.804,26.513,3.648,4.542,5.568,8.097,13.218,25.746,1.0,1.0,1.0,1.0,1.0,1.0,1.0,1.0,1.0,1.0,1.0,1.0,W05b_09u_eu,eu,
binance,MAGMA,2,1788340627,1,0.538475,0.18571,1000,1000,3058.04851,13949.77493,25946.38618,66457.74534,4098.40361,18001.12725,35856.67713,72975.59646,3.034,4.009,6.407,8.369,11.488,25.172,0.093,1.352,3.547,6.478,12.16,21.076,1.0,1.0,1.0,1.0,1.0,1.0,1.0,1.0,1.0,1.0,1.0,1.0,W05b_09u_eu,eu,
binance,ONDO,2,1788340627,1,0.34075,2.934703,1000,1000,57319.4561,254940.44366,579901.44227,1216992.90078,55102.97548,317141.7856,559553.81142,988676.05919,1.467,1.467,1.467,1.467,1.467,3.105,1.467,1.467,1.467,2.093,3.248,4.241,1.0,1.0,1.0,1.0,1.0,1.0,1.0,1.0,1.0,1.0,1.0,1.0,W05b_09u_eu,eu,
binance,RIVER,2,1788340627,1,1.2755,7.840063,455,1000,105.1875,10725.7886,28888.7376,75454.3079,2817.2804,16344.4959,55648.9986,85803.9293,10.11,10.935,11.43,11.595,15.527,26.134,3.92,3.92,3.92,7.344,9.913,18.447,1.0,1.0,1.0,1.0,1.0,1.0,1.0,1.0,1.0,1.0,1.0,1.0,W05b_09u_eu,eu,
binance,POWER,2,1788340627,1,0.085375,1.171303,1000,1000,7099.74311,9355.90588,15741.10207,21015.00999,2726.39963,3692.26836,6741.46916,12296.33045,0.586,0.586,0.586,1.38,8.028,44.927,0.586,1.533,2.37,11.996,34.417,103.16,1.0,1.0,1.0,1.0,1.0,1.0,1.0,1.0,1.0,1.0,1.0,1.0,W05b_09u_eu,eu,
binance,RUNE,2,1788340628,1,0.46755,2.138809,581,1000,5914.5017,29654.1973,68007.6871,165012.2932,7470.1124,28573.1878,60732.5432,129433.0624,1.069,1.069,2.352,4.791,8.269,14.454,2.961,4.154,4.87,5.215,8.091,14.967,1.0,1.0,1.0,1.0,1.0,1.0,1.0,1.0,1.0,1.0,1.0,1.0,W05b_09u_eu,eu,
binance,TAO,2,1788340628,1,217.385,0.460013,1000,1000,60437.54456,250264.3982,828678.54612,2146975.44753,94410.65307,244001.72855,867734.44171,1532659.40212,0.23,0.23,1.161,1.98,2.696,4.108,0.297,0.731,1.473,2.09,2.761,4.01,1.0,1.0,1.0,1.0,1.0,1.0,1.0,1.0,1.0,1.0,1.0,1.0,W05b_09u_eu,eu,
binance,UAI,2,1788340628,1,0.5534,3.614022,1000,1000,7227.8362,23320.665,48886.1114,112996.2495,4079.9863,17748.0176,41005.9941,78214.6067,1.807,2.162,3.415,5.161,7.549,14.13,2.876,3.245,4.792,7.071,10.532,18.822,1.0,1.0,1.0,1.0,1.0,1.0,1.0,1.0,1.0,1.0,1.0,1.0,W05b_09u_eu,eu,
binance,USELESS,2,1788340628,1,0.10874,1.83925,1000,1000,6568.90004,26628.58222,84122.81973,216522.13719,7203.62467,43120.00861,102559.56269,203279.1276,1.894,2.752,4.221,5.78,8.089,14.703,1.415,2.734,4.139,6.03,7.927,11.665,1.0,1.0,1.0,1.0,1.0,1.0,1.0,1.0,1.0,1.0,1.0,1.0,W05b_09u_eu,eu,
binance,WIF,2,1788340628,1,0.19535,5.119017,694,1000,14603.55445,64231.4436,143389.82183,332318.85007,13670.31516,59995.16779,137478.20997,322879.59653,2.56,4.963,6.592,7.135,7.407,9.696,2.56,2.56,2.56,4.232,5.955,9.311,1.0,1.0,1.0,1.0,1.0,1.0,1.0,1.0,1.0,1.0,1.0,1.0,W05b_09u_eu,eu,
binance,XMR,2,1788340628,1,517.855,0.193104,1000,1000,28578.43736,117589.21685,270762.49035,567334.03081,16078.1437,79839.06973,226260.20186,425576.48492,0.818,1.185,2.517,3.431,4.264,6.102,0.097,0.633,2.215,3.705,5.456,8.298,1.0,1.0,1.0,1.0,1.0,1.0,1.0,1.0,1.0,1.0,1.0,1.0,W05b_09u_eu,eu,
binance,ZEC,2,1788340628,1,822.915,0.121519,1000,1000,391196.93099,1867634.337,3526329.71546,6805759.59998,228344.89742,838707.14221,2606637.4631,5255333.8684,0.197,0.627,0.944,1.202,1.537,2.389,0.061,0.061,0.061,0.061,0.091,0.409,1.0,1.0,1.0,1.0,1.0,1.0,1.0,1.0,1.0,1.0,1.0,1.0,W05b_09u_eu,eu,
binance,ZEN,2,1788340628,1,5.3935,1.854084,861,1000,2893.3158,27375.3281,104450.9631,238244.0763,3003.4223,37350.4173,79898.5332,159228.3254,3.167,4.586,6.341,8.123,10.199,16.062,2.967,4.451,6.085,7.955,10.322,13.948,1.0,1.0,1.0,1.0,1.0,1.0,1.0,1.0,1.0,1.0,1.0,1.0,W05b_09u_eu,eu,
binance,ZRO,2,1788340628,1,1.01695,0.983333,1000,1000,5498.46411,29925.85801,55526.91472,178890.25084,10833.79853,39516.67102,78436.98324,188440.24277,2.22,3.008,5.234,6.956,9.036,13.78,2.584,3.013,4.166,5.445,7.188,9.909,1.0,1.0,1.0,1.0,1.0,1.0,1.0,1.0,1.0,1.0,1.0,1.0,W05b_09u_eu,eu,
binance,龙虾,2,1788340628,1,0.072391,3.177169,1000,1000,1901.952631,14710.954149,62250.114532,74350.703978,940.691381,4253.972401,11396.659105,35133.86596,5.148,6.372,8.295,11.038,14.896,21.242,4.268,6.782,11.12,17.032,25.952,52.653,1.0,1.0,1.0,1.0,1.0,1.0,1.0,1.0,1.0,1.0,1.0,1.0,W05b_09u_eu,eu,
bitget,AR,2,1788340628,1,2.264,8.833922,100,100,1905.3415,5965.7066,29954.8791,67659.9935,803.7283,9361.958,41136.5184,79706.0066,4.417,5.983,8.742,12.77,20.547,33.58,8.396,9.485,11.744,14.492,18.127,25.479,1.0,1.0,1.0,1.0,1.0,1.0,1.0,1.0,1.0,1.0,1.0,1.0,W05b_09u_eu,eu,
bitget,BTW,2,1788340628,1,0.447301,4.78425,100,100,91.632755,4137.012616,6643.292464,16868.047077,106.499898,2763.503292,8017.734199,18334.624464,9.62,9.929,14.336,18.987,36.169,59.172,10.316,11.261,15.841,22.04,34.826,60.162,1.0,1.0,1.0,1.0,1.0,0.7452,1.0,1.0,1.0,1.0,1.0,0.8047,W05b_09u_eu,eu,
bitget,FET,2,1788340628,1,0.15235,6.563833,100,100,20457.2739,59833.2144,129753.9574,205214.584,20985.5178,82201.7578,156172.5253,242846.2201,5.364,7.605,8.949,9.398,9.622,10.944,3.282,3.282,3.717,6.781,8.314,10.292,1.0,1.0,1.0,1.0,1.0,1.0,1.0,1.0,1.0,1.0,1.0,1.0,W05b_09u_eu,eu,
bitget,FIL,2,1788340628,1,0.78845,1.268311,100,100,34428.85925,111043.22953,521264.37441,1150451.01275,27774.93374,235804.53466,416128.21446,982792.72742,1.552,1.727,2.014,2.593,2.997,4.734,0.634,0.634,1.252,1.756,3.04,5.704,1.0,1.0,1.0,1.0,1.0,1.0,1.0,1.0,1.0,1.0,1.0,1.0,W05b_09u_eu,eu,
bitget,KAS,2,1788340628,1,0.027585,10.875476,100,100,12565.19471,36898.97813,49125.10369,94857.53796,3601.84754,12630.92018,36714.04163,78772.17518,5.438,5.438,5.438,5.438,6.956,10.962,5.438,5.876,7.788,9.441,13.401,25.304,1.0,1.0,1.0,1.0,1.0,1.0,1.0,1.0,1.0,1.0,1.0,1.0,W05b_09u_eu,eu,
bitget,KITE,2,1788340628,1,0.136615,9.515793,100,100,743.59868,4953.96294,36111.40983,67539.79885,1025.29817,4470.39463,16909.13839,64948.21783,6.039,8.148,11.074,15.736,26.987,37.775,5.783,6.632,9.911,15.394,22.122,36.68,1.0,1.0,1.0,1.0,1.0,1.0,1.0,1.0,1.0,1.0,1.0,1.0,W05b_09u_eu,eu,
bitget,LDO,2,1788340628,1,0.36415,2.746121,100,100,18632.34651,52371.20629,86524.10607,150675.2743,937.91564,12553.54849,57046.74355,136087.36017,1.373,1.373,2.822,3.471,4.51,7.626,4.965,7.439,11.183,13.143,16.328,24.139,1.0,1.0,1.0,1.0,1.0,1.0,1.0,1.0,1.0,1.0,1.0,1.0,W05b_09u_eu,eu,
bitget,MAGMA,2,1788340628,1,0.53857,8.541137,100,100,508.09856,4947.99212,18453.08972,29100.41263,4821.15997,13734.02134,28690.76426,59514.34552,6.096,9.445,14.165,17.155,22.126,35.169,5.873,6.557,6.968,7.763,10.804,23.814,1.0,1.0,1.0,1.0,1.0,1.0,1.0,1.0,1.0,1.0,1.0,1.0,W05b_09u_eu,eu,
bitget,POWER,2,1788340628,1,0.085615,15.184255,100,100,171.93962,2536.20978,8792.35311,18301.69999,278.64732,2671.96428,8955.00842,21639.33549,11.749,13.175,17.956,27.426,38.343,67.756,10.866,13.901,18.286,26.451,36.865,67.222,1.0,1.0,1.0,1.0,1.0,1.0,1.0,1.0,1.0,1.0,1.0,1.0,W05b_09u_eu,eu,
bitget,ONDO,2,1788340628,1,0.34075,2.934703,100,100,92418.32216,414284.57199,754822.78641,1717932.33602,29154.32636,476367.56812,1017753.53629,1835156.59332,1.467,1.467,1.467,2.538,3.47,4.029,3.816,4.109,4.285,4.343,4.373,5.953,1.0,1.0,1.0,1.0,1.0,1.0,1.0,1.0,1.0,1.0,1.0,1.0,W05b_09u_eu,eu,
bitget,RUNE,2,1788340628,1,0.46745,2.139266,100,100,1115.64639,9290.18143,28686.46968,56146.08378,2018.86651,9411.06494,27035.48965,58291.74236,3.781,6.057,9.579,15.289,20.093,26.941,2.622,2.915,5.995,9.689,14.142,27.806,1.0,1.0,1.0,1.0,1.0,1.0,1.0,1.0,1.0,1.0,1.0,1.0,W05b_09u_eu,eu,
bitget,TAO,2,1788340628,1,217.365,1.380167,100,100,82230.52944,668969.03985,1278122.799,1950678.1128,40628.79686,265198.64798,466038.34542,537059.10932,1.194,1.761,2.223,2.544,2.767,4.01,1.417,1.895,2.96,3.984,4.856,5.619,1.0,1.0,1.0,1.0,1.0,1.0,1.0,1.0,1.0,1.0,1.0,1.0,W05b_09u_eu,eu,
bitget,UAI,2,1788340628,1,0.552645,7.418867,100,100,1935.47615,10122.52457,25537.06888,25537.06888,590.60614,4433.56348,17182.22855,34072.53635,5.548,6.96,8.476,10.904,15.968,27.49,5.977,8.618,14.281,17.844,23.745,38.92,1.0,1.0,1.0,1.0,1.0,1.0,1.0,1.0,1.0,1.0,1.0,1.0,W05b_09u_eu,eu,
bitget,RIVER,2,1788340628,1,1.274,15.698587,100,100,3449.83,12751.605,28618.994,52915.162,3396.6,14110.709,29780.338,47553.922,7.849,7.849,7.849,10.279,14.989,25.276,7.849,7.849,7.849,10.371,14.468,24.146,1.0,1.0,1.0,1.0,1.0,1.0,1.0,1.0,1.0,1.0,1.0,1.0,W05b_09u_eu,eu,
bitget,USELESS,2,1788340628,1,0.108525,8.29302,100,100,2078.44174,22178.87962,76127.57484,124665.68415,4293.66192,23715.18254,56402.31406,120343.85714,4.946,5.594,7.114,9.609,12.269,18.131,4.843,5.388,6.226,7.806,10.541,16.529,1.0,1.0,1.0,1.0,1.0,1.0,1.0,1.0,1.0,1.0,1.0,1.0,W05b_09u_eu,eu,
bitget,WIF,2,1788340628,1,0.19535,5.119017,100,100,17587.21353,54122.29731,222633.95802,314733.2197,9064.66962,57191.52234,200680.20468,312663.41989,3.658,5.668,6.874,7.276,7.477,9.113,5.319,6.499,7.207,7.443,8.043,12.046,1.0,1.0,1.0,1.0,1.0,1.0,1.0,1.0,1.0,1.0,1.0,1.0,W05b_09u_eu,eu,
bitget,XMR,2,1788340628,1,517.84,9.269272,100,100,27883.2256,86969.5087,387336.5366,647986.8774,1461.4215,92075.142,312818.9797,417361.8276,4.824,4.826,4.827,4.905,6.034,8.146,5.975,7.043,8.949,9.999,12.218,13.809,1.0,1.0,1.0,1.0,1.0,1.0,1.0,1.0,1.0,1.0,1.0,1.0,W05b_09u_eu,eu,
bitget,ZRO,2,1788340628,1,1.01755,2.948258,100,100,563.4199,21608.0983,82604.9822,142347.3461,6006.5213,38509.7296,99178.2104,167955.8668,4.866,8.071,11.337,13.573,15.127,19.733,2.263,2.532,4.229,6.116,8.512,10.743,1.0,1.0,1.0,1.0,1.0,1.0,1.0,1.0,1.0,1.0,1.0,1.0,W05b_09u_eu,eu,
bybit,AR,2,1788340628,1,2.2655,13.24211,200,200,333.94,2222.5827,6059.371,11962.6409,354.1054,2078.4302,8631.6013,22596.3646,8.181,13.385,19.845,29.107,46.499,79.75,7.911,11.552,19.125,27.032,37.745,74.365,1.0,1.0,1.0,1.0,1.0,1.0,1.0,1.0,1.0,1.0,1.0,1.0,W05b_09u_eu,eu,
bybit,BTW,2,1788340628,1,0.446595,4.254414,200,200,406.2773,2710.8665,6938.4033,23407.361,764.2066,2942.9131,8151.3755,38485.8248,4.735,9.385,15.641,23.365,37.589,69.642,5.897,7.837,13.277,21.176,34.493,66.96,1.0,1.0,1.0,1.0,1.0,1.0,1.0,1.0,1.0,1.0,1.0,1.0,W05b_09u_eu,eu,
bybit,KAS,2,1788340628,1,0.02756,7.256894,200,200,570.9515,18235.5819,43756.2579,134142.6448,4361.6673,16668.6037,39850.4881,121006.5723,6.311,8.339,10.653,12.583,15.08,19.986,3.628,3.628,5.715,6.951,10.023,18.656,1.0,1.0,1.0,1.0,1.0,1.0,1.0,1.0,1.0,1.0,1.0,1.0,W05b_09u_eu,eu,
bybit,FIL,2,1788340628,1,0.78835,1.268472,200,200,6912.3996,51528.88282,274485.22832,536119.29408,12042.45219,43736.20661,256178.75205,495900.60523,2.65,3.146,4.27,5.992,8.144,10.375,1.863,2.925,4.253,5.496,6.907,10.27,1.0,1.0,1.0,1.0,1.0,1.0,1.0,1.0,1.0,1.0,1.0,1.0,W05b_09u_eu,eu,
bybit,KITE,2,1788340628,1,0.13651,11.720753,200,200,102.85268,3552.40978,5874.72589,9055.08311,234.56952,1334.9387,3393.53804,7719.88461,10.806,12.155,14.004,20.292,44.619,110.478,11.899,15.662,23.348,38.159,65.614,181.496,1.0,1.0,1.0,1.0,1.0,1.0,1.0,1.0,1.0,1.0,1.0,1.0,W05b_09u_eu,eu,
bybit,LDO,2,1788340628,1,0.36425,2.745367,200,200,6516.70637,27906.43863,200777.13055,393303.61402,4699.87999,23920.82227,201918.55549,367401.07531,4.091,4.96,6.102,7.309,9.59,15.003,1.897,3.008,4.213,6.72,10.796,17.011,1.0,1.0,1.0,1.0,1.0,1.0,1.0,1.0,1.0,1.0,1.0,1.0,W05b_09u_eu,eu,
bybit,MAGMA,2,1788340628,1,0.53795,5.576726,200,200,1283.8573,7651.3309,16368.3105,33042.058,545.8471,4927.737,11483.175,25052.3343,4.039,5.292,8.236,12.318,17.954,40.912,6.555,8.305,11.432,15.694,24.804,52.825,1.0,1.0,1.0,1.0,1.0,1.0,1.0,1.0,1.0,1.0,1.0,1.0,W05b_09u_eu,eu,
bybit,ONDO,2,1788340628,1,0.34075,2.934703,200,200,162686.8099,445503.8664,686828.3708,1083267.0609,69086.4097,324511.7816,583036.4965,977354.3866,3.714,4.058,4.264,4.333,4.368,5.84,1.467,1.467,1.467,1.467,1.856,3.384,1.0,1.0,1.0,1.0,1.0,1.0,1.0,1.0,1.0,1.0,1.0,1.0,W05b_09u_eu,eu,
bybit,POWER,2,1788340628,1,0.08566,11.67406,200,200,202.51851,856.13704,1752.30637,3039.48554,231.957,883.44042,1739.81551,3165.21931,12.66,17.995,37.81,84.283,187.989,326.856,11.095,16.356,36.896,86.035,215.255,215.255,1.0,1.0,1.0,1.0,1.0,1.0,1.0,1.0,1.0,1.0,0.9304,0.3722,W05b_09u_eu,eu,
bybit,RIVER,2,1788340628,1,1.2745,7.846214,200,200,380.926,1444.2053,4236.316,7995.6307,56.4825,1374.5912,3809.5879,8281.9499,5.789,9.675,19.593,31.617,60.631,128.281,10.883,13.515,21.547,34.914,66.887,207.378,1.0,1.0,1.0,1.0,1.0,1.0,1.0,1.0,1.0,1.0,1.0,1.0,W05b_09u_eu,eu,
bybit,RUNE,2,1788340628,1,0.46785,2.137437,200,200,1816.59661,3611.01739,8238.25427,143777.51234,488.12062,1994.85353,38932.18852,130040.04437,6.294,6.887,9.295,18.509,33.487,44.815,5.218,10.707,18.698,28.809,37.382,42.85,1.0,1.0,1.0,1.0,1.0,1.0,1.0,1.0,1.0,1.0,1.0,1.0,W05b_09u_eu,eu,
bybit,TAO,2,1788340628,1,217.475,0.459823,200,200,34034.16824,208170.41295,503923.95223,1163053.06759,52366.42524,195470.82605,562522.4875,1110065.3645,1.078,1.475,2.189,2.704,3.45,5.084,0.571,0.947,1.834,2.607,3.233,4.312,1.0,1.0,1.0,1.0,1.0,1.0,1.0,1.0,1.0,1.0,1.0,1.0,W05b_09u_eu,eu,
bybit,UAI,2,1788340628,1,0.55355,1.806522,200,200,1701.6957,6229.3644,11550.5374,58539.4269,487.9602,2193.7022,5235.7898,43276.8354,3.984,4.813,8.185,12.719,21.877,43.974,5.942,9.638,16.636,28.359,40.614,54.621,1.0,1.0,1.0,1.0,1.0,1.0,1.0,1.0,1.0,1.0,1.0,1.0,W05b_09u_eu,eu,
bybit,USELESS,2,1788340628,1,0.10877,3.677485,200,200,3734.92813,23167.68238,62962.40671,237164.99655,1521.29824,24242.16781,98946.39795,252171.7537,2.669,2.713,4.116,6.493,9.633,16.708,1.839,3.519,7.628,10.768,13.71,18.527,1.0,1.0,1.0,1.0,1.0,1.0,1.0,1.0,1.0,1.0,1.0,1.0,W05b_09u_eu,eu,
bybit,WIF,2,1788340628,1,0.19525,5.121639,200,200,19423.5139,71102.0913,157486.8597,301074.5675,7185.8555,62153.6608,127828.8207,234406.3526,2.561,2.561,2.561,2.561,3.837,7.285,4.184,5.933,6.983,7.333,8.952,12.248,1.0,1.0,1.0,1.0,1.0,1.0,1.0,1.0,1.0,1.0,1.0,1.0,W05b_09u_eu,eu,
bybit,XMR,2,1788340628,1,518.18,2.701764,200,200,2873.7167,51108.2874,309538.497,309538.497,6269.1504,74188.7258,257759.599,257759.599,4.881,5.829,7.27,8.731,9.973,13.765,2.023,3.134,4.396,6.269,8.62,12.54,1.0,1.0,1.0,1.0,1.0,1.0,1.0,1.0,1.0,1.0,1.0,1.0,W05b_09u_eu,eu,
bybit,ZEN,2,1788340628,1,5.392,7.418398,200,200,792.6234,5913.726,19069.7616,26603.1205,673.3912,3252.1257,17179.1611,21289.6178,5.814,7.7,13.695,17.87,24.012,43.266,6.436,8.892,15.211,20.311,25.969,50.922,1.0,1.0,1.0,1.0,1.0,1.0,1.0,1.0,1.0,1.0,1.0,1.0,W05b_09u_eu,eu,
bybit,ZRO,2,1788340628,1,1.0171,1.966375,200,200,1668.35432,21165.7018,51255.88261,129762.55873,15417.78996,27701.35874,47584.97769,140119.46843,5.776,7.602,9.267,10.77,14.139,19.334,3.658,4.557,5.521,6.202,6.655,10.37,1.0,1.0,1.0,1.0,1.0,1.0,1.0,1.0,1.0,1.0,1.0,1.0,W05b_09u_eu,eu,
dydx,LDO,2,1788340628,1,0.363,209.366391,59,50,0,0,0,0,0,0,0,0,104.683,104.683,104.683,104.683,104.683,104.683,104.683,104.683,104.683,104.683,104.683,147.29,1.0,1.0,1.0,1.0,1.0,1.0,1.0,1.0,1.0,1.0,1.0,1.0,W05b_09u_eu,eu,
dydx,MORPHO,2,1788340628,1,2.582,1099.922541,18,12,0,0,0,0,0,0,0,0,1688.893,1832.053,1917.949,1946.581,1960.897,1969.487,1541.441,1717.661,1823.393,1858.637,1876.259,1886.832,1.0,1.0,1.0,1.0,1.0,1.0,1.0,1.0,1.0,1.0,1.0,1.0,W05b_09u_eu,eu,
dydx,FIL,2,1788340628,1,0.7907,194.764133,54,66,0,0,0,14721.1729,0,0,0,14958.024,97.382,97.382,97.382,97.382,97.382,137.547,97.382,97.382,97.382,97.382,97.382,117.479,1.0,1.0,1.0,1.0,1.0,1.0,1.0,1.0,1.0,1.0,1.0,1.0,W05b_09u_eu,eu,
dydx,ICP,2,1788340628,1,2.5222,134.80295,97,77,0,0,0,1279.97928,0,0,0,14765.448,70.116,70.741,87.244,94.245,98.609,118.184,67.401,67.401,67.401,67.401,67.401,117.712,1.0,1.0,1.0,1.0,1.0,1.0,1.0,1.0,1.0,1.0,1.0,1.0,W05b_09u_eu,eu,
dydx,ONDO,2,1788340629,1,0.34385,159.953468,68,41,0,0,0,174.6432,0,0,0,1131294.7592,183.61,211.77,228.666,234.298,237.114,238.804,79.977,79.977,79.977,79.977,79.977,79.977,1.0,1.0,1.0,1.0,1.0,1.0,1.0,1.0,1.0,1.0,1.0,1.0,W05b_09u_eu,eu,
dydx,RUNE,2,1788340629,1,0.469,315.565032,43,33,0,0,0,0,0,0,0,0,157.783,157.783,157.783,157.783,157.783,157.783,157.783,157.783,157.783,157.783,157.783,157.783,1.0,1.0,1.0,1.0,1.0,1.0,1.0,1.0,1.0,1.0,1.0,1.0,W05b_09u_eu,eu,
dydx,SPX,2,1788340629,1,0.63745,635.343949,56,32,0,0,0,0,0,0,0,0,524.325,637.845,882.238,1053.324,1138.867,1493.671,317.672,317.672,317.672,317.672,317.672,317.672,1.0,1.0,1.0,1.0,1.0,1.0,1.0,1.0,1.0,1.0,1.0,1.0,W05b_09u_eu,eu,
dydx,TAO,2,1788340629,1,217.32,90.189582,60,62,0,0,50097.8538,250196.4063,0,0,50099.85,257660.8866,45.095,45.095,45.095,45.095,45.095,45.095,45.095,45.095,45.095,45.095,45.095,45.095,1.0,1.0,1.0,1.0,1.0,1.0,1.0,1.0,1.0,1.0,1.0,1.0,W05b_09u_eu,eu,
dydx,WIF,2,1788340629,1,0.196255,147.257395,51,44,0,0,0,16541.92244,0,0,0,14765.4222,73.629,73.629,73.629,73.652,74.15,128.149,73.629,73.629,73.629,73.629,73.629,108.41,1.0,1.0,1.0,1.0,1.0,1.0,1.0,1.0,1.0,1.0,1.0,1.0,W05b_09u_eu,eu,
dydx,ZEC,2,1788340629,1,825.075,49.813653,100,72,0,987.624,987.624,1904600.027,0,75020.691,1924692.529,2124774.404,24.907,25.302,48.99,56.886,60.834,63.203,24.907,24.907,24.907,24.907,24.907,24.907,1.0,1.0,1.0,1.0,1.0,1.0,1.0,1.0,1.0,1.0,1.0,1.0,W05b_09u_eu,eu,
dydx,XMR,2,1788340629,1,523.55,233.024544,82,50,0,0,0,0,0,0,0,0,116.512,255.013,340.607,369.138,383.404,391.963,116.512,116.512,116.512,116.512,116.512,116.512,1.0,1.0,1.0,1.0,1.0,1.0,1.0,1.0,1.0,1.0,1.0,1.0,W05b_09u_eu,eu,
hl,ONDO,2,1788340629,1,0.340935,0.879933,20,20,45923.23719,45923.23719,45923.23719,45923.23719,45105.81055,45105.81055,45105.81055,45105.81055,0.491,0.687,1.669,2.468,2.928,4.797,0.598,0.959,1.283,1.582,1.815,3.216,1.0,1.0,1.0,1.0,1.0,1.0,1.0,1.0,1.0,1.0,1.0,1.0,W05b_09u_eu,eu,
okx,USELESS,2,1788340629,1,0.108785,2.757733,400,400,1210.05115,3633.67491,8121.53154,21913.44562,327.25381,2331.81775,7961.96862,19543.04108,2.652,5.225,10.302,17.971,31.76,63.984,9.147,11.663,17.014,24.273,36.07,68.887,1.0,1.0,1.0,1.0,1.0,1.0,1.0,1.0,1.0,1.0,1.0,1.0,W05b_09u_eu,eu,
dydx,ZEN,2,1788340629,1,5.4065,1137.519652,43,40,0,0,0,0,0,0,0,0,617.769,621.009,622.953,623.601,623.925,624.119,568.76,568.76,568.76,568.76,568.76,568.76,1.0,1.0,1.0,1.0,1.0,1.0,1.0,1.0,1.0,1.0,1.0,1.0,W05b_09u_eu,eu,
dydx,ZRO,2,1788340629,1,1.019,333.660451,37,24,0,0,0,0,0,0,0,0,220.006,242.486,279.309,471.669,736.325,895.119,214.726,239.846,278.205,471.987,736.484,895.183,1.0,1.0,1.0,1.0,1.0,1.0,1.0,1.0,1.0,1.0,1.0,1.0,W05b_09u_eu,eu,
aster,FIL,3,1788340675,1,0.789,25.348542,23,26,0,14919.992,20222.8982,57312.9615,0,8279.753,9799.9079,13817.9716,12.674,12.674,12.674,12.674,12.674,23.425,12.674,12.674,12.674,12.674,16.374,103.602,1.0,1.0,1.0,1.0,1.0,1.0,1.0,1.0,1.0,1.0,1.0,1.0,W05b_09u_eu,eu,
aster,FET,3,1788340675,1,0.1526,26.21232,27,34,0,13436.1626,17232.4016,36236.3655,0,9348.5731,11702.059,12292.2892,13.106,13.106,14.368,17.014,18.337,33.531,15.827,17.743,18.893,19.276,19.906,147.496,1.0,1.0,1.0,1.0,1.0,1.0,1.0,1.0,1.0,1.0,1.0,1.0,W05b_09u_eu,eu,
aster,BTW,3,1788340675,1,0.446105,10.087311,266,263,1394.08327,7701.68836,19988.58657,49338.47516,1188.70087,16653.29592,22754.07988,50423.69586,5.799,5.87,10.285,14.193,19.213,32.165,5.044,5.497,9.517,11.764,14.324,26.075,1.0,1.0,1.0,1.0,1.0,1.0,1.0,1.0,1.0,1.0,1.0,1.0,W05b_09u_eu,eu,
aster,AR,3,1788340675,1,2.265,26.490066,12,8,0,3151.514,11240.7918,12121.5582,0,11000.4746,11297.9142,11894.1032,13.245,13.245,13.245,18.391,22.441,238.545,13.245,13.245,14.121,18.098,20.087,66.59,1.0,1.0,1.0,1.0,1.0,0.5235,1.0,1.0,1.0,1.0,1.0,0.4752,W05b_09u_eu,eu,
aster,ICP,3,1788340675,1,2.532,7.898894,78,123,311.264,22114.939,24599.612,48438.082,7071.121,14583.106,17101.456,30250.748,7.908,10.758,15.867,17.807,18.836,23.507,3.949,3.949,3.949,5.353,7.906,32.273,1.0,1.0,1.0,1.0,1.0,1.0,1.0,1.0,1.0,1.0,1.0,1.0,W05b_09u_eu,eu,
aster,KAS,3,1788340675,1,0.02762,21.723389,14,22,0,2719.21491,16997.06572,34987.76036,0,820.94166,5601.30094,7699.34008,10.862,10.862,12.748,23.509,29.857,43.816,13.131,16.922,24.77,32.298,66.692,311.638,1.0,1.0,1.0,1.0,1.0,1.0,1.0,1.0,1.0,1.0,1.0,1.0,W05b_09u_eu,eu,
aster,KITE,3,1788340675,1,0.13677,11.698472,123,46,1802.08514,9554.10059,13579.81269,17236.20147,909.56397,4682.77199,5435.39633,5435.39633,5.849,6.094,8.941,13.447,18.489,91.004,6.429,6.837,10.647,16.023,129.22,468.141,1.0,1.0,1.0,1.0,1.0,1.0,1.0,1.0,1.0,1.0,1.0,1.0,W05b_09u_eu,eu,
aster,LDO,3,1788340675,1,0.36525,13.689254,50,28,999.735,10768.117,11591.7306,11612.3646,1735.0285,11510.9581,11510.9581,12388.1758,6.845,6.845,10.129,12.171,13.615,211.106,6.845,6.845,8.523,10.422,12.008,190.885,1.0,1.0,1.0,1.0,1.0,1.0,1.0,1.0,1.0,1.0,1.0,1.0,W05b_09u_eu,eu,
aster,MAGMA,3,1788340675,1,0.53779,10.041094,89,146,5348.71028,10988.34008,20106.92633,28184.58662,1786.74346,4237.7555,10339.63606,22548.21209,5.14,5.173,6.743,7.276,12.089,33.443,6.625,6.877,9.073,14.707,26.515,57.28,1.0,1.0,1.0,1.0,1.0,1.0,1.0,1.0,1.0,1.0,1.0,1.0,W05b_09u_eu,eu,
aster,MORPHO,3,1788340675,1,2.57295,27.594784,37,21,0,3804.9466,4010.1081,7075.97839,0,20.09709,20.09709,26.06168,13.797,13.797,14.29,30.07,107.23,260.153,124.379,126.998,147.123,212.216,251.49,349.701,1.0,1.0,1.0,1.0,1.0,1.0,1.0,1.0,1.0,1.0,1.0,1.0,W05b_09u_eu,eu,
aster,ONDO,3,1788340675,1,0.3414,11.716462,87,234,15181.94014,22500.93086,42216.87808,43958.17463,2033.83997,18556.40507,24597.8894,46421.73947,5.858,5.858,5.858,5.858,5.858,11.601,7.569,8.178,9.092,10.404,11.299,19.446,1.0,1.0,1.0,1.0,1.0,1.0,1.0,1.0,1.0,1.0,1.0,1.0,W05b_09u_eu,eu,
aster,POWER,3,1788340675,1,0.08406,21.413276,53,41,0,1120.42169,1220.46709,1560.66252,0,1120.88001,1290.96489,1461.00677,10.707,10.707,125.052,363.747,705.315,1050.933,10.707,10.715,133.727,334.623,660.694,785.962,1.0,1.0,1.0,1.0,1.0,0.4463,1.0,1.0,1.0,1.0,1.0,0.4324,W05b_09u_eu,eu,
aster,RIVER,3,1788340675,1,1.274,15.698587,79,182,1364.656,6727.6491,19259.3423,26124.5477,2477.9625,13695.9674,34051.1385,76228.4037,7.849,7.849,11.411,15.43,22.048,39.862,7.849,7.849,7.925,11.812,13.755,22.819,1.0,1.0,1.0,1.0,1.0,1.0,1.0,1.0,1.0,1.0,1.0,1.0,W05b_09u_eu,eu,
aster,SPX,3,1788340675,1,0.559,25.044723,12,8,0,2788.1502,14208.5214,14208.5214,0,2075.4528,6925.3586,6925.3586,12.522,12.522,12.522,21.214,26.707,753.22,12.522,12.522,15.615,23.306,956.127,956.127,1.0,1.0,1.0,1.0,1.0,0.6928,1.0,1.0,1.0,1.0,0.8414,0.3365,W05b_09u_eu,eu,
aster,TAO,3,1788340675,1,217.805,0.459126,116,130,4165.26247,61196.79933,121105.94975,176627.61785,21585.54617,80784.1862,99390.44784,133333.42988,5.831,6.763,8.069,8.768,9.766,12.014,0.344,0.517,0.745,1.662,2.687,6.131,1.0,1.0,1.0,1.0,1.0,1.0,1.0,1.0,1.0,1.0,1.0,1.0,W05b_09u_eu,eu,
aster,UAI,3,1788340675,1,0.55585,16.191419,134,115,303.2484,11541.2944,50672.2458,126235.8543,1555.6464,5442.5094,16870.8283,39938.8151,9.51,10.602,11.305,12.399,13.325,20.846,8.935,9.415,11.223,15.107,21.315,43.96,1.0,1.0,1.0,1.0,1.0,1.0,1.0,1.0,1.0,1.0,1.0,1.0,W05b_09u_eu,eu,
aster,USELESS,3,1788340675,1,0.109065,11.919498,56,72,2418.92008,21088.5967,29199.78399,54097.01283,1788.77372,11440.76268,22176.05308,29588.39804,5.96,5.96,7.939,11.498,16.789,22.873,6.044,7.307,9.539,13.292,15.691,30.961,1.0,1.0,1.0,1.0,1.0,1.0,1.0,1.0,1.0,1.0,1.0,1.0,W05b_09u_eu,eu,
aster,WIF,3,1788340675,1,0.1958,20.429009,23,27,0,14827.24098,16624.97748,55061.85067,0,1249.00213,7720.32623,13180.86728,10.215,10.215,10.561,12.941,14.131,27.741,15.26,17.023,21.627,23.768,38.952,117.458,1.0,1.0,1.0,1.0,1.0,1.0,1.0,1.0,1.0,1.0,1.0,1.0,W05b_09u_eu,eu,
aster,XMR,3,1788340675,1,519.025,5.202062,269,210,9363.05422,34687.78224,48260.45564,68197.87202,8573.01256,42864.45073,78402.2177,142447.26012,2.601,2.601,3.796,5.221,7.132,10.896,2.762,2.778,3.078,4.025,5.877,10.3,1.0,1.0,1.0,1.0,1.0,1.0,1.0,1.0,1.0,1.0,1.0,1.0,W05b_09u_eu,eu,
aster,ZEN,3,1788340675,1,5.402,14.80933,11,10,999.7096,8933.5789,9104.8855,9104.8855,1152.0186,9259.4277,9259.4277,9259.4277,7.405,7.405,13.745,16.128,35.193,521.097,7.405,7.405,11.078,12.944,26.512,267.747,1.0,1.0,1.0,1.0,1.0,0.5056,1.0,1.0,1.0,1.0,1.0,0.4826,W05b_09u_eu,eu,
aster,龙虾,3,1788340675,1,0.07242,10.080019,245,167,451.376821,2384.901732,4263.165538,7661.269256,401.793997,1174.291779,2383.704048,6794.006059,6.452,12.445,17.283,30.748,68.137,264.275,7.055,11.991,27.743,46.51,113.391,231.707,1.0,1.0,1.0,1.0,1.0,1.0,1.0,1.0,1.0,1.0,1.0,1.0,W05b_09u_eu,eu,
aster,ZRO,3,1788340675,1,1.0211,15.669376,132,239,278.71864,3198.11574,16430.23478,20192.70579,900.47054,4718.02838,5546.74698,5792.26734,10.432,13.53,15.989,21.468,25.424,82.054,8.541,9.365,13.148,15.303,139.551,729.986,1.0,1.0,1.0,1.0,1.0,1.0,1.0,1.0,1.0,1.0,1.0,1.0,W05b_09u_eu,eu,
binance,AR,3,1788340675,1,2.2655,4.414037,583,1000,776.8438,20083.9622,48742.2669,127031.8865,4072.7624,31124.3448,59667.4811,126286.5225,5.313,6.95,9.401,11.664,14.6,20.52,4.025,5.323,6.102,7.182,9.512,14.855,1.0,1.0,1.0,1.0,1.0,1.0,1.0,1.0,1.0,1.0,1.0,1.0,W05b_09u_eu,eu,
binance,FET,3,1788340675,1,0.15255,6.555228,581,1000,56641.1565,125958.8254,269350.9133,467344.4486,22899.0358,82091.5567,155009.9865,222903.7056,3.278,3.278,3.278,3.278,3.278,6.96,3.547,6.69,8.576,9.204,9.519,10.264,1.0,1.0,1.0,1.0,1.0,1.0,1.0,1.0,1.0,1.0,1.0,1.0,W05b_09u_eu,eu,
binance,FIL,3,1788340675,1,0.78845,1.268311,1000,1000,72183.28322,260526.98428,490083.44688,1141775.94204,59721.18053,234710.09122,393971.58194,861280.0754,0.917,1.41,1.705,1.804,2.365,3.272,0.634,0.634,1.343,1.747,2.513,4.168,1.0,1.0,1.0,1.0,1.0,1.0,1.0,1.0,1.0,1.0,1.0,1.0,W05b_09u_eu,eu,
binance,KITE,3,1788340675,1,0.136535,0.732413,1000,1000,3971.22784,15208.59471,44981.79816,103361.15711,4693.28234,15500.67128,48991.30975,106604.03948,2.267,3.657,5.592,8.013,12.325,20.973,2.09,3.403,5.896,7.546,10.529,19.058,1.0,1.0,1.0,1.0,1.0,1.0,1.0,1.0,1.0,1.0,1.0,1.0,W05b_09u_eu,eu,
binance,KAS,3,1788340675,1,0.027615,3.62122,413,1000,1374.83554,10220.60716,28317.52971,71014.54825,2523.74499,12612.45205,29305.75671,61671.49045,3.57,6.312,9.585,11.972,16.322,27.719,4.314,4.873,6.367,9.505,13.199,24.912,1.0,1.0,1.0,1.0,1.0,1.0,1.0,1.0,1.0,1.0,1.0,1.0,W05b_09u_eu,eu,
binance,LDO,3,1788340675,1,0.36525,2.737851,1000,1000,14078.8761,71165.5482,160913.0234,373893.8052,17773.7539,55087.6256,110068.6503,237695.2152,3.933,4.02,5.476,6.784,8.183,10.646,2.781,3.444,3.842,4.68,5.762,8.811,1.0,1.0,1.0,1.0,1.0,1.0,1.0,1.0,1.0,1.0,1.0,1.0,W05b_09u_eu,eu,
binance,MAGMA,3,1788340675,1,0.537555,0.186027,1000,1000,5430.95329,29000.89327,53342.18379,105850.0653,18321.22811,29501.63349,55517.22002,93707.84213,0.271,0.788,2.045,3.4,7.389,12.473,2.186,3.111,4.249,5.548,6.774,8.579,1.0,1.0,1.0,1.0,1.0,1.0,1.0,1.0,1.0,1.0,1.0,1.0,W05b_09u_eu,eu,
binance,ONDO,3,1788340675,1,0.34135,2.929544,1000,1000,65693.09369,293348.45233,581174.94668,1150767.22547,47133.4966,285038.2561,552845.46792,956659.03227,1.465,1.465,1.465,1.465,1.465,2.495,1.465,1.465,2.178,3.286,3.84,4.676,1.0,1.0,1.0,1.0,1.0,1.0,1.0,1.0,1.0,1.0,1.0,1.0,W05b_09u_eu,eu,
binance,POWER,3,1788340675,1,0.084035,8.329863,1000,1000,1257.37232,2173.95106,4854.7817,9963.05861,506.61141,4650.34904,9813.3275,18546.40341,5.888,6.216,13.72,27.898,52.913,110.602,7.58,9.414,13.231,17.5,26.634,69.454,1.0,1.0,1.0,1.0,1.0,1.0,1.0,1.0,1.0,1.0,1.0,1.0,W05b_09u_eu,eu,
binance,RIVER,3,1788340675,1,1.2745,7.846214,454,1000,1434.6514,11863.99,30220.7189,78191.6879,2508.69,17925.6069,57044.0854,87215.3829,3.923,3.923,7.265,9.517,13.718,24.326,3.923,3.923,3.923,7.834,9.802,17.849,1.0,1.0,1.0,1.0,1.0,1.0,1.0,1.0,1.0,1.0,1.0,1.0,W05b_09u_eu,eu,
binance,RUNE,3,1788340675,1,0.46815,2.136067,585,1000,4645.3673,21108.13,56321.0625,144694.1974,5398.6063,28942.1519,60253.1803,134053.1573,1.068,1.207,3.886,6.615,9.651,17.341,3.988,4.664,5.779,7.469,9.525,14.794,1.0,1.0,1.0,1.0,1.0,1.0,1.0,1.0,1.0,1.0,1.0,1.0,W05b_09u_eu,eu,
binance,TAO,3,1788340675,1,217.585,0.459591,1000,1000,87984.95562,261211.20215,830291.95052,1975007.59612,78174.35308,321407.86139,903381.43487,1789945.57424,0.23,0.23,0.304,0.741,1.684,2.788,1.41,1.898,2.487,2.99,3.578,4.223,1.0,1.0,1.0,1.0,1.0,1.0,1.0,1.0,1.0,1.0,1.0,1.0,W05b_09u_eu,eu,
binance,UAI,3,1788340675,1,0.5558,3.598417,1000,1000,5184.5689,19809.3092,40466.6694,93624.0977,3751.8809,17979.3852,43482.1889,90848.84,3.56,3.579,4.59,6.199,9.441,17.285,3.33,4.342,5.455,7.608,10.114,17.958,1.0,1.0,1.0,1.0,1.0,1.0,1.0,1.0,1.0,1.0,1.0,1.0,W05b_09u_eu,eu,
binance,USELESS,3,1788340675,1,0.108975,0.917642,1000,1000,8541.64576,34392.0941,79562.08374,201347.91485,10851.69447,44011.37415,99653.53189,222881.58113,2.376,3.421,4.856,6.183,7.886,12.554,0.459,0.794,2.246,3.747,6.234,11.281,1.0,1.0,1.0,1.0,1.0,1.0,1.0,1.0,1.0,1.0,1.0,1.0,W05b_09u_eu,eu,
binance,WIF,3,1788340675,1,0.19575,5.108557,696,1000,15893.0372,57926.13789,140929.00539,362510.22074,9837.19091,68272.85349,153069.80884,335865.29286,2.554,2.554,2.554,2.598,5.131,8.509,2.554,2.554,4.27,5.966,6.901,10.423,1.0,1.0,1.0,1.0,1.0,1.0,1.0,1.0,1.0,1.0,1.0,1.0,W05b_09u_eu,eu,
binance,XMR,3,1788340675,1,519.085,0.192647,1000,1000,15536.22697,90309.37537,247226.27569,517862.65777,13461.6086,80714.79825,247540.85461,440547.29883,2.266,2.909,4.115,4.768,5.697,8.31,0.096,0.974,2.925,4.57,6.636,9.373,1.0,1.0,1.0,1.0,1.0,1.0,1.0,1.0,1.0,1.0,1.0,1.0,W05b_09u_eu,eu,
binance,ZEC,3,1788340675,1,824.265,0.12132,1000,1000,221374.44203,881786.5886,2987644.76462,5972585.31612,330607.06708,1407575.14891,2979013.21504,5609090.39789,0.927,1.04,1.173,1.405,1.686,2.483,0.061,0.061,0.061,0.061,0.061,0.128,1.0,1.0,1.0,1.0,1.0,1.0,1.0,1.0,1.0,1.0,1.0,1.0,W05b_09u_eu,eu,
binance,ZEN,3,1788340675,1,5.4015,1.851338,867,1000,6496.4067,50405.0325,104315.6226,236893.9649,4988.6173,43561.0878,87332.1651,161376.5636,2.143,3.125,4.716,6.097,8.072,12.976,3.912,4.859,6.011,7.176,8.795,12.273,1.0,1.0,1.0,1.0,1.0,1.0,1.0,1.0,1.0,1.0,1.0,1.0,W05b_09u_eu,eu,
binance,ZRO,3,1788340676,1,1.02015,0.980248,1000,1000,5461.78251,24007.10249,57964.915,110270.99576,6359.65236,39940.97665,88195.16242,123822.51392,2.019,2.959,5.169,6.883,9.224,14.909,2.359,3.336,4.422,6.12,8.073,10.906,1.0,1.0,1.0,1.0,1.0,1.0,1.0,1.0,1.0,1.0,1.0,1.0,W05b_09u_eu,eu,
binance,龙虾,3,1788340676,1,0.072338,2.764799,1000,1000,2669.153136,50907.475971,60412.787335,72175.019524,1145.450946,5319.839083,12402.60845,32595.55816,4.192,5.487,7.607,9.95,13.202,16.724,2.643,4.24,9.906,15.076,23.737,52.852,1.0,1.0,1.0,1.0,1.0,1.0,1.0,1.0,1.0,1.0,1.0,1.0,W05b_09u_eu,eu,
bitget,AR,3,1788340676,1,2.2645,4.415986,100,100,931.0201,6424.7733,20114.8169,77319.3833,719.2065,19750.7001,49573.0279,80096.8338,6.186,6.707,10.26,14.446,22.703,35.901,6.186,7.647,9.683,12.43,15.773,22.54,1.0,1.0,1.0,1.0,1.0,1.0,1.0,1.0,1.0,1.0,1.0,1.0,W05b_09u_eu,eu,
bitget,BTW,3,1788340676,1,0.446635,6.179543,100,100,1184.366993,4009.286962,7841.036478,17088.565589,182.825645,3091.596819,7055.412997,17781.258324,7.432,8.317,12.601,17.227,33.221,55.738,11.374,14.288,17.648,22.476,37.167,64.537,1.0,1.0,1.0,1.0,1.0,0.7133,1.0,1.0,1.0,1.0,1.0,0.8076,W05b_09u_eu,eu,
bitget,FET,3,1788340676,1,0.15255,6.555228,100,100,26466.2989,63724.6611,99503.968,185852.1113,26110.6038,87930.8973,156380.7077,226167.4787,3.278,3.278,4.116,6.974,8.404,9.261,3.278,3.278,4.226,7.03,8.431,9.272,1.0,1.0,1.0,1.0,1.0,1.0,1.0,1.0,1.0,1.0,1.0,1.0,W05b_09u_eu,eu,
bitget,FIL,3,1788340676,1,0.78815,1.268794,100,100,39910.63067,104629.99463,493233.70921,1019340.32642,12748.30389,246437.21263,545212.23809,910097.26943,0.634,1.049,1.561,1.732,1.882,3.687,1.469,2.32,3.547,5.251,7.224,9.669,1.0,1.0,1.0,1.0,1.0,1.0,1.0,1.0,1.0,1.0,1.0,1.0,W05b_09u_eu,eu,
bitget,KAS,3,1788340676,1,0.02761,7.243752,100,100,219.93829,18143.20452,49287.74279,102185.18842,2870.57963,17464.67122,49394.62124,82552.63754,8.903,9.885,12.517,13.502,15.673,20.003,6.459,6.852,7.087,8.709,11.236,18.624,1.0,1.0,1.0,1.0,1.0,1.0,1.0,1.0,1.0,1.0,1.0,1.0,W05b_09u_eu,eu,
bitget,KITE,3,1788340676,1,0.13648,13.188746,100,100,985.39129,4829.42951,48658.08801,75384.09726,386.39136,5774.87115,21960.10347,67251.8111,7.366,8.273,9.571,14.591,23.73,30.614,8.126,11.007,14.193,18.221,26.076,36.773,1.0,1.0,1.0,1.0,1.0,1.0,1.0,1.0,1.0,1.0,1.0,1.0,W05b_09u_eu,eu,
bitget,LDO,3,1788340676,1,0.3649,5.480954,100,100,5049.26813,37347.11901,79674.09003,155982.53316,1394.68255,38411.44047,74862.36548,139996.24777,4.885,5.183,5.362,6.407,9.342,14.248,4.265,6.233,8.639,9.983,11.843,14.155,1.0,1.0,1.0,1.0,1.0,1.0,1.0,1.0,1.0,1.0,1.0,1.0,W05b_09u_eu,eu,
bitget,MAGMA,3,1788340676,1,0.53745,8.186808,100,100,3066.07641,7858.43502,25304.38223,38557.01025,510.3679,10849.30458,23138.19941,43899.26733,4.583,5.859,6.872,10.594,17.734,30.345,6.385,8.827,11.007,14.13,17.796,29.704,1.0,1.0,1.0,1.0,1.0,1.0,1.0,1.0,1.0,1.0,1.0,1.0,W05b_09u_eu,eu,
bitget,POWER,3,1788340676,1,0.084315,20.162486,100,100,0,1859.8502,4142.18031,8383.98316,0,2553.74515,4411.89493,8005.88642,14.199,15.223,21.983,32.422,60.153,153.697,10.081,11.761,16.14,29.072,61.354,146.635,1.0,1.0,1.0,1.0,1.0,0.9381,1.0,1.0,1.0,1.0,1.0,1.0,W05b_09u_eu,eu,
bitget,ONDO,3,1788340676,1,0.34135,2.929544,100,100,124870.00466,294010.46685,846831.24666,1683041.82998,40653.38355,519830.31885,728327.32958,1727538.04016,1.465,1.465,1.465,1.556,2.975,3.827,3.001,3.698,4.116,4.255,4.325,5.47,1.0,1.0,1.0,1.0,1.0,1.0,1.0,1.0,1.0,1.0,1.0,1.0,W05b_09u_eu,eu,
bitget,RIVER,3,1788340676,1,1.2735,7.852375,100,100,763.8,9669.138,25839.919,55835.342,552.916,11941.53,29143.034,48659.806,3.926,5.779,9.379,10.723,15.425,26.204,3.926,7.439,10.043,10.911,15.249,23.923,1.0,1.0,1.0,1.0,1.0,1.0,1.0,1.0,1.0,1.0,1.0,1.0,W05b_09u_eu,eu,
bitget,RUNE,3,1788340676,1,0.46785,6.412312,100,100,1832.80216,9542.79632,31330.60281,62741.98112,2124.19188,5685.13413,29590.92,62588.20091,4.463,4.903,7.624,12.064,17.579,27.748,4.202,5.703,8.432,13.36,19.84,29.034,1.0,1.0,1.0,1.0,1.0,1.0,1.0,1.0,1.0,1.0,1.0,1.0,W05b_09u_eu,eu,
bitget,TAO,3,1788340676,1,217.595,2.297847,100,100,47175.70592,444308.4239,1198233.48305,1381148.9958,64901.76806,215757.6401,392939.74253,1026943.34578,1.367,1.904,3.446,4.365,5.028,6.11,1.334,1.718,2.553,3.147,3.528,4.174,1.0,1.0,1.0,1.0,1.0,1.0,1.0,1.0,1.0,1.0,1.0,1.0,W05b_09u_eu,eu,
bitget,UAI,3,1788340676,1,0.555325,6.662765,100,100,676.50673,8289.24365,24638.06823,41164.39864,1975.75561,5680.55595,23650.56688,23825.8292,5.452,8.014,11.358,13.467,18.802,29.922,4.815,6.302,9.028,14.831,20.492,32.104,1.0,1.0,1.0,1.0,1.0,1.0,1.0,1.0,1.0,1.0,1.0,0.95,W05b_09u_eu,eu,
bitget,USELESS,3,1788340676,1,0.10895,3.671409,100,100,2748.02281,24886.07332,60263.33152,116428.93335,4503.19689,21875.95059,62899.32143,125725.83522,6.725,7.415,8.325,9.696,11.048,16.792,2.387,3.488,5.227,6.825,9.818,16.628,1.0,1.0,1.0,1.0,1.0,1.0,1.0,1.0,1.0,1.0,1.0,1.0,W05b_09u_eu,eu,
bitget,WIF,3,1788340676,1,0.19585,5.105948,100,100,5921.60274,46078.15487,128654.69654,303722.79378,36998.19134,124241.44845,258384.88587,335473.31857,3.851,5.755,6.897,7.278,9.549,12.553,4.846,6.252,7.096,7.378,7.518,7.603,1.0,1.0,1.0,1.0,1.0,1.0,1.0,1.0,1.0,1.0,1.0,1.0,W05b_09u_eu,eu,
bitget,XMR,3,1788340676,1,519.115,8.668599,100,100,24827.4974,50554.3415,180821.1342,441981.6387,3335.8836,23887.1321,166005.4559,316546.3709,4.501,4.514,4.522,5.422,6.236,7.008,7.115,8.511,9.357,10.548,11.923,16.853,1.0,1.0,1.0,1.0,1.0,1.0,1.0,1.0,1.0,1.0,1.0,1.0,W05b_09u_eu,eu,
bitget,ZRO,3,1788340676,1,1.02015,4.90124,100,100,1596.2705,26227.6502,74876.613,166265.6994,2334.9146,26208.2318,85734.8605,146163.5685,5.482,7.279,9.239,12.054,13.624,17.658,4.628,6.382,8.013,10.802,14.182,17.842,1.0,1.0,1.0,1.0,1.0,1.0,1.0,1.0,1.0,1.0,1.0,1.0,W05b_09u_eu,eu,
bybit,AR,3,1788340676,1,2.266,8.826125,200,200,390.4278,1189.8582,6416.319,12396.6033,292.1111,1413.8545,11887.3649,26580.1137,7.636,14.082,21.453,31.071,47.437,86.883,10.517,13.417,21.655,26.273,30.237,60.463,1.0,1.0,1.0,1.0,1.0,1.0,1.0,1.0,1.0,1.0,1.0,1.0,W05b_09u_eu,eu,
bybit,BTW,3,1788340676,1,0.445945,4.260615,200,200,294.1664,3641.5216,10882.5213,24289.6193,272.1571,1755.2415,7371.7615,18229.187,7.582,9.973,14.551,19.711,29.885,58.151,7.685,10.727,19.101,25.126,36.335,71.753,1.0,1.0,1.0,1.0,1.0,1.0,1.0,1.0,1.0,1.0,1.0,1.0,W05b_09u_eu,eu,
bybit,FIL,3,1788340676,1,0.78825,1.268633,200,200,12445.56629,42316.83101,221451.22089,489924.24126,11234.23732,34950.95404,228783.79243,456912.81108,0.634,0.634,1.881,4.497,6.372,9.279,2.074,3.127,4.542,5.881,7.603,11.189,1.0,1.0,1.0,1.0,1.0,1.0,1.0,1.0,1.0,1.0,1.0,1.0,W05b_09u_eu,eu,
bybit,KITE,3,1788340676,1,0.13642,2.932121,200,200,2237.90592,3141.66912,5799.66408,7898.25801,173.65027,1176.94783,3456.68042,7631.67832,6.437,7.471,8.639,21.0,53.237,116.439,12.039,16.63,23.17,38.942,65.868,179.363,1.0,1.0,1.0,1.0,1.0,1.0,1.0,1.0,1.0,1.0,1.0,1.0,W05b_09u_eu,eu,
bybit,KAS,3,1788340676,1,0.027575,3.626473,200,200,1339.597,23823.8527,51329.1854,143776.6298,4293.411,21513.4595,55143.9358,121596.0759,6.746,7.906,10.284,11.839,14.079,18.267,5.4,5.856,7.782,8.939,12.061,19.152,1.0,1.0,1.0,1.0,1.0,1.0,1.0,1.0,1.0,1.0,1.0,1.0,W05b_09u_eu,eu,
bybit,LDO,3,1788340676,1,0.36485,2.740852,200,200,10285.47027,24358.76962,194900.04261,480877.85129,5629.23683,22114.07448,226625.48468,396713.32291,3.151,3.631,3.919,4.128,6.121,13.74,3.797,3.954,5.051,6.979,9.956,16.206,1.0,1.0,1.0,1.0,1.0,1.0,1.0,1.0,1.0,1.0,1.0,1.0,W05b_09u_eu,eu,
bybit,ONDO,3,1788340676,1,0.34135,2.929544,200,200,41114.2962,474181.6192,717478.0111,1180914.9722,63394.9,306186.224,589853.7175,969577.0907,1.465,1.465,1.465,2.588,3.491,4.536,1.465,1.465,1.465,1.775,3.085,3.87,1.0,1.0,1.0,1.0,1.0,1.0,1.0,1.0,1.0,1.0,1.0,1.0,W05b_09u_eu,eu,
bybit,POWER,3,1788340676,1,0.084315,15.418372,200,200,15.75475,526.32281,1438.70652,2923.77203,76.70373,751.28485,1816.10365,3419.77597,16.654,22.933,44.56,93.554,193.918,310.155,15.09,19.934,37.065,74.101,192.244,214.975,1.0,1.0,1.0,1.0,1.0,1.0,1.0,1.0,1.0,1.0,1.0,0.4381,W05b_09u_eu,eu,
bybit,MAGMA,3,1788340676,1,0.53715,1.861677,200,200,2165.0537,7130.6714,17368.4317,45019.1026,733.6556,3983.551,12471.3145,32035.8326,2.83,4.196,6.456,10.399,17.527,38.333,5.01,7.19,11.633,17.05,26.215,51.47,1.0,1.0,1.0,1.0,1.0,1.0,1.0,1.0,1.0,1.0,1.0,1.0,W05b_09u_eu,eu,
bybit,RIVER,3,1788340676,1,1.2735,7.852375,200,200,510.6003,2013.4455,5646.2324,8914.5695,157.2116,1513.7332,4737.2077,10377.8531,3.926,7.768,16.357,26.54,50.941,117.612,9.311,13.395,20.242,30.416,53.124,182.436,1.0,1.0,1.0,1.0,1.0,1.0,1.0,1.0,1.0,1.0,1.0,1.0,W05b_09u_eu,eu,
bybit,RUNE,3,1788340676,1,0.4681,4.272591,200,200,2649.20223,5671.99607,43591.63582,167930.8888,293.97903,1956.37494,6706.6242,143679.07576,2.384,3.614,6.264,10.476,21.298,34.073,9.333,12.472,18.949,29.028,38.779,46.466,1.0,1.0,1.0,1.0,1.0,1.0,1.0,1.0,1.0,1.0,1.0,1.0,W05b_09u_eu,eu,
bybit,TAO,3,1788340676,1,217.685,0.459379,200,200,40715.22763,186911.28795,516601.9496,1007925.27504,49521.46936,214265.95244,539657.84714,1107164.24376,0.601,0.875,1.781,2.53,3.755,5.753,1.546,1.836,2.326,2.656,3.289,4.886,1.0,1.0,1.0,1.0,1.0,1.0,1.0,1.0,1.0,1.0,1.0,1.0,W05b_09u_eu,eu,
bybit,UAI,3,1788340676,1,0.55535,1.800666,200,200,1589.9809,4190.4229,14620.7129,61781.3195,723.6019,2961.5709,5420.768,51094.9155,4.418,5.911,9.224,15.919,27.785,42.975,7.109,8.603,13.21,23.795,41.118,57.911,1.0,1.0,1.0,1.0,1.0,1.0,1.0,1.0,1.0,1.0,1.0,1.0,W05b_09u_eu,eu,
bybit,USELESS,3,1788340676,1,0.10899,1.835031,200,200,4319.47254,29123.375,105136.51468,265703.75534,3347.31623,28812.27322,79298.77118,268363.59115,4.764,5.593,6.331,7.727,9.724,14.987,3.864,5.079,6.74,8.452,11.022,16.115,1.0,1.0,1.0,1.0,1.0,1.0,1.0,1.0,1.0,1.0,1.0,1.0,W05b_09u_eu,eu,
bybit,XMR,3,1788340676,1,519.385,0.962677,200,200,4961.9381,71430.7462,283150.8612,283150.8612,5212.9933,98703.1914,344526.424,348467.8043,1.953,2.998,5.026,6.835,8.809,13.473,0.802,0.834,4.562,6.712,9.052,10.675,1.0,1.0,1.0,1.0,1.0,1.0,1.0,1.0,1.0,1.0,1.0,1.0,W05b_09u_eu,eu,
bybit,WIF,3,1788340676,1,0.19575,5.108557,200,200,12599.972,55298.7067,143040.3841,292647.2203,12048.9107,75846.6556,147270.0285,225429.0219,2.554,2.554,5.288,6.476,7.069,9.961,5.369,6.516,7.204,7.433,7.548,10.265,1.0,1.0,1.0,1.0,1.0,1.0,1.0,1.0,1.0,1.0,1.0,1.0,W05b_09u_eu,eu,
bybit,ZEN,3,1788340676,1,5.3995,1.852023,200,200,921.728,2727.7317,10475.8145,22166.8854,638.6911,6874.9039,19351.5799,36223.5358,3.834,5.858,11.247,21.769,32.958,61.087,7.1,8.861,12.807,15.201,19.516,40.981,1.0,1.0,1.0,1.0,1.0,1.0,1.0,1.0,1.0,1.0,1.0,1.0,W05b_09u_eu,eu,
bybit,ZRO,3,1788340676,1,1.0201,1.960592,200,200,3583.1117,13789.58594,41477.1226,109258.42111,8629.08552,26013.55355,58679.65094,169457.70314,3.213,4.289,5.902,8.13,10.508,19.897,4.558,5.93,7.177,8.0,8.788,13.786,1.0,1.0,1.0,1.0,1.0,1.0,1.0,1.0,1.0,1.0,1.0,1.0,W05b_09u_eu,eu,
dydx,FIL,3,1788340676,1,0.7907,194.764133,27,34,0,0,0,14721.1729,0,0,0,14958.024,97.382,97.382,97.382,97.382,97.382,205.124,97.382,97.382,97.382,97.382,97.382,186.368,1.0,1.0,1.0,1.0,1.0,1.0,1.0,1.0,1.0,1.0,1.0,1.0,W05b_09u_eu,eu,
dydx,LDO,3,1788340676,1,0.36415,145.544419,25,18,0,0,0,14763.66,0,0,0,14980.112,72.772,72.772,72.772,72.772,72.772,317.608,72.772,72.772,72.772,72.772,72.772,339.442,1.0,1.0,1.0,1.0,1.0,1.0,1.0,1.0,1.0,1.0,1.0,1.0,W05b_09u_eu,eu,
dydx,ICP,3,1788340676,1,2.5222,134.80295,54,30,0,0,0,1279.97928,0,0,0,14765.448,70.116,70.741,87.244,94.245,98.598,307.358,67.401,67.401,67.401,67.401,67.401,195.938,1.0,1.0,1.0,1.0,1.0,1.0,1.0,1.0,1.0,1.0,1.0,1.0,W05b_09u_eu,eu,
dydx,MORPHO,3,1788340676,1,2.5835,1110.896071,18,12,0,0,0,0,0,0,0,0,1698.854,1843.234,1929.862,1958.738,1973.176,1981.839,1535.615,1711.295,1816.703,1851.839,1869.407,1879.948,1.0,1.0,1.0,1.0,1.0,1.0,1.0,1.0,1.0,1.0,1.0,1.0,W05b_09u_eu,eu,
dydx,SPX,3,1788340676,1,0.59195,32.097306,27,13,0,277.77,725.714,1037.186,0,46418.141,46418.141,46418.141,28.038,43.103,297.874,423.876,488.032,872.824,16.049,16.049,16.049,16.049,16.049,16.049,1.0,1.0,1.0,1.0,1.0,1.0,1.0,1.0,1.0,1.0,1.0,1.0,W05b_09u_eu,eu,
dydx,RUNE,3,1788340676,1,0.469,341.151386,15,12,0,0,0,0,0,0,0,0,205.951,217.048,223.706,225.926,273.222,1233.622,205.951,217.048,223.706,225.926,273.222,1236.122,1.0,1.0,1.0,1.0,1.0,1.0,1.0,1.0,1.0,1.0,1.0,1.0,W05b_09u_eu,eu,
dydx,ONDO,3,1788340676,1,0.34425,148.148148,25,20,0,0,0,134.9715,0,0,0,21.8684,205.196,229.686,244.38,249.511,403.859,688.777,99.484,99.851,100.071,100.968,193.395,476.06,1.0,1.0,1.0,1.0,1.0,1.0,1.0,1.0,1.0,1.0,1.0,1.0,W05b_09u_eu,eu,
dydx,TAO,3,1788340676,1,217.52,90.106657,20,27,0,0,50098.6944,250197.8819,0,0,50099.865,257661.0559,45.053,45.053,45.053,45.053,45.053,45.053,45.053,45.053,45.053,45.053,45.053,45.053,1.0,1.0,1.0,1.0,1.0,1.0,1.0,1.0,1.0,1.0,1.0,1.0,W05b_09u_eu,eu,
dydx,XMR,3,1788340677,1,523.92,205.756604,29,16,0,0,0,0,0,0,0,0,256.756,334.612,398.632,500.404,606.745,670.55,102.878,102.878,132.429,254.408,383.445,460.868,1.0,1.0,1.0,1.0,1.0,1.0,1.0,1.0,1.0,1.0,1.0,1.0,W05b_09u_eu,eu,
dydx,WIF,3,1788340677,1,0.196285,144.178108,23,19,0,0,0,16549.0375,0,0,0,14765.4222,72.089,72.089,72.089,72.089,72.089,124.418,72.089,72.089,72.089,72.089,72.089,112.336,1.0,1.0,1.0,1.0,1.0,1.0,1.0,1.0,1.0,1.0,1.0,1.0,W05b_09u_eu,eu,
dydx,ZEN,3,1788340677,1,5.414,1163.649797,18,18,0,0,0,0,0,0,0,0,625.396,628.546,630.436,631.066,631.381,631.57,583.352,583.512,583.608,583.64,583.656,583.666,1.0,1.0,1.0,1.0,1.0,1.0,1.0,1.0,1.0,1.0,1.0,1.0,W05b_09u_eu,eu,
dydx,ZEC,3,1788340677,1,826.39,49.855395,37,27,0,989.196,989.196,76031.338,0,75057.57,75057.57,275124.141,24.928,25.26,49.02,56.94,60.9,63.276,24.928,24.928,24.928,24.928,24.928,24.928,1.0,1.0,1.0,1.0,1.0,1.0,1.0,1.0,1.0,1.0,1.0,1.0,W05b_09u_eu,eu,
hl,ONDO,3,1788340677,1,0.341555,0.878336,20,20,45623.47497,45623.47497,45623.47497,45623.47497,67610.94912,67610.94912,67610.94912,67610.94912,0.627,1.033,1.555,2.178,2.934,4.813,0.773,1.005,1.304,1.457,1.743,2.546,1.0,1.0,1.0,1.0,1.0,1.0,1.0,1.0,1.0,1.0,1.0,1.0,W05b_09u_eu,eu,
okx,USELESS,3,1788340677,1,0.108895,0.918316,400,400,209.47437,2826.08977,8827.72197,22795.80688,848.93428,3536.92269,9439.98337,22425.79558,9.441,11.285,15.56,21.886,33.161,62.286,4.675,6.996,11.846,19.13,31.555,62.01,1.0,1.0,1.0,1.0,1.0,1.0,1.0,1.0,1.0,1.0,1.0,1.0,W05b_09u_eu,eu,
dydx,ZRO,3,1788340677,1,1.021,333.006856,12,15,0,0,0,0,0,0,0,0,274.435,279.235,315.818,574.368,811.18,953.267,238.458,241.658,277.233,549.544,798.768,948.303,1.0,1.0,1.0,1.0,1.0,1.0,1.0,1.0,1.0,1.0,1.0,1.0,W05b_09u_eu,eu,
aster,AR,1,1788354045,1,2.226,17.969452,14,8,1522.328,2902.0525,11011.416,11922.3535,999.9264,9578.0841,9884.9841,10501.6716,8.985,8.985,12.493,19.269,23.112,237.172,8.985,8.993,15.142,18.802,21.256,74.151,1.0,1.0,1.0,1.0,1.0,0.5284,1.0,1.0,1.0,1.0,1.0,0.4318,W06_12u_eu,eu,
aster,FET,1,1788354045,1,0.15095,19.874131,26,34,1957.5348,11683.1098,12590.9799,13091.0123,23618.5921,25638.4471,37000.9288,44573.5788,9.937,9.937,11.369,13.966,15.264,102.145,9.937,9.937,9.937,9.937,9.937,10.682,1.0,1.0,1.0,1.0,1.0,1.0,1.0,1.0,1.0,1.0,1.0,1.0,W06_12u_eu,eu,
aster,FIL,1,1788354045,1,0.7715,12.961763,21,28,3506.9706,17377.3656,33392.5436,48495.9953,917.908,7766.4561,11714.9733,13237.5437,6.481,6.481,6.481,10.345,14.894,23.594,6.481,7.553,14.687,17.065,23.119,103.045,1.0,1.0,1.0,1.0,1.0,1.0,1.0,1.0,1.0,1.0,1.0,1.0,W06_12u_eu,eu,
aster,BTW,1,1788354045,1,0.437015,0.228825,236,271,4064.17239,9994.65352,21386.06671,32226.2896,10.05146,8517.48643,21334.40842,34743.58487,0.114,0.265,4.088,7.188,13.407,27.092,14.007,15.07,15.77,18.19,21.574,36.005,1.0,1.0,1.0,1.0,1.0,1.0,1.0,1.0,1.0,1.0,1.0,1.0,W06_12u_eu,eu,
aster,KAS,1,1788354045,1,0.027235,18.35873,14,22,1180.01607,4672.38727,16767.16983,43502.11538,171.68348,648.94708,6860.59434,7509.95646,9.179,9.179,11.116,12.93,20.234,33.04,14.004,20.433,28.87,33.712,66.12,282.742,1.0,1.0,1.0,1.0,1.0,1.0,1.0,1.0,1.0,1.0,1.0,1.0,W06_12u_eu,eu,
aster,KITE,1,1788354045,1,0.138165,7.961495,93,54,1057.00752,7832.94125,11206.29652,14089.62082,1768.08311,4842.2631,8161.54415,8263.88397,6.389,7.356,9.965,13.156,19.774,189.173,3.981,4.887,8.462,14.952,61.506,367.054,1.0,1.0,1.0,1.0,1.0,1.0,1.0,1.0,1.0,1.0,1.0,1.0,W06_12u_eu,eu,
aster,ICP,1,1788354045,1,2.485,8.04829,60,129,434.65,17277.015,21665.102,54023.054,1350.012,8671.497,12544.905,16307.127,6.072,9.072,13.237,17.459,20.802,29.374,4.024,4.024,8.184,10.128,15.521,63.228,1.0,1.0,1.0,1.0,1.0,1.0,1.0,1.0,1.0,1.0,1.0,1.0,W06_12u_eu,eu,
aster,LDO,1,1788354045,1,0.35595,14.046917,48,29,999.8727,10708.5543,10887.7283,11638.4747,1900.327,11618.3348,11618.3348,12445.1326,7.023,7.023,15.448,18.259,19.665,207.474,7.023,7.023,9.05,12.251,14.195,196.631,1.0,1.0,1.0,1.0,1.0,1.0,1.0,1.0,1.0,1.0,1.0,1.0,W06_12u_eu,eu,
aster,MAGMA,1,1788354045,1,0.54083,10.354455,129,109,4775.64394,9186.66606,15801.2631,23223.15384,1808.95874,4356.4423,9556.22794,18885.74648,6.929,7.717,8.19,8.933,15.303,43.159,7.501,7.904,10.183,16.827,29.318,76.134,1.0,1.0,1.0,1.0,1.0,1.0,1.0,1.0,1.0,1.0,1.0,1.0,W06_12u_eu,eu,
aster,MORPHO,1,1788354045,1,2.49475,14.029462,25,20,2654.00769,2754.12981,2864.60589,3096.47101,999.84825,2668.90681,2668.90681,2668.90681,7.015,7.015,7.15,91.072,175.108,282.155,7.015,7.02,15.645,119.814,210.924,331.452,1.0,1.0,1.0,1.0,1.0,1.0,1.0,1.0,1.0,1.0,1.0,1.0,W06_12u_eu,eu,
aster,ONDO,1,1788354045,1,0.34035,8.814456,88,233,15112.51329,25261.77955,34862.45844,50661.30292,16331.96909,29065.24658,41016.98133,61657.45613,4.407,4.407,4.407,4.407,5.169,9.714,4.407,4.407,4.407,4.407,4.752,9.505,1.0,1.0,1.0,1.0,1.0,1.0,1.0,1.0,1.0,1.0,1.0,1.0,W06_12u_eu,eu,
aster,POWER,1,1788354045,1,0.083365,46.782223,40,25,0,999.95291,1793.79477,2068.9236,0,999.96252,1205.07873,1348.59688,23.391,23.391,60.178,418.262,1007.826,1044.362,23.391,23.405,175.662,536.36,808.14,808.14,1.0,1.0,1.0,1.0,1.0,0.402,1.0,1.0,1.0,1.0,0.8593,0.3437,W06_12u_eu,eu,
aster,RIVER,1,1788354046,1,1.259,15.885624,71,190,2052.9302,7145.3098,17350.0167,25054.2108,1125.432,8830.9561,33931.1789,70213.715,7.943,7.943,9.358,13.175,21.016,42.696,7.943,7.943,12.313,14.099,19.328,31.121,1.0,1.0,1.0,1.0,1.0,1.0,1.0,1.0,1.0,1.0,1.0,1.0,W06_12u_eu,eu,
aster,SPX,1,1788354046,1,0.53725,20.474639,18,14,0,2739.0331,14159.1061,14159.1061,0,3503.2914,7082.827,7082.827,10.237,10.237,11.192,20.891,26.732,742.964,10.237,10.237,11.738,18.062,230.527,984.917,1.0,1.0,1.0,1.0,1.0,0.8781,1.0,1.0,1.0,1.0,1.0,0.5008,W06_12u_eu,eu,
aster,UAI,1,1788354046,1,0.53955,1.853396,103,154,6793.1778,10162.8688,51107.2634,90020.6143,2370.2902,13106.3822,18523.6179,48684.4765,0.927,0.927,0.927,1.501,6.723,22.667,0.927,0.927,5.038,8.434,10.24,28.38,1.0,1.0,1.0,1.0,1.0,1.0,1.0,1.0,1.0,1.0,1.0,1.0,W06_12u_eu,eu,
aster,USELESS,1,1788354046,1,0.10741,11.172144,55,82,2247.70486,7469.9158,19269.84107,49952.7045,485.27145,10813.4878,20353.73507,31725.12642,5.586,5.586,7.952,11.771,17.695,32.449,6.614,8.428,9.525,11.476,15.534,33.117,1.0,1.0,1.0,1.0,1.0,1.0,1.0,1.0,1.0,1.0,1.0,1.0,W06_12u_eu,eu,
aster,XMR,1,1788354046,1,508.52,4.32628,263,283,11015.66639,40271.41836,55018.58023,99340.84564,10615.55655,31929.80904,68414.92396,124858.24409,2.163,2.163,3.25,4.289,6.088,9.887,2.163,2.163,2.163,3.105,5.256,10.751,1.0,1.0,1.0,1.0,1.0,1.0,1.0,1.0,1.0,1.0,1.0,1.0,W06_12u_eu,eu,
aster,ZEN,1,1788354046,1,5.3815,20.440398,11,9,0,15172.0817,15172.0817,15172.0817,0,4832.9447,4832.9447,4832.9447,10.22,10.22,10.741,14.988,19.108,360.594,10.468,12.115,18.595,27.888,404.764,404.764,1.0,1.0,1.0,1.0,1.0,0.7497,1.0,1.0,1.0,1.0,0.7509,0.3004,W06_12u_eu,eu,
aster,TAO,1,1788354046,1,216.39,2.772771,110,129,10666.44826,69247.35721,132119.7876,185631.97116,16498.54901,51354.78332,102560.21795,134732.1644,2.273,3.895,5.995,6.781,8.064,10.44,1.538,1.693,2.278,3.141,3.988,7.645,1.0,1.0,1.0,1.0,1.0,1.0,1.0,1.0,1.0,1.0,1.0,1.0,W06_12u_eu,eu,
aster,WIF,1,1788354046,1,0.1938,30.959752,22,27,0,21061.21706,31399.389,37507.30711,0,1753.13061,8225.55282,13688.32262,15.48,15.48,15.48,15.48,16.215,22.522,15.48,15.48,18.574,22.187,37.889,135.273,1.0,1.0,1.0,1.0,1.0,1.0,1.0,1.0,1.0,1.0,1.0,1.0,W06_12u_eu,eu,
aster,ZRO,1,1788354046,1,1.0025,15.9601,108,246,283.25248,3340.06492,19835.76307,20672.10693,283.76152,1059.56846,1580.87486,1815.8399,11.435,14.852,17.312,22.015,25.97,78.039,10.14,12.307,57.872,191.778,369.244,1269.876,1.0,1.0,1.0,1.0,1.0,1.0,1.0,1.0,1.0,1.0,1.0,1.0,W06_12u_eu,eu,
aster,龙虾,1,1788354046,1,0.068815,14.677139,244,173,2746.276053,4667.64194,22422.470782,25570.642245,603.877185,2057.708374,3464.889097,7720.120319,7.773,8.292,9.115,14.506,23.063,31.761,7.339,10.38,18.716,35.886,67.201,273.738,1.0,1.0,1.0,1.0,1.0,1.0,1.0,1.0,1.0,1.0,1.0,1.0,W06_12u_eu,eu,
binance,FET,1,1788354046,1,0.15095,6.62471,572,1000,45056.2982,120528.9415,261695.956,451268.1723,59937.1908,126296.9891,259287.4084,384245.1623,3.312,3.312,3.312,3.312,3.312,6.811,3.312,3.312,3.312,3.312,3.312,5.243,1.0,1.0,1.0,1.0,1.0,1.0,1.0,1.0,1.0,1.0,1.0,1.0,W06_12u_eu,eu,
binance,AR,1,1788354046,1,2.2255,4.493372,541,1000,3573.0568,20800.5577,51242.2973,120570.8286,1088.1347,22665.4438,53500.025,112233.6005,2.247,2.247,2.378,5.84,10.504,18.695,2.736,4.738,8.478,11.799,14.608,19.983,1.0,1.0,1.0,1.0,1.0,1.0,1.0,1.0,1.0,1.0,1.0,1.0,W06_12u_eu,eu,
binance,FIL,1,1788354046,1,0.77125,1.296596,1000,1000,65851.8802,262180.04556,500195.95474,1052914.22567,72925.83752,235821.44823,442677.52409,998361.46971,0.648,1.189,1.643,1.794,2.517,3.831,1.506,1.725,1.875,2.558,3.195,4.834,1.0,1.0,1.0,1.0,1.0,1.0,1.0,1.0,1.0,1.0,1.0,1.0,W06_12u_eu,eu,
binance,KAS,1,1788354046,1,0.027235,3.671746,393,1000,4334.41243,17508.01843,43565.01383,117857.05764,3708.40466,17000.97033,39333.0742,78530.82655,5.066,6.231,8.0,9.076,12.184,20.596,3.211,4.359,6.161,8.621,12.113,20.895,1.0,1.0,1.0,1.0,1.0,1.0,1.0,1.0,1.0,1.0,1.0,1.0,W06_12u_eu,eu,
binance,KITE,1,1788354046,1,0.13801,2.898341,1000,1000,2081.54958,12554.74155,34889.08143,84510.656,1401.17562,11125.09939,30908.37031,68721.66253,2.389,3.898,7.006,11.175,16.191,25.228,4.033,5.738,8.911,11.785,15.604,26.763,1.0,1.0,1.0,1.0,1.0,1.0,1.0,1.0,1.0,1.0,1.0,1.0,W06_12u_eu,eu,
binance,LDO,1,1788354046,1,0.35595,2.809383,1000,1000,7678.6738,24023.7533,100597.6984,297106.2485,13605.4443,60121.5098,146283.7425,284390.0343,2.816,3.515,5.037,6.582,8.858,15.252,3.45,3.832,4.061,5.419,7.111,10.349,1.0,1.0,1.0,1.0,1.0,1.0,1.0,1.0,1.0,1.0,1.0,1.0,W06_12u_eu,eu,
binance,MAGMA,1,1788354046,1,0.540585,0.924924,1000,1000,4302.73729,14277.10054,38484.9789,84054.85232,33168.49589,48616.15149,81416.56814,181970.65375,0.697,1.789,4.067,6.41,9.869,21.349,1.35,2.272,3.286,4.22,5.062,5.632,1.0,1.0,1.0,1.0,1.0,1.0,1.0,1.0,1.0,1.0,1.0,1.0,W06_12u_eu,eu,
binance,ONDO,1,1788354046,1,0.34035,2.938152,1000,1000,55502.33885,326762.44551,646520.06974,1192635.80942,88554.14875,302954.33556,556423.97474,1026252.75852,1.469,1.469,1.469,1.469,2.385,3.598,1.469,1.469,1.469,1.469,1.469,2.906,1.0,1.0,1.0,1.0,1.0,1.0,1.0,1.0,1.0,1.0,1.0,1.0,W06_12u_eu,eu,
binance,POWER,1,1788354046,1,0.08334,4.799616,894,1000,145.27385,2011.62864,5769.42985,12984.89053,185.1021,938.63525,4018.4704,8415.81243,11.333,15.031,20.079,28.493,44.675,88.748,11.408,16.353,27.651,38.745,63.366,94.219,1.0,1.0,1.0,1.0,1.0,1.0,1.0,1.0,1.0,1.0,1.0,1.0,W06_12u_eu,eu,
binance,RIVER,1,1788354046,1,1.2595,7.939659,460,1000,650.1476,20825.4103,43384.2423,110312.412,1966.986,13831.8601,34024.3632,68438.845,3.97,6.745,9.844,10.877,12.244,18.122,3.97,3.97,5.665,8.787,12.491,21.615,1.0,1.0,1.0,1.0,1.0,1.0,1.0,1.0,1.0,1.0,1.0,1.0,W06_12u_eu,eu,
binance,RUNE,1,1788354046,1,0.46875,2.133333,587,1000,7261.0425,30345.6017,66032.6775,174481.9822,3395.4758,25340.6926,56854.4263,124969.2489,1.067,1.067,2.291,4.293,7.323,13.398,4.201,5.252,7.225,9.098,11.129,16.045,1.0,1.0,1.0,1.0,1.0,1.0,1.0,1.0,1.0,1.0,1.0,1.0,W06_12u_eu,eu,
binance,TAO,1,1788354046,1,216.135,0.462674,1000,1000,69088.0256,258679.72487,803952.17788,1933977.92424,66963.22783,300734.90088,856268.01824,1764019.88565,0.231,0.826,1.546,1.933,2.716,4.022,0.231,0.231,0.336,0.987,1.675,3.061,1.0,1.0,1.0,1.0,1.0,1.0,1.0,1.0,1.0,1.0,1.0,1.0,W06_12u_eu,eu,
binance,UAI,1,1788354046,1,0.539,3.710575,1000,1000,5990.1964,24197.112,43568.5847,95486.454,5051.828,19218.4138,41987.2333,79042.7015,1.855,2.982,5.424,7.278,9.297,15.113,3.483,3.875,5.406,7.018,9.542,17.364,1.0,1.0,1.0,1.0,1.0,1.0,1.0,1.0,1.0,1.0,1.0,1.0,W06_12u_eu,eu,
binance,USELESS,1,1788354046,1,0.107285,2.79629,1000,1000,5247.15039,28100.11775,76290.63639,180590.37715,5947.83259,29601.18,80215.14875,158063.36956,3.469,4.523,5.859,7.336,9.498,14.135,1.582,2.666,4.318,6.211,8.729,13.589,1.0,1.0,1.0,1.0,1.0,1.0,1.0,1.0,1.0,1.0,1.0,1.0,W06_12u_eu,eu,
binance,WIF,1,1788354046,1,0.19365,5.163956,669,1000,17534.35693,62256.71768,173887.9528,360943.51003,4804.97113,43234.48498,135061.8917,287932.19649,2.582,2.582,2.582,2.582,3.85,7.728,7.563,7.654,7.709,7.933,10.421,14.19,1.0,1.0,1.0,1.0,1.0,1.0,1.0,1.0,1.0,1.0,1.0,1.0,W06_12u_eu,eu,
binance,XMR,1,1788354046,1,508.7,0.393159,1000,1000,6205.52806,55600.63751,205373.33004,456155.75404,16502.97381,84309.24333,260848.01352,377328.89222,1.365,2.636,4.725,6.169,8.299,11.335,1.255,1.819,2.909,3.511,4.92,7.879,1.0,1.0,1.0,1.0,1.0,1.0,1.0,1.0,1.0,1.0,1.0,1.0,W06_12u_eu,eu,
binance,ZEC,1,1788354046,1,796.015,0.125626,1000,1000,191310.20026,1181915.00986,2915290.46823,6384595.08071,379198.05667,1624828.41504,3412389.39126,6190076.92587,0.063,0.063,0.106,0.147,0.168,0.18,0.063,0.063,0.063,0.302,0.65,1.191,1.0,1.0,1.0,1.0,1.0,1.0,1.0,1.0,1.0,1.0,1.0,1.0,W06_12u_eu,eu,
binance,ZEN,1,1788354046,1,5.379,3.718163,868,1000,3928.5116,30064.7632,100362.5218,225281.6063,4774.9941,39435.4839,90435.7756,189877.5141,3.505,5.028,6.675,8.383,10.411,15.185,3.408,4.26,5.796,7.076,10.094,14.769,1.0,1.0,1.0,1.0,1.0,1.0,1.0,1.0,1.0,1.0,1.0,1.0,W06_12u_eu,eu,
binance,ZRO,1,1788354046,1,1.00145,2.995656,1000,1000,5418.3423,37007.92209,93140.42917,155983.42366,3215.04034,25347.05336,54476.95807,96801.57406,1.498,2.557,4.515,6.416,8.921,13.846,3.099,3.77,5.357,8.169,11.385,16.949,1.0,1.0,1.0,1.0,1.0,1.0,1.0,1.0,1.0,1.0,1.0,1.0,W06_12u_eu,eu,
binance,龙虾,1,1788354046,1,0.068809,5.813193,1000,1000,1913.866739,8850.126969,126184.791827,145756.823444,1069.829612,10373.685127,30741.679391,50180.583235,4.418,5.984,8.303,11.089,16.433,26.006,4.996,6.829,10.476,13.958,17.743,24.808,1.0,1.0,1.0,1.0,1.0,1.0,1.0,1.0,1.0,1.0,1.0,1.0,W06_12u_eu,eu,
bitget,BTW,1,1788354046,1,0.437303,1.372046,100,100,1300.067684,4427.019041,8867.229033,16094.458236,76.57403,1554.027933,7995.138844,16974.122827,6.672,6.926,11.048,15.786,29.349,64.173,16.28,18.053,21.998,27.471,37.512,50.354,1.0,1.0,1.0,1.0,1.0,0.8497,1.0,1.0,1.0,1.0,1.0,0.6756,W06_12u_eu,eu,
bitget,AR,1,1788354046,1,2.2245,4.495392,100,100,723.386,4213.5969,23689.1053,72570.9598,931.7823,26760.4839,41614.5238,80400.0748,6.307,7.766,12.633,18.893,25.912,32.675,6.317,6.839,10.528,16.326,20.526,23.045,1.0,1.0,1.0,1.0,1.0,1.0,1.0,1.0,1.0,1.0,1.0,1.0,W06_12u_eu,eu,
bitget,FET,1,1788354046,1,0.15085,6.629102,100,100,25338.562,69230.3155,204167.3006,344208.3009,21865.9995,86376.5948,208940.5715,330641.0663,3.315,3.315,4.46,7.202,8.573,9.395,3.315,3.315,3.315,3.887,6.915,9.568,1.0,1.0,1.0,1.0,1.0,1.0,1.0,1.0,1.0,1.0,1.0,1.0,W06_12u_eu,eu,
bitget,FIL,1,1788354046,1,0.77085,1.297269,100,100,29583.20115,209241.38675,619885.30121,1328083.74493,103028.14284,271123.35289,635660.65405,1325910.54866,1.223,2.211,3.694,4.766,5.866,7.311,1.499,1.861,2.891,3.716,4.128,4.513,1.0,1.0,1.0,1.0,1.0,1.0,1.0,1.0,1.0,1.0,1.0,1.0,W06_12u_eu,eu,
bitget,KAS,1,1788354046,1,0.02722,7.347539,100,100,279.85868,20871.42309,59702.21165,119223.84852,3120.62485,27763.45498,47897.58601,102664.5111,7.918,9.47,10.401,10.711,10.866,16.026,7.012,7.18,7.28,8.697,11.542,15.419,1.0,1.0,1.0,1.0,1.0,1.0,1.0,1.0,1.0,1.0,1.0,1.0,W06_12u_eu,eu,
bitget,KITE,1,1788354046,1,0.137855,13.782598,100,100,423.58671,18624.92094,34638.65363,83137.65948,442.18975,4171.77616,25360.3548,51784.38581,8.059,9.776,12.31,15.393,17.965,23.858,8.598,10.023,12.259,16.943,24.209,33.87,1.0,1.0,1.0,1.0,1.0,1.0,1.0,1.0,1.0,1.0,1.0,1.0,W06_12u_eu,eu,
bitget,LDO,1,1788354046,1,0.3559,5.619556,100,100,4271.72092,26303.51385,74424.24462,137489.87139,3177.83002,40443.90393,92311.04949,157845.57242,4.914,5.267,6.845,8.045,11.752,17.856,5.414,6.922,7.826,9.153,11.264,15.872,1.0,1.0,1.0,1.0,1.0,1.0,1.0,1.0,1.0,1.0,1.0,1.0,W06_12u_eu,eu,
bitget,MAGMA,1,1788354046,1,0.5394,3.337041,100,100,427.44882,13480.89945,33060.25051,39028.03498,1374.27668,4423.72134,30980.39729,31838.12247,7.429,9.353,12.713,15.432,18.061,25.264,4.511,6.459,10.909,14.985,21.501,31.22,1.0,1.0,1.0,1.0,1.0,1.0,1.0,1.0,1.0,1.0,1.0,1.0,W06_12u_eu,eu,
bitget,ONDO,1,1788354046,1,0.34025,2.939015,100,100,121894.99007,419183.62675,956567.57793,1959043.22899,69398.45039,714638.82029,1104582.14344,1871342.18394,1.47,1.47,1.47,2.127,3.268,3.952,1.47,2.422,3.614,4.011,4.21,5.163,1.0,1.0,1.0,1.0,1.0,1.0,1.0,1.0,1.0,1.0,1.0,1.0,W06_12u_eu,eu,
bitget,POWER,1,1788354046,1,0.08356,14.360938,100,100,110.96042,2683.99664,9835.64705,20599.76683,839.64311,3094.48974,7983.51822,19847.95481,12.538,15.218,18.805,24.06,32.414,64.783,9.197,9.702,13.737,19.998,33.4,66.866,1.0,1.0,1.0,1.0,1.0,1.0,1.0,1.0,1.0,1.0,1.0,1.0,W06_12u_eu,eu,
bitget,RIVER,1,1788354046,1,1.259,15.885624,100,100,4564.024,14547.291,35331.427,52323.427,1760.22,14386.615,23213.41,46041.894,7.943,7.943,7.943,8.63,13.481,24.04,7.943,7.943,10.298,13.092,17.333,28.774,1.0,1.0,1.0,1.0,1.0,1.0,1.0,1.0,1.0,1.0,1.0,1.0,W06_12u_eu,eu,
bitget,RUNE,1,1788354046,1,0.46845,2.1347,100,100,1935.57256,14743.95219,25484.68269,56169.18292,1825.53211,8873.0424,22157.34186,53799.20828,3.874,5.681,8.763,14.158,17.82,24.218,5.078,6.899,9.594,13.509,17.51,30.239,1.0,1.0,1.0,1.0,1.0,1.0,1.0,1.0,1.0,1.0,1.0,1.0,W06_12u_eu,eu,
bitget,TAO,1,1788354046,1,216.11,1.850909,100,100,55809.07495,437509.39816,1249633.02583,1457826.7929,36821.7626,221873.77934,376116.50751,782862.98619,1.364,1.956,2.726,3.1,3.401,4.505,1.957,2.496,3.782,4.917,5.87,7.155,1.0,1.0,1.0,1.0,1.0,1.0,1.0,1.0,1.0,1.0,1.0,1.0,W06_12u_eu,eu,
bitget,UAI,1,1788354046,1,0.538635,14.295395,100,100,1635.94935,9766.44487,29321.78457,33423.60528,314.2698,5781.27876,20385.30033,44043.79689,9.115,9.152,9.943,12.055,16.805,30.734,9.226,11.222,12.589,15.944,22.319,35.826,1.0,1.0,1.0,1.0,1.0,1.0,1.0,1.0,1.0,1.0,1.0,1.0,W06_12u_eu,eu,
bitget,USELESS,1,1788354046,1,0.10728,9.321402,100,100,5545.01549,27778.56744,52460.23472,104528.19765,1120.98578,21280.75163,50034.87559,111386.19876,4.661,4.991,5.416,6.633,9.554,13.694,6.409,7.633,9.171,10.782,12.037,17.877,1.0,1.0,1.0,1.0,1.0,1.0,1.0,1.0,1.0,1.0,1.0,1.0,W06_12u_eu,eu,
bitget,WIF,1,1788354046,1,0.19375,5.16129,100,100,10470.40849,53802.65555,264426.4253,385367.33995,50287.10379,93103.21203,241179.86188,395539.08316,4.302,6.022,7.054,7.398,7.57,10.671,2.581,3.396,6.003,6.873,7.307,7.568,1.0,1.0,1.0,1.0,1.0,1.0,1.0,1.0,1.0,1.0,1.0,1.0,W06_12u_eu,eu,
bitget,XMR,1,1788354046,1,508.495,9.63628,100,100,2890.7866,172081.412,271862.7733,559230.3734,7287.0242,150518.8522,341621.4381,393410.931,8.231,8.491,8.73,10.675,12.073,13.156,4.818,4.818,5.7,6.931,8.895,12.871,1.0,1.0,1.0,1.0,1.0,1.0,1.0,1.0,1.0,1.0,1.0,1.0,W06_12u_eu,eu,
bybit,AR,1,1788354046,1,2.226,8.984726,200,200,4277.9386,6118.4208,15317.406,21100.827,87.1143,1890.0287,13790.9853,24780.4662,4.492,4.492,6.907,8.614,20.609,51.339,13.077,15.523,20.798,26.122,32.003,56.129,1.0,1.0,1.0,1.0,1.0,1.0,1.0,1.0,1.0,1.0,1.0,1.0,W06_12u_eu,eu,
bitget,ZRO,1,1788354046,1,1.00095,4.995255,100,100,2888.5183,37393.7543,85592.3553,157734.3771,1395.3216,23475.1628,91916.5204,126301.3751,5.316,6.051,7.418,9.662,13.791,17.056,4.133,6.24,9.59,13.422,16.819,19.707,1.0,1.0,1.0,1.0,1.0,1.0,1.0,1.0,1.0,1.0,1.0,1.0,W06_12u_eu,eu,
bybit,BTW,1,1788354046,1,0.43678,2.747379,200,200,192.0737,824.2258,2295.0254,5710.2746,91.7865,783.1899,3466.189,7502.5262,11.607,17.645,31.344,52.18,81.474,150.784,14.374,19.841,27.667,40.373,73.012,83.66,1.0,1.0,1.0,1.0,1.0,1.0,1.0,1.0,1.0,1.0,1.0,0.4333,W06_12u_eu,eu,
bybit,KAS,1,1788354046,1,0.027195,3.677147,200,200,2641.7474,13191.9405,38566.1921,115095.6576,2796.6404,15353.6094,35516.378,122805.6923,4.77,6.393,8.073,10.366,14.699,25.481,5.104,7.047,8.334,10.386,13.934,21.802,1.0,1.0,1.0,1.0,1.0,1.0,1.0,1.0,1.0,1.0,1.0,1.0,W06_12u_eu,eu,
bybit,FIL,1,1788354046,1,0.77115,1.296765,200,200,5469.20253,36572.20014,229991.26139,472801.68897,22594.83063,44613.77037,237220.04837,468478.26372,3.194,3.54,5.272,7.149,9.313,12.466,0.95,1.519,2.553,3.565,4.738,7.663,1.0,1.0,1.0,1.0,1.0,1.0,1.0,1.0,1.0,1.0,1.0,1.0,W06_12u_eu,eu,
bybit,KITE,1,1788354046,1,0.13796,5.798782,200,200,227.28293,1678.49102,6801.72093,23004.53301,20.01405,525.59908,6559.94427,18935.55869,8.051,12.104,19.194,28.547,42.94,70.542,17.598,23.689,32.586,37.919,50.683,78.191,1.0,1.0,1.0,1.0,1.0,1.0,1.0,1.0,1.0,1.0,1.0,1.0,W06_12u_eu,eu,
bybit,LDO,1,1788354046,1,0.35575,2.810963,200,200,4662.24606,24818.85657,227626.14253,487422.24448,6376.63575,27201.03317,196528.91608,403746.95172,3.633,3.925,4.253,6.752,10.628,17.61,3.716,3.966,5.368,7.394,9.636,14.415,1.0,1.0,1.0,1.0,1.0,1.0,1.0,1.0,1.0,1.0,1.0,1.0,W06_12u_eu,eu,
bybit,POWER,1,1788354046,1,0.08353,16.760445,200,200,161.39455,658.21787,1523.49586,2765.63197,60.0248,982.81951,2070.68663,3896.95758,12.79,20.2,42.443,102.47,212.811,361.865,15.272,18.921,33.105,62.117,173.371,262.434,1.0,1.0,1.0,1.0,1.0,0.8923,1.0,1.0,1.0,1.0,1.0,0.59,W06_12u_eu,eu,
bybit,MAGMA,1,1788354046,1,0.5404,3.700962,200,200,1806.8333,6382.5042,17899.2378,35528.0225,2562.2085,8746.8705,20427.7049,49069.1235,5.726,6.564,8.562,12.498,19.649,39.621,3.811,5.245,6.95,10.127,15.808,34.227,1.0,1.0,1.0,1.0,1.0,1.0,1.0,1.0,1.0,1.0,1.0,1.0,W06_12u_eu,eu,
bybit,RIVER,1,1788354047,1,1.2595,7.939659,200,200,174.8751,1445.3859,4237.0736,11352.3958,343.098,1645.8613,5105.4676,9557.6072,9.131,12.691,20.328,31.457,56.729,122.817,6.463,10.624,18.879,26.825,52.148,144.514,1.0,1.0,1.0,1.0,1.0,1.0,1.0,1.0,1.0,1.0,1.0,1.0,W06_12u_eu,eu,
bybit,ONDO,1,1788354046,1,0.34025,2.939015,200,200,39696.8216,320203.7905,566382.1543,912086.1187,68518.6198,311247.7447,549710.6029,926020.7096,1.47,1.47,3.037,3.723,4.066,4.987,1.47,1.47,1.47,1.47,2.663,3.71,1.0,1.0,1.0,1.0,1.0,1.0,1.0,1.0,1.0,1.0,1.0,1.0,W06_12u_eu,eu,
bybit,RUNE,1,1788354047,1,0.46865,6.401366,200,200,593.57131,3047.4556,35255.2805,144340.31341,150.63271,2019.36912,23307.96788,141724.04622,4.42,8.568,15.172,23.828,34.703,41.775,11.469,14.827,21.286,31.965,39.553,44.781,1.0,1.0,1.0,1.0,1.0,1.0,1.0,1.0,1.0,1.0,1.0,1.0,W06_12u_eu,eu,
bybit,TAO,1,1788354047,1,216.235,0.46246,200,200,30368.78061,202756.99836,532470.24696,1225851.11651,62378.91578,227928.93263,559259.85347,1000436.20961,1.501,1.887,2.529,3.23,4.894,6.88,0.231,0.231,0.903,1.733,2.37,3.978,1.0,1.0,1.0,1.0,1.0,1.0,1.0,1.0,1.0,1.0,1.0,1.0,W06_12u_eu,eu,
bybit,UAI,1,1788354047,1,0.5391,3.709887,200,200,3112.9765,10666.6263,16958.3829,47088.2884,765.0867,5411.8089,12334.297,44521.2751,3.092,3.401,3.612,7.507,12.414,35.265,7.953,9.051,12.531,16.014,22.672,42.303,1.0,1.0,1.0,1.0,1.0,1.0,1.0,1.0,1.0,1.0,1.0,1.0,W06_12u_eu,eu,
bybit,USELESS,1,1788354047,1,0.10734,3.726477,200,200,1901.36537,15104.48408,54423.1122,171770.91646,1135.64531,14685.47344,47161.76899,213976.91766,4.272,4.931,7.017,9.444,12.532,20.102,4.347,6.138,8.885,11.005,13.699,23.032,1.0,1.0,1.0,1.0,1.0,1.0,1.0,1.0,1.0,1.0,1.0,1.0,W06_12u_eu,eu,
bybit,WIF,1,1788354047,1,0.19365,5.163956,200,200,12799.7326,66240.6963,173226.868,286781.5062,20868.1227,83313.3062,161055.2144,254051.5937,5.854,6.8,7.368,7.557,7.651,10.226,2.582,5.133,6.701,7.223,7.485,8.498,1.0,1.0,1.0,1.0,1.0,1.0,1.0,1.0,1.0,1.0,1.0,1.0,W06_12u_eu,eu,
bybit,XMR,1,1788354047,1,508.895,2.161546,200,200,3590.241,66589.3614,308812.3778,308812.3778,10186.2276,69627.7852,286205.0637,286205.0637,1.081,3.217,6.128,8.131,10.474,14.138,1.081,1.874,4.508,6.781,8.151,11.608,1.0,1.0,1.0,1.0,1.0,1.0,1.0,1.0,1.0,1.0,1.0,1.0,W06_12u_eu,eu,
bybit,ZEN,1,1788354047,1,5.378,7.437709,200,200,903.3875,2542.3432,6980.8625,12797.5415,469.8688,2290.3258,7281.9371,12372.7691,6.708,7.614,13.964,25.658,40.227,89.614,8.069,10.088,16.622,26.148,39.528,74.457,1.0,1.0,1.0,1.0,1.0,1.0,1.0,1.0,1.0,1.0,1.0,1.0,W06_12u_eu,eu,
bybit,ZRO,1,1788354047,1,1.0011,1.997802,200,200,2047.20373,20603.61379,39500.92398,103110.81428,9985.20957,23013.84802,52070.50768,162673.7269,3.655,4.741,7.373,9.577,13.444,20.129,2.673,3.713,4.706,5.537,6.669,13.653,1.0,1.0,1.0,1.0,1.0,1.0,1.0,1.0,1.0,1.0,1.0,1.0,W06_12u_eu,eu,
dydx,ICP,1,1788354047,1,2.4775,100.908174,40,52,0,0,0,15089.4975,0,0,0,178.533,50.454,50.454,50.454,50.454,50.454,101.579,170.682,203.807,223.682,230.307,233.62,235.607,1.0,1.0,1.0,1.0,1.0,1.0,1.0,1.0,1.0,1.0,1.0,1.0,W06_12u_eu,eu,
dydx,FIL,1,1788354047,1,0.7737,93.059325,53,68,0,0,15275.6922,15275.6922,0,0,10219.9404,10219.9404,46.53,46.53,46.53,46.53,46.53,104.923,46.53,46.53,46.53,46.53,46.53,107.089,1.0,1.0,1.0,1.0,1.0,1.0,1.0,1.0,1.0,1.0,1.0,1.0,W06_12u_eu,eu,
dydx,LDO,1,1788354047,1,0.3538,163.934426,53,50,0,0,0,1266636.304,0,0,0,14746.842,81.967,81.967,81.967,81.967,81.967,83.16,81.967,81.967,81.967,81.967,81.967,141.839,1.0,1.0,1.0,1.0,1.0,1.0,1.0,1.0,1.0,1.0,1.0,1.0,W06_12u_eu,eu,
dydx,MORPHO,1,1788354047,1,2.543,810.06685,15,8,0,0,0,0,0,0,0,0,1785.034,1944.424,2040.058,2071.936,2087.875,2097.439,1444.76,1587.5,1673.144,1701.692,1715.966,1724.53,1.0,1.0,1.0,1.0,1.0,1.0,1.0,1.0,1.0,1.0,1.0,1.0,W06_12u_eu,eu,
dydx,ONDO,1,1788354047,1,0.3407,322.86469,53,41,0,0,0,0,0,0,0,0,161.432,161.432,161.432,161.432,161.432,161.432,161.432,161.432,161.432,161.432,161.432,161.432,1.0,1.0,1.0,1.0,1.0,1.0,1.0,1.0,1.0,1.0,1.0,1.0,W06_12u_eu,eu,
dydx,RUNE,1,1788354047,1,0.469,315.565032,41,35,0,0,0,0,0,0,0,0,157.783,157.783,157.783,157.783,157.783,157.783,157.783,157.783,157.783,157.783,157.783,157.783,1.0,1.0,1.0,1.0,1.0,1.0,1.0,1.0,1.0,1.0,1.0,1.0,W06_12u_eu,eu,
dydx,TAO,1,1788354047,1,216.36,62.858199,62,64,0,0,16665.5936,1347467.8145,0,0,58432.025,1765510.5112,31.429,31.429,31.429,31.429,31.429,40.31,31.429,31.429,31.429,31.429,31.429,31.429,1.0,1.0,1.0,1.0,1.0,1.0,1.0,1.0,1.0,1.0,1.0,1.0,W06_12u_eu,eu,
dydx,SPX,1,1788354047,1,0.5594,343.224884,43,28,0,0,0,0,0,0,0,0,221.935,248.615,264.623,269.959,562.624,812.822,171.612,171.612,171.612,171.612,171.612,171.612,1.0,1.0,1.0,1.0,1.0,1.0,1.0,1.0,1.0,1.0,1.0,1.0,W06_12u_eu,eu,
dydx,XMR,1,1788354047,1,513.575,264.615684,68,44,0,0,0,0,0,0,0,0,356.575,376.944,389.165,393.239,395.276,396.498,132.308,132.313,132.544,132.62,132.659,132.682,1.0,1.0,1.0,1.0,1.0,1.0,1.0,1.0,1.0,1.0,1.0,1.0,W06_12u_eu,eu,
dydx,ZEN,1,1788354047,1,5.4005,1116.563281,29,30,0,0,0,0,0,0,0,0,629.444,633.674,636.212,637.058,637.481,637.735,558.282,558.282,558.282,558.282,558.282,558.282,1.0,1.0,1.0,1.0,1.0,1.0,1.0,1.0,1.0,1.0,1.0,1.0,W06_12u_eu,eu,
dydx,WIF,1,1788354047,1,0.19495,200.051295,43,38,0,0,0,0,0,0,0,0,100.026,100.026,100.026,100.026,100.026,166.859,100.026,100.026,100.026,100.026,100.958,119.481,1.0,1.0,1.0,1.0,1.0,1.0,1.0,1.0,1.0,1.0,1.0,1.0,W06_12u_eu,eu,
hl,ONDO,1,1788354048,1,0.340325,0.88151,20,20,37165.24548,37165.24548,37165.24548,37165.24548,24520.49221,24520.49221,24520.49221,24520.49221,0.441,0.467,1.337,2.235,2.826,3.611,0.604,0.814,1.119,1.556,2.595,4.197,1.0,1.0,1.0,1.0,1.0,1.0,1.0,1.0,1.0,1.0,1.0,0.9804,W06_12u_eu,eu,
okx,USELESS,1,1788354048,1,0.107285,4.660484,400,400,865.108,3260.28335,7642.21319,20138.28745,935.632,4005.0206,8794.42779,22082.86472,6.849,8.351,12.913,20.71,34.531,66.716,5.201,7.129,11.551,18.444,31.584,63.727,1.0,1.0,1.0,1.0,1.0,1.0,1.0,1.0,1.0,1.0,1.0,1.0,W06_12u_eu,eu,
dydx,ZEC,1,1788354047,1,797.835,43.994059,86,62,0,955.296,9470.239,1401954.691,0,420825.153,925667.462,3700375.37,21.997,22.136,24.008,24.632,26.79,43.843,21.997,21.997,21.997,21.997,21.997,21.997,1.0,1.0,1.0,1.0,1.0,1.0,1.0,1.0,1.0,1.0,1.0,1.0,W06_12u_eu,eu,
dydx,ZRO,1,1788354048,1,1.003,658.025922,36,29,0,0,0,0,0,0,0,0,329.013,416.245,537.664,605.26,641.613,663.425,329.013,420.985,519.391,643.087,820.048,926.225,1.0,1.0,1.0,1.0,1.0,1.0,1.0,1.0,1.0,1.0,1.0,1.0,W06_12u_eu,eu,
aster,AR,2,1788354093,1,2.2285,13.46197,13,7,306.2125,2687.715,10797.9503,11710.4003,2629.17,11515.9776,11823.8401,12132.6651,10.206,12.956,14.811,23.717,28.686,243.598,6.731,6.731,6.731,13.119,16.656,63.045,1.0,1.0,1.0,1.0,1.0,0.5201,1.0,1.0,1.0,1.0,1.0,0.4971,W06_12u_eu,eu,
aster,FET,2,1788354093,1,0.1511,26.472535,27,34,0,11183.2268,12441.7862,13431.6463,0,24899.9192,43120.6985,52920.1296,13.236,13.236,15.434,17.644,18.749,107.033,13.236,13.236,13.236,13.236,13.236,13.438,1.0,1.0,1.0,1.0,1.0,1.0,1.0,1.0,1.0,1.0,1.0,1.0,W06_12u_eu,eu,
aster,BTW,2,1788354093,1,0.43947,8.191685,278,219,2870.49404,15121.29839,21210.17324,34429.14298,10.11195,8696.23083,23203.94487,47424.56057,4.096,4.096,4.706,8.802,13.382,27.08,11.612,11.95,12.847,14.974,18.999,31.512,1.0,1.0,1.0,1.0,1.0,1.0,1.0,1.0,1.0,1.0,1.0,1.0,W06_12u_eu,eu,
aster,FIL,2,1788354093,1,0.7715,12.961763,22,27,4799.5521,19909.7241,30249.0841,44166.0878,917.908,8574.1638,12522.681,14045.2514,6.481,6.481,6.481,6.992,13.218,21.334,6.481,7.553,14.687,17.065,21.03,98.513,1.0,1.0,1.0,1.0,1.0,1.0,1.0,1.0,1.0,1.0,1.0,1.0,W06_12u_eu,eu,
aster,KAS,2,1788354093,1,0.027255,25.683361,14,20,0,3411.09833,15002.47366,26376.02668,0,2134.37522,7810.59816,7810.59816,12.842,12.842,14.776,20.292,25.739,53.141,12.842,13.028,17.283,24.235,54.307,268.942,1.0,1.0,1.0,1.0,1.0,1.0,1.0,1.0,1.0,1.0,1.0,1.0,W06_12u_eu,eu,
aster,KITE,2,1788354093,1,0.13813,8.687468,93,48,1270.70374,8826.03846,12944.52403,16082.26367,1808.18866,4405.55656,7959.60359,7959.60359,6.657,8.034,10.962,13.702,17.47,132.676,4.344,5.251,7.899,14.809,67.903,376.324,1.0,1.0,1.0,1.0,1.0,1.0,1.0,1.0,1.0,1.0,1.0,1.0,W06_12u_eu,eu,
aster,LDO,2,1788354093,1,0.35625,8.421053,49,28,999.9288,10712.6325,11537.7334,11623.1352,999.702,10719.8592,10719.8592,11553.1193,4.211,4.211,9.262,13.952,17.502,208.152,4.211,4.217,9.266,10.949,13.062,209.047,1.0,1.0,1.0,1.0,1.0,1.0,1.0,1.0,1.0,1.0,1.0,1.0,W06_12u_eu,eu,
aster,MAGMA,2,1788354093,1,0.541375,11.267606,135,101,2493.69487,6210.57861,16469.38737,26993.27521,1803.57622,4923.76037,9552.02401,17105.68431,7.466,7.843,8.194,12.083,19.459,44.964,5.634,5.723,9.265,14.412,25.747,83.181,1.0,1.0,1.0,1.0,1.0,1.0,1.0,1.0,1.0,1.0,1.0,1.0,W06_12u_eu,eu,
aster,MORPHO,2,1788354093,1,2.49455,14.832334,26,20,2653.68831,4406.85433,4517.33041,4749.19553,999.8082,2668.86512,2668.86512,2668.86512,7.416,7.416,7.552,19.957,133.974,257.563,7.416,7.421,16.282,120.556,211.708,339.5,1.0,1.0,1.0,1.0,1.0,1.0,1.0,1.0,1.0,1.0,1.0,1.0,W06_12u_eu,eu,
aster,ONDO,2,1788354093,1,0.3406,5.871991,91,232,10735.13202,17853.86885,32313.75693,40030.35593,15947.06289,23488.47622,34436.09058,52803.72992,2.936,2.936,3.735,5.961,7.385,17.856,2.936,2.936,2.936,2.936,4.152,9.542,1.0,1.0,1.0,1.0,1.0,1.0,1.0,1.0,1.0,1.0,1.0,1.0,W06_12u_eu,eu,
aster,ICP,2,1788354093,1,2.486,8.045052,61,128,434.75,19619.323,22009.158,60200.067,3271.606,12481.922,16540.866,23741.719,7.568,10.45,13.834,14.962,19.132,26.79,5.765,6.905,7.589,9.21,11.972,38.791,1.0,1.0,1.0,1.0,1.0,1.0,1.0,1.0,1.0,1.0,1.0,1.0,W06_12u_eu,eu,
aster,POWER,2,1788354093,1,0.083315,42.009242,41,26,0,1119.32264,2013.17808,2188.29333,0,1119.88764,1219.96881,1468.522,22.831,23.118,44.805,374.655,865.229,984.177,21.918,22.061,152.465,519.969,802.831,802.831,1.0,1.0,1.0,1.0,1.0,0.4066,1.0,1.0,1.0,1.0,0.8709,0.3483,W06_12u_eu,eu,
aster,RIVER,2,1788354093,1,1.2605,7.93336,72,189,1452.402,4976.4901,15683.4887,25398.6448,561.3972,7745.6347,31503.2007,81587.351,3.967,3.967,7.289,12.88,21.07,42.119,3.967,7.448,10.119,11.01,17.118,28.005,1.0,1.0,1.0,1.0,1.0,1.0,1.0,1.0,1.0,1.0,1.0,1.0,W06_12u_eu,eu,
aster,TAO,2,1788354093,1,216.455,1.385969,116,128,4919.42923,67562.44186,126070.162,188247.66349,18127.94112,76213.22997,101415.51304,133587.35814,1.69,3.444,6.564,7.839,9.344,12.119,0.693,0.693,0.693,1.393,2.401,6.39,1.0,1.0,1.0,1.0,1.0,1.0,1.0,1.0,1.0,1.0,1.0,1.0,W06_12u_eu,eu,
aster,SPX,2,1788354093,1,0.5388,22.271715,18,14,0,2742.3843,14162.7842,14162.7842,0,1701.0096,5280.0788,5280.0788,11.136,11.136,12.085,22.58,28.922,753.667,11.664,16.968,22.532,26.114,319.855,1048.725,1.0,1.0,1.0,1.0,1.0,0.8793,1.0,1.0,1.0,1.0,1.0,0.4782,W06_12u_eu,eu,
aster,UAI,2,1788354093,1,0.53925,9.272137,127,127,3557.1843,12281.3407,41242.0324,92445.2081,999.6935,3762.0558,22133.374,44904.2464,4.818,5.654,6.156,8.234,12.64,22.665,4.636,4.64,11.747,17.507,21.271,34.429,1.0,1.0,1.0,1.0,1.0,1.0,1.0,1.0,1.0,1.0,1.0,1.0,W06_12u_eu,eu,
aster,USELESS,2,1788354093,1,0.10793,1.853053,61,73,3549.15423,20193.83178,32074.21608,46969.35822,9.06696,8839.50824,17845.63372,25291.94399,0.927,0.927,3.034,6.839,12.676,20.075,10.748,12.912,15.727,17.657,20.385,42.012,1.0,1.0,1.0,1.0,1.0,1.0,1.0,1.0,1.0,1.0,1.0,1.0,W06_12u_eu,eu,
aster,WIF,2,1788354093,1,0.19395,25.77984,24,29,0,21303.26512,40899.92842,66193.56245,0,6876.76349,8683.62449,14146.39429,12.89,12.89,12.89,12.89,13.685,18.679,12.89,15.053,17.446,20.324,32.581,116.299,1.0,1.0,1.0,1.0,1.0,1.0,1.0,1.0,1.0,1.0,1.0,1.0,W06_12u_eu,eu,
aster,XMR,2,1788354093,1,508.82,3.930663,265,280,10276.39717,40201.77547,59559.12445,105223.22002,11446.93494,28592.67287,62931.25942,119632.18287,1.965,1.965,3.077,4.192,6.079,10.952,1.965,1.965,1.98,2.807,5.324,10.904,1.0,1.0,1.0,1.0,1.0,1.0,1.0,1.0,1.0,1.0,1.0,1.0,W06_12u_eu,eu,
aster,ZEN,2,1788354093,1,5.387,25.988491,9,8,0,13375.4344,13375.4344,13375.4344,0,4833.5544,4833.5544,4833.5544,12.994,12.994,17.34,20.736,22.434,400.346,12.994,13.329,16.409,24.433,399.184,399.184,1.0,1.0,1.0,1.0,1.0,0.6779,1.0,1.0,1.0,1.0,0.7514,0.3006,W06_12u_eu,eu,
aster,ZRO,2,1788354093,1,1.00375,12.951432,113,244,282.6454,3550.18162,19684.04549,21660.81775,562.11822,703.99427,1366.73424,1607.47167,9.072,12.211,14.748,19.031,22.716,64.242,7.349,15.54,73.678,198.494,382.125,1294.266,1.0,1.0,1.0,1.0,1.0,1.0,1.0,1.0,1.0,1.0,1.0,1.0,W06_12u_eu,eu,
aster,龙虾,2,1788354093,1,0.068974,12.178502,246,167,637.33932,2058.018533,5519.987571,9919.618369,628.423725,1443.707387,2952.569573,6505.422264,6.089,9.057,17.405,30.445,52.649,200.886,8.788,11.762,23.44,39.185,93.508,311.002,1.0,1.0,1.0,1.0,1.0,1.0,1.0,1.0,1.0,1.0,1.0,1.0,W06_12u_eu,eu,
binance,AR,2,1788354093,1,2.2275,4.489338,546,1000,1937.4039,19360.0615,47856.4292,109646.317,1105.1132,24530.9373,57293.0636,113653.1843,4.412,5.573,7.278,9.796,13.538,20.633,6.234,6.484,9.14,10.182,12.866,18.479,1.0,1.0,1.0,1.0,1.0,1.0,1.0,1.0,1.0,1.0,1.0,1.0,W06_12u_eu,eu,
binance,FET,2,1788354093,1,0.15115,6.615944,574,1000,24226.448,101910.1395,265709.9969,458417.1056,63386.8011,144829.7719,246393.3424,360596.0373,3.308,3.308,3.852,6.888,8.406,9.515,3.308,3.308,3.308,3.308,3.308,5.675,1.0,1.0,1.0,1.0,1.0,1.0,1.0,1.0,1.0,1.0,1.0,1.0,W06_12u_eu,eu,
binance,FIL,2,1788354093,1,0.77125,1.296596,1000,1000,82556.5625,268868.36075,517614.08367,1074152.27788,96780.17984,241906.63984,504676.89575,1018050.01421,0.648,0.648,1.28,1.613,1.779,2.876,1.269,1.607,2.458,2.85,3.452,4.714,1.0,1.0,1.0,1.0,1.0,1.0,1.0,1.0,1.0,1.0,1.0,1.0,W06_12u_eu,eu,
binance,KAS,2,1788354094,1,0.027245,3.670398,396,1000,2504.16505,16038.66369,42440.23594,114270.16566,4228.56692,17131.07873,41713.95566,78441.40743,4.219,6.659,8.169,10.503,13.547,21.82,2.377,3.941,5.572,7.942,10.76,19.083,1.0,1.0,1.0,1.0,1.0,1.0,1.0,1.0,1.0,1.0,1.0,1.0,W06_12u_eu,eu,
binance,LDO,2,1788354094,1,0.35625,2.807018,1000,1000,7464.5224,23815.3758,131104.1623,290591.9297,20784.2208,67312.4026,166353.546,292852.2771,1.404,1.404,2.683,4.653,7.921,15.735,1.404,1.404,2.875,3.543,5.15,8.219,1.0,1.0,1.0,1.0,1.0,1.0,1.0,1.0,1.0,1.0,1.0,1.0,W06_12u_eu,eu,
binance,KITE,2,1788354094,1,0.137935,2.174937,1000,1000,3080.40029,16314.34256,40129.36739,82117.32416,2811.00504,11016.25923,28442.06372,69859.44464,1.793,3.47,5.852,8.574,12.536,21.011,1.755,1.784,4.506,8.538,14.135,26.391,1.0,1.0,1.0,1.0,1.0,1.0,1.0,1.0,1.0,1.0,1.0,1.0,W06_12u_eu,eu,
binance,MAGMA,2,1788354094,1,0.54116,1.108729,1000,1000,6778.65736,25921.74865,52241.57214,98122.00579,10352.20208,28796.96073,58152.85097,175764.69051,1.317,1.511,3.231,5.378,8.431,15.281,0.918,1.729,3.51,4.899,7.043,11.615,1.0,1.0,1.0,1.0,1.0,1.0,1.0,1.0,1.0,1.0,1.0,1.0,W06_12u_eu,eu,
binance,ONDO,2,1788354094,1,0.34055,2.936426,1000,1000,49252.99439,290904.6697,588189.29147,1186158.38682,75682.47315,323637.53668,627350.51738,1071924.96896,1.468,1.468,1.468,1.468,1.471,3.231,1.468,1.468,1.468,2.906,3.655,4.105,1.0,1.0,1.0,1.0,1.0,1.0,1.0,1.0,1.0,1.0,1.0,1.0,W06_12u_eu,eu,
binance,POWER,2,1788354094,1,0.083245,3.60382,893,1000,224.73546,2542.96626,6364.80527,11653.66493,208.7083,529.1518,2829.14494,8078.56407,9.009,11.202,16.525,24.412,41.05,84.155,12.85,20.448,31.274,42.84,69.141,103.404,1.0,1.0,1.0,1.0,1.0,1.0,1.0,1.0,1.0,1.0,1.0,1.0,W06_12u_eu,eu,
binance,RIVER,2,1788354094,1,1.2605,7.93336,460,1000,3127.194,22770.7304,48857.5616,102835.191,1129.7299,14479.8897,34834.6203,75542.5923,3.967,3.967,3.967,6.936,9.418,16.182,3.967,3.967,8.316,10.108,12.608,21.526,1.0,1.0,1.0,1.0,1.0,1.0,1.0,1.0,1.0,1.0,1.0,1.0,W06_12u_eu,eu,
binance,RUNE,2,1788354094,1,0.46905,2.131969,588,1000,5414.4223,21702.8125,52976.3452,152935.1255,4228.0632,24800.882,54770.1075,120517.8347,1.402,2.656,4.26,6.346,9.911,17.227,3.132,4.231,6.701,8.496,11.629,17.276,1.0,1.0,1.0,1.0,1.0,1.0,1.0,1.0,1.0,1.0,1.0,1.0,W06_12u_eu,eu,
binance,TAO,2,1788354094,1,216.185,0.462567,1000,1000,72382.76609,257751.07937,798030.59837,1889239.3425,100125.48332,317651.36408,931436.31666,1814387.07789,0.231,0.231,0.379,0.797,1.514,3.148,1.14,1.775,2.378,2.909,3.189,3.88,1.0,1.0,1.0,1.0,1.0,1.0,1.0,1.0,1.0,1.0,1.0,1.0,W06_12u_eu,eu,
binance,UAI,2,1788354094,1,0.539,3.710575,1000,1000,2150.1372,14736.4387,27798.0437,64810.0094,4018.7793,16194.0013,39102.7583,82849.4576,5.07,5.814,7.754,10.415,13.861,23.466,3.511,3.636,5.431,7.571,11.069,20.422,1.0,1.0,1.0,1.0,1.0,1.0,1.0,1.0,1.0,1.0,1.0,1.0,W06_12u_eu,eu,
binance,USELESS,2,1788354094,1,0.107835,0.927343,1000,1000,10818.46761,32967.73112,70345.83086,172995.14689,5613.15252,28969.62675,69606.61456,182083.58503,1.132,1.725,3.042,4.774,6.715,11.612,0.633,1.198,3.496,5.965,8.774,14.826,1.0,1.0,1.0,1.0,1.0,1.0,1.0,1.0,1.0,1.0,1.0,1.0,W06_12u_eu,eu,
binance,WIF,2,1788354094,1,0.19385,5.158628,672,1000,20592.36757,60994.79313,171441.52172,341052.90416,5905.80159,53213.01096,154029.05033,309102.5041,2.579,2.579,2.579,2.579,3.337,6.885,2.579,3.618,6.09,6.914,9.44,12.72,1.0,1.0,1.0,1.0,1.0,1.0,1.0,1.0,1.0,1.0,1.0,1.0,W06_12u_eu,eu,
binance,ZEC,2,1788354094,1,797.225,0.125435,1000,1000,273382.92981,1067848.98698,2748673.01975,6174633.67173,668062.16034,1556316.80297,3507647.02779,6365865.60402,0.063,0.063,0.063,0.063,0.063,0.321,0.063,0.063,0.063,0.063,0.243,0.666,1.0,1.0,1.0,1.0,1.0,1.0,1.0,1.0,1.0,1.0,1.0,1.0,W06_12u_eu,eu,
binance,XMR,2,1788354094,1,509.04,0.785793,1000,1000,6109.61204,52596.15425,201941.00273,454319.09204,20983.97071,94119.44681,262948.50211,379273.3019,0.455,2.082,4.82,6.79,8.834,11.579,0.979,1.545,2.405,3.132,4.286,7.058,1.0,1.0,1.0,1.0,1.0,1.0,1.0,1.0,1.0,1.0,1.0,1.0,W06_12u_eu,eu,
binance,ZEN,2,1788354094,1,5.3845,1.857183,874,1000,3345.3624,26408.3086,102665.9363,207189.8757,6714.0573,43222.7843,105454.1268,192344.9508,1.888,3.636,5.892,7.738,10.275,15.656,3.375,4.262,5.811,7.084,8.332,11.343,1.0,1.0,1.0,1.0,1.0,1.0,1.0,1.0,1.0,1.0,1.0,1.0,W06_12u_eu,eu,
binance,ZRO,2,1788354094,1,1.0029,1.994217,1000,1000,7497.65311,31729.34533,58714.47134,149703.27776,8970.39546,37145.83282,66538.08952,106600.40458,2.662,3.359,4.528,5.833,8.202,13.365,1.599,3.044,4.467,5.88,7.411,10.935,1.0,1.0,1.0,1.0,1.0,1.0,1.0,1.0,1.0,1.0,1.0,1.0,W06_12u_eu,eu,
binance,龙虾,2,1788354094,1,0.068935,6.237805,1000,1000,1734.038189,12268.344312,27271.146394,150790.168968,7213.240223,14194.906052,28828.508527,62903.789258,3.897,5.277,7.715,10.878,13.246,25.072,3.599,4.103,5.947,6.564,9.951,20.317,1.0,1.0,1.0,1.0,1.0,1.0,1.0,1.0,1.0,1.0,1.0,1.0,W06_12u_eu,eu,
bitget,AR,2,1788354094,1,2.2265,4.491354,100,100,709.1292,4734.6342,42413.3884,97197.3736,937.5209,51336.1992,57516.1468,107087.7926,6.303,7.824,12.128,18.013,23.604,32.541,6.307,6.805,10.686,13.203,14.461,15.943,1.0,1.0,1.0,1.0,1.0,1.0,1.0,1.0,1.0,1.0,1.0,1.0,W06_12u_eu,eu,
bitget,BTW,2,1788354094,1,0.439852,6.752279,100,100,71.21106,4143.053692,8329.538066,17711.1856,180.940495,3007.99275,6950.64866,15916.44874,9.864,10.167,12.874,17.83,30.935,60.135,12.022,15.099,17.91,22.679,38.11,56.908,1.0,1.0,1.0,1.0,1.0,0.8236,1.0,1.0,1.0,1.0,1.0,0.7023,W06_12u_eu,eu,
bitget,FET,2,1788354094,1,0.15105,6.620324,100,100,20933.8399,53532.6491,123143.6182,236680.4698,36514.0729,89870.4975,191401.6844,308909.4384,3.31,4.538,7.774,8.852,9.391,10.786,3.31,3.31,3.31,3.31,3.31,6.979,1.0,1.0,1.0,1.0,1.0,1.0,1.0,1.0,1.0,1.0,1.0,1.0,W06_12u_eu,eu,
bitget,FIL,2,1788354094,1,0.771,2.594034,100,100,21576.16463,131509.61959,695352.618,1397101.72579,117751.65556,463684.42478,646783.08385,1382609.39618,1.567,2.245,3.278,4.375,5.43,7.501,2.144,2.369,2.504,2.549,2.572,2.585,1.0,1.0,1.0,1.0,1.0,1.0,1.0,1.0,1.0,1.0,1.0,1.0,W06_12u_eu,eu,
bitget,KAS,2,1788354094,1,0.02723,7.34484,100,100,259.08757,15305.32435,54763.45766,115128.45636,3882.16333,37185.08451,59633.1129,102677.52244,8.146,9.582,11.769,13.229,14.333,21.414,3.672,3.672,5.024,7.007,9.012,12.504,1.0,1.0,1.0,1.0,1.0,1.0,1.0,1.0,1.0,1.0,1.0,1.0,W06_12u_eu,eu,
bitget,KITE,2,1788354094,1,0.1378,13.062409,100,100,461.11944,12818.71194,28456.99837,69596.87559,800.60852,4364.22673,9158.18632,43954.08874,8.238,9.967,12.858,14.246,15.126,26.382,7.931,9.318,12.15,17.494,28.316,46.704,1.0,1.0,1.0,1.0,1.0,1.0,1.0,1.0,1.0,1.0,1.0,1.0,W06_12u_eu,eu,
bitget,LDO,2,1788354094,1,0.3561,5.6164,100,100,1928.05566,25823.69532,92975.09274,165695.36648,1981.25115,43093.99855,84700.17628,151388.5859,4.013,4.815,7.456,9.478,12.373,16.49,4.619,6.522,8.248,9.74,11.249,13.239,1.0,1.0,1.0,1.0,1.0,1.0,1.0,1.0,1.0,1.0,1.0,1.0,W06_12u_eu,eu,
bitget,MAGMA,2,1788354094,1,0.540065,5.74005,100,100,377.28495,4585.26986,26114.84087,36072.05981,845.29903,8216.80443,26401.59231,26401.59231,7.147,10.28,15.286,18.022,21.875,33.887,6.684,8.061,10.036,12.95,18.255,26.858,1.0,1.0,1.0,1.0,1.0,1.0,1.0,1.0,1.0,1.0,1.0,1.0,W06_12u_eu,eu,
bitget,ONDO,2,1788354094,1,0.34045,2.937289,100,100,170412.2874,436217.67725,1047178.49994,1928189.74069,61280.69461,657360.73171,1006995.25483,1997999.30761,1.469,1.469,1.469,1.469,2.776,3.754,3.804,4.105,4.286,5.587,6.465,6.992,1.0,1.0,1.0,1.0,1.0,1.0,1.0,1.0,1.0,1.0,1.0,1.0,W06_12u_eu,eu,
bitget,POWER,2,1788354094,1,0.08345,11.983223,100,100,139.09452,2771.47468,7240.24262,20483.05151,774.29908,2154.08047,6912.67854,15449.13289,10.368,11.196,15.802,22.678,34.427,65.818,7.077,9.36,17.293,26.836,39.433,81.098,1.0,1.0,1.0,1.0,1.0,1.0,1.0,1.0,1.0,1.0,1.0,1.0,W06_12u_eu,eu,
bitget,RIVER,2,1788354094,1,1.2605,7.93336,100,100,2008.44,12937.439,32557.744,60591.365,397.215,10228.861,21431.879,44495.467,3.967,3.967,5.524,8.712,13.376,21.493,5.6,8.75,10.64,11.903,15.868,29.511,1.0,1.0,1.0,1.0,1.0,1.0,1.0,1.0,1.0,1.0,1.0,1.0,W06_12u_eu,eu,
bitget,RUNE,2,1788354094,1,0.46885,2.132878,100,100,951.74728,4654.65989,27115.01733,57753.47894,6766.91477,12832.1811,26218.72617,52759.84205,3.925,6.368,10.211,15.819,22.546,30.264,1.066,1.472,5.03,7.314,11.448,23.548,1.0,1.0,1.0,1.0,1.0,1.0,1.0,1.0,1.0,1.0,1.0,1.0,W06_12u_eu,eu,
bitget,TAO,2,1788354094,1,216.225,3.237368,100,100,50983.84121,462466.19381,1154405.20612,1332151.2772,38979.58858,238850.54577,400959.96583,1039213.14031,1.94,2.655,3.799,4.382,4.85,5.942,2.078,2.311,2.573,2.79,3.055,3.649,1.0,1.0,1.0,1.0,1.0,1.0,1.0,1.0,1.0,1.0,1.0,1.0,W06_12u_eu,eu,
bitget,USELESS,2,1788354094,1,0.107935,2.779451,100,100,3633.21759,18031.04995,49847.43707,113134.08015,537.37813,20311.1004,40092.41852,86239.07539,3.691,4.393,5.351,7.905,11.508,18.4,7.311,9.596,12.312,14.91,17.156,21.624,1.0,1.0,1.0,1.0,1.0,1.0,1.0,1.0,1.0,1.0,1.0,1.0,W06_12u_eu,eu,
bitget,UAI,2,1788354094,1,0.53819,9.662015,100,100,2754.99358,13392.4841,32884.64463,53771.87191,531.54052,5546.72712,25347.95748,45271.74041,5.738,6.028,7.679,9.141,11.974,25.371,6.465,8.714,12.118,16.144,22.229,32.329,1.0,1.0,1.0,1.0,1.0,1.0,1.0,1.0,1.0,1.0,1.0,1.0,W06_12u_eu,eu,
bitget,WIF,2,1788354094,1,0.19395,5.155968,100,100,8961.33092,86788.66692,194443.14294,484709.3162,8545.85442,106492.35637,285370.75626,425882.08188,2.578,4.056,6.263,6.998,7.898,12.367,4.244,5.989,7.036,7.385,8.313,11.059,1.0,1.0,1.0,1.0,1.0,1.0,1.0,1.0,1.0,1.0,1.0,1.0,W06_12u_eu,eu,
bitget,XMR,2,1788354094,1,508.94,10.610288,100,100,2919.1379,78914.9141,272986.673,524817.9432,72061.4833,149951.1047,320324.4903,425045.8442,5.779,6.234,7.322,8.683,9.669,10.622,5.305,5.305,5.794,6.434,6.754,6.946,1.0,1.0,1.0,1.0,1.0,1.0,1.0,1.0,1.0,1.0,1.0,1.0,W06_12u_eu,eu,
bitget,ZRO,2,1788354094,1,1.00235,2.992967,100,100,1853.9838,26093.8856,74268.7003,138420.309,690.9953,34884.414,77553.5634,127719.3478,4.896,6.189,8.165,10.771,14.879,18.658,4.47,7.211,9.768,12.084,14.468,18.311,1.0,1.0,1.0,1.0,1.0,1.0,1.0,1.0,1.0,1.0,1.0,1.0,W06_12u_eu,eu,
bybit,AR,2,1788354094,1,2.229,8.972633,200,200,826.9846,6612.9521,13022.879,21930.3446,326.9735,2016.8343,22957.8763,30580.8303,6.983,8.751,12.119,15.539,23.729,52.753,8.705,12.682,18.753,22.836,27.741,38.318,1.0,1.0,1.0,1.0,1.0,1.0,1.0,1.0,1.0,1.0,1.0,1.0,W06_12u_eu,eu,
bybit,BTW,2,1788354094,1,0.438795,2.506865,200,200,223.6215,779.7435,2847.4588,4406.1472,127.3059,778.094,3020.2771,8194.9586,12.982,19.16,29.963,54.506,86.34,115.133,15.352,20.193,30.717,43.625,72.621,88.778,1.0,1.0,1.0,1.0,1.0,0.6306,1.0,1.0,1.0,1.0,1.0,0.4551,W06_12u_eu,eu,
bybit,FIL,2,1788354094,1,0.77105,3.890798,200,200,6443.13546,39039.84647,242898.10435,503597.58359,16598.79069,48402.66402,244735.95366,466745.60592,3.401,4.334,5.796,7.032,8.84,12.11,3.103,3.752,4.224,5.063,6.195,8.957,1.0,1.0,1.0,1.0,1.0,1.0,1.0,1.0,1.0,1.0,1.0,1.0,W06_12u_eu,eu,
bybit,KITE,2,1788354094,1,0.13804,17.386265,200,200,14.89536,966.46775,5110.75864,20227.15302,216.22682,2032.1077,5910.19634,20107.9311,16.697,19.631,28.058,35.286,49.18,74.529,9.839,12.503,19.599,30.92,45.172,74.394,1.0,1.0,1.0,1.0,1.0,1.0,1.0,1.0,1.0,1.0,1.0,1.0,W06_12u_eu,eu,
bybit,LDO,2,1788354094,1,0.35595,2.809383,200,200,5887.0481,18751.84688,203520.79274,347960.37741,5609.39031,25595.57616,221747.07805,379983.91806,1.726,2.97,3.841,6.168,9.219,17.601,4.047,4.13,5.482,7.658,10.577,16.627,1.0,1.0,1.0,1.0,1.0,1.0,1.0,1.0,1.0,1.0,1.0,1.0,W06_12u_eu,eu,
bybit,KAS,2,1788354094,1,0.027195,3.677147,200,200,4279.9647,15239.6892,35350.7813,115925.7719,1913.2875,13266.4775,32043.6269,117808.3192,4.666,5.091,6.434,8.341,13.004,23.454,9.067,9.13,10.033,11.822,15.225,24.068,1.0,1.0,1.0,1.0,1.0,1.0,1.0,1.0,1.0,1.0,1.0,1.0,W06_12u_eu,eu,
bybit,MAGMA,2,1788354094,1,0.54095,5.545799,200,200,1064.433,7380.1817,17873.0675,35023.743,2749.0169,8713.5145,19624.6862,50581.0333,4.752,6.434,8.92,11.766,19.434,39.215,3.017,3.819,5.332,8.769,15.396,31.928,1.0,1.0,1.0,1.0,1.0,1.0,1.0,1.0,1.0,1.0,1.0,1.0,W06_12u_eu,eu,
bybit,POWER,2,1788354094,1,0.083405,13.188658,200,200,56.91795,850.33032,1623.71232,2732.2539,79.21072,554.79756,1862.441,3636.04668,12.15,17.153,39.732,96.37,204.53,350.104,15.45,23.696,38.658,69.962,186.692,275.596,1.0,1.0,1.0,1.0,1.0,0.8895,1.0,1.0,1.0,1.0,1.0,0.5873,W06_12u_eu,eu,
bybit,ONDO,2,1788354094,1,0.34045,2.937289,200,200,70363.97,335163.5633,594484.9694,902380.2669,49517.7273,289201.6959,513451.8394,910704.0847,1.469,1.469,1.469,1.469,1.908,3.407,4.306,4.356,4.386,4.396,4.401,4.404,1.0,1.0,1.0,1.0,1.0,1.0,1.0,1.0,1.0,1.0,1.0,1.0,W06_12u_eu,eu,
bybit,RIVER,2,1788354094,1,1.2615,7.927071,200,200,12.61,1259.9092,3790.0065,7243.0234,312.0926,2386.9918,5753.0685,10423.2581,11.691,14.503,22.554,35.021,64.078,133.827,6.945,9.418,15.348,23.828,49.302,132.375,1.0,1.0,1.0,1.0,1.0,1.0,1.0,1.0,1.0,1.0,1.0,1.0,W06_12u_eu,eu,
bybit,RUNE,2,1788354094,1,0.46895,10.662117,200,200,323.63421,2820.70476,10146.81835,149866.68392,306.61394,2255.11125,38249.72179,136623.74208,9.522,12.431,17.368,23.655,31.708,42.725,10.044,13.933,20.403,30.449,36.016,39.7,1.0,1.0,1.0,1.0,1.0,1.0,1.0,1.0,1.0,1.0,1.0,1.0,W06_12u_eu,eu,
bybit,TAO,2,1788354094,1,216.335,0.462246,200,200,33178.42755,196331.40711,547954.52876,1283514.93907,66332.54957,240317.05564,545644.88481,1016276.56747,1.869,2.148,2.614,3.271,4.685,7.298,0.748,1.058,1.394,1.714,1.982,3.011,1.0,1.0,1.0,1.0,1.0,1.0,1.0,1.0,1.0,1.0,1.0,1.0,W06_12u_eu,eu,
bybit,UAI,2,1788354094,1,0.53905,1.855115,200,200,614.6576,3691.947,11867.7673,40834.6714,1196.9203,3666.1546,9598.0181,44608.55,6.048,8.506,13.03,18.713,27.398,42.572,4.373,6.046,10.162,17.009,27.749,46.538,1.0,1.0,1.0,1.0,1.0,1.0,1.0,1.0,1.0,1.0,1.0,1.0,W06_12u_eu,eu,
bybit,WIF,2,1788354094,1,0.19385,5.158628,200,200,12753.3618,62576.7501,153137.5662,294987.6575,25015.3344,91015.6789,167823.8165,262851.7245,2.579,4.263,6.348,7.043,7.39,10.133,2.579,2.579,2.579,2.579,2.579,5.101,1.0,1.0,1.0,1.0,1.0,1.0,1.0,1.0,1.0,1.0,1.0,1.0,W06_12u_eu,eu,
bybit,USELESS,2,1788354094,1,0.10789,3.70748,200,200,1717.71973,15296.34223,52880.97467,197686.07869,1241.49794,22941.57348,46432.7553,176669.3856,4.403,4.519,7.058,9.134,12.514,20.773,3.653,5.475,8.545,10.591,13.195,17.418,1.0,1.0,1.0,1.0,1.0,1.0,1.0,1.0,1.0,1.0,1.0,1.0,W06_12u_eu,eu,
bybit,XMR,2,1788354094,1,509.3,3.534263,200,200,3537.1288,68278.3106,317371.347,317371.347,9317.8419,83210.5473,360902.1275,360902.1275,4.129,5.185,6.187,8.1,9.845,13.107,3.75,4.926,6.404,7.275,8.561,11.67,1.0,1.0,1.0,1.0,1.0,1.0,1.0,1.0,1.0,1.0,1.0,1.0,W06_12u_eu,eu,
bybit,ZEN,2,1788354094,1,5.3835,1.857528,200,200,603.1353,2538.4933,7645.4314,13003.7672,124.4445,1997.8239,7222.7243,11488.6149,5.371,7.96,13.991,24.482,40.091,94.688,9.82,12.295,18.814,29.645,42.737,77.967,1.0,1.0,1.0,1.0,1.0,1.0,1.0,1.0,1.0,1.0,1.0,1.0,W06_12u_eu,eu,
bybit,ZRO,2,1788354094,1,1.0025,1.995012,200,200,3000.93355,20609.06245,28854.88647,107715.70875,5174.83754,21677.60225,59613.56238,119349.23019,4.183,5.237,7.015,8.893,11.591,18.954,3.136,4.277,6.002,7.343,10.952,16.45,1.0,1.0,1.0,1.0,1.0,1.0,1.0,1.0,1.0,1.0,1.0,1.0,W06_12u_eu,eu,
dydx,LDO,2,1788354094,1,0.35595,53.378283,47,40,0,0,17398.0879,23197.9313,0,0,7758.3907,13738.2524,26.689,26.689,26.689,26.689,26.689,41.261,26.689,26.689,26.689,26.776,35.081,76.985,1.0,1.0,1.0,1.0,1.0,1.0,1.0,1.0,1.0,1.0,1.0,1.0,W06_12u_eu,eu,
dydx,MORPHO,2,1788354094,1,2.4945,100.220485,16,9,0,0,0,1000.246,0,0,0,1000.293,50.11,50.11,1117.837,1530.055,1736.164,1859.829,50.11,52.764,1146.054,1556.19,1761.258,1884.299,1.0,1.0,1.0,1.0,1.0,1.0,1.0,1.0,1.0,1.0,1.0,1.0,W06_12u_eu,eu,
dydx,ICP,2,1788354094,1,2.48175,66.485343,47,67,0,0,21299.65305,49699.72825,0,0,7278.59636,21478.02086,33.243,33.243,33.243,33.243,33.822,41.99,37.395,38.543,39.231,39.46,46.335,64.49,1.0,1.0,1.0,1.0,1.0,1.0,1.0,1.0,1.0,1.0,1.0,1.0,W06_12u_eu,eu,
dydx,FIL,2,1788354094,1,0.7722,67.340067,56,70,0,0,18071.9874,23871.973,0,0,15987.0897,27587.1096,33.67,33.67,33.67,35.294,36.425,45.218,33.67,33.67,33.67,33.67,33.67,55.369,1.0,1.0,1.0,1.0,1.0,1.0,1.0,1.0,1.0,1.0,1.0,1.0,W06_12u_eu,eu,
dydx,ONDO,2,1788354095,1,0.34165,90.736133,54,39,0,0,21299.7828,49699.6644,0,0,7100.1216,21300.0788,45.368,45.368,45.368,45.368,45.368,52.54,45.368,45.368,45.368,45.368,48.801,61.354,1.0,1.0,1.0,1.0,1.0,1.0,1.0,1.0,1.0,1.0,1.0,1.0,W06_12u_eu,eu,
dydx,RUNE,2,1788354095,1,0.4705,68.012752,36,31,0,0,11699.7357,27299.7985,0,0,11700.0481,27300.2177,34.006,34.006,34.006,34.468,35.3,57.216,34.006,34.006,34.006,35.899,39.204,62.744,1.0,1.0,1.0,1.0,1.0,1.0,1.0,1.0,1.0,1.0,1.0,1.0,W06_12u_eu,eu,
dydx,SPX,2,1788354095,1,0.5602,371.295966,45,32,0,0,0,0,0,0,0,0,235.822,262.502,278.51,283.846,563.824,803.895,185.648,185.648,185.648,185.648,185.648,185.648,1.0,1.0,1.0,1.0,1.0,1.0,1.0,1.0,1.0,1.0,1.0,1.0,W06_12u_eu,eu,
dydx,TAO,2,1788354095,1,216.45,56.364056,45,50,0,0,46298.115,819505.035,0,0,58430.2598,1664531.0486,28.182,28.182,28.182,28.182,28.182,28.886,28.182,28.182,28.182,28.182,28.182,28.182,1.0,1.0,1.0,1.0,1.0,1.0,1.0,1.0,1.0,1.0,1.0,1.0,W06_12u_eu,eu,
dydx,ZEC,2,1788354095,1,798.39,28.557472,77,54,0,9326.88,26174.715,135523.763,0,19755.463,117663.692,380069.122,14.279,14.326,14.974,15.19,17.318,34.583,14.279,14.279,14.279,14.279,14.279,21.499,1.0,1.0,1.0,1.0,1.0,1.0,1.0,1.0,1.0,1.0,1.0,1.0,W06_12u_eu,eu,
dydx,XMR,2,1788354095,1,514.035,244.924956,51,32,0,0,0,0,0,0,0,0,122.462,122.462,282.947,344.427,375.166,393.614,122.462,122.478,123.169,123.399,123.515,123.598,1.0,1.0,1.0,1.0,1.0,1.0,1.0,1.0,1.0,1.0,1.0,1.0,W06_12u_eu,eu,
dydx,WIF,2,1788354095,1,0.193895,65.499368,40,35,0,0,23534.3479,37734.36441,0,0,30987.75001,59387.71706,32.75,32.75,32.75,32.75,32.768,35.419,32.75,32.75,32.75,32.75,33.353,36.105,1.0,1.0,1.0,1.0,1.0,1.0,1.0,1.0,1.0,1.0,1.0,1.0,W06_12u_eu,eu,
hl,ONDO,2,1788354096,1,0.340595,0.880812,20,20,33029.38621,33029.38621,33029.38621,33029.38621,44072.72405,44072.72405,44072.72405,44072.72405,0.722,0.875,1.066,1.733,2.967,4.663,0.499,0.694,1.045,1.183,1.598,3.218,1.0,1.0,1.0,1.0,1.0,1.0,1.0,1.0,1.0,1.0,1.0,1.0,W06_12u_eu,eu,
okx,USELESS,2,1788354096,1,0.10773,3.712986,400,400,710.62119,2906.9597,7628.7829,18844.95303,647.73305,4129.97172,10201.1477,22825.15045,6.453,8.258,12.802,21.039,35.107,70.017,7.091,8.653,11.815,17.573,28.977,61.711,1.0,1.0,1.0,1.0,1.0,1.0,1.0,1.0,1.0,1.0,1.0,1.0,W06_12u_eu,eu,
dydx,ZEN,2,1788354096,1,5.382,92.902267,32,33,0,0,1001.759,1001.759,0,0,1000.295,1000.295,46.451,46.451,375.769,487.959,544.054,577.711,46.451,48.816,375.156,483.936,538.326,570.96,1.0,1.0,1.0,1.0,1.0,1.0,1.0,1.0,1.0,1.0,1.0,1.0,W06_12u_eu,eu,
dydx,ZRO,2,1788354096,1,1.004,79.681275,28,26,0,0,8697.0,20296.98,0,0,2900.016,20289.452,39.841,39.841,39.841,39.841,47.42,171.961,39.841,39.841,39.841,48.253,59.368,179.691,1.0,1.0,1.0,1.0,1.0,1.0,1.0,1.0,1.0,1.0,1.0,1.0,W06_12u_eu,eu,
aster,FET,3,1788354141,1,0.15145,19.808518,26,32,1249.2841,10743.7449,12170.5095,13492.101,21884.0664,31795.0021,39864.3689,51279.7959,9.904,9.904,13.204,14.856,15.681,104.548,9.904,9.904,9.904,9.904,9.904,10.733,1.0,1.0,1.0,1.0,1.0,1.0,1.0,1.0,1.0,1.0,1.0,1.0,W06_12u_eu,eu,
aster,AR,3,1788354141,1,2.237,8.940545,13,8,307.45,2694.0814,10806.8549,12027.5799,999.9384,9583.4003,9892.2253,10202.0128,7.911,10.661,14.441,22.335,26.814,240.823,4.47,4.477,13.269,17.81,21.261,75.043,1.0,1.0,1.0,1.0,1.0,0.5207,1.0,1.0,1.0,1.0,1.0,0.4323,W06_12u_eu,eu,
aster,BTW,3,1788354141,1,0.441385,9.742062,299,213,399.16654,12600.75705,20550.96854,50190.19556,119.27925,2335.16406,13474.41349,38670.3906,7.811,9.06,10.416,12.133,15.525,31.222,11.046,13.843,18.591,23.859,32.574,53.626,1.0,1.0,1.0,1.0,1.0,1.0,1.0,1.0,1.0,1.0,1.0,1.0,W06_12u_eu,eu,
aster,FIL,3,1788354141,1,0.773,25.873221,22,26,0,13889.9012,19398.1601,52075.8557,0,8976.6198,12925.9789,13703.3565,12.937,12.937,12.937,12.937,12.937,25.3,12.937,12.937,12.937,12.937,14.276,93.318,1.0,1.0,1.0,1.0,1.0,1.0,1.0,1.0,1.0,1.0,1.0,1.0,W06_12u_eu,eu,
aster,KAS,3,1788354141,1,0.027305,18.311665,16,22,1183.05176,2877.60956,14640.11172,36781.29477,344.19402,821.46186,7686.7035,7686.7035,9.156,9.156,11.083,19.712,25.421,47.036,12.586,17.682,24.279,29.425,59.713,290.884,1.0,1.0,1.0,1.0,1.0,1.0,1.0,1.0,1.0,1.0,1.0,1.0,W06_12u_eu,eu,
aster,LDO,3,1788354141,1,0.3566,11.21705,48,29,999.702,10714.1686,11360.0955,11624.7923,999.7536,8499.5248,8499.5248,11565.2699,5.609,5.609,10.655,14.337,16.984,215.79,5.609,5.618,12.342,14.584,24.194,207.076,1.0,1.0,1.0,1.0,1.0,1.0,1.0,1.0,1.0,1.0,1.0,1.0,W06_12u_eu,eu,
aster,KITE,3,1788354141,1,0.137885,6.527178,83,51,863.63091,9208.56233,13178.86942,15368.01178,1935.29469,5078.0465,7853.92326,7853.92326,8.796,9.249,11.688,14.691,17.99,168.043,3.264,3.268,7.212,14.041,68.68,376.214,1.0,1.0,1.0,1.0,1.0,1.0,1.0,1.0,1.0,1.0,1.0,1.0,W06_12u_eu,eu,
aster,MAGMA,3,1788354141,1,0.54149,11.449888,136,109,4493.06075,7139.97268,13751.92621,24838.69397,1780.20885,4830.20879,9536.94829,18939.29774,5.725,5.725,5.831,7.145,16.606,47.603,6.504,6.606,9.986,15.235,26.521,69.211,1.0,1.0,1.0,1.0,1.0,1.0,1.0,1.0,1.0,1.0,1.0,1.0,W06_12u_eu,eu,
aster,MORPHO,3,1788354141,1,2.499,9.603842,26,19,2757.25733,2862.26736,2972.69904,2972.69904,999.82998,2671.69041,2671.69041,2671.69041,4.802,4.802,4.937,93.119,184.415,292.753,4.802,4.806,14.609,114.24,199.377,320.098,1.0,1.0,1.0,1.0,1.0,1.0,1.0,1.0,1.0,1.0,1.0,1.0,W06_12u_eu,eu,
aster,ONDO,3,1788354141,1,0.3411,5.863383,91,233,14038.75243,23516.1537,39807.15483,45704.65903,17841.30442,28574.77191,31832.40466,48520.39294,2.932,2.932,3.726,4.795,6.402,12.362,2.932,2.932,2.932,2.932,3.612,7.989,1.0,1.0,1.0,1.0,1.0,1.0,1.0,1.0,1.0,1.0,1.0,1.0,W06_12u_eu,eu,
aster,ICP,3,1788354141,1,2.491,8.028904,66,124,311.2,5557.523,19383.729,36792.297,7258.246,10836.276,14890.811,22599.302,8.043,11.558,14.258,17.118,22.318,32.856,4.014,4.014,4.014,5.289,8.625,46.398,1.0,1.0,1.0,1.0,1.0,1.0,1.0,1.0,1.0,1.0,1.0,1.0,W06_12u_eu,eu,
aster,POWER,3,1788354141,1,0.083565,53.850296,40,25,0,0,1178.99736,2147.95447,0,0,999.94986,1210.22762,26.925,26.925,65.257,407.317,904.215,1017.614,26.925,27.007,190.407,533.34,798.599,798.599,1.0,1.0,1.0,1.0,1.0,0.4063,1.0,1.0,1.0,1.0,0.862,0.3448,W06_12u_eu,eu,
aster,RIVER,3,1788354141,1,1.2625,7.920792,74,187,1454.7074,7071.8722,16388.1606,26538.7233,1120.5336,8838.2998,32618.8165,87537.4696,3.96,3.96,7.27,11.998,18.211,38.375,3.96,3.96,8.332,10.107,15.29,22.75,1.0,1.0,1.0,1.0,1.0,1.0,1.0,1.0,1.0,1.0,1.0,1.0,W06_12u_eu,eu,
aster,SPX,3,1788354141,1,0.53945,24.098619,18,14,0,2743.8258,14164.0883,14164.0883,0,2282.5509,7087.921,7087.921,12.049,12.049,12.996,23.471,29.81,758.099,12.049,12.049,13.546,20.951,219.736,967.23,1.0,1.0,1.0,1.0,1.0,0.8797,1.0,1.0,1.0,1.0,1.0,0.5018,W06_12u_eu,eu,
aster,TAO,3,1788354141,1,216.735,1.384179,112,136,2823.99685,65080.14932,138647.68278,187900.84288,16635.05385,52219.79262,67168.20472,135501.46086,1.5,3.241,6.75,8.535,10.012,12.811,0.854,1.235,1.463,2.33,4.203,8.157,1.0,1.0,1.0,1.0,1.0,1.0,1.0,1.0,1.0,1.0,1.0,1.0,W06_12u_eu,eu,
aster,UAI,3,1788354141,1,0.5399,3.70439,131,122,883.2402,9615.6375,40071.1019,96683.1504,9923.6638,12867.9267,23894.2944,48949.8333,4.413,7.052,9.996,13.502,16.639,25.973,1.852,1.852,2.224,2.964,3.63,23.265,1.0,1.0,1.0,1.0,1.0,1.0,1.0,1.0,1.0,1.0,1.0,1.0,W06_12u_eu,eu,
aster,USELESS,3,1788354141,1,0.107945,12.04317,53,79,2258.80412,8842.63432,23669.97779,55506.65278,477.18818,11958.98797,21991.30068,31706.87046,6.022,6.022,8.407,12.08,17.059,27.343,6.278,8.929,10.528,11.987,13.941,29.756,1.0,1.0,1.0,1.0,1.0,1.0,1.0,1.0,1.0,1.0,1.0,1.0,W06_12u_eu,eu,
aster,WIF,3,1788354141,1,0.19445,25.713551,25,27,0,19948.28061,42628.71131,58727.87729,0,7140.07523,8948.11523,14411.84743,12.857,15.007,16.803,17.401,18.45,24.86,12.857,12.857,14.11,16.055,27.131,106.53,1.0,1.0,1.0,1.0,1.0,1.0,1.0,1.0,1.0,1.0,1.0,1.0,W06_12u_eu,eu,
aster,XMR,3,1788354141,1,509.19,7.855614,265,277,9993.18286,44642.28945,67579.3029,113182.12924,7059.15014,33140.23018,82103.13342,126608.99117,3.928,3.928,3.943,4.694,6.291,8.948,3.928,3.928,4.003,5.317,7.48,12.344,1.0,1.0,1.0,1.0,1.0,1.0,1.0,1.0,1.0,1.0,1.0,1.0,W06_12u_eu,eu,
aster,ZEN,3,1788354141,1,5.392,22.255193,11,9,0,13375.7577,13675.3479,13675.3479,0,4357.08,4357.08,4357.08,11.128,11.128,15.47,18.863,20.559,394.241,11.617,15.199,19.433,49.427,424.144,424.144,1.0,1.0,1.0,1.0,1.0,0.69,1.0,1.0,1.0,1.0,0.7039,0.2816,W06_12u_eu,eu,
aster,ZRO,3,1788354141,1,1.0046,13.935895,119,241,282.46932,3691.2487,19965.61333,22226.17969,141.44571,420.73907,1184.06731,1189.8397,9.563,12.849,15.89,20.428,24.648,59.831,15.38,27.174,112.528,219.748,406.543,1351.162,1.0,1.0,1.0,1.0,1.0,1.0,1.0,1.0,1.0,1.0,1.0,1.0,W06_12u_eu,eu,
aster,龙虾,3,1788354141,1,0.068631,21.127325,250,187,0,2435.827117,4428.613704,7918.932712,0,1433.427988,2934.588455,7925.524949,10.564,13.742,17.282,28.875,64.577,252.344,14.783,17.16,25.909,41.272,72.573,243.838,1.0,1.0,1.0,1.0,1.0,1.0,1.0,1.0,1.0,1.0,1.0,1.0,W06_12u_eu,eu,
binance,AR,3,1788354141,1,2.2365,4.471272,556,1000,1936.8574,20430.8572,44887.8646,106042.8384,2573.0086,24157.8594,51114.4763,130025.3035,2.236,4.408,6.793,9.381,13.729,20.572,2.236,2.236,3.941,7.495,10.562,17.161,1.0,1.0,1.0,1.0,1.0,1.0,1.0,1.0,1.0,1.0,1.0,1.0,W06_12u_eu,eu,
binance,FET,3,1788354141,1,0.15145,6.602839,577,1000,36363.5831,98484.2334,228703.3653,435202.0654,40780.6336,110509.2682,203557.1811,326223.5993,3.301,3.301,3.301,3.301,3.301,6.822,3.301,3.301,3.301,4.611,7.257,8.846,1.0,1.0,1.0,1.0,1.0,1.0,1.0,1.0,1.0,1.0,1.0,1.0,W06_12u_eu,eu,
binance,FIL,3,1788354141,1,0.77265,1.294247,1000,1000,61990.85414,234922.13154,430482.54568,934357.95429,120170.28755,258723.04056,602062.57416,1022205.06942,0.647,0.647,1.319,1.63,2.272,3.314,0.647,1.225,1.655,1.798,2.073,3.046,1.0,1.0,1.0,1.0,1.0,1.0,1.0,1.0,1.0,1.0,1.0,1.0,W06_12u_eu,eu,
binance,KAS,3,1788354141,1,0.027305,3.662333,401,1000,2874.22858,14629.46846,39533.9864,85356.62146,2864.94203,18933.71659,38088.54966,69131.34405,2.305,4.44,7.27,9.768,13.057,22.15,4.646,5.07,6.722,9.504,11.883,19.108,1.0,1.0,1.0,1.0,1.0,1.0,1.0,1.0,1.0,1.0,1.0,1.0,W06_12u_eu,eu,
binance,KITE,3,1788354141,1,0.137715,0.726137,1000,1000,3582.7429,17315.07653,39938.52885,94108.54398,2087.27883,10827.396,31289.4681,67246.68925,3.601,4.849,5.836,7.815,11.85,20.26,0.789,2.97,7.277,11.088,15.955,26.347,1.0,1.0,1.0,1.0,1.0,1.0,1.0,1.0,1.0,1.0,1.0,1.0,W06_12u_eu,eu,
binance,LDO,3,1788354141,1,0.35665,2.803869,1000,1000,5822.8355,23257.1389,125491.489,302346.2729,15680.962,68165.859,151761.0618,301304.7613,1.798,3.002,4.316,6.601,9.595,16.23,1.402,1.402,2.996,5.003,7.052,9.869,1.0,1.0,1.0,1.0,1.0,1.0,1.0,1.0,1.0,1.0,1.0,1.0,W06_12u_eu,eu,
binance,MAGMA,3,1788354141,1,0.541075,0.184817,1000,1000,4855.81335,22416.48742,54171.62372,89465.38929,9390.72283,22156.05038,47631.7501,168984.87983,1.177,2.05,4.525,6.374,10.317,16.809,0.541,1.177,2.668,4.666,6.431,14.009,1.0,1.0,1.0,1.0,1.0,1.0,1.0,1.0,1.0,1.0,1.0,1.0,W06_12u_eu,eu,
binance,ONDO,3,1788354141,1,0.34105,2.932121,1000,1000,48252.70745,244258.57066,590176.48972,1123636.54291,88497.74653,328253.54657,589928.56141,1005990.52712,1.466,1.466,1.466,1.466,2.882,3.802,1.466,1.466,1.466,1.466,1.466,2.423,1.0,1.0,1.0,1.0,1.0,1.0,1.0,1.0,1.0,1.0,1.0,1.0,W06_12u_eu,eu,
binance,POWER,3,1788354141,1,0.083545,5.984799,917,1000,197.01386,1295.98051,4678.77624,11451.00663,79.90817,458.30734,3344.95363,25253.0087,12.003,15.126,22.709,31.441,49.209,97.635,15.136,21.003,28.732,40.604,60.868,78.486,1.0,1.0,1.0,1.0,1.0,1.0,1.0,1.0,1.0,1.0,1.0,1.0,W06_12u_eu,eu,
binance,RIVER,3,1788354141,1,1.2625,7.920792,463,1000,4413.0878,18307.9664,50590.254,103351.0095,1094.2632,15555.3978,33004.1699,74151.6919,3.96,3.96,3.96,4.887,8.384,16.707,3.96,3.96,8.416,10.148,13.423,20.985,1.0,1.0,1.0,1.0,1.0,1.0,1.0,1.0,1.0,1.0,1.0,1.0,W06_12u_eu,eu,
binance,RUNE,3,1788354141,1,0.46985,2.128339,601,1000,5993.6611,21761.0328,54726.8887,160695.3482,4001.5748,26905.9436,58127.4176,121480.38,1.064,1.807,2.812,5.099,9.374,17.345,2.781,3.872,5.005,7.707,10.512,15.837,1.0,1.0,1.0,1.0,1.0,1.0,1.0,1.0,1.0,1.0,1.0,1.0,W06_12u_eu,eu,
binance,TAO,3,1788354142,1,216.425,0.462054,1000,1000,72829.30508,246607.12398,771739.70235,1855338.83319,82917.5901,321375.88672,888064.69181,1815777.37031,0.231,0.274,0.526,0.708,1.466,3.297,0.593,0.651,1.062,1.484,2.281,3.388,1.0,1.0,1.0,1.0,1.0,1.0,1.0,1.0,1.0,1.0,1.0,1.0,W06_12u_eu,eu,
binance,UAI,3,1788354142,1,0.5397,3.705762,1000,1000,2844.0213,14211.7849,29758.8199,70655.7485,17075.0127,37295.9094,50485.1693,104975.8549,1.982,3.52,5.986,8.809,12.781,22.279,3.516,3.611,3.668,4.57,5.064,8.37,1.0,1.0,1.0,1.0,1.0,1.0,1.0,1.0,1.0,1.0,1.0,1.0,W06_12u_eu,eu,
binance,USELESS,3,1788354142,1,0.107815,2.782544,1000,1000,6720.97125,31560.19363,77908.10501,164233.02735,11031.146,33213.42598,75141.75484,176886.98535,1.894,2.811,4.354,6.03,8.24,13.253,1.925,2.401,3.58,5.03,6.82,11.784,1.0,1.0,1.0,1.0,1.0,1.0,1.0,1.0,1.0,1.0,1.0,1.0,W06_12u_eu,eu,
binance,WIF,3,1788354142,1,0.19435,5.145356,678,1000,10534.12082,47463.23687,133056.4249,306546.58714,17298.40244,67450.20917,141364.29339,317804.69076,2.573,2.573,5.644,6.681,7.199,11.311,2.573,2.573,5.385,6.552,7.135,9.072,1.0,1.0,1.0,1.0,1.0,1.0,1.0,1.0,1.0,1.0,1.0,1.0,W06_12u_eu,eu,
binance,XMR,3,1788354142,1,509.295,0.19635,1000,1000,6478.53687,62299.63076,225288.75768,451966.4062,16645.04674,87187.3272,260002.67605,377741.25959,2.163,2.422,4.725,6.652,8.391,10.653,0.946,1.46,2.739,3.909,4.961,7.807,1.0,1.0,1.0,1.0,1.0,1.0,1.0,1.0,1.0,1.0,1.0,1.0,W06_12u_eu,eu,
binance,ZEC,3,1788354142,1,798.155,0.125289,1000,1000,243453.31497,1042389.2742,2587840.77151,6106191.199,375254.15646,1697779.17318,3244529.07809,6509214.91107,0.063,0.063,0.063,0.149,0.344,0.923,0.063,0.063,0.063,0.063,0.492,1.325,1.0,1.0,1.0,1.0,1.0,1.0,1.0,1.0,1.0,1.0,1.0,1.0,W06_12u_eu,eu,
binance,ZEN,3,1788354142,1,5.3905,1.855115,881,1000,4474.702,21715.3072,100199.1665,228036.954,3910.6092,42626.5971,100484.4191,202195.4609,2.802,4.412,6.141,7.438,9.567,15.894,3.222,3.93,5.46,7.222,9.596,12.84,1.0,1.0,1.0,1.0,1.0,1.0,1.0,1.0,1.0,1.0,1.0,1.0,W06_12u_eu,eu,
binance,ZRO,3,1788354142,1,1.00365,0.996363,1000,1000,6858.91354,29699.69841,63215.72766,148864.21292,4866.55176,29902.0815,52656.5641,169289.87126,0.88,2.287,4.241,5.909,7.929,13.411,1.283,2.909,5.376,7.219,9.9,14.873,1.0,1.0,1.0,1.0,1.0,1.0,1.0,1.0,1.0,1.0,1.0,1.0,W06_12u_eu,eu,
binance,龙虾,3,1788354142,1,0.068627,3.497166,1000,1000,3085.183866,93649.133245,102361.454844,265461.844498,1542.90935,12351.580831,25112.027142,47629.914198,3.369,4.5,6.32,8.579,11.62,15.618,3.615,5.312,8.282,11.339,15.189,26.358,1.0,1.0,1.0,1.0,1.0,1.0,1.0,1.0,1.0,1.0,1.0,1.0,W06_12u_eu,eu,
bitget,AR,3,1788354142,1,2.2355,4.473272,100,100,822.6302,4910.5774,39441.7488,99971.395,552.2939,34593.8117,52699.7581,99388.296,5.282,6.787,11.521,16.859,22.968,31.26,6.282,8.5,12.017,13.837,14.747,15.683,1.0,1.0,1.0,1.0,1.0,1.0,1.0,1.0,1.0,1.0,1.0,1.0,W06_12u_eu,eu,
bitget,BTW,3,1788354142,1,0.441889,5.046522,100,100,71.544528,3274.548433,8891.200018,21811.405568,286.574494,3146.625245,7960.898391,17047.710962,11.138,12.002,15.497,21.547,33.078,58.353,10.412,12.034,15.29,20.857,34.443,62.238,1.0,1.0,1.0,1.0,1.0,0.8823,1.0,1.0,1.0,1.0,1.0,0.7892,W06_12u_eu,eu,
bitget,FET,3,1788354142,1,0.15135,6.607202,100,100,24202.1924,55206.0193,149579.3938,300973.3541,19310.3522,57075.2638,142884.2233,308695.0789,3.304,3.304,3.304,3.304,4.254,7.854,7.095,8.503,9.348,9.629,9.77,11.363,1.0,1.0,1.0,1.0,1.0,1.0,1.0,1.0,1.0,1.0,1.0,1.0,W06_12u_eu,eu,
bitget,FIL,3,1788354142,1,0.77225,1.294917,100,100,110725.00449,181322.62564,618630.7566,1293853.0447,251489.57232,309200.74357,665120.35478,1346610.08974,1.055,1.831,3.08,4.461,5.966,7.436,1.492,1.717,2.515,2.876,3.701,4.563,1.0,1.0,1.0,1.0,1.0,1.0,1.0,1.0,1.0,1.0,1.0,1.0,W06_12u_eu,eu,
bitget,KAS,3,1788354142,1,0.02729,7.328692,100,100,186.00787,20117.71869,57262.74479,104238.93213,3190.91006,24663.00951,57548.89728,83667.14111,9.1,10.046,12.045,13.351,14.004,18.529,6.976,7.152,7.258,8.621,11.384,16.214,1.0,1.0,1.0,1.0,1.0,1.0,1.0,1.0,1.0,1.0,1.0,1.0,W06_12u_eu,eu,
bitget,KITE,3,1788354142,1,0.137555,10.904729,100,100,1785.98644,11678.88636,27047.20425,47181.84513,812.80649,4895.93195,14071.10052,45925.41387,6.754,7.679,10.315,14.754,18.746,30.531,7.509,8.798,10.714,15.875,23.276,45.948,1.0,1.0,1.0,1.0,1.0,1.0,1.0,1.0,1.0,1.0,1.0,1.0,W06_12u_eu,eu,
bitget,LDO,3,1788354142,1,0.35655,8.413967,100,100,4611.2196,14986.14134,75973.92066,149946.69856,3550.06893,34897.59094,90876.08716,155202.03687,4.929,5.971,7.407,8.827,12.597,20.482,7.367,8.592,9.327,10.387,11.504,15.041,1.0,1.0,1.0,1.0,1.0,1.0,1.0,1.0,1.0,1.0,1.0,1.0,W06_12u_eu,eu,
bitget,MAGMA,3,1788354142,1,0.54015,2.96214,100,100,1890.10188,11254.2365,28833.20935,28833.20935,442.63509,4534.96287,19505.10082,20270.04238,6.156,7.243,8.736,10.751,12.72,23.996,6.316,10.632,14.81,19.414,22.969,31.997,1.0,1.0,1.0,1.0,1.0,1.0,1.0,1.0,1.0,1.0,1.0,0.8082,W06_12u_eu,eu,
bitget,ONDO,3,1788354142,1,0.34095,2.932981,100,100,132949.08754,517253.70432,989443.176,1861173.56736,68656.07177,558450.52429,1108222.1341,2028002.60857,1.466,1.466,1.466,2.762,3.581,4.072,1.626,3.013,3.845,4.122,4.261,5.44,1.0,1.0,1.0,1.0,1.0,1.0,1.0,1.0,1.0,1.0,1.0,1.0,W06_12u_eu,eu,
bitget,POWER,3,1788354142,1,0.083775,10.743062,100,100,896.89051,3222.84915,7868.81322,17316.51297,124.48201,1774.78304,6448.12332,15521.7673,8.052,9.365,16.863,22.41,34.35,74.911,12.197,14.711,21.305,32.426,44.431,79.132,1.0,1.0,1.0,1.0,1.0,1.0,1.0,1.0,1.0,1.0,1.0,1.0,W06_12u_eu,eu,
bitget,RIVER,3,1788354142,1,1.2625,7.920792,100,100,1052.508,11023.47,29004.943,53218.41,42.942,10340.463,20992.289,41324.313,3.96,3.96,8.545,10.213,13.772,26.099,11.201,11.541,11.745,12.918,16.36,29.763,1.0,1.0,1.0,1.0,1.0,1.0,1.0,1.0,1.0,1.0,1.0,1.0,W06_12u_eu,eu,
bitget,RUNE,3,1788354142,1,0.4695,4.259851,100,100,1790.55507,4678.12917,26043.80739,59356.88304,1576.39626,10541.97327,25926.20635,53481.30001,3.804,5.701,8.484,13.853,20.829,34.218,4.85,5.62,8.36,10.57,13.599,28.45,1.0,1.0,1.0,1.0,1.0,1.0,1.0,1.0,1.0,1.0,1.0,1.0,W06_12u_eu,eu,
bitget,TAO,3,1788354142,1,216.48,2.771619,100,100,35029.99476,379205.75968,1209477.74403,1505910.70046,56130.10195,216137.64415,382489.20438,1347019.11417,2.157,3.061,4.421,5.69,6.675,7.714,1.843,1.845,1.849,2.079,2.195,3.257,1.0,1.0,1.0,1.0,1.0,1.0,1.0,1.0,1.0,1.0,1.0,1.0,W06_12u_eu,eu,
bitget,UAI,3,1788354142,1,0.539105,9.831109,100,100,4671.60933,10987.43197,24845.69199,52220.33325,1978.61479,9686.20383,24579.74363,46627.07842,6.116,6.722,7.09,7.875,13.254,26.717,6.677,8.017,9.791,13.289,17.736,29.807,1.0,1.0,1.0,1.0,1.0,1.0,1.0,1.0,1.0,1.0,1.0,1.0,W06_12u_eu,eu,
bitget,USELESS,3,1788354142,1,0.107865,8.343763,100,100,2256.40062,19675.57043,63930.95343,106587.8459,7182.86913,31828.23507,76009.94095,122590.26607,6.301,7.33,8.541,10.735,13.251,19.041,4.78,5.197,5.727,6.825,8.541,11.88,1.0,1.0,1.0,1.0,1.0,1.0,1.0,1.0,1.0,1.0,1.0,1.0,W06_12u_eu,eu,
bitget,WIF,3,1788354142,1,0.19435,5.145356,100,100,16493.33339,49346.00396,245930.32629,384284.4914,20937.14417,109629.24914,212410.1346,411052.48742,2.573,2.573,2.573,2.573,4.548,8.199,7.661,7.69,7.707,7.712,7.715,8.556,1.0,1.0,1.0,1.0,1.0,1.0,1.0,1.0,1.0,1.0,1.0,1.0,W06_12u_eu,eu,
bitget,XMR,3,1788354142,1,509.205,3.338538,100,100,5506.3686,78928.7499,344549.5714,444195.692,42692.5491,118199.4219,299651.3405,365672.5793,1.669,2.753,3.809,5.644,8.932,13.535,8.038,8.192,8.324,8.433,8.488,8.521,1.0,1.0,1.0,1.0,1.0,1.0,1.0,1.0,1.0,1.0,1.0,1.0,W06_12u_eu,eu,
bybit,AR,3,1788354142,1,2.238,8.93655,200,200,1220.3927,7333.8855,16542.5457,22410.5045,30.6813,1502.4503,15696.8046,25450.3362,4.787,6.862,10.704,15.109,21.407,49.32,15.339,18.744,22.691,26.626,31.031,51.575,1.0,1.0,1.0,1.0,1.0,1.0,1.0,1.0,1.0,1.0,1.0,1.0,W06_12u_eu,eu,
bybit,BTW,3,1788354142,1,0.440925,3.401939,200,200,171.8744,902.4486,2716.799,4406.1683,83.823,1241.2445,5012.4775,9109.8272,12.293,17.191,28.521,53.721,92.962,149.591,13.81,16.757,24.051,33.639,56.437,105.506,1.0,1.0,1.0,1.0,1.0,1.0,1.0,1.0,1.0,1.0,1.0,0.6307,W06_12u_eu,eu,
bybit,FIL,3,1788354142,1,0.77245,1.294582,200,200,5300.68302,37154.84085,219671.91858,297396.9359,22413.40341,47728.09842,257011.43935,306638.76595,2.776,3.569,5.783,7.643,9.539,12.699,2.151,2.694,3.019,3.578,4.279,7.081,1.0,1.0,1.0,1.0,1.0,1.0,1.0,1.0,1.0,1.0,1.0,1.0,W06_12u_eu,eu,
bybit,KAS,3,1788354142,1,0.027265,3.667706,200,200,1250.1486,11382.9512,31842.1576,82830.3617,3237.0062,20278.7944,36361.8839,118905.8042,7.069,8.119,10.581,12.213,15.929,27.397,4.678,5.09,6.452,9.105,12.517,19.941,1.0,1.0,1.0,1.0,1.0,1.0,1.0,1.0,1.0,1.0,1.0,1.0,W06_12u_eu,eu,
bybit,KITE,3,1788354142,1,0.137785,19.595747,200,200,78.87345,2174.58766,6025.79193,21177.30284,145.91936,2209.78066,5079.92008,19640.24044,11.758,12.552,16.546,27.01,42.225,70.512,10.752,13.231,19.02,29.795,48.632,78.718,1.0,1.0,1.0,1.0,1.0,1.0,1.0,1.0,1.0,1.0,1.0,1.0,W06_12u_eu,eu,
bybit,LDO,3,1788354142,1,0.35655,2.804656,200,200,4529.59756,15848.09304,133562.1324,393417.31694,13029.70842,28937.28671,212591.63558,409330.34051,3.207,3.707,5.287,7.696,10.837,19.251,1.402,1.613,3.169,4.797,6.286,12.146,1.0,1.0,1.0,1.0,1.0,1.0,1.0,1.0,1.0,1.0,1.0,1.0,W06_12u_eu,eu,
bybit,MAGMA,3,1788354142,1,0.5406,3.699593,200,200,2632.4444,8544.8381,19201.4642,38716.9419,3166.5171,8205.5255,18840.4261,48006.7576,1.85,1.85,4.94,9.528,15.651,32.823,5.397,5.473,5.519,8.947,16.083,37.109,1.0,1.0,1.0,1.0,1.0,1.0,1.0,1.0,1.0,1.0,1.0,1.0,W06_12u_eu,eu,
bybit,ONDO,3,1788354142,1,0.34085,2.933842,200,200,71543.2365,319999.326,555343.3862,930075.8434,38152.1764,295069.9179,506583.9843,887383.2612,1.467,1.467,1.467,1.467,2.103,3.481,3.823,4.112,4.285,4.343,4.372,5.617,1.0,1.0,1.0,1.0,1.0,1.0,1.0,1.0,1.0,1.0,1.0,1.0,W06_12u_eu,eu,
bybit,POWER,3,1788354142,1,0.083775,1.193674,200,200,54.61804,717.68465,1212.69369,2640.53776,177.35879,383.00319,1104.29837,3795.62627,14.579,20.735,48.926,107.822,232.757,377.693,16.106,25.962,50.92,81.31,207.314,313.078,1.0,1.0,1.0,1.0,1.0,0.8809,1.0,1.0,1.0,1.0,1.0,0.6037,W06_12u_eu,eu,
bybit,RIVER,3,1788354142,1,1.2625,7.920792,200,200,524.7396,1759.3421,4318.8883,8092.6573,62.7711,2408.5246,5115.9553,9980.7868,3.96,8.421,17.589,29.115,57.838,128.806,10.887,11.384,16.42,26.738,51.722,138.582,1.0,1.0,1.0,1.0,1.0,1.0,1.0,1.0,1.0,1.0,1.0,1.0,W06_12u_eu,eu,
bybit,RUNE,3,1788354142,1,0.46985,6.385016,200,200,300.69333,2963.12397,6280.37611,153689.30243,235.43651,2097.6253,37187.20485,141003.62169,7.909,13.001,17.855,23.259,35.922,45.788,9.988,13.777,19.848,30.003,35.753,39.804,1.0,1.0,1.0,1.0,1.0,1.0,1.0,1.0,1.0,1.0,1.0,1.0,W06_12u_eu,eu,
bybit,TAO,3,1788354142,1,216.555,0.461776,200,200,49429.00106,188962.58669,543883.60857,1093460.12191,59104.36415,215408.33974,511474.87367,1047308.04172,0.325,0.844,1.913,2.771,3.9,5.492,0.956,1.735,2.531,3.2,3.793,5.05,1.0,1.0,1.0,1.0,1.0,1.0,1.0,1.0,1.0,1.0,1.0,1.0,W06_12u_eu,eu,
bybit,USELESS,3,1788354142,1,0.1079,7.414272,200,200,982.20776,16181.66632,54373.43185,208967.6809,1108.09484,12770.85959,42501.17717,191625.15811,4.902,6.708,9.222,10.743,13.865,20.955,5.817,7.256,9.043,11.034,14.892,24.301,1.0,1.0,1.0,1.0,1.0,1.0,1.0,1.0,1.0,1.0,1.0,1.0,W06_12u_eu,eu,
bitget,ZRO,3,1788354142,1,1.00315,4.984299,100,100,994.5313,7174.7675,69658.2453,146752.5917,712.6671,12254.027,33459.9563,126405.5101,4.868,5.986,9.266,12.529,18.334,24.426,4.822,7.318,9.219,11.075,15.69,25.919,1.0,1.0,1.0,1.0,1.0,1.0,1.0,1.0,1.0,1.0,1.0,1.0,W06_12u_eu,eu,
bybit,WIF,3,1788354142,1,0.19425,5.148005,200,200,19879.4491,75443.9326,160863.7762,282063.2185,11343.6152,76109.3178,148012.3095,217988.3269,2.574,2.574,2.574,2.574,4.113,7.33,7.45,7.586,7.668,7.695,7.708,10.53,1.0,1.0,1.0,1.0,1.0,1.0,1.0,1.0,1.0,1.0,1.0,1.0,W06_12u_eu,eu,
bybit,XMR,3,1788354142,1,509.66,5.10144,200,200,5026.6553,67638.427,318951.1116,319138.7423,8262.4888,87693.3336,367896.1089,367906.3531,4.606,5.522,6.4,7.32,9.826,13.345,2.551,2.568,4.302,6.02,7.869,10.814,1.0,1.0,1.0,1.0,1.0,1.0,1.0,1.0,1.0,1.0,1.0,1.0,W06_12u_eu,eu,
bybit,UAI,3,1788354142,1,0.5397,3.705762,200,200,999.8811,3811.847,9799.2774,39460.5423,1439.2415,8387.3954,17772.1522,49702.1554,6.06,7.221,12.312,18.543,28.983,47.687,4.803,5.349,8.89,11.393,16.473,35.194,1.0,1.0,1.0,1.0,1.0,1.0,1.0,1.0,1.0,1.0,1.0,1.0,W06_12u_eu,eu,
bybit,ZEN,3,1788354142,1,5.3895,1.85546,200,200,427.1687,2275.3501,7226.6644,11540.9231,315.4768,2028.9355,7384.9731,11945.8469,5.855,9.271,15.585,26.325,41.672,103.484,7.912,10.182,17.1,26.553,39.789,76.431,1.0,1.0,1.0,1.0,1.0,1.0,1.0,1.0,1.0,1.0,1.0,1.0,W06_12u_eu,eu,
bybit,ZRO,3,1788354142,1,1.0033,3.986843,200,200,3072.18297,21143.31037,36141.15065,104853.63525,9890.46218,21337.08584,49475.05098,147592.38432,4.697,5.99,7.429,9.082,10.46,17.283,1.993,2.924,4.57,5.547,7.082,15.633,1.0,1.0,1.0,1.0,1.0,1.0,1.0,1.0,1.0,1.0,1.0,1.0,W06_12u_eu,eu,
dydx,FIL,3,1788354142,1,0.77795,204.383315,49,62,0,0,0,0,0,0,0,0,102.192,102.192,102.192,102.192,102.192,130.432,102.192,102.192,102.192,102.192,102.192,102.192,1.0,1.0,1.0,1.0,1.0,1.0,1.0,1.0,1.0,1.0,1.0,1.0,W06_12u_eu,eu,
dydx,MORPHO,3,1788354142,1,2.4995,100.020004,16,9,0,0,0,999.774,0,0,0,999.776,50.01,50.01,1127.804,1543.098,1750.745,1875.333,50.01,52.839,1131.988,1537.188,1739.788,1861.348,1.0,1.0,1.0,1.0,1.0,1.0,1.0,1.0,1.0,1.0,1.0,1.0,W06_12u_eu,eu,
dydx,ICP,3,1788354142,1,2.48695,80.82189,46,59,0,0,36462.38066,64862.28566,0,0,17290.29604,17290.29604,40.411,40.411,40.411,40.411,40.411,40.768,40.411,40.411,40.411,40.411,40.411,94.194,1.0,1.0,1.0,1.0,1.0,1.0,1.0,1.0,1.0,1.0,1.0,1.0,W06_12u_eu,eu,
dydx,LDO,3,1788354142,1,0.35605,75.832046,52,44,0,0,23185.7578,23185.7578,0,0,17496.256,17675.972,37.916,37.916,37.916,37.916,37.916,45.882,37.916,37.916,37.916,37.916,37.916,65.765,1.0,1.0,1.0,1.0,1.0,1.0,1.0,1.0,1.0,1.0,1.0,1.0,W06_12u_eu,eu,
dydx,ONDO,3,1788354143,1,0.3423,99.328075,59,42,0,0,14199.9546,42600.1135,0,0,21300.136,49700.0824,49.664,49.664,49.664,49.664,49.664,70.978,49.664,49.664,49.664,49.664,49.664,57.223,1.0,1.0,1.0,1.0,1.0,1.0,1.0,1.0,1.0,1.0,1.0,1.0,W06_12u_eu,eu,
dydx,RUNE,3,1788354143,1,0.47155,78.464638,33,29,0,0,11699.9751,27300.1086,0,0,11700.0596,27299.9252,39.232,39.232,39.232,39.692,40.523,62.38,39.232,39.232,39.232,39.232,41.124,60.932,1.0,1.0,1.0,1.0,1.0,1.0,1.0,1.0,1.0,1.0,1.0,1.0,W06_12u_eu,eu,
dydx,SPX,3,1788354143,1,0.5607,388.799715,39,28,0,0,0,0,0,0,0,0,244.482,271.162,287.17,292.506,567.511,803.784,194.4,194.4,194.4,194.4,194.4,194.4,1.0,1.0,1.0,1.0,1.0,1.0,1.0,1.0,1.0,1.0,1.0,1.0,W06_12u_eu,eu,
dydx,TAO,3,1788354143,1,216.71,55.373541,52,59,0,0,46297.1099,1415901.0135,0,0,115628.0888,1817882.3959,27.687,27.687,27.687,27.687,27.687,28.923,27.687,27.687,27.687,27.687,27.687,27.687,1.0,1.0,1.0,1.0,1.0,1.0,1.0,1.0,1.0,1.0,1.0,1.0,W06_12u_eu,eu,
dydx,WIF,3,1788354143,1,0.19406,52.561064,49,41,0,0,37759.65911,66159.63515,0,0,14545.09859,14545.09859,26.281,26.281,26.281,26.281,26.281,28.044,26.281,26.281,26.281,26.75,33.472,108.97,1.0,1.0,1.0,1.0,1.0,1.0,1.0,1.0,1.0,1.0,1.0,1.0,W06_12u_eu,eu,
dydx,XMR,3,1788354143,1,514.505,224.487614,74,47,0,0,0,0,0,0,0,0,120.049,124.018,252.56,325.549,362.044,383.941,112.244,112.473,123.647,127.372,129.234,130.352,1.0,1.0,1.0,1.0,1.0,1.0,1.0,1.0,1.0,1.0,1.0,1.0,W06_12u_eu,eu,
dydx,ZEC,3,1788354143,1,799.745,40.637953,95,74,0,8300.448,8380.059,2360715.636,0,19713.844,2462429.672,2708148.428,20.319,20.319,20.319,20.319,25.45,40.827,20.319,20.319,20.319,20.319,20.34,21.921,1.0,1.0,1.0,1.0,1.0,1.0,1.0,1.0,1.0,1.0,1.0,1.0,W06_12u_eu,eu,
hl,ONDO,3,1788354143,1,0.34103,0.586459,20,20,44475.74567,44475.74567,44475.74567,44475.74567,35805.76246,35805.76246,35805.76246,35805.76246,0.293,0.293,0.661,1.059,2.194,3.222,0.586,1.087,1.965,2.679,3.246,4.697,1.0,1.0,1.0,1.0,1.0,1.0,1.0,1.0,1.0,1.0,1.0,1.0,W06_12u_eu,eu,
okx,USELESS,3,1788354143,1,0.107825,2.782286,400,400,1165.42574,3488.59084,7529.54128,18830.88121,744.1388,3348.67696,8587.33047,22719.3535,6.019,7.553,11.664,19.687,33.543,70.32,6.961,9.074,13.763,20.058,32.865,63.732,1.0,1.0,1.0,1.0,1.0,1.0,1.0,1.0,1.0,1.0,1.0,1.0,W06_12u_eu,eu,
dydx,ZEN,3,1788354143,1,5.39,100.185529,34,31,0,0,0,997.518,0,0,0,1002.145,50.093,50.093,377.882,488.57,543.914,577.12,50.093,51.658,380.218,489.738,544.498,577.354,1.0,1.0,1.0,1.0,1.0,1.0,1.0,1.0,1.0,1.0,1.0,1.0,W06_12u_eu,eu,
dydx,ZRO,3,1788354143,1,1.005,99.502488,34,24,0,0,8691.0,20290.71,0,0,8691.05,8691.05,49.751,49.751,49.751,49.751,56.047,184.109,49.751,49.751,49.751,49.751,57.823,191.529,1.0,1.0,1.0,1.0,1.0,1.0,1.0,1.0,1.0,1.0,1.0,1.0,W06_12u_eu,eu,
aster,AR,1,1788364166,1,2.2235,22.48707,9,10,0,2652.5933,10441.2597,11305.0293,0,2367.8188,10158.8076,11034.4436,11.244,11.244,11.967,22.568,28.149,255.502,11.244,11.254,17.656,23.445,26.481,76.746,1.0,1.0,1.0,1.0,1.0,0.4669,1.0,1.0,1.0,1.0,1.0,0.4522,W07_16u_us,us,
aster,FIL,1,1788364166,1,0.771,25.940337,26,27,0,17697.603,33908.9184,46333.6484,0,8062.9996,9548.5837,14346.7708,12.97,12.97,12.97,12.97,12.97,18.624,12.97,12.97,12.97,12.97,17.667,110.644,1.0,1.0,1.0,1.0,1.0,1.0,1.0,1.0,1.0,1.0,1.0,1.0,W07_16u_us,us,
aster,FET,1,1788364166,1,0.15145,19.808518,23,36,21784.9305,31686.1113,38995.6729,45819.4203,999.9536,10055.6481,11748.1912,12589.1534,9.904,9.904,9.904,9.904,9.904,10.748,9.904,9.911,13.869,15.188,16.847,121.71,1.0,1.0,1.0,1.0,1.0,1.0,1.0,1.0,1.0,1.0,1.0,1.0,W07_16u_us,us,
aster,BTW,1,1788364166,1,0.449685,9.117493,240,266,3881.20679,15331.03032,21858.13004,46647.85746,2469.73332,8465.46712,22358.30812,36037.79728,4.559,4.559,4.864,7.87,14.16,28.227,6.593,7.133,7.578,10.892,16.965,30.131,1.0,1.0,1.0,1.0,1.0,1.0,1.0,1.0,1.0,1.0,1.0,1.0,W07_16u_us,us,
aster,ICP,1,1788364166,1,2.489,8.035356,63,126,878.15,17479.502,38006.504,62107.841,1083.46,7973.485,15446.816,19022.156,4.018,6.133,9.685,10.967,15.412,24.748,5.535,6.785,11.591,15.106,19.401,52.763,1.0,1.0,1.0,1.0,1.0,1.0,1.0,1.0,1.0,1.0,1.0,1.0,W07_16u_us,us,
aster,KAS,1,1788364166,1,0.027535,32.685673,14,19,0,2801.36015,14868.67709,32313.68367,0,2017.67006,5597.19182,7698.49182,16.343,16.343,18.24,23.887,27.378,48.713,16.343,16.343,19.87,27.186,63.017,304.276,1.0,1.0,1.0,1.0,1.0,1.0,1.0,1.0,1.0,1.0,1.0,1.0,W07_16u_us,us,
aster,KITE,1,1788364166,1,0.137215,0.728783,131,48,3604.20174,11253.14895,14184.85852,17096.44479,2199.81174,12647.96738,15663.34444,16417.29584,0.364,0.364,1.321,5.681,10.626,81.758,0.364,0.365,6.225,8.761,10.081,152.703,1.0,1.0,1.0,1.0,1.0,1.0,1.0,1.0,1.0,1.0,1.0,1.0,W07_16u_us,us,
aster,LDO,1,1788364166,1,0.35885,13.933398,50,28,1263.3478,8763.2834,11812.5187,11898.5497,999.7344,10735.1338,10735.1338,11566.1181,6.967,6.967,11.099,13.213,15.635,144.758,6.967,6.972,10.313,11.426,12.825,244.152,1.0,1.0,1.0,1.0,1.0,1.0,1.0,1.0,1.0,1.0,1.0,1.0,W07_16u_us,us,
aster,MAGMA,1,1788364166,1,0.52107,11.898593,134,121,1064.6421,4932.98428,13077.90609,39015.86897,1191.50096,5468.43255,13632.36909,20104.12469,8.07,8.831,11.19,15.905,26.425,40.234,6.851,6.976,10.896,14.135,20.652,54.416,1.0,1.0,1.0,1.0,1.0,1.0,1.0,1.0,1.0,1.0,1.0,1.0,W07_16u_us,us,
aster,MORPHO,1,1788364166,1,2.4698,16.195643,28,20,999.95256,2845.90582,2956.30594,2956.30594,999.8431,2642.60275,2642.60275,2642.60275,8.098,8.098,15.106,85.908,172.114,321.338,8.098,8.114,18.065,118.906,211.087,336.397,1.0,1.0,1.0,1.0,1.0,1.0,1.0,1.0,1.0,1.0,1.0,1.0,W07_16u_us,us,
aster,POWER,1,1788364166,1,0.084575,31.924328,39,25,0,1221.19647,1391.30787,1571.62572,0,1121.58912,1221.62488,1396.78536,15.962,15.962,152.103,540.623,1072.997,1072.997,15.962,15.966,141.272,527.042,818.425,818.425,1.0,1.0,1.0,1.0,0.9443,0.3777,1.0,1.0,1.0,1.0,0.8808,0.3523,W07_16u_us,us,
aster,ONDO,1,1788364166,1,0.34015,8.819638,82,241,10481.46861,27853.92806,37588.81771,59809.14981,10234.54085,19877.60529,35750.51487,42356.08799,4.41,4.41,5.829,6.589,6.97,9.915,4.41,4.41,4.41,5.865,6.607,18.002,1.0,1.0,1.0,1.0,1.0,1.0,1.0,1.0,1.0,1.0,1.0,1.0,W07_16u_us,us,
aster,RIVER,1,1788364166,1,1.2925,7.736944,100,155,14.5996,4102.6335,13885.3854,22167.3917,1095.3003,13724.7006,36508.1426,87727.6495,11.379,11.492,14.512,18.306,25.281,53.653,3.868,3.868,8.217,11.895,15.618,21.349,1.0,1.0,1.0,1.0,1.0,1.0,1.0,1.0,1.0,1.0,1.0,1.0,W07_16u_us,us,
aster,SPX,1,1788364166,1,0.54135,16.625104,18,12,1226.2203,2748.5723,14168.5371,14168.5371,476.784,1706.4048,5285.6652,5285.6652,8.313,8.313,9.253,17.184,21.984,768.735,8.836,14.116,22.58,29.3,1181.684,1181.684,1.0,1.0,1.0,1.0,1.0,0.7804,1.0,1.0,1.0,1.0,0.8566,0.3427,W07_16u_us,us,
aster,TAO,1,1788364166,1,217.145,0.460522,107,137,9239.62008,73097.99841,157880.39315,186174.15967,16647.24222,72676.58605,107775.11459,148002.24803,5.111,5.924,6.652,7.479,8.714,9.93,1.036,2.475,3.875,4.577,5.452,8.456,1.0,1.0,1.0,1.0,1.0,1.0,1.0,1.0,1.0,1.0,1.0,1.0,W07_16u_us,us,
aster,UAI,1,1788364166,1,0.51945,13.475792,157,84,1288.7033,5485.2275,49547.6044,59445.2967,843.1418,11160.5421,14746.2026,36207.5726,8.137,8.4,10.316,12.725,19.857,26.727,6.738,7.606,9.395,9.992,11.62,34.901,1.0,1.0,1.0,1.0,1.0,1.0,1.0,1.0,1.0,1.0,1.0,1.0,W07_16u_us,us,
aster,USELESS,1,1788364166,1,0.11728,15.347885,54,65,916.19142,15347.48898,26661.37015,42528.52857,2054.69153,15348.33917,18106.99865,25491.65729,7.674,7.957,10.515,12.3,17.066,25.653,7.674,7.674,8.18,10.024,14.329,37.597,1.0,1.0,1.0,1.0,1.0,1.0,1.0,1.0,1.0,1.0,1.0,1.0,W07_16u_us,us,
aster,WIF,1,1788364166,1,0.19725,25.348542,25,27,0,21637.83617,44754.16343,68567.49464,0,4720.63218,7607.51908,7613.51199,12.674,14.752,16.547,17.145,19.064,24.676,12.674,12.674,18.192,21.089,46.269,138.243,1.0,1.0,1.0,1.0,1.0,1.0,1.0,1.0,1.0,1.0,1.0,1.0,W07_16u_us,us,
aster,XMR,1,1788364166,1,519.095,5.20136,274,197,17353.56397,49157.05565,70370.97873,122610.92344,12102.12391,30625.39581,68767.36676,122898.55365,2.601,2.601,2.601,2.857,4.243,7.967,2.601,2.601,2.601,3.157,5.016,9.904,1.0,1.0,1.0,1.0,1.0,1.0,1.0,1.0,1.0,1.0,1.0,1.0,W07_16u_us,us,
aster,ZEN,1,1788364167,1,5.3805,16.72707,11,8,999.936,8931.9093,8931.9093,8931.9093,999.9945,8933.9292,9277.3692,9277.3692,8.364,8.364,13.614,15.635,37.514,504.763,8.364,8.373,15.058,17.287,34.448,264.432,1.0,1.0,1.0,1.0,1.0,0.499,1.0,1.0,1.0,1.0,1.0,0.4778,W07_16u_us,us,
aster,龙虾,1,1788364167,1,0.068116,3.376568,231,165,1602.350267,2634.097001,6033.065761,8031.357156,1040.85735,1985.520104,3123.349859,7507.574923,1.841,3.967,9.728,22.658,53.847,276.686,6.676,6.898,16.622,37.257,75.121,306.453,1.0,1.0,1.0,1.0,1.0,1.0,1.0,1.0,1.0,1.0,1.0,1.0,W07_16u_us,us,
aster,ZRO,1,1788364167,1,1.0232,7.818608,125,242,238.10784,2738.35664,15276.6564,18034.41961,754.91706,1595.18334,1914.28022,2562.73922,9.779,14.803,18.627,24.176,27.237,93.967,4.615,7.077,25.808,119.6,297.991,1039.88,1.0,1.0,1.0,1.0,1.0,1.0,1.0,1.0,1.0,1.0,1.0,1.0,W07_16u_us,us,
binance,AR,1,1788364167,1,2.225,8.988764,543,1000,1449.9505,7888.1564,36160.6243,121301.1068,1990.6232,14671.5494,48098.627,106439.584,6.791,7.89,10.435,13.897,18.923,29.488,7.147,8.068,9.539,11.916,15.269,22.226,1.0,1.0,1.0,1.0,1.0,1.0,1.0,1.0,1.0,1.0,1.0,1.0,W07_16u_us,us,
binance,FET,1,1788364167,1,0.15145,6.602839,581,1000,34318.2277,87024.7006,216016.8833,378451.3052,43751.997,102074.5628,242848.9758,369537.9983,3.301,3.301,3.301,3.301,5.457,8.126,3.301,3.301,3.301,3.301,4.38,7.695,1.0,1.0,1.0,1.0,1.0,1.0,1.0,1.0,1.0,1.0,1.0,1.0,W07_16u_us,us,
binance,KAS,1,1788364167,1,0.027505,3.635703,412,1000,6910.66855,22401.45626,43313.0103,95665.32232,795.23208,10412.06901,32490.46195,75389.65712,4.244,4.849,5.909,7.499,9.415,16.239,3.951,6.812,12.02,15.04,18.211,27.205,1.0,1.0,1.0,1.0,1.0,1.0,1.0,1.0,1.0,1.0,1.0,1.0,W07_16u_us,us,
binance,FIL,1,1788364167,1,0.77045,1.297943,1000,1000,77405.29067,255632.18845,518466.67224,1063775.10039,94977.79893,250160.55444,481415.54686,976698.286726,0.649,0.684,1.442,2.107,2.762,4.325,0.649,0.649,1.401,1.674,1.843,2.855,1.0,1.0,1.0,1.0,1.0,1.0,1.0,1.0,1.0,1.0,1.0,1.0,W07_16u_us,us,
binance,KITE,1,1788364167,1,0.13713,1.45847,1000,1000,1975.2783,12499.59362,35710.71694,87176.4069,10230.45847,23175.56116,48421.51249,105536.01692,3.184,4.661,7.098,10.548,14.62,23.569,1.786,1.987,2.413,2.665,2.848,12.275,1.0,1.0,1.0,1.0,1.0,1.0,1.0,1.0,1.0,1.0,1.0,1.0,W07_16u_us,us,
binance,LDO,1,1788364167,1,0.35885,2.78668,1000,1000,11430.6277,67380.5557,164075.93,378522.8945,15634.6336,69876.8908,171998.6983,314954.6033,3.44,3.81,5.12,6.458,8.106,10.867,1.784,2.982,3.701,4.835,6.615,9.935,1.0,1.0,1.0,1.0,1.0,1.0,1.0,1.0,1.0,1.0,1.0,1.0,W07_16u_us,us,
binance,MAGMA,1,1788364167,1,0.52064,2.304856,1000,1000,6978.09318,15655.84282,29243.58627,71776.61213,3184.12595,12187.45171,33583.78052,82029.5315,2.227,2.266,2.289,3.919,7.756,20.4,2.21,3.246,5.43,8.111,12.446,23.308,1.0,1.0,1.0,1.0,1.0,1.0,1.0,1.0,1.0,1.0,1.0,1.0,W07_16u_us,us,
binance,ONDO,1,1788364167,1,0.34005,2.940744,1000,1000,61208.22183,256641.731,535411.48768,1157058.666,32428.76831,287045.96655,545202.72007,959151.82556,1.47,1.47,1.47,1.47,1.47,2.801,3.024,3.718,4.134,4.272,4.342,5.643,1.0,1.0,1.0,1.0,1.0,1.0,1.0,1.0,1.0,1.0,1.0,1.0,W07_16u_us,us,
binance,POWER,1,1788364167,1,0.08459,4.728691,973,1000,383.72432,2234.86221,5264.80288,10467.82471,344.36376,2891.53302,6429.92078,12053.59007,8.943,12.338,18.603,28.507,47.389,102.081,8.443,10.198,15.104,23.992,42.516,97.301,1.0,1.0,1.0,1.0,1.0,1.0,1.0,1.0,1.0,1.0,1.0,1.0,W07_16u_us,us,
binance,RIVER,1,1788364167,1,1.2925,7.736944,519,1000,3050.1536,18566.574,44965.3873,85275.5298,743.2164,15078.5827,34566.0225,72652.8547,3.868,3.868,3.868,6.884,10.321,17.717,3.868,5.857,9.306,10.456,12.6,20.452,1.0,1.0,1.0,1.0,1.0,1.0,1.0,1.0,1.0,1.0,1.0,1.0,W07_16u_us,us,
binance,RUNE,1,1788364167,1,0.47185,2.119318,608,1000,4977.1194,28385.6105,70987.5954,175118.0034,4821.8832,14042.4771,33366.8483,85500.7252,2.861,3.02,5.453,7.503,10.186,15.504,1.06,2.113,4.583,7.125,11.225,22.724,1.0,1.0,1.0,1.0,1.0,1.0,1.0,1.0,1.0,1.0,1.0,1.0,W07_16u_us,us,
binance,TAO,1,1788364167,1,216.915,0.46101,1000,1000,110932.47079,280988.62377,780334.73894,1927653.16653,60348.19564,247578.18647,852003.91108,1488648.70807,0.231,0.582,1.141,1.674,2.302,3.149,1.136,1.478,2.064,2.619,3.413,4.908,1.0,1.0,1.0,1.0,1.0,1.0,1.0,1.0,1.0,1.0,1.0,1.0,W07_16u_us,us,
binance,UAI,1,1788364167,1,0.5193,3.851338,1000,1000,4747.2575,14923.0829,36577.5183,72194.5794,4255.8433,18869.4354,34565.9356,86260.0336,3.641,4.469,5.254,7.174,10.995,20.845,2.519,3.185,4.642,7.279,10.726,19.028,1.0,1.0,1.0,1.0,1.0,1.0,1.0,1.0,1.0,1.0,1.0,1.0,W07_16u_us,us,
binance,USELESS,1,1788364167,1,0.117215,2.559399,1000,1000,12130.06146,32904.35745,88717.16829,162227.94924,8082.7057,31990.8908,70776.16641,182520.80105,2.114,2.55,3.081,3.46,3.65,9.565,2.145,3.296,4.78,6.216,8.205,14.707,1.0,1.0,1.0,1.0,1.0,1.0,1.0,1.0,1.0,1.0,1.0,1.0,W07_16u_us,us,
binance,WIF,1,1788364167,1,0.19715,5.07228,700,1000,8596.92049,43100.14825,116950.4357,361284.97589,9430.88246,36503.58143,101856.69959,213941.60454,2.536,4.87,6.513,7.061,8.043,12.578,2.536,2.536,2.536,4.021,6.106,11.388,1.0,1.0,1.0,1.0,1.0,1.0,1.0,1.0,1.0,1.0,1.0,1.0,W07_16u_us,us,
binance,XMR,1,1788364167,1,519.185,0.19261,1000,1000,21227.38547,92143.46403,286233.77651,546590.82658,27826.4854,102115.37071,275126.41972,415067.56632,0.54,0.703,1.293,2.465,4.15,6.718,1.093,1.172,1.332,1.388,2.434,5.856,1.0,1.0,1.0,1.0,1.0,1.0,1.0,1.0,1.0,1.0,1.0,1.0,W07_16u_us,us,
binance,ZEC,1,1788364167,1,812.365,0.123097,1000,1000,221092.01154,1364608.47698,3452160.3332,6286698.78428,272463.96442,1132748.63104,2740745.98958,6528763.80534,0.062,0.062,0.59,1.102,1.582,2.124,0.062,0.062,0.062,0.062,0.102,0.743,1.0,1.0,1.0,1.0,1.0,1.0,1.0,1.0,1.0,1.0,1.0,1.0,W07_16u_us,us,
binance,ZEN,1,1788364167,1,5.3805,1.858563,853,1000,6719.0251,39378.4099,89989.6644,217975.8573,2510.4681,27824.4187,94573.9063,191594.8753,3.202,4.217,5.812,7.088,8.591,13.819,2.364,3.939,6.134,8.558,11.076,15.376,1.0,1.0,1.0,1.0,1.0,1.0,1.0,1.0,1.0,1.0,1.0,1.0,W07_16u_us,us,
binance,ZRO,1,1788364167,1,1.02185,2.935852,1000,1000,9612.15776,41088.71585,120509.62305,183188.70234,2962.41324,25944.26971,57948.57022,97500.18152,2.429,2.927,4.526,5.443,6.806,11.335,3.068,3.351,4.698,8.077,12.232,17.541,1.0,1.0,1.0,1.0,1.0,1.0,1.0,1.0,1.0,1.0,1.0,1.0,W07_16u_us,us,
binance,龙虾,1,1788364167,1,0.068122,1.908355,1000,1000,3919.266736,127105.135697,147554.269368,182566.957936,3055.09125,23234.96961,33136.873303,60808.268418,1.926,3.629,5.526,7.502,10.256,14.365,2.673,3.791,6.007,8.445,10.835,17.436,1.0,1.0,1.0,1.0,1.0,1.0,1.0,1.0,1.0,1.0,1.0,1.0,W07_16u_us,us,
bitget,AR,1,1788364167,1,2.2245,4.495392,100,100,748.7274,7730.8015,39726.3721,85044.1351,747.6918,19280.8173,48062.4321,99066.8031,6.323,7.66,11.692,15.506,20.997,28.628,6.311,7.663,10.685,13.21,16.56,22.979,1.0,1.0,1.0,1.0,1.0,1.0,1.0,1.0,1.0,1.0,1.0,1.0,W07_16u_us,us,
bitget,BTW,1,1788364167,1,0.450576,4.460952,100,100,512.527143,3867.465342,10616.634269,19961.743401,1672.708915,5104.798899,8578.936746,19098.811154,4.349,9.339,13.6,19.872,29.584,69.221,5.151,5.466,8.963,12.595,27.459,75.003,1.0,1.0,1.0,1.0,1.0,1.0,1.0,1.0,1.0,1.0,1.0,1.0,W07_16u_us,us,
bitget,FET,1,1788364167,1,0.15145,6.602839,100,100,24343.1691,75118.7759,185732.3199,259326.6372,37919.2981,97307.764,213945.7727,294329.2585,3.301,3.301,4.225,7.064,8.484,9.504,3.301,3.301,3.301,3.301,3.301,5.738,1.0,1.0,1.0,1.0,1.0,1.0,1.0,1.0,1.0,1.0,1.0,1.0,W07_16u_us,us,
bitget,FIL,1,1788364167,1,0.76985,1.298954,100,100,133735.26196,297948.27186,613972.07984,1330942.99399,34396.55649,177917.07708,584659.73346,1123331.34833,1.225,1.587,1.804,1.876,2.757,4.838,1.825,1.887,2.948,4.425,5.785,7.212,1.0,1.0,1.0,1.0,1.0,1.0,1.0,1.0,1.0,1.0,1.0,1.0,W07_16u_us,us,
bitget,KAS,1,1788364167,1,0.0275,7.272727,100,100,1354.8965,20770.71695,54672.1721,101947.50722,1928.58503,14349.96291,50244.37969,92672.52138,6.272,6.772,8.737,11.342,12.944,18.089,3.636,4.355,6.938,8.924,12.455,20.443,1.0,1.0,1.0,1.0,1.0,1.0,1.0,1.0,1.0,1.0,1.0,1.0,W07_16u_us,us,
bitget,KITE,1,1788364167,1,0.137115,9.481093,100,100,1860.94854,6386.69471,33277.45863,70628.5799,1046.47217,4163.73612,32164.69815,68449.1915,5.493,6.883,8.838,13.142,19.999,27.814,6.276,7.882,9.969,16.587,21.968,26.689,1.0,1.0,1.0,1.0,1.0,1.0,1.0,1.0,1.0,1.0,1.0,1.0,W07_16u_us,us,
bitget,LDO,1,1788364167,1,0.35855,2.789011,100,100,26174.39722,40912.60574,86919.17038,149513.79141,3697.10863,30320.77129,78987.77365,153470.80788,3.915,4.049,5.333,6.153,6.563,8.168,3.594,5.283,7.64,9.429,11.931,17.995,1.0,1.0,1.0,1.0,1.0,1.0,1.0,1.0,1.0,1.0,1.0,1.0,W07_16u_us,us,
bitget,MAGMA,1,1788364167,1,0.520415,5.956784,100,100,562.27807,3375.91661,17674.97207,28337.26553,1691.79051,18241.31581,36565.37215,49098.12621,4.867,8.314,13.498,18.934,24.221,37.79,4.828,5.44,7.919,10.543,14.194,20.688,1.0,1.0,1.0,1.0,1.0,1.0,1.0,1.0,1.0,1.0,1.0,1.0,W07_16u_us,us,
bitget,ONDO,1,1788364167,1,0.34005,2.940744,100,100,101846.53075,533555.36113,900204.55731,1669159.16015,86602.33233,475052.56905,839066.67683,1622189.65928,1.47,2.354,3.588,4.0,4.205,4.329,2.785,3.598,4.086,4.249,5.172,6.48,1.0,1.0,1.0,1.0,1.0,1.0,1.0,1.0,1.0,1.0,1.0,1.0,W07_16u_us,us,
bitget,POWER,1,1788364167,1,0.084825,15.32567,100,100,796.66331,3780.72416,8437.66458,18794.11014,223.45111,2109.40667,4983.30896,16139.29934,8.576,8.948,10.382,16.239,28.987,66.166,11.616,15.381,21.405,31.404,44.036,87.013,1.0,1.0,1.0,1.0,1.0,1.0,1.0,1.0,1.0,1.0,1.0,1.0,W07_16u_us,us,
bitget,RIVER,1,1788364167,1,1.292,15.479876,100,100,5258.243,17079.185,39552.97,59100.619,3639.795,17922.249,30705.969,51798.654,7.74,7.74,7.74,7.74,11.407,20.534,7.74,7.74,7.74,9.85,13.604,22.105,1.0,1.0,1.0,1.0,1.0,1.0,1.0,1.0,1.0,1.0,1.0,1.0,W07_16u_us,us,
bitget,RUNE,1,1788364167,1,0.47145,2.121116,100,100,2099.10192,15454.51217,26636.07824,55690.07286,2898.6145,7311.97376,25660.18258,55847.73754,3.466,5.344,8.271,12.491,16.555,25.455,1.061,1.061,4.512,9.371,16.837,30.886,1.0,1.0,1.0,1.0,1.0,1.0,1.0,1.0,1.0,1.0,1.0,1.0,W07_16u_us,us,
bitget,TAO,1,1788364167,1,216.97,2.765359,100,100,62618.57792,857239.82773,1314919.88832,1773649.77282,50088.93391,205273.28466,395847.58439,555020.87045,2.102,2.673,3.653,4.79,5.579,6.739,2.187,2.809,3.613,3.99,4.299,5.303,1.0,1.0,1.0,1.0,1.0,1.0,1.0,1.0,1.0,1.0,1.0,1.0,W07_16u_us,us,
bitget,USELESS,1,1788364167,1,0.1171,8.53971,100,100,2939.06454,27880.5895,60645.20687,99400.57375,458.04128,17958.49995,47638.99947,95763.9724,6.367,6.6,7.105,9.427,12.166,17.657,6.814,8.684,10.296,12.102,14.511,20.532,1.0,1.0,1.0,1.0,1.0,1.0,1.0,1.0,1.0,1.0,1.0,1.0,W07_16u_us,us,
bitget,UAI,1,1788364167,1,0.518655,10.604352,100,100,543.66523,6743.13031,21210.23941,42357.50195,753.63109,7981.94544,22148.44984,29549.21443,7.236,9.211,10.991,13.7,19.287,34.376,6.262,8.013,10.24,14.178,19.392,32.834,1.0,1.0,1.0,1.0,1.0,1.0,1.0,1.0,1.0,1.0,1.0,1.0,W07_16u_us,us,
bitget,WIF,1,1788364167,1,0.19715,5.07228,100,100,7224.2224,45741.37552,145167.43805,292107.28903,8967.51494,41880.18506,191077.89815,283711.01579,4.93,6.269,7.073,7.341,8.88,12.756,5.104,6.356,7.108,7.358,8.01,12.063,1.0,1.0,1.0,1.0,1.0,1.0,1.0,1.0,1.0,1.0,1.0,1.0,W07_16u_us,us,
bitget,XMR,1,1788364167,1,519.355,7.894407,100,100,9045.8581,124461.1639,337416.7587,532438.3668,3118.1873,90195.4665,370598.0744,425945.8345,4.2,4.266,4.634,5.905,7.457,9.093,4.73,4.855,6.266,8.069,10.365,13.309,1.0,1.0,1.0,1.0,1.0,1.0,1.0,1.0,1.0,1.0,1.0,1.0,W07_16u_us,us,
bitget,ZRO,1,1788364167,1,1.02205,4.892129,100,100,1230.651,7141.8016,54233.3476,115834.1802,1800.8899,12665.8542,47452.7344,119801.2562,6.38,7.267,9.405,12.06,18.167,24.161,3.2,3.564,7.137,12.074,15.898,25.896,1.0,1.0,1.0,1.0,1.0,1.0,1.0,1.0,1.0,1.0,1.0,1.0,W07_16u_us,us,
bybit,AR,1,1788364167,1,2.227,8.980692,200,200,524.7254,3889.3349,13149.0339,22135.8178,562.7951,2401.8833,16679.5119,25873.7405,7.573,11.36,16.446,20.44,26.686,56.23,8.433,10.672,15.604,25.066,33.842,50.347,1.0,1.0,1.0,1.0,1.0,1.0,1.0,1.0,1.0,1.0,1.0,1.0,W07_16u_us,us,
bybit,BTW,1,1788364167,1,0.44938,3.560461,200,200,449.0556,2831.2624,7656.7688,12814.3495,764.537,2992.5535,6785.4483,16664.5122,7.537,9.665,14.163,22.135,38.821,54.405,6.838,8.382,12.295,21.518,38.414,76.58,1.0,1.0,1.0,1.0,1.0,0.5479,1.0,1.0,1.0,1.0,1.0,1.0,W07_16u_us,us,
bybit,FIL,1,1788364167,1,0.76995,1.298786,200,200,12746.9774,44609.32075,72711.085,342158.94174,3329.93549,37957.06282,251756.66789,509131.994,2.022,2.634,3.875,5.31,6.786,9.584,2.82,3.046,5.128,7.807,9.423,12.713,1.0,1.0,1.0,1.0,1.0,1.0,1.0,1.0,1.0,1.0,1.0,1.0,W07_16u_us,us,
bybit,KITE,1,1788364167,1,0.137155,15.311144,200,200,1779.48301,2693.67595,4692.68962,9501.74361,377.2432,2132.17104,4077.87773,9238.85178,8.012,8.199,10.936,23.006,52.353,120.188,9.529,11.714,17.661,31.491,56.336,158.007,1.0,1.0,1.0,1.0,1.0,1.0,1.0,1.0,1.0,1.0,1.0,1.0,W07_16u_us,us,
bybit,LDO,1,1788364167,1,0.35855,2.789011,200,200,5269.20384,22737.23376,195883.7155,377125.17798,5863.93799,26080.19253,191819.36477,366815.70853,6.23,6.601,6.998,8.38,11.967,18.218,1.987,3.085,4.352,6.489,9.665,15.789,1.0,1.0,1.0,1.0,1.0,1.0,1.0,1.0,1.0,1.0,1.0,1.0,W07_16u_us,us,
bybit,MAGMA,1,1788364167,1,0.5204,3.843198,200,200,2608.7769,7643.7899,15763.6556,37113.4168,1299.8727,7344.8111,16959.4664,43047.345,5.347,6.349,7.854,10.722,17.457,39.146,4.667,6.671,9.743,13.074,20.091,39.061,1.0,1.0,1.0,1.0,1.0,1.0,1.0,1.0,1.0,1.0,1.0,1.0,W07_16u_us,us,
bybit,KAS,1,1788364167,1,0.027465,3.640998,200,200,4213.8618,21061.2031,48371.1548,122856.7851,1985.0656,13936.8078,41510.3781,76726.0159,5.301,5.381,6.206,8.224,11.233,18.724,4.839,6.48,8.806,11.242,14.648,23.932,1.0,1.0,1.0,1.0,1.0,1.0,1.0,1.0,1.0,1.0,1.0,1.0,W07_16u_us,us,
bybit,ONDO,1,1788364167,1,0.34005,2.940744,200,200,53697.3479,261301.8445,486370.4266,792680.6268,46564.8794,272926.2626,484263.1247,920166.5595,1.47,1.47,1.47,1.47,2.73,4.18,1.47,2.766,3.753,4.082,4.247,5.146,1.0,1.0,1.0,1.0,1.0,1.0,1.0,1.0,1.0,1.0,1.0,1.0,W07_16u_us,us,
bybit,POWER,1,1788364167,1,0.084825,22.399057,200,200,0,737.23203,2026.36287,3204.68142,0,357.15532,1456.81474,5132.77498,16.216,20.56,37.063,88.152,211.726,304.754,20.58,28.159,47.456,70.888,164.464,272.653,1.0,1.0,1.0,1.0,1.0,0.6688,1.0,1.0,1.0,1.0,1.0,0.6751,W07_16u_us,us,
bybit,RIVER,1,1788364167,1,1.2925,7.736944,200,200,12.92,815.9685,2801.0785,5921.8583,386.7363,1968.2681,4476.0458,8765.7378,13.312,17.741,26.388,40.443,77.222,177.56,5.623,8.614,16.325,28.37,60.972,207.829,1.0,1.0,1.0,1.0,1.0,1.0,1.0,1.0,1.0,1.0,1.0,1.0,W07_16u_us,us,
bybit,RUNE,1,1788364167,1,0.4718,4.239084,200,200,312.17348,2348.5226,37106.20877,145811.18586,322.41003,1212.18773,37282.07346,132808.92274,7.14,10.757,16.802,23.937,34.532,41.959,8.895,13.889,23.005,34.266,40.448,44.25,1.0,1.0,1.0,1.0,1.0,1.0,1.0,1.0,1.0,1.0,1.0,1.0,W07_16u_us,us,
bybit,TAO,1,1788364167,1,217.025,0.460776,200,200,36111.71895,219403.56944,502520.25179,1144429.48637,52583.14241,202874.74989,498934.97264,918204.75644,1.142,1.379,2.338,3.351,4.567,6.187,0.612,0.846,1.612,2.59,3.501,5.06,1.0,1.0,1.0,1.0,1.0,1.0,1.0,1.0,1.0,1.0,1.0,1.0,W07_16u_us,us,
bybit,UAI,1,1788364167,1,0.51905,1.926597,200,200,1165.026,3391.2915,8400.343,30327.711,564.5391,1803.0219,4310.0583,33696.2408,4.761,6.166,11.49,19.267,32.673,56.87,5.522,9.022,18.24,32.304,45.516,60.648,1.0,1.0,1.0,1.0,1.0,1.0,1.0,1.0,1.0,1.0,1.0,1.0,W07_16u_us,us,
bybit,WIF,1,1788364167,1,0.19705,5.074854,200,200,8730.494,44703.4373,91771.7902,189757.9056,10564.4246,49272.1406,111970.8905,208254.1731,4.714,6.163,7.033,7.322,8.108,12.257,2.537,3.93,6.139,6.876,7.244,10.836,1.0,1.0,1.0,1.0,1.0,1.0,1.0,1.0,1.0,1.0,1.0,1.0,W07_16u_us,us,
bybit,USELESS,1,1788364167,1,0.117175,0.853424,200,200,4903.6329,24532.44972,53997.99685,166446.34996,2235.2542,20517.3071,53504.54881,205899.25907,4.032,5.013,6.707,7.978,10.74,16.482,2.765,4.337,7.383,10.709,13.229,19.465,1.0,1.0,1.0,1.0,1.0,1.0,1.0,1.0,1.0,1.0,1.0,1.0,W07_16u_us,us,
bybit,XMR,1,1788364167,1,519.525,2.117319,200,200,20386.0841,105205.7853,297045.5519,297045.5519,9821.1785,62728.8577,290522.5561,290522.5561,1.159,1.205,1.233,1.712,2.676,6.25,1.718,2.825,4.559,6.144,7.544,11.034,1.0,1.0,1.0,1.0,1.0,1.0,1.0,1.0,1.0,1.0,1.0,1.0,W07_16u_us,us,
bybit,ZEN,1,1788364167,1,5.3825,1.857873,200,200,187.7156,1727.7416,5879.7993,10745.9006,819.0853,2192.2673,6913.1141,13448.2087,10.016,12.012,20.652,32.431,48.427,108.535,3.861,6.086,13.991,25.846,42.167,77.154,1.0,1.0,1.0,1.0,1.0,1.0,1.0,1.0,1.0,1.0,1.0,1.0,W07_16u_us,us,
bybit,ZRO,1,1788364167,1,1.02185,0.978617,200,200,3974.60168,11554.30581,31711.47126,77822.52755,2943.15186,9004.4962,21321.33087,67955.55908,4.08,5.576,7.528,8.82,14.262,26.707,4.477,6.677,8.249,11.602,16.682,29.415,1.0,1.0,1.0,1.0,1.0,1.0,1.0,1.0,1.0,1.0,1.0,1.0,W07_16u_us,us,
dydx,LDO,1,1788364167,1,0.35885,41.800195,51,49,0,14624.804,17524.94,23325.039,0,17585.9654,17585.9654,23567.2113,20.9,20.9,20.9,20.9,20.9,38.87,20.9,20.9,20.9,20.9,20.9,35.562,1.0,1.0,1.0,1.0,1.0,1.0,1.0,1.0,1.0,1.0,1.0,1.0,W07_16u_us,us,
dydx,FIL,1,1788364167,1,0.77095,47.992736,50,62,0,15168.1902,23868.1323,23868.1323,0,15241.1616,18330.7124,18330.7124,23.996,23.996,23.996,23.996,23.996,33.492,23.996,23.996,23.996,23.996,23.996,57.008,1.0,1.0,1.0,1.0,1.0,1.0,1.0,1.0,1.0,1.0,1.0,1.0,W07_16u_us,us,
dydx,ICP,1,1788364167,1,2.49045,53.404003,49,69,0,0,17236.00676,31435.90466,0,0,22565.32128,36764.85642,26.702,26.702,26.702,26.702,26.702,35.359,26.702,26.702,26.702,26.702,26.702,29.538,1.0,1.0,1.0,1.0,1.0,1.0,1.0,1.0,1.0,1.0,1.0,1.0,W07_16u_us,us,
dydx,MORPHO,1,1788364167,1,2.542,653.029111,16,8,0,0,0,0,0,0,0,0,326.515,326.515,1336.185,1747.951,1953.834,2077.364,1366.641,1503.541,1585.681,1613.061,1626.751,1634.965,1.0,1.0,1.0,1.0,1.0,1.0,1.0,1.0,1.0,1.0,1.0,1.0,W07_16u_us,us,
dydx,RUNE,1,1788364168,1,0.4733,76.061694,36,26,0,0,11699.9045,30259.6144,0,0,11699.9837,27300.0569,38.031,38.031,38.031,38.031,40.323,59.203,38.031,38.031,38.031,39.444,41.907,64.82,1.0,1.0,1.0,1.0,1.0,1.0,1.0,1.0,1.0,1.0,1.0,1.0,W07_16u_us,us,
dydx,ONDO,1,1788364168,1,0.3418,81.919251,56,37,0,0,0.3404,21300.1739,0,0,21300.0216,49700.1223,55.578,55.583,55.586,55.587,55.588,63.131,40.96,40.96,40.96,40.96,40.96,48.493,1.0,1.0,1.0,1.0,1.0,1.0,1.0,1.0,1.0,1.0,1.0,1.0,W07_16u_us,us,
dydx,SPX,1,1788364168,1,0.5514,808.850199,41,32,0,0,0,0,0,0,0,0,727.871,745.691,756.383,759.947,761.729,762.798,404.425,404.425,404.425,404.425,404.425,404.425,1.0,1.0,1.0,1.0,1.0,1.0,1.0,1.0,1.0,1.0,1.0,1.0,W07_16u_us,us,
dydx,TAO,1,1788364168,1,217.335,44.63156,58,55,0,8333.5455,46296.4573,915795.7029,0,50098.6,79730.704,1175705.6993,22.316,22.316,22.316,22.316,23.908,28.925,22.316,22.316,22.316,22.316,22.316,22.316,1.0,1.0,1.0,1.0,1.0,1.0,1.0,1.0,1.0,1.0,1.0,1.0,W07_16u_us,us,
dydx,ZEC,1,1788364168,1,814.355,46.294307,88,58,0,974.964,9503.412,1168005.517,0,334391.244,780695.782,1026377.397,23.147,23.209,24.793,25.321,27.176,44.377,23.147,23.147,23.147,23.147,23.147,24.149,1.0,1.0,1.0,1.0,1.0,1.0,1.0,1.0,1.0,1.0,1.0,1.0,W07_16u_us,us,
dydx,ZEN,1,1788364168,1,5.5315,623.700624,34,33,0,0,0,0,0,0,0,0,311.85,311.85,626.023,738.303,794.443,828.127,311.85,311.85,311.85,311.85,311.85,311.85,1.0,1.0,1.0,1.0,1.0,1.0,1.0,1.0,1.0,1.0,1.0,1.0,W07_16u_us,us,
hl,ONDO,1,1788364169,1,0.340315,0.881536,20,20,37105.42153,37105.42153,37105.42153,37105.42153,34895.801,34895.801,34895.801,34895.801,0.961,1.288,1.648,2.533,3.391,5.193,0.731,1.027,1.52,2.288,2.772,4.186,1.0,1.0,1.0,1.0,1.0,1.0,1.0,1.0,1.0,1.0,1.0,1.0,W07_16u_us,us,
dydx,WIF,1,1788364168,1,0.19717,48.688949,66,55,0,4896.59755,23779.05592,37979.04212,0,7099.9833,36063.81302,64463.73362,24.344,24.344,24.344,24.419,26.41,31.365,24.344,24.344,24.344,24.344,24.788,28.413,1.0,1.0,1.0,1.0,1.0,1.0,1.0,1.0,1.0,1.0,1.0,1.0,W07_16u_us,us,
dydx,XMR,1,1788364168,1,520.565,55.516602,65,38,0,0,249.1776,1253.9283,0,0,1002.2592,1002.2592,39.29,45.05,190.44,267.196,305.575,328.602,27.758,27.841,124.264,156.404,172.475,182.117,1.0,1.0,1.0,1.0,1.0,1.0,1.0,1.0,1.0,1.0,1.0,1.0,W07_16u_us,us,
okx,USELESS,1,1788364169,1,0.117145,4.268215,400,400,853.53668,2786.46549,7342.14082,17680.90098,1053.44189,3190.27292,8091.6965,19688.66224,6.819,8.491,13.918,22.915,37.238,80.695,5.394,7.252,12.025,20.563,34.075,72.128,1.0,1.0,1.0,1.0,1.0,1.0,1.0,1.0,1.0,1.0,1.0,1.0,W07_16u_us,us,
dydx,ZRO,1,1788364169,1,1.023,97.751711,27,26,0,0,2897.228,8691.224,0,0,2896.904,2896.904,48.876,48.876,48.876,65.209,88.744,225.514,48.876,48.876,48.876,73.711,104.101,250.367,1.0,1.0,1.0,1.0,1.0,1.0,1.0,1.0,1.0,1.0,1.0,1.0,W07_16u_us,us,
aster,AR,2,1788364214,1,2.2255,22.466861,11,9,0,2363.8608,10441.9221,11018.4205,0,3653.9034,11736.3666,12320.5586,11.233,11.233,15.165,22.186,25.746,254.596,11.233,11.233,11.624,18.286,23.746,68.782,1.0,1.0,1.0,1.0,1.0,0.4669,1.0,1.0,1.0,1.0,1.0,0.5036,W07_16u_us,us,
aster,BTW,2,1788364214,1,0.44999,11.111358,249,260,2148.22066,14590.05201,21860.55974,47102.99444,3322.75059,9383.55325,24033.55099,51939.69765,5.556,5.67,7.153,9.641,12.585,27.314,5.743,5.761,6.18,8.324,13.734,27.849,1.0,1.0,1.0,1.0,1.0,1.0,1.0,1.0,1.0,1.0,1.0,1.0,W07_16u_us,us,
aster,FIL,2,1788364214,1,0.7715,12.961763,27,27,1210.2387,16489.8107,31740.2566,58661.7432,1686.7428,8000.9933,9488.498,13542.4526,6.481,6.481,13.164,16.303,17.873,25.81,6.481,6.481,10.703,15.073,22.202,114.652,1.0,1.0,1.0,1.0,1.0,1.0,1.0,1.0,1.0,1.0,1.0,1.0,W07_16u_us,us,
aster,FET,2,1788364214,1,0.15155,19.795447,25,34,5335.336,14029.1522,14888.6442,16165.9404,9892.9638,20138.8324,32374.763,44688.2613,9.898,9.898,9.898,9.898,12.972,54.246,9.898,9.898,9.898,9.898,9.975,19.389,1.0,1.0,1.0,1.0,1.0,1.0,1.0,1.0,1.0,1.0,1.0,1.0,W07_16u_us,us,
aster,ICP,2,1788364214,1,2.4895,12.050613,63,125,569.752,21273.148,23783.297,29523.193,647.66,6114.182,11713.067,15758.0,6.025,7.839,11.571,12.815,13.854,20.088,6.025,7.609,12.996,15.536,20.696,76.828,1.0,1.0,1.0,1.0,1.0,1.0,1.0,1.0,1.0,1.0,1.0,1.0,W07_16u_us,us,
aster,KAS,2,1788364214,1,0.027535,32.685673,14,20,0,2801.36015,14868.67709,26659.14817,0,2229.92754,5809.4493,7910.7493,16.343,16.343,18.24,23.887,27.378,48.713,16.343,16.343,19.333,26.917,60.346,298.626,1.0,1.0,1.0,1.0,1.0,1.0,1.0,1.0,1.0,1.0,1.0,1.0,W07_16u_us,us,
aster,KITE,2,1788364214,1,0.137125,0.729262,123,43,2656.46809,9673.41657,12964.77313,16295.28971,999.95196,5094.67023,7352.38562,7352.38562,0.365,0.729,4.579,8.593,13.146,94.962,0.365,0.365,7.555,13.989,77.825,410.339,1.0,1.0,1.0,1.0,1.0,1.0,1.0,1.0,1.0,1.0,1.0,1.0,W07_16u_us,us,
aster,LDO,2,1788364214,1,0.35885,13.933398,49,28,1473.4874,11202.2554,12025.3444,12111.3754,1683.8199,11419.5096,12250.1016,12250.1016,6.967,6.967,9.253,10.896,11.718,140.968,6.967,6.967,9.7,12.513,14.151,190.958,1.0,1.0,1.0,1.0,1.0,1.0,1.0,1.0,1.0,1.0,1.0,1.0,W07_16u_us,us,
aster,MAGMA,2,1788364214,1,0.524685,2.477677,167,85,1613.26831,5290.09313,11238.50724,23509.19085,2622.17484,9836.54164,13456.07687,18621.64255,4.858,6.554,8.821,13.865,23.762,52.994,1.239,1.239,3.038,7.846,13.848,64.778,1.0,1.0,1.0,1.0,1.0,1.0,1.0,1.0,1.0,1.0,1.0,1.0,W07_16u_us,us,
aster,POWER,2,1788364214,1,0.084555,46.123825,38,24,0,1121.06004,1221.08964,1291.15398,0,1121.66625,1221.73977,1396.90025,23.062,23.062,181.154,561.87,1084.398,1084.398,23.062,23.062,157.656,544.312,864.937,864.937,1.0,1.0,1.0,1.0,0.9353,0.3741,1.0,1.0,1.0,1.0,0.8766,0.3506,W07_16u_us,us,
aster,ONDO,2,1788364214,1,0.3403,5.877167,85,238,20852.0038,30692.07024,45320.2508,57565.82426,13378.26116,18916.75425,35732.12323,48470.77157,2.939,2.939,4.297,6.556,7.686,9.351,2.939,2.939,2.939,3.615,4.746,16.425,1.0,1.0,1.0,1.0,1.0,1.0,1.0,1.0,1.0,1.0,1.0,1.0,W07_16u_us,us,
aster,RIVER,2,1788364214,1,1.2925,7.736944,100,155,14.5996,3536.2913,13339.5382,21621.5445,2585.7414,10519.5859,31786.4762,107847.8381,11.379,11.492,14.641,19.248,26.175,56.042,3.868,3.868,3.868,7.606,11.614,20.736,1.0,1.0,1.0,1.0,1.0,1.0,1.0,1.0,1.0,1.0,1.0,1.0,W07_16u_us,us,
aster,SPX,2,1788364214,1,0.5414,25.858884,12,8,0,14168.7926,14168.7926,14168.7926,0,3513.172,7092.5478,7092.5478,12.929,12.929,12.929,17.912,20.962,745.249,12.929,12.929,14.257,22.995,994.121,994.121,1.0,1.0,1.0,1.0,1.0,0.6919,1.0,1.0,1.0,1.0,0.8535,0.3414,W07_16u_us,us,
aster,TAO,2,1788364214,1,217.075,0.46067,107,131,14380.98405,74978.30582,132553.43443,185746.01122,9119.62818,63286.91533,101858.64104,138598.16645,4.328,4.352,4.367,4.908,6.036,8.978,1.037,2.592,4.72,5.746,7.522,10.453,1.0,1.0,1.0,1.0,1.0,1.0,1.0,1.0,1.0,1.0,1.0,1.0,W07_16u_us,us,
aster,UAI,2,1788364214,1,0.5185,11.571842,149,95,4053.2233,7693.9138,50831.4606,59418.9199,2866.165,10819.5287,15117.976,22278.9726,5.786,5.786,5.786,7.464,15.199,21.409,5.786,6.923,8.555,11.142,14.332,45.506,1.0,1.0,1.0,1.0,1.0,1.0,1.0,1.0,1.0,1.0,1.0,1.0,W07_16u_us,us,
aster,USELESS,2,1788364214,1,0.117005,14.529294,47,68,3428.63376,12859.50067,20525.47999,29235.82999,915.40962,6597.05118,22152.44038,37088.55023,7.265,7.265,7.426,10.504,13.158,28.348,7.265,7.556,10.349,13.473,19.269,28.97,1.0,1.0,1.0,1.0,1.0,1.0,1.0,1.0,1.0,1.0,1.0,1.0,W07_16u_us,us,
aster,WIF,2,1788364214,1,0.19735,25.335698,26,24,0,18648.60215,21519.52055,42144.26138,0,1068.56152,7536.87106,12994.81927,12.668,12.668,12.668,12.668,15.767,27.437,12.668,12.668,21.38,24.993,43.36,134.067,1.0,1.0,1.0,1.0,1.0,1.0,1.0,1.0,1.0,1.0,1.0,1.0,W07_16u_us,us,
aster,MORPHO,2,1788364214,1,2.47005,14.169754,28,19,999.90833,2845.86159,2956.26171,2956.26171,999.8431,2642.8018,2642.8018,2642.8018,7.085,7.085,15.307,86.876,173.091,322.287,7.085,7.1,17.779,117.692,209.925,344.114,1.0,1.0,1.0,1.0,1.0,1.0,1.0,1.0,1.0,1.0,1.0,1.0,W07_16u_us,us,
aster,XMR,2,1788364214,1,519.32,3.080952,277,195,15662.51982,48720.45491,76736.30357,129124.66792,11271.66362,26352.04991,61656.73026,115706.52415,1.54,1.603,1.681,1.946,3.854,8.083,2.776,3.121,3.416,3.905,5.876,12.017,1.0,1.0,1.0,1.0,1.0,1.0,1.0,1.0,1.0,1.0,1.0,1.0,W07_16u_us,us,
aster,ZRO,2,1788364214,1,1.0245,11.713031,133,241,138.63606,2914.38974,15306.99706,18481.53469,1510.98894,5375.25276,5934.01724,5934.01724,11.341,15.21,18.383,24.232,28.221,87.139,7.267,7.882,12.596,16.547,118.348,642.441,1.0,1.0,1.0,1.0,1.0,1.0,1.0,1.0,1.0,1.0,1.0,1.0,W07_16u_us,us,
aster,龙虾,2,1788364214,1,0.068279,2.636242,234,160,452.839605,2079.776175,4273.23059,8113.422344,3262.901826,3891.393921,5350.821989,8990.795918,9.024,10.37,14.917,31.031,66.555,295.124,1.318,1.318,1.318,11.034,45.671,276.064,1.0,1.0,1.0,1.0,1.0,1.0,1.0,1.0,1.0,1.0,1.0,1.0,W07_16u_us,us,
aster,ZEN,2,1788364214,1,5.3865,16.708438,11,9,999.9756,8932.4811,8932.4811,8932.4811,2134.2969,10411.9027,10411.9027,10411.9027,8.354,8.354,15.825,18.587,41.284,509.815,8.354,8.354,9.173,11.548,12.953,236.383,1.0,1.0,1.0,1.0,1.0,0.4993,1.0,1.0,1.0,1.0,1.0,0.5235,W07_16u_us,us,
binance,AR,2,1788364214,1,2.2255,4.493372,545,1000,1438.6227,17144.1483,44474.144,126074.8916,1807.8089,21696.0381,51551.5468,107914.3615,3.95,5.345,8.088,10.522,14.278,22.166,5.346,6.043,7.707,9.935,12.848,19.696,1.0,1.0,1.0,1.0,1.0,1.0,1.0,1.0,1.0,1.0,1.0,1.0,W07_16u_us,us,
binance,FET,2,1788364214,1,0.15155,6.598482,582,1000,34717.8893,102823.1227,236860.0385,405099.5333,36650.722,92521.6713,201238.0217,330392.3274,3.299,3.299,4.843,7.37,8.634,9.392,3.299,3.299,3.299,3.299,3.832,7.471,1.0,1.0,1.0,1.0,1.0,1.0,1.0,1.0,1.0,1.0,1.0,1.0,W07_16u_us,us,
binance,FIL,2,1788364214,1,0.77095,1.297101,1000,1000,61798.24746,248819.37607,507516.84067,1099538.62542,97817.82421,235676.80939,520291.72519,1073219.231176,0.649,0.949,1.547,1.746,2.177,3.86,0.649,1.249,1.667,2.008,2.625,3.908,1.0,1.0,1.0,1.0,1.0,1.0,1.0,1.0,1.0,1.0,1.0,1.0,W07_16u_us,us,
binance,KAS,2,1788364214,1,0.02751,7.270084,411,1000,2116.71388,17077.54389,40094.08017,88508.63807,457.86252,9403.39104,31205.94688,74384.94607,4.843,6.057,7.34,9.123,11.099,18.531,5.047,8.198,12.003,14.853,17.796,26.753,1.0,1.0,1.0,1.0,1.0,1.0,1.0,1.0,1.0,1.0,1.0,1.0,W07_16u_us,us,
binance,KITE,2,1788364214,1,0.13705,2.918643,1000,1000,3023.73128,17944.50173,43300.5632,96647.03493,7440.15773,20229.37541,52134.85801,120977.60214,2.189,3.73,6.24,9.37,13.125,20.477,1.459,2.645,4.154,5.589,8.299,16.926,1.0,1.0,1.0,1.0,1.0,1.0,1.0,1.0,1.0,1.0,1.0,1.0,W07_16u_us,us,
binance,LDO,2,1788364214,1,0.35885,2.78668,1000,1000,15094.2688,69405.5232,164483.9641,401489.392,12209.4284,65714.0664,169019.6648,314316.9163,1.708,2.944,3.686,4.877,6.542,9.802,2.464,3.322,4.69,5.884,7.819,10.777,1.0,1.0,1.0,1.0,1.0,1.0,1.0,1.0,1.0,1.0,1.0,1.0,W07_16u_us,us,
binance,MAGMA,2,1788364214,1,0.52456,1.143816,1000,1000,6193.80308,14921.52905,31307.69702,56645.50189,13112.07011,24385.64347,44359.816,92944.53745,1.429,2.085,4.111,6.503,10.1,21.41,2.584,2.817,2.957,4.164,6.535,11.941,1.0,1.0,1.0,1.0,1.0,1.0,1.0,1.0,1.0,1.0,1.0,1.0,W07_16u_us,us,
binance,ONDO,2,1788364214,1,0.34025,2.939015,1000,1000,44539.79349,264265.85633,489553.24742,1042720.2721,65337.16997,341093.2561,586476.62908,974831.05446,1.47,1.47,2.577,3.493,3.951,4.642,1.47,1.47,1.47,1.47,1.548,3.264,1.0,1.0,1.0,1.0,1.0,1.0,1.0,1.0,1.0,1.0,1.0,1.0,W07_16u_us,us,
binance,RIVER,2,1788364214,1,1.2925,7.736944,519,1000,841.738,16930.1328,42243.7988,82556.1911,3056.2641,17004.8384,37684.9382,75846.3088,3.868,5.09,8.999,10.302,13.365,20.201,3.868,3.868,3.868,6.878,9.823,18.022,1.0,1.0,1.0,1.0,1.0,1.0,1.0,1.0,1.0,1.0,1.0,1.0,W07_16u_us,us,
binance,RUNE,2,1788364214,1,0.47185,2.119318,607,1000,5769.9966,29370.7105,76800.882,182430.9848,4980.703,13945.7583,34429.774,84712.8187,2.731,3.566,5.783,7.53,9.867,15.232,2.069,3.115,5.176,7.312,11.45,22.88,1.0,1.0,1.0,1.0,1.0,1.0,1.0,1.0,1.0,1.0,1.0,1.0,W07_16u_us,us,
binance,POWER,2,1788364214,1,0.084585,10.640184,971,1000,246.74755,981.67636,4281.23001,10236.21651,513.91651,2197.78278,5926.87045,11761.10657,9.752,15.823,26.063,36.175,53.252,109.498,7.78,11.226,18.17,26.231,44.506,99.863,1.0,1.0,1.0,1.0,1.0,1.0,1.0,1.0,1.0,1.0,1.0,1.0,W07_16u_us,us,
binance,TAO,2,1788364214,1,216.875,0.461095,1000,1000,98793.86696,310730.85781,852399.80058,1995549.85366,54005.96192,230875.16282,794562.4725,1769811.06621,1.343,1.488,1.84,2.304,2.664,3.462,0.231,0.298,0.698,1.175,2.084,4.054,1.0,1.0,1.0,1.0,1.0,1.0,1.0,1.0,1.0,1.0,1.0,1.0,W07_16u_us,us,
binance,USELESS,2,1788364214,1,0.117045,2.563117,1000,1000,7695.2762,38377.72062,83840.98287,194722.78853,8077.63904,26628.21685,56508.52671,166550.74597,2.197,2.925,4.237,5.472,7.694,10.382,2.12,2.883,3.907,5.318,7.338,14.071,1.0,1.0,1.0,1.0,1.0,1.0,1.0,1.0,1.0,1.0,1.0,1.0,W07_16u_us,us,
binance,UAI,2,1788364214,1,0.51835,1.929198,1000,1000,6166.9705,17276.1506,38818.7806,77766.6975,8880.4986,26421.6662,40458.2208,84536.5945,0.965,0.965,0.965,3.868,7.346,17.668,2.712,2.803,2.857,4.929,7.022,14.141,1.0,1.0,1.0,1.0,1.0,1.0,1.0,1.0,1.0,1.0,1.0,1.0,W07_16u_us,us,
binance,WIF,2,1788364214,1,0.19725,5.069708,701,1000,9045.84181,41626.2421,116005.34891,332747.94524,6384.51314,40190.05418,103092.88368,252395.05512,2.535,2.535,5.017,6.311,7.438,12.107,2.535,2.535,4.782,6.193,8.734,14.145,1.0,1.0,1.0,1.0,1.0,1.0,1.0,1.0,1.0,1.0,1.0,1.0,W07_16u_us,us,
binance,XMR,2,1788364215,1,519.595,0.192458,1000,1000,16074.66729,73536.77217,247680.05478,544830.41237,37583.47248,106098.9038,283914.26707,405144.94736,0.096,0.102,1.565,3.623,5.696,8.891,0.096,0.096,0.548,1.171,1.879,4.785,1.0,1.0,1.0,1.0,1.0,1.0,1.0,1.0,1.0,1.0,1.0,1.0,W07_16u_us,us,
binance,ZEC,2,1788364215,1,812.845,0.123025,1000,1000,185523.51856,893632.81782,3238904.2307,5922660.49407,266417.22302,1350259.93334,2775070.89402,6475452.4294,0.062,0.062,0.38,0.732,1.008,1.845,0.062,0.062,0.062,0.062,0.072,0.508,1.0,1.0,1.0,1.0,1.0,1.0,1.0,1.0,1.0,1.0,1.0,1.0,W07_16u_us,us,
binance,ZEN,2,1788364215,1,5.3865,1.856493,866,1000,5037.1381,36728.8803,96688.2986,190937.7022,8632.1326,49723.161,106540.1032,193636.91,2.969,4.345,5.704,7.029,9.07,15.067,2.775,4.007,5.501,6.325,7.595,11.292,1.0,1.0,1.0,1.0,1.0,1.0,1.0,1.0,1.0,1.0,1.0,1.0,W07_16u_us,us,
binance,龙虾,2,1788364215,1,0.068252,1.318633,1000,1000,2413.884329,18829.840148,147313.957003,187828.213,7464.909269,20468.92384,38491.9564,53476.134022,1.725,2.762,6.083,9.026,11.83,18.606,2.582,3.378,3.857,4.016,6.509,15.872,1.0,1.0,1.0,1.0,1.0,1.0,1.0,1.0,1.0,1.0,1.0,1.0,W07_16u_us,us,
binance,ZRO,2,1788364215,1,1.02345,0.977087,1000,1000,2420.57007,37923.9501,97161.26797,191093.42923,3370.28618,26169.13293,62788.30416,90118.66885,2.936,3.904,6.426,9.218,12.005,15.825,2.373,3.007,5.225,7.771,10.148,15.374,1.0,1.0,1.0,1.0,1.0,1.0,1.0,1.0,1.0,1.0,1.0,1.0,W07_16u_us,us,
bitget,BTW,2,1788364215,1,0.450692,5.458273,100,100,471.050288,3485.024458,9118.214931,19784.614343,246.228778,3917.999774,7773.499877,17912.014333,8.281,12.646,16.116,20.747,30.249,71.534,8.886,10.282,11.292,16.207,31.738,79.76,1.0,1.0,1.0,1.0,1.0,1.0,1.0,1.0,1.0,1.0,1.0,0.9845,W07_16u_us,us,
bitget,FET,2,1788364215,1,0.15145,6.602839,100,100,31107.5276,94543.3981,211116.3647,276136.5148,24847.1312,70873.2759,190491.0233,287037.2347,3.301,3.301,3.301,3.301,3.301,7.082,3.301,3.301,7.043,8.474,9.189,9.665,1.0,1.0,1.0,1.0,1.0,1.0,1.0,1.0,1.0,1.0,1.0,1.0,W07_16u_us,us,
bitget,FIL,2,1788364215,1,0.77035,1.298111,100,100,39463.41042,489111.47006,711755.26023,1354497.05816,34731.18692,187869.0363,621193.62665,1329306.71513,1.224,1.586,2.491,3.217,3.88,5.589,1.384,1.665,3.023,4.431,5.38,6.541,1.0,1.0,1.0,1.0,1.0,1.0,1.0,1.0,1.0,1.0,1.0,1.0,W07_16u_us,us,
bitget,AR,2,1788364215,1,2.224,8.992806,100,100,1120.5896,7779.6175,58251.1047,112059.6312,749.9178,16120.2991,54151.6292,110485.3019,4.496,6.421,10.444,13.957,18.568,25.704,8.561,9.904,13.092,15.539,18.864,26.912,1.0,1.0,1.0,1.0,1.0,1.0,1.0,1.0,1.0,1.0,1.0,1.0,W07_16u_us,us,
bitget,KAS,2,1788364215,1,0.0275,7.272727,100,100,1400.36641,21437.86427,68854.19136,123423.95566,1412.85168,13375.3486,44222.86033,86839.62822,6.461,6.867,8.708,11.233,12.889,17.85,4.018,5.646,8.204,9.697,13.146,21.518,1.0,1.0,1.0,1.0,1.0,1.0,1.0,1.0,1.0,1.0,1.0,1.0,W07_16u_us,us,
bitget,KITE,2,1788364215,1,0.136995,10.949305,100,100,1702.9814,6896.46163,16515.74355,60898.12242,913.46655,4388.61043,24554.1664,55786.00204,6.475,7.365,9.461,13.216,20.19,36.229,6.527,7.803,11.33,16.717,25.892,35.935,1.0,1.0,1.0,1.0,1.0,1.0,1.0,1.0,1.0,1.0,1.0,1.0,W07_16u_us,us,
bitget,LDO,2,1788364215,1,0.35855,2.789011,100,100,4410.14454,20580.73674,85252.1847,149738.29271,1848.96871,45064.70704,90389.67664,164261.74572,3.342,4.557,6.006,8.182,11.27,18.171,5.505,7.126,9.435,10.993,12.284,15.056,1.0,1.0,1.0,1.0,1.0,1.0,1.0,1.0,1.0,1.0,1.0,1.0,W07_16u_us,us,
bitget,MAGMA,2,1788364215,1,0.5241,6.105705,100,100,580.87906,5110.19912,16972.07418,40176.35375,2025.17603,17664.77156,41114.06136,41114.06136,5.531,8.826,14.415,17.852,21.593,36.509,4.62,6.69,9.043,11.89,14.941,20.044,1.0,1.0,1.0,1.0,1.0,1.0,1.0,1.0,1.0,1.0,1.0,1.0,W07_16u_us,us,
bitget,ONDO,2,1788364215,1,0.3402,5.878895,100,100,238827.54139,565117.31379,1170386.79154,1972726.69062,50159.36229,465334.6745,907373.06896,1832714.32237,2.939,2.939,2.939,2.939,2.939,2.939,2.939,2.939,3.502,4.691,5.285,7.32,1.0,1.0,1.0,1.0,1.0,1.0,1.0,1.0,1.0,1.0,1.0,1.0,W07_16u_us,us,
bitget,POWER,2,1788364215,1,0.08489,18.847921,100,100,117.37704,1398.62143,6012.88137,14615.4989,58.96918,2046.23514,8160.36632,14569.60304,13.635,17.166,22.583,32.728,48.049,94.432,11.392,12.27,18.36,26.285,38.101,94.839,1.0,1.0,1.0,1.0,1.0,1.0,1.0,1.0,1.0,1.0,1.0,1.0,W07_16u_us,us,
bitget,RIVER,2,1788364215,1,1.292,15.479876,100,100,5245.333,17332.015,39996.429,59544.078,3619.107,18778.97,29714.387,50807.088,7.74,7.74,7.74,7.74,11.417,20.381,7.74,7.74,7.74,9.882,13.035,21.317,1.0,1.0,1.0,1.0,1.0,1.0,1.0,1.0,1.0,1.0,1.0,1.0,W07_16u_us,us,
bitget,RUNE,2,1788364215,1,0.47145,2.121116,100,100,2715.15586,15942.37097,27123.93704,57670.89789,2720.80139,6933.71261,24805.05104,54992.606,2.636,2.909,5.848,9.915,15.114,24.474,1.061,1.061,4.885,9.527,17.716,31.642,1.0,1.0,1.0,1.0,1.0,1.0,1.0,1.0,1.0,1.0,1.0,1.0,W07_16u_us,us,
bitget,TAO,2,1788364215,1,216.905,2.305157,100,100,213271.33218,698776.03475,1111418.69826,1369046.60626,39367.54873,244271.5156,374392.38009,456587.41128,1.671,2.326,3.396,4.118,4.681,5.495,2.1,2.729,4.062,4.707,5.235,6.292,1.0,1.0,1.0,1.0,1.0,1.0,1.0,1.0,1.0,1.0,1.0,1.0,W07_16u_us,us,
bitget,UAI,2,1788364215,1,0.517665,8.692881,100,100,2048.41678,9455.26092,23704.14436,39870.69956,503.47114,6337.31457,20175.86712,32198.92173,4.346,4.432,6.511,11.8,17.959,31.171,5.961,8.987,12.235,15.169,20.413,34.301,1.0,1.0,1.0,1.0,1.0,1.0,1.0,1.0,1.0,1.0,1.0,1.0,W07_16u_us,us,
bitget,USELESS,2,1788364215,1,0.11696,8.549932,100,100,1861.52269,18877.22702,50365.44334,87557.87676,402.14908,14473.74968,44413.18314,96036.70403,6.653,7.537,8.747,10.449,12.364,18.898,7.734,10.133,12.188,14.244,16.378,22.461,1.0,1.0,1.0,1.0,1.0,1.0,1.0,1.0,1.0,1.0,1.0,1.0,W07_16u_us,us,
bitget,WIF,2,1788364215,1,0.19725,5.069708,100,100,17842.42859,42349.94476,117584.73207,326849.205,8855.17958,70089.52762,195147.08903,295754.61584,2.535,2.535,4.883,6.244,6.924,8.781,5.101,6.353,7.104,7.354,8.063,11.541,1.0,1.0,1.0,1.0,1.0,1.0,1.0,1.0,1.0,1.0,1.0,1.0,W07_16u_us,us,
bitget,XMR,2,1788364215,1,519.585,5.581377,100,100,5923.7192,42498.7225,333243.6824,518422.745,2964.1886,169085.4675,327766.1939,416458.8439,4.62,5.63,6.27,7.686,10.349,12.905,6.209,7.269,8.493,10.051,11.315,12.09,1.0,1.0,1.0,1.0,1.0,1.0,1.0,1.0,1.0,1.0,1.0,1.0,W07_16u_us,us,
bitget,ZRO,2,1788364215,1,1.0236,1.953888,100,100,2812.2522,20259.4468,43455.6686,111899.2182,368.6978,10607.9438,52381.0529,118135.0202,0.977,1.465,5.27,9.949,15.089,19.836,7.16,9.93,12.321,13.976,16.337,22.313,1.0,1.0,1.0,1.0,1.0,1.0,1.0,1.0,1.0,1.0,1.0,1.0,W07_16u_us,us,
bybit,BTW,2,1788364215,1,0.449725,3.780088,200,200,381.9874,3017.3978,6118.0037,12675.0598,859.6135,3355.2617,6481.3728,16288.6271,8.027,10.213,14.376,23.008,41.596,54.988,6.169,7.832,11.982,18.318,34.425,71.436,1.0,1.0,1.0,1.0,1.0,0.539,1.0,1.0,1.0,1.0,1.0,1.0,W07_16u_us,us,
bybit,AR,2,1788364215,1,2.227,8.980692,200,200,588.5856,4202.7539,13406.3879,22290.9287,519.7637,3733.8176,17472.3905,24368.1369,7.519,10.095,14.151,18.591,25.258,55.286,8.199,10.748,14.085,19.386,28.242,50.163,1.0,1.0,1.0,1.0,1.0,1.0,1.0,1.0,1.0,1.0,1.0,1.0,W07_16u_us,us,
bybit,FIL,2,1788364215,1,0.77045,1.297943,200,200,11594.23969,42911.88746,165134.684,425307.90109,8684.62714,37932.89731,225628.78128,462873.60497,1.72,2.823,4.41,6.06,7.793,10.742,2.92,3.082,4.743,6.54,7.968,11.727,1.0,1.0,1.0,1.0,1.0,1.0,1.0,1.0,1.0,1.0,1.0,1.0,W07_16u_us,us,
bybit,KITE,2,1788364215,1,0.137055,18.240852,200,200,215.65552,2314.49033,4565.92972,10833.79874,89.44136,1916.69703,4011.0044,9328.78859,10.643,12.895,18.205,29.211,54.751,124.283,12.355,15.049,20.685,33.802,58.616,164.111,1.0,1.0,1.0,1.0,1.0,1.0,1.0,1.0,1.0,1.0,1.0,1.0,W07_16u_us,us,
bybit,KAS,2,1788364215,1,0.027485,3.638348,200,200,2658.0211,14241.1516,34768.5976,84244.1413,5320.0859,18223.552,33906.2511,98665.8681,5.742,7.419,8.425,10.463,14.399,22.495,5.004,5.231,5.503,7.299,10.323,19.167,1.0,1.0,1.0,1.0,1.0,1.0,1.0,1.0,1.0,1.0,1.0,1.0,W07_16u_us,us,
bybit,LDO,2,1788364215,1,0.3585,5.578801,200,200,7013.19448,27246.23851,235788.13699,428997.44981,3419.20696,22001.60105,198797.08307,373189.31885,2.789,3.997,4.946,6.584,8.308,13.71,4.507,5.043,6.448,8.292,10.782,16.765,1.0,1.0,1.0,1.0,1.0,1.0,1.0,1.0,1.0,1.0,1.0,1.0,W07_16u_us,us,
bybit,MAGMA,2,1788364215,1,0.52435,5.721369,200,200,2634.6311,9654.028,17450.3859,40112.7343,1068.8261,11082.6044,22893.1928,51831.6617,4.58,4.835,6.734,9.02,13.746,34.424,5.401,6.667,9.102,10.749,13.659,28.158,1.0,1.0,1.0,1.0,1.0,1.0,1.0,1.0,1.0,1.0,1.0,1.0,W07_16u_us,us,
bybit,POWER,2,1788364215,1,0.084795,22.406982,200,200,0,596.34056,1320.99391,2865.34174,0,386.40732,1320.32459,3362.53415,16.528,22.506,43.908,98.192,221.042,306.787,19.399,27.121,47.167,72.491,161.015,285.033,1.0,1.0,1.0,1.0,1.0,0.6534,1.0,1.0,1.0,1.0,1.0,0.6796,W07_16u_us,us,
bybit,ONDO,2,1788364215,1,0.34015,2.939879,200,200,68123.2092,311037.5456,563577.1769,923058.0808,34415.6453,262750.7139,464378.2211,904414.4816,1.47,1.47,1.47,1.47,2.572,3.906,4.304,4.357,4.389,4.399,4.405,5.381,1.0,1.0,1.0,1.0,1.0,1.0,1.0,1.0,1.0,1.0,1.0,1.0,W07_16u_us,us,
bybit,RIVER,2,1788364215,1,1.2915,7.742935,200,200,328.3013,1527.3814,3839.9621,6137.9434,64.9876,1341.0824,3506.4182,6669.4581,6.528,11.17,19.678,33.975,70.677,177.135,10.608,13.989,21.818,34.944,68.184,215.654,1.0,1.0,1.0,1.0,1.0,1.0,1.0,1.0,1.0,1.0,1.0,1.0,W07_16u_us,us,
bybit,RUNE,2,1788364215,1,0.4718,8.478169,200,200,644.92774,2586.84386,36038.11896,118494.15743,175.15599,1221.70875,37492.91114,124419.69941,5.542,8.461,15.336,22.768,33.626,41.537,10.077,14.519,22.407,33.136,39.877,44.328,1.0,1.0,1.0,1.0,1.0,1.0,1.0,1.0,1.0,1.0,1.0,1.0,W07_16u_us,us,
bybit,TAO,2,1788364215,1,216.995,0.46084,200,200,39381.34411,216888.12359,566097.96446,1138717.71309,49750.86365,206128.77225,551590.67257,1102495.88502,2.118,2.5,2.961,3.425,4.432,6.599,0.392,0.624,1.521,2.675,3.663,5.351,1.0,1.0,1.0,1.0,1.0,1.0,1.0,1.0,1.0,1.0,1.0,1.0,W07_16u_us,us,
bybit,UAI,2,1788364215,1,0.51785,5.793183,200,200,1430.2903,3143.5783,7674.2782,33130.3584,490.7355,2440.4095,6789.1848,35942.9583,5.677,6.723,10.161,19.766,35.467,56.522,6.835,9.774,16.363,23.102,37.035,56.867,1.0,1.0,1.0,1.0,1.0,1.0,1.0,1.0,1.0,1.0,1.0,1.0,W07_16u_us,us,
bybit,USELESS,2,1788364215,1,0.117015,4.272956,200,200,2052.21695,17579.09007,54673.62758,185222.0312,4912.05055,21338.24759,58192.52473,171929.59364,3.73,5.482,7.96,10.747,13.732,19.816,2.978,2.985,4.187,6.035,9.703,16.916,1.0,1.0,1.0,1.0,1.0,1.0,1.0,1.0,1.0,1.0,1.0,1.0,W07_16u_us,us,
bybit,WIF,2,1788364215,1,0.19715,5.07228,200,200,12104.3397,56449.6997,126126.9582,237057.7703,7875.9322,58610.5403,121885.3681,211459.5248,2.536,2.536,2.536,4.319,5.964,10.129,5.878,6.743,7.262,7.435,8.602,12.294,1.0,1.0,1.0,1.0,1.0,1.0,1.0,1.0,1.0,1.0,1.0,1.0,W07_16u_us,us,
bybit,XMR,2,1788364215,1,519.725,2.501323,200,200,16402.0325,81747.7148,282605.5467,282605.5467,6760.9149,74946.942,292991.9208,292991.9208,2.418,3.229,3.933,4.239,5.36,8.229,2.891,3.633,4.561,5.742,7.975,11.292,1.0,1.0,1.0,1.0,1.0,1.0,1.0,1.0,1.0,1.0,1.0,1.0,W07_16u_us,us,
bybit,ZEN,2,1788364215,1,5.3855,1.856838,200,200,361.734,1995.7901,6456.416,10977.1208,192.9292,2004.9865,6466.0449,26221.3352,6.253,8.533,16.641,29.471,45.945,108.936,8.989,11.423,18.364,29.799,44.42,75.811,1.0,1.0,1.0,1.0,1.0,1.0,1.0,1.0,1.0,1.0,1.0,1.0,W07_16u_us,us,
bybit,ZRO,2,1788364215,1,1.0236,1.953888,200,200,4120.38922,21642.50883,53876.53408,90621.83653,788.82352,12990.01256,39975.50217,110825.24829,2.717,4.412,6.22,7.663,10.345,16.886,5.64,7.799,10.485,11.779,15.991,24.097,1.0,1.0,1.0,1.0,1.0,1.0,1.0,1.0,1.0,1.0,1.0,1.0,W07_16u_us,us,
dydx,LDO,2,1788364215,1,0.3586,55.772448,51,44,0,0,12636.4152,18436.3137,0,0,12871.7232,18671.5832,27.886,27.886,27.886,27.886,27.952,59.271,27.886,27.886,27.886,27.886,27.886,59.24,1.0,1.0,1.0,1.0,1.0,1.0,1.0,1.0,1.0,1.0,1.0,1.0,W07_16u_us,us,
dydx,FIL,2,1788364215,1,0.77105,50.580377,51,63,0,0,18068.0892,18068.0892,0,0,18145.0041,23945.1041,25.29,25.29,25.29,25.29,25.29,57.947,25.29,25.29,25.29,25.29,25.29,34.888,1.0,1.0,1.0,1.0,1.0,1.0,1.0,1.0,1.0,1.0,1.0,1.0,W07_16u_us,us,
dydx,ICP,2,1788364215,1,2.48875,75.138122,41,55,0,0,36477.61695,64877.55603,0,0,22571.28792,36771.22367,37.569,37.569,37.569,37.569,37.569,37.925,37.569,37.569,37.569,37.569,37.569,39.629,1.0,1.0,1.0,1.0,1.0,1.0,1.0,1.0,1.0,1.0,1.0,1.0,W07_16u_us,us,
dydx,MORPHO,2,1788364215,1,2.471,97.126669,16,9,0,0,1000.813,1000.813,0,0,1000.649,1000.649,48.563,48.563,1110.907,1522.673,1728.556,1852.086,48.563,50.969,1152.837,1563.873,1769.391,1892.702,1.0,1.0,1.0,1.0,1.0,1.0,1.0,1.0,1.0,1.0,1.0,1.0,W07_16u_us,us,
dydx,ONDO,2,1788364216,1,0.342,81.871345,51,36,0,0,7100.1476,7100.1476,0,0,14199.9334,42599.9379,40.936,40.936,40.936,40.936,61.081,91.099,40.936,40.936,40.936,40.936,40.936,62.525,1.0,1.0,1.0,1.0,1.0,1.0,1.0,1.0,1.0,1.0,1.0,1.0,W07_16u_us,us,
dydx,RUNE,2,1788364216,1,0.47325,73.956683,34,28,0,0,11699.801,30259.545,0,0,11700.3733,27300.5185,36.978,36.978,36.978,36.978,36.978,55.637,36.978,36.978,36.978,38.391,40.854,63.767,1.0,1.0,1.0,1.0,1.0,1.0,1.0,1.0,1.0,1.0,1.0,1.0,W07_16u_us,us,
dydx,TAO,2,1788364216,1,217.185,54.791998,40,39,0,0,46295.6527,933168.4065,0,0,50098.1112,1075288.0822,27.396,27.396,27.396,27.396,27.396,27.571,27.396,27.396,27.396,27.396,27.396,27.396,1.0,1.0,1.0,1.0,1.0,1.0,1.0,1.0,1.0,1.0,1.0,1.0,W07_16u_us,us,
dydx,SPX,2,1788364216,1,0.55115,800.145151,40,33,0,0,0,0,0,0,0,0,735.122,753.572,764.642,768.332,770.177,771.284,400.073,400.073,400.073,400.073,400.073,400.073,1.0,1.0,1.0,1.0,1.0,1.0,1.0,1.0,1.0,1.0,1.0,1.0,W07_16u_us,us,
dydx,WIF,2,1788364216,1,0.19711,47.689108,58,51,0,16678.69092,23778.67124,37978.73984,0,21856.95926,21856.95926,50256.88267,23.845,23.845,24.048,24.454,24.656,26.101,23.845,23.845,23.845,23.854,24.103,33.851,1.0,1.0,1.0,1.0,1.0,1.0,1.0,1.0,1.0,1.0,1.0,1.0,W07_16u_us,us,
dydx,XMR,2,1788364216,1,524.33,230.770698,68,42,0,0,0,0,0,0,0,0,115.385,115.385,288.6,350.945,382.117,400.82,115.385,115.385,115.385,115.385,115.385,115.385,1.0,1.0,1.0,1.0,1.0,1.0,1.0,1.0,1.0,1.0,1.0,1.0,W07_16u_us,us,
hl,ONDO,2,1788364216,1,0.340435,1.468709,20,20,34347.8939,34347.8939,34347.8939,34347.8939,32861.87115,32861.87115,32861.87115,32861.87115,0.734,0.734,1.033,1.966,2.553,4.411,0.734,0.946,1.726,2.654,3.977,5.13,1.0,1.0,1.0,1.0,1.0,1.0,1.0,1.0,1.0,1.0,1.0,1.0,W07_16u_us,us,
dydx,ZEN,2,1788364216,1,5.385,92.850511,34,37,0,0,1002.32,1002.32,0,0,1000.85,1000.85,46.425,46.425,373.432,484.766,540.433,573.833,46.425,48.507,378.177,488.067,543.012,575.979,1.0,1.0,1.0,1.0,1.0,1.0,1.0,1.0,1.0,1.0,1.0,1.0,W07_16u_us,us,
dydx,ZEC,2,1788364216,1,814.415,41.62497,73,49,0,8371.016,8452.099,753899.112,0,19750.002,745134.431,9444839.287,20.812,20.812,20.812,20.812,25.51,40.373,20.812,20.812,20.812,20.812,20.833,24.767,1.0,1.0,1.0,1.0,1.0,1.0,1.0,1.0,1.0,1.0,1.0,1.0,W07_16u_us,us,
okx,USELESS,2,1788364216,1,0.1169,5.132592,400,400,471.60876,2483.16348,7451.88173,18979.13048,690.40108,3072.1881,7507.26317,17886.06624,6.907,9.042,14.736,22.103,35.532,75.601,6.134,7.947,13.062,20.935,35.395,78.212,1.0,1.0,1.0,1.0,1.0,1.0,1.0,1.0,1.0,1.0,1.0,1.0,W07_16u_us,us,
dydx,ZRO,2,1788364216,1,1.024,117.1875,30,25,0,0,0,8697.308,0,0,0,2897.39,58.594,58.594,58.594,74.888,98.268,236.524,58.594,58.594,58.594,83.431,113.856,257.538,1.0,1.0,1.0,1.0,1.0,1.0,1.0,1.0,1.0,1.0,1.0,1.0,W07_16u_us,us,
aster,AR,3,1788364262,1,2.2215,22.507315,10,9,0,2361.9951,10439.1329,11014.4577,0,14219.8097,14801.5241,15677.1601,11.254,11.254,12.749,25.228,31.745,259.507,11.254,11.254,11.254,11.254,15.443,53.742,1.0,1.0,1.0,1.0,1.0,0.4669,1.0,1.0,1.0,1.0,1.0,0.6263,W07_16u_us,us,
aster,FET,3,1788364262,1,0.15145,19.808518,26,36,2550.6154,10754.652,11614.144,12963.3806,5579.3348,14985.3046,16333.4904,32657.292,9.904,9.904,9.904,13.135,14.821,92.276,9.904,9.904,9.904,9.904,12.827,32.743,1.0,1.0,1.0,1.0,1.0,1.0,1.0,1.0,1.0,1.0,1.0,1.0,W07_16u_us,us,
aster,FIL,3,1788364262,1,0.7705,12.978585,27,27,3478.86,20371.7137,47260.7515,65962.3896,919.032,8964.9704,10450.5545,15248.7416,6.489,6.489,6.489,10.432,14.95,21.566,6.489,7.548,14.7,17.084,20.044,94.212,1.0,1.0,1.0,1.0,1.0,1.0,1.0,1.0,1.0,1.0,1.0,1.0,W07_16u_us,us,
aster,BTW,3,1788364262,1,0.4481,12.050881,200,304,1909.222,9389.73262,17457.38172,40821.56381,6678.51438,12962.41438,24665.52041,40253.79541,6.025,6.025,8.704,11.75,14.782,36.44,6.025,6.025,6.314,6.812,10.507,24.58,1.0,1.0,1.0,1.0,1.0,1.0,1.0,1.0,1.0,1.0,1.0,1.0,W07_16u_us,us,
aster,ICP,3,1788364262,1,2.488,8.038585,62,127,877.722,19972.565,22485.549,27814.664,435.7,8716.396,11995.343,15759.415,4.759,6.888,9.99,11.024,13.475,22.801,7.558,9.808,12.84,16.468,20.119,76.102,1.0,1.0,1.0,1.0,1.0,1.0,1.0,1.0,1.0,1.0,1.0,1.0,W07_16u_us,us,
aster,LDO,3,1788364262,1,0.35845,13.948947,50,25,1415.9646,11142.1611,11786.1927,12050.7835,17120.0336,19352.6546,30224.4414,43537.3459,6.974,6.974,9.392,11.728,13.536,136.589,6.974,6.974,6.974,6.974,6.974,13.408,1.0,1.0,1.0,1.0,1.0,1.0,1.0,1.0,1.0,1.0,1.0,1.0,W07_16u_us,us,
aster,KITE,3,1788364262,1,0.13723,1.457407,129,41,2861.5353,10400.44351,13112.57201,16140.27989,1023.8104,5268.47404,7527.44234,7527.44234,1.307,1.841,4.707,8.633,13.051,91.371,0.729,0.729,6.461,11.748,70.939,401.528,1.0,1.0,1.0,1.0,1.0,1.0,1.0,1.0,1.0,1.0,1.0,1.0,W07_16u_us,us,
aster,MORPHO,3,1788364262,1,2.4699,12.95599,28,20,999.90833,2845.86159,2956.26171,2956.26171,999.9689,2642.72855,2642.72855,2642.72855,6.478,6.478,14.701,86.222,172.468,321.694,6.478,6.49,17.172,117.662,210.227,333.111,1.0,1.0,1.0,1.0,1.0,1.0,1.0,1.0,1.0,1.0,1.0,1.0,W07_16u_us,us,
aster,ONDO,3,1788364262,1,0.3401,5.880623,83,239,19463.98081,30820.14942,41868.05103,57852.40335,13571.14242,19591.26564,26776.34514,44530.73096,2.94,2.94,3.796,6.309,7.565,8.973,2.94,2.94,2.94,3.626,4.753,15.399,1.0,1.0,1.0,1.0,1.0,1.0,1.0,1.0,1.0,1.0,1.0,1.0,W07_16u_us,us,
aster,KAS,3,1788364262,1,0.027525,32.697548,14,20,0,2714.01325,14779.90428,23958.22848,0,2016.84264,5596.36702,7697.66702,16.349,16.349,17.765,23.846,27.364,48.65,16.349,16.349,20.383,27.449,64.791,285.722,1.0,1.0,1.0,1.0,1.0,1.0,1.0,1.0,1.0,1.0,1.0,1.0,W07_16u_us,us,
aster,POWER,3,1788364262,1,0.08432,35.578748,39,26,0,1120.80772,1400.92738,1584.75046,0,1121.26914,1321.35796,1496.47594,17.789,17.789,145.466,522.069,1050.354,1050.354,17.789,17.792,165.585,562.559,886.698,886.698,1.0,1.0,1.0,1.0,0.944,0.3776,1.0,1.0,1.0,1.0,0.8736,0.3495,W07_16u_us,us,
aster,RIVER,3,1788364262,1,1.293,15.467904,100,154,1545.4904,5592.2279,15374.7219,23107.3522,2586.8354,10838.1256,34827.5034,76070.3899,7.734,7.734,10.683,16.08,24.475,50.212,7.734,7.734,7.734,11.47,14.844,24.245,1.0,1.0,1.0,1.0,1.0,1.0,1.0,1.0,1.0,1.0,1.0,1.0,W07_16u_us,us,
aster,MAGMA,3,1788364262,1,0.52576,9.129641,158,90,404.02504,2874.53915,8916.32277,20326.61197,1854.92155,7026.26929,11761.28394,21005.75069,7.761,11.17,14.744,20.76,32.338,67.032,4.565,4.584,7.513,10.194,17.723,68.905,1.0,1.0,1.0,1.0,1.0,1.0,1.0,1.0,1.0,1.0,1.0,1.0,W07_16u_us,us,
aster,SPX,3,1788364262,1,0.54125,24.018476,18,13,0,14168.0935,14168.0935,14168.0935,0,3511.6492,7090.794,7090.794,12.009,12.009,12.95,18.388,21.665,769.436,12.009,12.009,13.858,22.713,721.047,977.214,1.0,1.0,1.0,1.0,1.0,0.7804,1.0,1.0,1.0,1.0,1.0,0.4148,W07_16u_us,us,
aster,UAI,3,1788364262,1,0.5203,11.531809,165,75,3113.3924,6019.1939,50088.9747,74009.7453,2872.9816,11176.0879,14745.9543,34372.8086,5.766,6.508,8.369,11.15,19.18,25.152,5.766,6.89,8.522,11.483,14.9,39.081,1.0,1.0,1.0,1.0,1.0,1.0,1.0,1.0,1.0,1.0,1.0,1.0,W07_16u_us,us,
aster,TAO,3,1788364262,1,216.75,4.61361,105,132,16961.25273,63588.53005,113141.18077,166330.50123,7479.38959,47167.76375,97937.06593,145528.60489,2.307,2.307,2.657,3.642,4.66,7.812,3.114,4.672,6.021,6.929,8.372,11.677,1.0,1.0,1.0,1.0,1.0,1.0,1.0,1.0,1.0,1.0,1.0,1.0,W07_16u_us,us,
aster,USELESS,3,1788364262,1,0.11743,20.437708,51,63,0,10917.70754,20790.40989,42010.85872,0,4783.37848,15502.89049,38090.95609,10.219,10.219,13.544,17.84,19.99,31.537,10.219,10.498,13.279,17.202,22.652,43.057,1.0,1.0,1.0,1.0,1.0,1.0,1.0,1.0,1.0,1.0,1.0,1.0,W07_16u_us,us,
aster,WIF,3,1788364262,1,0.19725,25.348542,25,25,0,17224.79966,34171.66361,49470.5535,0,1068.55699,7539.70665,12997.65486,12.674,12.674,12.674,13.214,18.014,27.647,12.911,15.327,22.59,25.605,45.477,133.541,1.0,1.0,1.0,1.0,1.0,1.0,1.0,1.0,1.0,1.0,1.0,1.0,W07_16u_us,us,
aster,XMR,3,1788364262,1,519.105,5.20126,275,197,17850.30186,49842.5723,71056.49538,123296.44009,9108.67649,27884.94103,66026.91198,120158.09887,2.601,2.664,2.741,2.906,4.384,7.867,2.601,2.601,3.725,4.635,6.576,12.312,1.0,1.0,1.0,1.0,1.0,1.0,1.0,1.0,1.0,1.0,1.0,1.0,W07_16u_us,us,
aster,ZEN,3,1788364262,1,5.3805,16.72707,11,9,1028.9664,8961.0739,8961.0739,8961.0739,999.9945,8934.0023,9277.3787,9277.3787,8.364,8.364,14.599,17.057,38.533,505.113,8.364,8.37,12.827,14.312,31.184,261.725,1.0,1.0,1.0,1.0,1.0,0.5002,1.0,1.0,1.0,1.0,1.0,0.4779,W07_16u_us,us,
aster,ZRO,3,1788364262,1,1.0236,13.677218,128,243,138.60295,2775.26014,15307.72721,18068.51552,754.61962,5929.98523,6109.78023,6349.44783,12.108,15.175,17.54,23.365,26.825,90.141,8.251,9.212,14.164,18.317,109.287,613.05,1.0,1.0,1.0,1.0,1.0,1.0,1.0,1.0,1.0,1.0,1.0,1.0,W07_16u_us,us,
binance,AR,3,1788364262,1,2.2215,4.501463,543,1000,2061.8968,11775.3197,42760.8471,127052.6729,10243.9765,31133.1002,61437.3836,121213.0171,3.096,4.924,6.808,9.031,13.518,25.382,5.71,6.231,6.544,6.648,6.7,12.017,1.0,1.0,1.0,1.0,1.0,1.0,1.0,1.0,1.0,1.0,1.0,1.0,W07_16u_us,us,
binance,FET,3,1788364262,1,0.15145,6.602839,581,1000,37758.5982,108392.4093,235001.253,379686.2125,42999.1665,105563.2279,225922.0378,343605.5103,3.301,3.301,3.301,4.722,7.313,8.868,3.301,3.301,3.301,3.301,3.941,7.519,1.0,1.0,1.0,1.0,1.0,1.0,1.0,1.0,1.0,1.0,1.0,1.0,W07_16u_us,us,
binance,FIL,3,1788364262,1,0.77015,1.298448,1000,1000,77005.56265,235967.12817,486887.7334,1118200.28021,115979.61131,266501.75966,501321.02688,1118323.284696,1.764,1.856,1.911,2.318,2.945,4.254,0.649,0.649,1.171,1.559,1.812,2.993,1.0,1.0,1.0,1.0,1.0,1.0,1.0,1.0,1.0,1.0,1.0,1.0,W07_16u_us,us,
binance,KAS,3,1788364262,1,0.0275,7.272727,410,1000,4650.43758,20042.80771,40956.14692,94671.91289,547.19856,11617.53316,32448.29586,77961.12369,3.636,3.636,5.635,6.706,10.049,17.347,4.338,7.453,11.08,12.812,16.114,25.031,1.0,1.0,1.0,1.0,1.0,1.0,1.0,1.0,1.0,1.0,1.0,1.0,W07_16u_us,us,
aster,龙虾,3,1788364262,1,0.068175,4.107077,232,164,1125.505792,2673.203025,5570.474154,7670.642796,1458.473854,2502.063712,3640.920932,8530.271945,7.524,7.796,13.354,26.065,56.248,277.037,6.008,6.451,11.628,29.056,65.499,302.644,1.0,1.0,1.0,1.0,1.0,1.0,1.0,1.0,1.0,1.0,1.0,1.0,W07_16u_us,us,
binance,KITE,3,1788364262,1,0.13715,2.916515,1000,1000,2237.51398,16863.88374,44904.16001,97949.02824,5117.28977,18539.47046,57401.49383,116222.08615,2.121,2.447,5.809,9.577,13.228,20.652,2.48,3.792,5.15,6.539,10.239,18.351,1.0,1.0,1.0,1.0,1.0,1.0,1.0,1.0,1.0,1.0,1.0,1.0,W07_16u_us,us,
binance,LDO,3,1788364262,1,0.35835,2.790568,1000,1000,16399.7281,76584.3536,173219.8583,418686.3839,26185.3888,78012.7276,162978.6306,320987.7407,1.395,1.874,3.261,3.998,6.081,9.251,2.76,3.473,3.901,4.51,5.743,6.582,1.0,1.0,1.0,1.0,1.0,1.0,1.0,1.0,1.0,1.0,1.0,1.0,W07_16u_us,us,
binance,MAGMA,3,1788364262,1,0.52496,1.904907,1000,1000,4917.23902,16773.06067,37738.51975,55002.61575,3014.63787,18295.39225,35819.04925,102227.82897,1.604,2.86,5.248,6.583,10.257,21.801,1.512,3.062,5.578,8.748,12.017,19.927,1.0,1.0,1.0,1.0,1.0,1.0,1.0,1.0,1.0,1.0,1.0,1.0,W07_16u_us,us,
binance,POWER,3,1788364262,1,0.084335,8.300231,964,1000,425.53613,1585.32719,5109.13378,10536.80326,247.04213,2256.09024,6426.25309,18837.59098,7.006,11.169,20.049,29.906,49.426,94.34,8.975,11.563,17.209,24.941,40.825,78.281,1.0,1.0,1.0,1.0,1.0,1.0,1.0,1.0,1.0,1.0,1.0,1.0,W07_16u_us,us,
binance,ONDO,3,1788364262,1,0.34005,2.940744,1000,1000,32487.55648,213300.9127,524620.0965,1097143.45392,78115.56642,342701.71245,594073.48814,986377.44398,2.041,3.226,3.937,4.174,4.293,5.561,1.47,1.47,1.47,1.47,1.47,2.632,1.0,1.0,1.0,1.0,1.0,1.0,1.0,1.0,1.0,1.0,1.0,1.0,W07_16u_us,us,
binance,RIVER,3,1788364262,1,1.2935,7.730963,520,1000,552.8868,12279.6335,34524.7096,77018.0595,2935.6978,18617.5275,36456.0096,74905.0422,3.865,7.32,9.886,10.741,14.78,22.584,3.865,3.865,3.865,7.059,9.447,17.357,1.0,1.0,1.0,1.0,1.0,1.0,1.0,1.0,1.0,1.0,1.0,1.0,W07_16u_us,us,
binance,RUNE,3,1788364262,1,0.47165,2.120216,601,1000,4105.6397,28655.5128,78764.6183,176614.249,4556.8576,13508.4904,32061.8852,85719.8856,3.603,4.452,5.66,7.886,11.026,16.165,1.644,3.316,5.376,7.194,11.87,22.393,1.0,1.0,1.0,1.0,1.0,1.0,1.0,1.0,1.0,1.0,1.0,1.0,W07_16u_us,us,
binance,UAI,3,1788364263,1,0.5201,3.845414,1000,1000,4365.5633,16416.0809,36574.7507,80225.2843,2697.7659,15065.2143,37189.6594,93083.2657,2.475,3.16,4.379,6.971,10.764,20.137,5.492,6.009,7.598,9.931,13.824,23.027,1.0,1.0,1.0,1.0,1.0,1.0,1.0,1.0,1.0,1.0,1.0,1.0,W07_16u_us,us,
binance,USELESS,3,1788364263,1,0.117545,0.850738,1000,1000,1991.17987,21871.1969,69787.24502,165231.74654,10277.85963,30061.71556,99419.66589,201268.02601,2.462,4.125,7.46,9.346,11.497,16.774,1.197,1.798,2.772,3.704,5.806,11.405,1.0,1.0,1.0,1.0,1.0,1.0,1.0,1.0,1.0,1.0,1.0,1.0,W07_16u_us,us,
binance,TAO,3,1788364263,1,216.595,0.461691,1000,1000,98838.68266,311055.41561,858898.86351,2038011.94451,45786.8464,250368.07387,802477.04311,1501530.24956,1.057,1.13,1.421,1.997,2.917,3.996,0.231,0.231,0.536,1.1,2.154,3.607,1.0,1.0,1.0,1.0,1.0,1.0,1.0,1.0,1.0,1.0,1.0,1.0,W07_16u_us,us,
binance,WIF,3,1788364263,1,0.19715,5.07228,700,1000,9593.48983,41814.73016,114277.32809,363141.76554,5642.06938,34419.62624,108729.10038,247911.20605,2.536,2.536,4.048,5.828,6.921,11.743,2.536,2.536,4.924,6.266,9.15,14.431,1.0,1.0,1.0,1.0,1.0,1.0,1.0,1.0,1.0,1.0,1.0,1.0,W07_16u_us,us,
binance,XMR,3,1788364263,1,519.305,0.192565,1000,1000,17852.14491,90546.36375,264657.50475,548077.59843,21582.03174,103092.6816,269109.49602,410865.38597,0.096,0.096,1.369,2.592,4.803,7.942,0.109,0.319,1.426,3.098,4.301,6.834,1.0,1.0,1.0,1.0,1.0,1.0,1.0,1.0,1.0,1.0,1.0,1.0,W07_16u_us,us,
binance,ZEC,3,1788364263,1,812.595,0.123063,1000,1000,215221.06391,931144.78687,3224270.13786,5896848.95365,262419.576,1117509.72367,3044836.79028,6563227.84236,0.062,0.062,0.062,0.129,0.406,1.178,0.062,0.201,0.461,0.704,0.925,1.569,1.0,1.0,1.0,1.0,1.0,1.0,1.0,1.0,1.0,1.0,1.0,1.0,W07_16u_us,us,
binance,ZEN,3,1788364263,1,5.38,3.717472,855,1000,6753.3749,48236.5446,84224.7046,224025.0403,5151.2317,38789.806,95815.5001,190782.385,3.408,4.492,5.858,6.694,9.212,15.163,3.478,5.072,6.902,8.098,9.598,12.917,1.0,1.0,1.0,1.0,1.0,1.0,1.0,1.0,1.0,1.0,1.0,1.0,W07_16u_us,us,
binance,ZRO,3,1788364263,1,1.02275,0.977756,1000,1000,2541.25215,27383.84877,120192.56247,195419.38389,4798.08808,24969.23673,58102.13953,89236.27133,2.952,4.205,6.694,8.848,10.697,15.17,1.152,2.287,3.951,6.065,8.904,15.75,1.0,1.0,1.0,1.0,1.0,1.0,1.0,1.0,1.0,1.0,1.0,1.0,W07_16u_us,us,
binance,龙虾,3,1788364263,1,0.068166,0.733498,1000,1000,8837.636272,138783.843357,157086.080818,191775.671589,1998.814719,15559.283818,37267.668979,58543.159105,2.33,3.612,5.096,5.89,7.773,13.612,1.476,3.461,6.824,9.253,12.13,21.571,1.0,1.0,1.0,1.0,1.0,1.0,1.0,1.0,1.0,1.0,1.0,1.0,W07_16u_us,us,
bitget,BTW,3,1788364263,1,0.448599,1.025415,100,100,162.732792,2469.965882,6267.376814,15287.247991,258.091432,4104.806861,9224.888175,16341.005307,9.353,13.234,18.282,24.453,38.304,77.963,9.381,13.251,15.754,20.086,30.439,60.635,1.0,1.0,1.0,1.0,1.0,1.0,1.0,1.0,1.0,1.0,1.0,0.7825,W07_16u_us,us,
bitget,AR,3,1788364263,1,2.2215,4.501463,100,100,206.0374,6618.5738,35149.3028,87126.2429,3529.0559,16394.5866,59282.8908,111262.9792,8.97,10.353,14.134,17.195,23.49,31.582,3.174,4.963,6.037,7.721,9.487,17.792,1.0,1.0,1.0,1.0,1.0,1.0,1.0,1.0,1.0,1.0,1.0,1.0,W07_16u_us,us,
bitget,FET,3,1788364263,1,0.15145,6.602839,100,100,21808.0018,69958.9145,188445.6739,266330.9185,37705.3239,92184.9458,212216.5868,294586.5218,8.43,9.167,9.609,9.757,9.831,10.712,3.301,3.301,3.301,3.301,3.301,5.529,1.0,1.0,1.0,1.0,1.0,1.0,1.0,1.0,1.0,1.0,1.0,1.0,W07_16u_us,us,
bitget,FIL,3,1788364263,1,0.76945,1.29963,100,100,242599.03644,299739.30258,622606.34758,1311629.49349,30484.33793,151341.932,519017.88814,1355434.79791,1.533,1.741,1.866,1.908,1.929,1.941,1.542,1.746,2.77,4.564,6.07,7.55,1.0,1.0,1.0,1.0,1.0,1.0,1.0,1.0,1.0,1.0,1.0,1.0,W07_16u_us,us,
bitget,KITE,3,1788364263,1,0.13709,8.753374,100,100,1323.38214,6116.38002,24337.55483,80196.27562,1059.48913,4530.25849,32928.52763,62825.17921,6.298,7.526,10.469,14.405,23.163,34.154,6.187,6.959,10.359,15.85,21.292,26.533,1.0,1.0,1.0,1.0,1.0,1.0,1.0,1.0,1.0,1.0,1.0,1.0,W07_16u_us,us,
bitget,KAS,3,1788364263,1,0.027485,3.638348,100,100,8007.89101,37776.41282,60102.62612,113459.123,2713.91559,13966.62525,50522.23296,110039.55118,6.234,7.665,8.523,8.81,9.675,14.507,5.125,5.51,7.662,10.044,13.773,22.847,1.0,1.0,1.0,1.0,1.0,1.0,1.0,1.0,1.0,1.0,1.0,1.0,W07_16u_us,us,
bitget,LDO,3,1788364263,1,0.3581,5.585032,100,100,6830.34928,68472.11095,93186.75819,157597.21262,734.2004,25771.05083,84194.67562,160401.68926,4.774,5.18,5.423,5.907,8.026,11.103,5.154,7.509,11.122,13.333,15.044,17.611,1.0,1.0,1.0,1.0,1.0,1.0,1.0,1.0,1.0,1.0,1.0,1.0,W07_16u_us,us,
bitget,MAGMA,3,1788364263,1,0.52364,4.20136,100,100,853.01676,11454.69025,33030.5178,62780.47896,805.86238,10926.86167,32899.83298,36387.95973,4.229,6.684,9.399,11.304,16.472,26.179,4.902,7.633,11.883,16.204,18.923,30.633,1.0,1.0,1.0,1.0,1.0,1.0,1.0,1.0,1.0,1.0,1.0,1.0,W07_16u_us,us,
bitget,ONDO,3,1788364263,1,0.33995,2.941609,100,100,107736.27911,579315.32707,1026819.74383,1943667.5133,49454.69878,424581.96325,1014461.8611,1818484.82414,1.471,1.995,3.446,3.929,4.171,4.316,2.747,3.58,4.079,4.246,5.24,6.508,1.0,1.0,1.0,1.0,1.0,1.0,1.0,1.0,1.0,1.0,1.0,1.0,W07_16u_us,us,
bitget,POWER,3,1788364263,1,0.084645,15.358261,100,100,125.00924,2039.87792,5515.49941,12944.76103,816.17683,2639.89903,6261.72201,17519.0744,12.449,15.866,19.967,29.164,43.928,99.685,8.548,9.457,15.578,24.346,39.323,85.005,1.0,1.0,1.0,1.0,1.0,1.0,1.0,1.0,1.0,1.0,1.0,1.0,W07_16u_us,us,
bitget,RIVER,3,1788364263,1,1.293,15.467904,100,100,3162.816,14152.938,31894.748,55560.081,3957.052,16409.529,30607.054,50868.048,7.734,7.734,7.734,10.572,13.824,24.111,7.734,7.734,7.734,9.352,12.411,21.665,1.0,1.0,1.0,1.0,1.0,1.0,1.0,1.0,1.0,1.0,1.0,1.0,W07_16u_us,us,
bitget,RUNE,3,1788364263,1,0.4713,4.243582,100,100,2334.29453,14738.58157,25876.65414,53560.38153,1249.65768,7246.47161,21344.85817,57427.91367,3.861,5.113,6.758,10.8,14.445,23.293,3.305,5.014,8.938,10.834,17.224,32.133,1.0,1.0,1.0,1.0,1.0,1.0,1.0,1.0,1.0,1.0,1.0,1.0,W07_16u_us,us,
bitget,TAO,3,1788364263,1,216.635,2.30803,100,100,200251.22641,831540.51806,1115310.00634,1355672.19828,40329.56123,211086.58407,421308.01624,1026007.45613,1.624,2.291,3.796,5.182,6.526,7.662,2.074,2.537,2.815,3.011,3.236,4.3,1.0,1.0,1.0,1.0,1.0,1.0,1.0,1.0,1.0,1.0,1.0,1.0,W07_16u_us,us,
bitget,UAI,3,1788364263,1,0.519455,8.662926,100,100,1948.20518,8260.84464,20936.7132,40999.1554,506.78129,9251.10286,19737.47889,28533.53765,4.714,6.038,8.065,11.209,17.049,30.76,6.15,8.446,10.377,13.157,17.677,33.067,1.0,1.0,1.0,1.0,1.0,1.0,1.0,1.0,1.0,1.0,1.0,1.0,W07_16u_us,us,
bitget,USELESS,3,1788364263,1,0.117505,5.957193,100,100,64.60425,20090.74389,47010.54444,95920.19962,2590.43897,16774.74823,50320.09136,84297.72685,10.767,11.979,13.142,13.684,16.006,20.368,5.699,7.048,8.28,11.02,14.772,22.262,1.0,1.0,1.0,1.0,1.0,1.0,1.0,1.0,1.0,1.0,1.0,1.0,W07_16u_us,us,
bitget,WIF,3,1788364263,1,0.19725,5.069708,100,100,4599.787,42427.56876,117636.11767,299860.67369,13070.66928,55713.84673,193722.63268,294608.45873,6.713,7.159,7.426,7.918,10.296,13.757,2.535,2.535,4.154,5.879,6.742,10.319,1.0,1.0,1.0,1.0,1.0,1.0,1.0,1.0,1.0,1.0,1.0,1.0,W07_16u_us,us,
bitget,XMR,3,1788364263,1,519.45,5.775339,100,100,4464.3579,117562.1386,336585.1407,472222.9393,4751.4981,88669.1874,332715.0223,408625.6253,3.708,4.811,5.737,6.925,9.563,12.813,4.104,5.665,7.0,7.998,10.348,13.172,1.0,1.0,1.0,1.0,1.0,1.0,1.0,1.0,1.0,1.0,1.0,1.0,W07_16u_us,us,
bitget,ZRO,3,1788364263,1,1.023,3.910068,100,100,940.5307,5141.7443,42209.8445,119400.0006,886.5665,12045.5693,54145.2744,119912.1465,6.001,6.926,9.874,13.39,21.851,30.875,5.754,7.712,10.034,12.348,15.345,24.093,1.0,1.0,1.0,1.0,1.0,1.0,1.0,1.0,1.0,1.0,1.0,1.0,W07_16u_us,us,
bybit,AR,3,1788364263,1,2.2235,4.497414,200,200,414.6975,6479.0097,14201.4231,22574.4873,283.685,3080.165,18412.2008,24476.6597,6.066,8.969,14.314,18.949,25.398,52.147,8.644,10.313,14.934,21.383,26.564,43.612,1.0,1.0,1.0,1.0,1.0,1.0,1.0,1.0,1.0,1.0,1.0,1.0,W07_16u_us,us,
bybit,BTW,3,1788364263,1,0.447655,4.691113,200,200,527.8735,3459.5032,8888.5691,12237.6879,349.4099,2685.675,5657.4223,10179.3317,6.631,8.783,12.954,19.48,30.382,52.894,8.045,10.156,15.111,27.543,47.601,98.753,1.0,1.0,1.0,1.0,1.0,0.6081,1.0,1.0,1.0,1.0,1.0,1.0,W07_16u_us,us,
bybit,KITE,3,1788364263,1,0.13713,17.501641,200,200,84.80919,2029.41119,4230.18961,9962.99693,374.71057,2376.67167,4304.00343,9227.72863,11.073,13.262,18.779,31.579,58.115,128.807,9.873,11.905,16.995,29.858,55.537,161.1,1.0,1.0,1.0,1.0,1.0,1.0,1.0,1.0,1.0,1.0,1.0,1.0,W07_16u_us,us,
bybit,LDO,3,1788364263,1,0.35805,2.792906,200,200,8754.56961,32949.4579,66460.33608,236616.21433,4124.50951,27506.14145,55993.32737,229691.66279,2.102,3.146,4.002,5.492,7.898,12.503,3.863,4.026,5.5,8.128,11.428,16.795,1.0,1.0,1.0,1.0,1.0,1.0,1.0,1.0,1.0,1.0,1.0,1.0,W07_16u_us,us,
bybit,FIL,3,1788364263,1,0.76975,1.299123,200,200,10250.70975,42899.1982,68342.1573,139141.63039,8890.83517,41379.97407,68361.87024,120612.7967,2.339,3.264,5.013,6.137,7.343,10.93,2.571,2.91,4.654,6.579,8.306,11.824,1.0,1.0,1.0,1.0,1.0,1.0,1.0,1.0,1.0,1.0,1.0,1.0,W07_16u_us,us,
bybit,KAS,3,1788364263,1,0.02747,7.28067,200,200,392.0699,13674.3794,37254.0935,122176.7094,835.9496,14672.817,40793.3857,105901.2993,6.387,8.654,10.014,11.948,14.637,22.225,6.855,7.667,9.619,11.317,13.989,22.702,1.0,1.0,1.0,1.0,1.0,1.0,1.0,1.0,1.0,1.0,1.0,1.0,W07_16u_us,us,
bybit,MAGMA,3,1788364263,1,0.52355,5.730112,200,200,613.1386,4898.452,14038.5212,33706.0045,1813.1823,11051.591,23707.7198,48443.6072,7.287,8.679,11.622,15.954,23.753,43.415,2.865,4.778,7.594,10.573,15.306,30.256,1.0,1.0,1.0,1.0,1.0,1.0,1.0,1.0,1.0,1.0,1.0,1.0,W07_16u_us,us,
bybit,ONDO,3,1788364263,1,0.33995,2.941609,200,200,62943.3637,257151.3277,533678.8296,736878.7204,43927.06,235610.3331,497713.1292,794797.3673,1.471,1.471,1.471,2.019,3.216,4.36,1.471,1.471,2.992,3.702,4.057,4.535,1.0,1.0,1.0,1.0,1.0,1.0,1.0,1.0,1.0,1.0,1.0,1.0,W07_16u_us,us,
bybit,POWER,3,1788364263,1,0.08457,21.284143,200,200,0,590.81711,1389.1902,2961.60591,0,582.4926,1212.10947,3008.42326,17.637,23.804,41.567,87.065,194.31,293.56,14.485,22.972,48.332,82.195,177.987,201.973,1.0,1.0,1.0,1.0,1.0,0.7255,1.0,1.0,1.0,1.0,1.0,0.4393,W07_16u_us,us,
bybit,RIVER,3,1788364263,1,1.2925,7.736944,200,200,257.2372,1341.6293,2998.2133,6274.5756,130.8516,1356.7934,4132.5956,8372.6046,7.623,12.599,21.541,36.572,72.981,187.249,9.581,14.381,21.327,32.76,66.415,213.921,1.0,1.0,1.0,1.0,1.0,1.0,1.0,1.0,1.0,1.0,1.0,1.0,W07_16u_us,us,
bybit,TAO,3,1788364263,1,216.725,0.461414,200,200,30583.23517,237991.35999,551645.22127,962805.16844,52057.90455,223318.42958,510371.21284,872536.42189,1.5,1.557,1.834,2.784,4.443,7.069,0.298,0.778,1.504,2.304,2.956,4.506,1.0,1.0,1.0,1.0,1.0,1.0,1.0,1.0,1.0,1.0,1.0,1.0,W07_16u_us,us,
bybit,RUNE,3,1788364263,1,0.4716,8.481764,200,200,348.90339,2143.52173,41234.28506,137416.50385,378.90475,1843.50754,38507.44107,141543.87295,7.91,10.8,17.531,26.716,35.123,40.976,8.058,13.004,20.613,30.927,38.699,43.552,1.0,1.0,1.0,1.0,1.0,1.0,1.0,1.0,1.0,1.0,1.0,1.0,W07_16u_us,us,
bybit,USELESS,3,1788364263,1,0.117525,5.95618,200,200,1386.47724,20978.65896,51064.12891,172562.44176,3925.13477,23176.46431,64476.72996,213830.32126,3.713,5.364,8.472,10.458,12.612,18.497,3.987,5.049,6.324,8.003,10.199,16.548,1.0,1.0,1.0,1.0,1.0,1.0,1.0,1.0,1.0,1.0,1.0,1.0,W07_16u_us,us,
bybit,UAI,3,1788364263,1,0.51965,1.924372,200,200,794.0226,8323.2717,11295.7102,36345.8477,494.5123,1852.8116,4629.9799,42340.8787,5.344,7.397,9.495,11.002,17.128,46.622,6.626,10.452,19.314,31.793,49.974,66.057,1.0,1.0,1.0,1.0,1.0,1.0,1.0,1.0,1.0,1.0,1.0,1.0,W07_16u_us,us,
bybit,WIF,3,1788364263,1,0.19705,5.074854,200,200,10784.7934,48810.9714,121671.778,226990.8377,5636.8755,47466.5609,121350.7922,202119.2778,2.537,2.537,4.503,6.058,6.835,11.01,5.882,6.747,7.266,7.439,9.742,13.63,1.0,1.0,1.0,1.0,1.0,1.0,1.0,1.0,1.0,1.0,1.0,1.0,W07_16u_us,us,
bybit,ZEN,3,1788364263,1,5.379,3.718163,200,200,836.9614,2348.8885,6904.5882,11264.0131,375.7665,1525.6905,6316.7374,13115.011,5.008,7.439,14.975,25.959,40.931,100.17,9.158,12.603,20.7,31.316,46.804,83.112,1.0,1.0,1.0,1.0,1.0,1.0,1.0,1.0,1.0,1.0,1.0,1.0,W07_16u_us,us,
bybit,XMR,3,1788364263,1,519.59,1.924594,200,200,17920.4833,86894.9475,261142.9381,261142.9381,11522.3636,77429.2819,257168.0133,257168.0133,2.572,3.271,3.992,4.329,4.763,7.546,1.647,2.686,4.425,5.53,6.767,9.826,1.0,1.0,1.0,1.0,1.0,1.0,1.0,1.0,1.0,1.0,1.0,1.0,W07_16u_us,us,
bybit,ZRO,3,1788364263,1,1.0228,3.910833,200,200,3905.27421,19047.62008,44905.67806,92959.44272,1329.71225,12936.0172,26759.86529,81362.67715,4.073,5.419,7.179,8.582,10.727,17.739,5.698,7.738,9.419,10.526,12.925,24.535,1.0,1.0,1.0,1.0,1.0,1.0,1.0,1.0,1.0,1.0,1.0,1.0,W07_16u_us,us,
dydx,MORPHO,3,1788364263,1,2.47,97.165992,16,9,0,0,1000.406,1000.406,0,0,1000.246,1000.246,48.583,48.583,1113.927,1526.599,1732.935,1856.737,48.583,51.203,1151.488,1561.574,1766.617,1889.643,1.0,1.0,1.0,1.0,1.0,1.0,1.0,1.0,1.0,1.0,1.0,1.0,W07_16u_us,us,
dydx,ICP,3,1788364263,1,2.4887,61.879696,45,59,0,0,22287.4911,22287.4911,0,0,22561.04334,50960.9573,30.94,30.94,30.94,30.94,30.94,38.645,30.94,30.94,30.94,30.94,30.94,38.046,1.0,1.0,1.0,1.0,1.0,1.0,1.0,1.0,1.0,1.0,1.0,1.0,W07_16u_us,us,
dydx,LDO,3,1788364263,1,0.35815,58.63465,53,47,0,0,2900.0091,8700.1659,0,0,12698.8189,18679.6483,29.317,29.317,29.317,40.997,56.845,97.47,29.317,29.317,29.317,37.56,43.211,67.817,1.0,1.0,1.0,1.0,1.0,1.0,1.0,1.0,1.0,1.0,1.0,1.0,W07_16u_us,us,
dydx,FIL,3,1788364263,1,0.7704,46.728972,53,65,0,18058.6482,18058.6482,35458.658,0,18129.3149,24119.0063,35718.9211,23.364,23.364,23.364,23.364,23.364,33.147,23.364,23.364,23.364,23.364,23.364,32.505,1.0,1.0,1.0,1.0,1.0,1.0,1.0,1.0,1.0,1.0,1.0,1.0,W07_16u_us,us,
dydx,ONDO,3,1788364264,1,0.3417,70.23705,59,36,0,0,7100.106,21300.2454,0,0,21299.9671,49700.1087,35.119,35.119,35.119,35.119,41.849,59.005,35.119,35.119,35.119,35.119,36.83,46.843,1.0,1.0,1.0,1.0,1.0,1.0,1.0,1.0,1.0,1.0,1.0,1.0,W07_16u_us,us,
dydx,SPX,3,1788364264,1,0.5513,805.369128,32,26,0,0,0,0,0,0,0,0,740.901,759.531,770.709,774.435,776.298,777.416,402.685,402.685,402.685,402.685,402.685,402.685,1.0,1.0,1.0,1.0,1.0,1.0,1.0,1.0,1.0,1.0,1.0,1.0,W07_16u_us,us,
dydx,TAO,3,1788364264,1,217.05,36.857867,67,64,0,15431.6518,46296.3634,833051.1214,0,50098.3055,79728.3468,1742908.8384,18.429,18.429,18.429,18.429,18.505,24.362,18.429,18.429,18.429,18.429,18.429,18.429,1.0,1.0,1.0,1.0,1.0,1.0,1.0,1.0,1.0,1.0,1.0,1.0,W07_16u_us,us,
dydx,RUNE,3,1788364264,1,0.47315,78.199303,28,23,0,0,11700.0225,30259.66,0,0,11700.4168,27300.2248,39.1,39.1,39.1,39.1,39.1,58.124,39.1,39.1,39.1,39.571,40.392,62.323,1.0,1.0,1.0,1.0,1.0,1.0,1.0,1.0,1.0,1.0,1.0,1.0,W07_16u_us,us,
dydx,XMR,3,1788364264,1,520.01,76.921598,55,33,0,0,999.7593,999.7593,0,0,1002.2592,1002.2592,38.461,38.461,207.404,266.776,296.462,314.273,38.461,38.729,140.335,174.204,191.139,201.39,1.0,1.0,1.0,1.0,1.0,1.0,1.0,1.0,1.0,1.0,1.0,1.0,W07_16u_us,us,
dydx,ZEC,3,1788364264,1,814.08,38.571148,81,51,0,9343.853,20846.455,1438695.269,0,686868.778,1452834.403,8523670.422,19.286,19.286,19.286,19.286,21.2,39.839,19.286,19.286,19.286,19.286,19.286,19.352,1.0,1.0,1.0,1.0,1.0,1.0,1.0,1.0,1.0,1.0,1.0,1.0,W07_16u_us,us,
dydx,WIF,3,1788364264,1,0.197005,47.206924,48,45,0,16672.97635,30873.05719,30873.05719,0,12016.01409,21850.73241,36050.76685,23.603,23.603,23.603,23.603,23.603,32.394,23.603,23.603,23.603,23.613,23.862,28.646,1.0,1.0,1.0,1.0,1.0,1.0,1.0,1.0,1.0,1.0,1.0,1.0,W07_16u_us,us,
dydx,ZEN,3,1788364264,1,5.3805,98.503857,37,35,0,0,1001.198,1001.198,0,0,1000.295,1000.295,49.252,49.252,377.541,489.393,545.319,578.875,49.252,51.77,378.11,486.89,541.28,573.914,1.0,1.0,1.0,1.0,1.0,1.0,1.0,1.0,1.0,1.0,1.0,1.0,W07_16u_us,us,
hl,ONDO,3,1788364264,1,0.3402,1.175779,20,20,33818.28986,33818.28986,33818.28986,33818.28986,30928.34344,30928.34344,30928.34344,30928.34344,0.588,0.588,0.804,1.713,2.351,4.119,0.763,0.969,1.778,2.431,2.952,4.588,1.0,1.0,1.0,1.0,1.0,1.0,1.0,1.0,1.0,1.0,1.0,1.0,W07_16u_us,us,
okx,USELESS,3,1788364264,1,0.117445,4.257312,400,400,605.1286,2490.82331,7393.76602,17633.39006,690.06642,3339.93159,8273.93895,18689.10545,6.515,8.919,14.889,23.932,37.957,82.223,7.294,9.103,14.196,20.766,33.816,71.783,1.0,1.0,1.0,1.0,1.0,1.0,1.0,1.0,1.0,1.0,1.0,1.0,W07_16u_us,us,
dydx,ZRO,3,1788364264,1,1.025,97.560976,38,28,0,0,2899.86,2899.86,0,0,2900.48,8695.016,48.78,48.78,48.78,73.201,104.648,260.016,48.78,48.78,48.78,65.277,89.902,230.914,1.0,1.0,1.0,1.0,1.0,1.0,1.0,1.0,1.0,1.0,1.0,1.0,W07_16u_us,us,
aster,AR,1,1788378494,1,2.282,8.764242,12,9,297.4424,2180.665,11373.9192,12260.3784,999.954,9903.4476,10202.0636,10801.6428,9.704,13.616,17.071,24.423,29.74,243.82,4.382,4.388,12.969,17.44,19.828,72.816,1.0,1.0,1.0,1.0,1.0,0.5176,1.0,1.0,1.0,1.0,1.0,0.4554,W08_19u_eu,us,
aster,BTW,1,1788378494,1,0.517135,13.72949,297,194,922.96875,2245.35497,12974.36911,37671.09408,327.10266,3662.7413,18811.67238,54249.01915,6.865,7.681,15.222,22.443,30.773,55.693,9.56,12.746,17.148,21.453,24.456,36.003,1.0,1.0,1.0,1.0,1.0,1.0,1.0,1.0,1.0,1.0,1.0,1.0,W08_19u_eu,us,
aster,FIL,1,1788378494,1,0.7985,12.523482,24,25,1339.3632,16540.863,35128.6395,59165.5348,1814.4491,9179.2491,11018.6915,15658.1693,6.262,6.262,12.072,15.428,17.107,25.653,6.262,6.262,9.702,14.243,17.561,90.106,1.0,1.0,1.0,1.0,1.0,1.0,1.0,1.0,1.0,1.0,1.0,1.0,W08_19u_eu,us,
aster,FET,1,1788378494,1,0.15095,19.874131,23,35,6156.8624,15268.1012,16123.4507,27892.3688,1285.5588,10335.1812,12025.7178,12395.7771,9.937,9.937,9.937,9.937,12.479,31.994,9.937,9.937,13.159,14.86,15.711,108.007,1.0,1.0,1.0,1.0,1.0,1.0,1.0,1.0,1.0,1.0,1.0,1.0,W08_19u_eu,us,
aster,ICP,1,1788378494,1,2.478,8.071025,53,136,532.39,17729.059,19812.469,69262.223,471.125,14332.198,18072.225,26981.99,7.071,9.692,13.562,14.954,19.394,30.062,6.807,9.457,11.047,11.577,12.936,36.973,1.0,1.0,1.0,1.0,1.0,1.0,1.0,1.0,1.0,1.0,1.0,1.0,W08_19u_eu,us,
aster,KITE,1,1788378495,1,0.137815,7.981715,72,48,1517.00895,6770.59079,12183.99331,13403.77364,361.83414,4251.71763,6510.96109,6510.96109,3.991,4.896,8.107,14.219,20.014,225.81,7.264,9.256,12.903,18.257,92.023,426.393,1.0,1.0,1.0,1.0,1.0,1.0,1.0,1.0,1.0,1.0,1.0,1.0,W08_19u_eu,us,
aster,LDO,1,1788378495,1,0.36595,13.663069,48,26,1188.1593,10983.5701,11799.8261,11799.8261,1692.2102,11471.1632,12121.2568,12301.8957,6.832,6.832,11.131,13.919,15.84,223.459,6.832,6.832,9.484,12.257,13.643,215.628,1.0,1.0,1.0,1.0,1.0,1.0,1.0,1.0,1.0,1.0,1.0,1.0,W08_19u_eu,us,
aster,KAS,1,1788378495,1,0.02776,21.613833,14,20,0,2725.28195,14145.71779,27783.39927,0,2276.09239,5855.62504,7955.46274,10.807,10.807,12.675,20.087,24.453,46.687,10.807,11.796,15.247,23.834,57.24,273.571,1.0,1.0,1.0,1.0,1.0,1.0,1.0,1.0,1.0,1.0,1.0,1.0,W08_19u_eu,us,
aster,MAGMA,1,1788378495,1,0.53974,14.080854,118,135,2576.69234,5173.38121,12864.61103,16841.00038,320.8574,1925.07873,8000.80219,12542.61215,7.473,8.091,8.461,13.225,25.369,86.059,8.789,11.613,18.242,28.791,40.677,141.594,1.0,1.0,1.0,1.0,1.0,1.0,1.0,1.0,1.0,1.0,1.0,1.0,W08_19u_eu,us,
aster,MORPHO,1,1788378495,1,2.51685,12.316984,26,20,999.83175,10372.52915,10482.80195,10598.72645,999.8048,2672.7537,10172.64054,10172.64054,6.158,6.158,10.687,12.752,13.826,152.305,6.158,6.168,13.314,19.771,23.295,154.798,1.0,1.0,1.0,1.0,1.0,1.0,1.0,1.0,1.0,1.0,1.0,1.0,W08_19u_eu,us,
aster,ONDO,1,1788378495,1,0.3413,5.859947,88,236,17295.94176,29891.74545,32931.10668,55655.61675,10739.77511,16010.33263,21846.51957,31952.28114,2.93,2.93,3.48,4.741,6.765,10.501,2.93,2.93,4.445,5.153,5.826,22.995,1.0,1.0,1.0,1.0,1.0,1.0,1.0,1.0,1.0,1.0,1.0,1.0,W08_19u_eu,us,
aster,POWER,1,1788378495,1,0.087135,30.9864,40,26,0,1124.91306,1224.93581,1568.52983,0,1125.28668,1325.40645,1575.8527,18.075,18.505,142.445,517.775,1057.592,1057.592,16.354,16.497,145.119,545.644,826.426,826.426,1.0,1.0,1.0,1.0,0.954,0.3816,1.0,1.0,1.0,1.0,0.8894,0.3558,W08_19u_eu,us,
aster,RIVER,1,1788378495,1,1.234,16.207455,71,191,1993.8843,10295.7085,16741.4956,22916.3619,2570.035,10279.1203,35710.4137,87105.6158,8.104,8.104,9.739,12.973,18.162,44.068,8.104,8.104,8.104,12.045,16.416,25.93,1.0,1.0,1.0,1.0,1.0,1.0,1.0,1.0,1.0,1.0,1.0,1.0,W08_19u_eu,us,
aster,TAO,1,1788378495,1,216.515,0.461862,114,140,4920.41865,67472.13273,116711.16965,182729.25868,21270.36465,63188.01715,91615.40926,134430.05367,2.827,4.416,7.129,8.161,10.286,12.608,0.231,0.706,1.529,2.115,3.489,7.084,1.0,1.0,1.0,1.0,1.0,1.0,1.0,1.0,1.0,1.0,1.0,1.0,W08_19u_eu,us,
aster,UAI,1,1788378495,1,0.49235,14.217528,63,144,15487.2302,35177.4092,60381.2278,99444.1769,1388.1869,7108.1133,28624.6635,54339.8276,7.109,7.109,8.137,8.639,8.889,9.811,8.526,8.833,11.179,14.341,19.755,26.271,1.0,1.0,1.0,1.0,1.0,1.0,1.0,1.0,1.0,1.0,1.0,1.0,W08_19u_eu,us,
aster,USELESS,1,1788378495,1,0.122465,10.615278,67,63,3835.08153,11144.49121,21787.25775,38122.93396,815.69335,4208.84358,7119.94843,11678.09404,5.308,5.836,6.989,8.623,14.049,30.886,8.374,9.078,12.282,17.265,33.709,270.021,1.0,1.0,1.0,1.0,1.0,1.0,1.0,1.0,1.0,1.0,1.0,1.0,W08_19u_eu,us,
aster,XMR,1,1788378495,1,512.81,4.680096,266,277,5967.49374,20810.78623,36800.21789,71251.23769,4391.32496,23103.23741,53808.18856,67588.76468,2.34,2.34,2.668,3.884,7.08,14.001,2.34,2.607,4.278,6.758,10.435,15.915,1.0,1.0,1.0,1.0,1.0,1.0,1.0,1.0,1.0,1.0,1.0,1.0,W08_19u_eu,us,
aster,WIF,1,1788378495,1,0.197,30.456853,26,25,0,4129.6533,18421.61875,53751.58082,0,6817.48594,9704.61954,15157.30594,15.228,15.228,15.228,17.581,21.481,30.82,15.228,15.228,15.228,17.621,24.135,86.252,1.0,1.0,1.0,1.0,1.0,1.0,1.0,1.0,1.0,1.0,1.0,1.0,W08_19u_eu,us,
aster,ZEN,1,1788378495,1,5.352,37.369208,13,6,0,5290.4768,20719.9913,20719.9913,0,775.8814,775.8814,775.8814,18.685,18.685,19.602,21.012,25.977,278.077,18.685,47.765,257.171,915.13,915.13,915.13,1.0,1.0,1.0,1.0,1.0,0.9761,1.0,1.0,1.0,0.6878,0.3439,0.1376,W08_19u_eu,us,
aster,SPX,1,1788378495,1,0.5314,22.581859,18,13,0,2725.9019,14146.3067,14146.3067,0,3288.6778,6868.0494,6868.0494,11.291,11.291,12.266,19.556,23.892,744.795,11.291,11.291,13.551,21.943,878.484,1027.269,1.0,1.0,1.0,1.0,1.0,0.7774,1.0,1.0,1.0,1.0,1.0,0.4049,W08_19u_eu,us,
aster,ZRO,1,1788378495,1,1.00275,0.997258,97,247,516.15258,2501.90604,10433.00667,11478.96469,8919.94627,9768.17601,10536.99132,10717.53072,1.214,7.744,13.409,20.868,24.645,317.742,0.499,0.499,5.717,7.595,9.534,353.726,1.0,1.0,1.0,1.0,1.0,1.0,1.0,1.0,1.0,1.0,1.0,1.0,W08_19u_eu,us,
aster,龙虾,1,1788378495,1,0.069173,18.359632,235,162,774.013044,1175.234678,5435.040561,10115.003665,656.228286,1312.996818,5073.901788,10866.901585,9.4,11.413,23.116,32.999,47.973,239.384,9.18,12.018,19.509,29.902,51.746,250.343,1.0,1.0,1.0,1.0,1.0,1.0,1.0,1.0,1.0,1.0,1.0,1.0,W08_19u_eu,us,
binance,AR,1,1788378495,0,,,,,,,,,,,,,,,,,,,,,,,,,,,,,,,,,,,,,W08_19u_eu,us,"binance AR: {'code': -1003, 'msg': 'Way too many requests; IP(8.212.10.159) banned until 178"
binance,KAS,1,1788378495,1,0.027745,3.604253,433,1000,6323.57651,20347.22668,41282.52088,97424.38882,6001.16615,18727.34704,38113.22573,75557.8099,1.802,2.501,5.435,7.223,10.05,18.058,1.802,1.802,1.802,3.928,7.912,18.316,1.0,1.0,1.0,1.0,1.0,1.0,1.0,1.0,1.0,1.0,1.0,1.0,W08_19u_eu,us,
binance,FIL,1,1788378495,0,,,,,,,,,,,,,,,,,,,,,,,,,,,,,,,,,,,,,W08_19u_eu,us,"binance FIL: {'code': -1003, 'msg': 'Way too many requests; IP(8.212.10.159) banned until 178"
binance,FET,1,1788378495,1,0.15095,6.62471,577,1000,35750.4818,99887.5799,217374.6293,391306.2242,45271.2996,104092.3909,201099.6492,293698.7499,3.312,3.312,5.618,7.777,8.857,9.505,3.312,3.312,3.312,3.312,3.517,7.369,1.0,1.0,1.0,1.0,1.0,1.0,1.0,1.0,1.0,1.0,1.0,1.0,W08_19u_eu,us,
binance,KITE,1,1788378495,0,,,,,,,,,,,,,,,,,,,,,,,,,,,,,,,,,,,,,W08_19u_eu,us,"binance KITE: {'code': -1003, 'msg': 'Way too many requests; IP(8.212.10.159) banned until 178"
binance,LDO,1,1788378495,0,,,,,,,,,,,,,,,,,,,,,,,,,,,,,,,,,,,,,W08_19u_eu,us,"binance LDO: {'code': -1003, 'msg': 'Way too many requests; IP(8.212.10.159) banned until 178"
binance,MAGMA,1,1788378495,0,,,,,,,,,,,,,,,,,,,,,,,,,,,,,,,,,,,,,W08_19u_eu,us,"binance MAGMA: {'code': -1003, 'msg': 'Way too many requests; IP(8.212.10.159) banned until 178"
binance,ONDO,1,1788378495,1,0.34125,2.930403,1000,1000,51903.2485,232830.768,574091.61187,1071219.39622,60346.00333,305440.80912,627025.76408,978231.95325,1.465,1.465,1.465,1.465,2.724,4.361,1.465,1.465,1.465,1.465,1.702,3.318,1.0,1.0,1.0,1.0,1.0,1.0,1.0,1.0,1.0,1.0,1.0,1.0,W08_19u_eu,us,
binance,POWER,1,1788378495,1,0.087105,5.740199,1000,1000,138.61064,2345.35387,6258.39385,16956.65154,298.40633,2139.63213,6505.86459,12257.00867,9.092,10.0,15.987,25.076,42.378,77.388,9.425,13.273,19.694,28.241,43.308,90.091,1.0,1.0,1.0,1.0,1.0,1.0,1.0,1.0,1.0,1.0,1.0,1.0,W08_19u_eu,us,
binance,RIVER,1,1788378495,1,1.2345,8.100446,474,1000,570.3548,12482.1704,39428.4956,77772.7195,3825.289,19273.357,40504.5928,75822.9937,4.05,7.529,10.302,11.226,14.791,24.162,4.05,4.05,4.05,5.956,9.053,17.13,1.0,1.0,1.0,1.0,1.0,1.0,1.0,1.0,1.0,1.0,1.0,1.0,W08_19u_eu,us,
binance,RUNE,1,1788378495,1,0.47225,2.117522,603,1000,3458.4121,21912.2185,73932.7324,145827.1902,4247.0548,18731.4622,39155.9173,96636.9834,1.778,2.477,5.282,8.057,11.429,17.685,4.036,4.665,6.009,7.649,10.928,19.069,1.0,1.0,1.0,1.0,1.0,1.0,1.0,1.0,1.0,1.0,1.0,1.0,W08_19u_eu,us,
binance,TAO,1,1788378495,1,216.215,0.462503,1000,1000,42026.28498,215594.58,746910.03884,2033295.38852,59628.49265,277838.33283,865624.92229,1859036.42126,0.231,0.231,0.231,0.411,1.34,3.689,0.282,0.488,1.026,1.647,2.416,3.918,1.0,1.0,1.0,1.0,1.0,1.0,1.0,1.0,1.0,1.0,1.0,1.0,W08_19u_eu,us,
binance,UAI,1,1788378495,1,0.49225,2.031488,1000,1000,17332.4794,32773.6179,70473.419,120418.2201,6275.8648,19538.9571,45976.1773,98958.5071,2.897,2.972,4.162,4.62,4.85,7.999,1.717,2.382,3.888,5.89,9.072,17.054,1.0,1.0,1.0,1.0,1.0,1.0,1.0,1.0,1.0,1.0,1.0,1.0,W08_19u_eu,us,
binance,USELESS,1,1788378495,1,0.122475,2.449479,1000,1000,7323.33753,28787.1314,69780.4438,152201.34058,7597.30713,24920.78482,68173.49923,140808.793,1.553,2.135,3.761,5.543,7.713,13.616,2.811,3.571,5.074,6.3,7.907,13.662,1.0,1.0,1.0,1.0,1.0,1.0,1.0,1.0,1.0,1.0,1.0,1.0,W08_19u_eu,us,
binance,WIF,1,1788378495,0,,,,,,,,,,,,,,,,,,,,,,,,,,,,,,,,,,,,,W08_19u_eu,us,"binance WIF: {'code': -1003, 'msg': 'Way too many requests; IP(8.212.10.159) banned until 178"
binance,XMR,1,1788378495,1,513.18,2.728088,1000,1000,31117.48503,94243.99951,179657.4479,680274.15732,7096.66067,27359.8612,72627.58231,301182.46121,1.628,2.063,2.345,3.38,4.029,6.21,2.277,2.599,4.365,6.144,8.312,13.292,1.0,1.0,1.0,1.0,1.0,1.0,1.0,1.0,1.0,1.0,1.0,1.0,W08_19u_eu,us,
binance,ZEC,1,1788378495,0,,,,,,,,,,,,,,,,,,,,,,,,,,,,,,,,,,,,,W08_19u_eu,us,"binance ZEC: {'code': -1003, 'msg': 'Way too many requests; IP(8.212.10.159) banned until 178"
binance,ZEN,1,1788378495,1,5.3445,1.871082,841,1000,4719.2011,29257.0916,97050.7614,223952.4646,4185.1,40443.0479,95987.0433,172147.3372,2.648,3.788,5.444,6.97,9.037,13.949,3.145,4.847,6.45,7.741,9.801,13.917,1.0,1.0,1.0,1.0,1.0,1.0,1.0,1.0,1.0,1.0,1.0,1.0,W08_19u_eu,us,
binance,ZRO,1,1788378495,1,1.00185,0.998153,1000,1000,6389.99515,37568.8541,79027.91483,155477.95599,5423.45126,34736.70188,68486.95414,173062.9125,0.668,1.814,4.162,6.019,8.639,13.261,1.958,3.226,4.812,6.114,8.826,12.155,1.0,1.0,1.0,1.0,1.0,1.0,1.0,1.0,1.0,1.0,1.0,1.0,W08_19u_eu,us,
binance,龙虾,1,1788378495,1,0.068922,4.062563,1000,1000,4952.281583,41974.991639,52681.000966,83863.330541,1140.486657,21466.793455,31508.688039,40355.608908,3.648,4.509,5.685,6.923,9.333,12.155,2.291,4.564,8.256,9.787,10.552,15.502,1.0,1.0,1.0,1.0,1.0,1.0,1.0,1.0,1.0,1.0,1.0,1.0,W08_19u_eu,us,
bitget,FET,1,1788378495,1,0.15085,6.629102,100,100,54155.6138,121547.643,216252.0457,324337.9589,18237.8305,59975.4048,141359.5326,310255.296,3.315,3.315,3.315,3.315,3.315,5.217,7.934,8.939,9.542,9.743,9.843,11.701,1.0,1.0,1.0,1.0,1.0,1.0,1.0,1.0,1.0,1.0,1.0,1.0,W08_19u_eu,us,
bitget,AR,1,1788378495,1,2.28,8.77193,100,100,1938.7019,19564.189,45500.7978,104359.2441,1861.4055,21362.3426,54576.9909,96191.0137,4.386,5.255,8.347,12.427,16.371,20.653,8.334,8.553,9.807,11.483,12.535,19.108,1.0,1.0,1.0,1.0,1.0,1.0,1.0,1.0,1.0,1.0,1.0,1.0,W08_19u_eu,us,
bitget,FIL,1,1788378495,1,0.79735,1.254154,100,100,36305.6149,479691.16418,684748.71007,1435404.75428,29159.70569,234009.70367,637505.53043,1359345.84699,1.448,1.79,2.693,4.061,5.272,6.543,1.434,2.326,3.564,4.235,4.939,6.375,1.0,1.0,1.0,1.0,1.0,1.0,1.0,1.0,1.0,1.0,1.0,1.0,W08_19u_eu,us,
bitget,KAS,1,1788378495,1,0.02774,7.209805,100,100,286.28113,20642.60104,55486.14993,107404.22277,3858.6908,16681.05691,51955.4529,97295.14785,7.861,9.338,11.191,12.805,14.988,18.934,3.605,3.605,4.859,6.859,10.157,17.974,1.0,1.0,1.0,1.0,1.0,1.0,1.0,1.0,1.0,1.0,1.0,1.0,W08_19u_eu,us,
bitget,KITE,1,1788378495,1,0.13759,13.082346,100,100,483.02586,10797.06295,17857.50024,70799.11579,650.76334,3515.20973,37705.17999,77694.04521,6.968,9.937,13.138,15.842,17.596,32.465,7.421,9.203,13.794,18.785,23.475,28.551,1.0,1.0,1.0,1.0,1.0,1.0,1.0,1.0,1.0,1.0,1.0,1.0,W08_19u_eu,us,
bitget,LDO,1,1788378495,1,0.36565,2.734856,100,100,30243.85544,41417.94423,84092.96851,158306.67042,4956.94942,36835.68163,86935.34899,164615.95861,3.345,3.724,4.741,5.789,6.313,7.493,3.843,5.123,6.151,7.824,10.201,15.357,1.0,1.0,1.0,1.0,1.0,1.0,1.0,1.0,1.0,1.0,1.0,1.0,W08_19u_eu,us,
bitget,ONDO,1,1788378495,1,0.34115,2.931262,100,100,225149.80141,558123.84192,1134747.81975,1960720.85933,47373.07621,570268.2779,1014550.67012,1851766.25863,1.466,1.466,1.466,1.466,1.828,3.369,3.336,3.867,4.185,5.08,6.204,6.879,1.0,1.0,1.0,1.0,1.0,1.0,1.0,1.0,1.0,1.0,1.0,1.0,W08_19u_eu,us,
bitget,MAGMA,1,1788378495,1,0.539125,4.637144,100,100,1277.8804,11660.75883,33255.12475,33255.12475,823.18334,7131.49877,31648.14189,41314.30825,4.801,6.513,8.979,11.469,13.966,25.456,3.937,6.651,11.274,14.766,21.253,30.132,1.0,1.0,1.0,1.0,1.0,1.0,1.0,1.0,1.0,1.0,1.0,1.0,W08_19u_eu,us,
bitget,POWER,1,1788378495,1,0.087395,12.586532,100,100,686.4924,2985.84626,9667.94729,22941.7934,224.59886,4833.89876,9602.92653,19422.27051,6.293,8.623,15.336,23.979,34.368,63.337,10.47,12.386,14.856,18.746,28.338,64.254,1.0,1.0,1.0,1.0,1.0,1.0,1.0,1.0,1.0,1.0,1.0,1.0,W08_19u_eu,us,
bitget,RIVER,1,1788378495,1,1.233,16.2206,100,100,4659.424,18817.317,33210.921,60606.274,810.738,10224.937,24885.992,45166.654,8.11,8.11,8.11,8.657,12.484,21.761,8.11,9.651,13.593,15.933,20.132,30.161,1.0,1.0,1.0,1.0,1.0,1.0,1.0,1.0,1.0,1.0,1.0,1.0,W08_19u_eu,us,
bitget,RUNE,1,1788378495,1,0.47195,2.118869,100,100,1394.18973,21267.60466,29309.94691,61279.79468,3206.21562,9084.83793,28797.32374,58402.71419,3.125,5.178,9.203,12.914,15.462,21.077,1.059,1.266,4.58,7.819,13.06,27.399,1.0,1.0,1.0,1.0,1.0,1.0,1.0,1.0,1.0,1.0,1.0,1.0,W08_19u_eu,us,
bitget,TAO,1,1788378495,1,216.285,0.462353,100,100,33944.16699,229540.94273,663542.61021,1007523.91455,77801.39864,230682.03197,364311.99437,658984.30659,1.812,2.143,2.709,3.583,4.989,6.402,1.155,1.56,2.539,3.003,3.235,4.494,1.0,1.0,1.0,1.0,1.0,1.0,1.0,1.0,1.0,1.0,1.0,1.0,W08_19u_eu,us,
bitget,UAI,1,1788378495,1,0.491895,5.082385,100,100,713.79849,11553.41208,37489.87007,40664.05229,734.43532,5279.98366,19693.73377,35745.51356,4.466,7.246,9.142,10.789,15.156,26.075,5.947,8.491,15.574,19.368,24.881,36.879,1.0,1.0,1.0,1.0,1.0,1.0,1.0,1.0,1.0,1.0,1.0,1.0,W08_19u_eu,us,
bitget,USELESS,1,1788378495,1,0.12249,8.163932,100,100,1792.99023,16651.62864,61528.72248,106281.31963,5358.013,20965.66782,59568.11362,101511.91079,4.453,5.539,8.055,10.398,13.983,21.432,4.159,4.684,5.527,7.257,9.126,16.176,1.0,1.0,1.0,1.0,1.0,1.0,1.0,1.0,1.0,1.0,1.0,1.0,W08_19u_eu,us,
bitget,WIF,1,1788378495,1,0.19695,5.077431,100,100,6399.13785,93892.36691,254774.26929,498726.2321,7798.77475,71528.41425,229330.80311,388475.41122,3.506,5.561,6.794,7.205,9.237,11.73,2.539,4.076,6.2,6.908,8.383,12.12,1.0,1.0,1.0,1.0,1.0,1.0,1.0,1.0,1.0,1.0,1.0,1.0,W08_19u_eu,us,
bitget,BTW,1,1788378495,1,0.51819,9.533183,100,100,298.823698,3471.97282,5026.817869,11980.383623,236.4381,1672.781461,5369.545207,10877.157416,8.459,11.192,16.09,23.74,49.493,66.726,10.177,13.509,20.119,27.088,54.504,82.094,1.0,1.0,1.0,1.0,1.0,0.582,1.0,1.0,1.0,1.0,1.0,0.6271,W08_19u_eu,us,
bitget,XMR,1,1788378496,1,513.255,11.105591,100,100,14993.3977,79041.2375,88477.5537,169494.4751,713.925,15974.5726,47479.4517,124037.0059,5.772,6.633,8.44,9.042,9.343,12.06,6.227,8.216,10.109,11.34,14.546,21.192,1.0,1.0,1.0,1.0,1.0,1.0,1.0,1.0,1.0,1.0,1.0,1.0,W08_19u_eu,us,
bitget,ZRO,1,1788378496,1,1.00215,2.993564,100,100,2062.455,14523.6316,82526.8296,164606.4919,362.9791,17036.0398,59025.9906,161248.0914,1.81,3.059,5.717,9.041,14.07,20.07,7.183,10.761,14.015,17.01,20.156,22.902,1.0,1.0,1.0,1.0,1.0,1.0,1.0,1.0,1.0,1.0,1.0,1.0,W08_19u_eu,us,
bybit,AR,1,1788378496,1,2.2835,4.379242,200,200,494.3826,5336.888,13950.9108,18926.2802,338.8402,2546.4755,8476.3678,16564.9565,4.588,7.768,12.613,17.273,23.666,57.913,7.476,11.261,17.529,25.433,36.956,72.741,1.0,1.0,1.0,1.0,1.0,1.0,1.0,1.0,1.0,1.0,1.0,1.0,W08_19u_eu,us,
bybit,BTW,1,1788378496,1,0.51767,3.477119,200,200,2007.1952,4177.4135,6596.864,13831.0687,295.218,2364.3611,7430.89,14728.3173,2.338,4.595,8.086,15.369,35.026,57.89,7.307,10.926,16.559,24.721,39.849,79.525,1.0,1.0,1.0,1.0,1.0,0.6514,1.0,1.0,1.0,1.0,1.0,0.9357,W08_19u_eu,us,
bybit,KITE,1,1788378496,1,0.13765,18.888485,200,200,126.93096,3303.32235,5816.40965,11278.4277,429.73582,2700.40654,5173.99926,8935.60417,10.925,12.407,16.586,22.694,44.054,112.482,9.552,12.021,16.742,25.461,52.811,165.662,1.0,1.0,1.0,1.0,1.0,1.0,1.0,1.0,1.0,1.0,1.0,1.0,W08_19u_eu,us,
bybit,FIL,1,1788378496,1,0.7976,2.507523,200,200,5825.46662,41862.49477,221674.28944,521412.52796,10681.01817,49896.49547,240334.98909,491346.88532,2.857,3.864,5.658,7.087,8.454,11.851,2.941,3.522,4.509,5.389,6.465,9.043,1.0,1.0,1.0,1.0,1.0,1.0,1.0,1.0,1.0,1.0,1.0,1.0,W08_19u_eu,us,
bybit,KAS,1,1788378496,1,0.027705,3.609457,200,200,5495.0556,20366.2945,46727.0466,125735.368,768.0493,10471.7478,31728.4714,99734.005,3.394,4.404,5.01,6.765,10.41,18.769,7.59,9.146,11.238,13.487,17.588,27.9,1.0,1.0,1.0,1.0,1.0,1.0,1.0,1.0,1.0,1.0,1.0,1.0,W08_19u_eu,us,
bybit,MAGMA,1,1788378496,1,0.5395,3.707136,200,200,1121.6023,6507.7438,13026.6623,29972.6956,2147.519,6660.0509,14572.87,26080.8729,3.519,4.476,9.823,13.94,20.671,46.004,3.645,4.361,7.126,11.755,19.322,44.325,1.0,1.0,1.0,1.0,1.0,1.0,1.0,1.0,1.0,1.0,1.0,1.0,W08_19u_eu,us,
bybit,ONDO,1,1788378496,1,0.34125,2.930403,200,200,37942.594,271742.3128,541016.5613,854399.1545,72829.3576,285784.9369,544714.0182,991739.7517,4.258,4.327,4.368,4.382,4.389,5.88,1.465,1.465,1.465,1.465,1.465,3.205,1.0,1.0,1.0,1.0,1.0,1.0,1.0,1.0,1.0,1.0,1.0,1.0,W08_19u_eu,us,
bybit,LDO,1,1788378496,1,0.36565,2.734856,200,200,12924.25505,36644.59768,242180.50741,386479.94953,5246.43413,35407.825,209077.8675,370550.44695,2.825,3.464,3.847,3.975,5.211,10.768,2.581,3.342,4.468,6.731,9.453,13.239,1.0,1.0,1.0,1.0,1.0,1.0,1.0,1.0,1.0,1.0,1.0,1.0,W08_19u_eu,us,
bybit,POWER,1,1788378496,1,0.08736,6.868132,200,200,157.49428,779.54286,1695.97698,3540.55014,0.96135,792.25564,1531.98253,2770.20751,13.414,18.81,36.437,68.17,95.465,192.099,14.975,19.806,43.431,109.431,195.661,195.661,1.0,1.0,1.0,1.0,1.0,0.6647,1.0,1.0,1.0,1.0,0.6994,0.2798,W08_19u_eu,us,
bybit,RIVER,1,1788378496,1,1.2335,8.107013,200,200,358.3098,1147.0365,2806.2897,5095.8824,168.3176,1891.8959,4208.7298,12492.599,6.349,11.744,25.175,44.555,81.379,143.705,9.433,13.595,19.581,31.035,49.667,141.515,1.0,1.0,1.0,1.0,1.0,1.0,1.0,1.0,1.0,1.0,1.0,1.0,W08_19u_eu,us,
bybit,TAO,1,1788378496,1,216.285,0.462353,200,200,33109.34522,205993.46294,531008.01955,1267451.50455,80055.23833,241202.66227,544174.0475,1130135.36637,0.231,0.231,0.356,1.514,2.879,5.645,0.231,0.231,0.981,1.951,2.956,4.222,1.0,1.0,1.0,1.0,1.0,1.0,1.0,1.0,1.0,1.0,1.0,1.0,W08_19u_eu,us,
bybit,RUNE,1,1788378496,1,0.47215,6.353913,200,200,321.50273,2236.15487,25440.19369,150754.50468,395.72998,2532.65106,42772.63642,142589.48506,9.254,13.455,19.914,27.572,36.329,44.395,8.796,12.02,17.064,27.771,36.525,42.099,1.0,1.0,1.0,1.0,1.0,1.0,1.0,1.0,1.0,1.0,1.0,1.0,W08_19u_eu,us,
bybit,UAI,1,1788378496,1,0.4924,4.061738,200,200,9134.1273,11991.8764,17313.1618,63829.9133,1201.1999,3370.8296,6727.6082,46491.1466,5.177,6.65,7.534,7.829,8.386,29.101,4.261,5.658,9.833,19.338,35.009,48.023,1.0,1.0,1.0,1.0,1.0,1.0,1.0,1.0,1.0,1.0,1.0,1.0,W08_19u_eu,us,
bybit,USELESS,1,1788378496,1,0.122405,4.0848,200,200,3960.17218,20209.5621,49850.2052,168174.86773,1726.28351,19704.39692,52891.50939,168146.77385,3.591,4.52,5.853,7.791,11.103,18.677,5.809,7.193,8.882,11.097,13.574,19.962,1.0,1.0,1.0,1.0,1.0,1.0,1.0,1.0,1.0,1.0,1.0,1.0,W08_19u_eu,us,
bybit,WIF,1,1788378496,1,0.19685,5.08001,200,200,13443.9428,73592.0462,155820.0484,236539.1965,12887.6606,53942.1018,122622.8435,219048.7304,5.862,6.741,7.268,7.444,7.532,9.931,2.54,2.54,2.54,4.703,6.162,10.037,1.0,1.0,1.0,1.0,1.0,1.0,1.0,1.0,1.0,1.0,1.0,1.0,W08_19u_eu,us,
bybit,XMR,1,1788378496,1,513.255,0.194835,200,200,8793.601,53892.3129,166814.7169,167509.1685,893.5992,42858.8541,187754.6731,254334.0776,0.097,0.654,1.627,2.333,4.95,11.137,3.432,6.428,8.592,9.752,12.349,15.555,1.0,1.0,1.0,1.0,1.0,1.0,1.0,1.0,1.0,1.0,1.0,1.0,W08_19u_eu,us,
bybit,ZEN,1,1788378496,1,5.3425,1.871783,200,200,378.5023,2001.6248,6888.5415,18103.1281,513.7063,2149.4756,7144.268,11162.2906,8.115,10.18,17.065,28.253,44.837,80.65,5.615,8.132,15.008,26.532,43.278,80.122,1.0,1.0,1.0,1.0,1.0,1.0,1.0,1.0,1.0,1.0,1.0,1.0,W08_19u_eu,us,
bybit,ZRO,1,1788378496,1,1.0014,3.994408,200,200,5341.84468,33243.95474,57798.86596,170075.19248,4567.8036,14885.8231,28416.75399,72420.31498,4.277,4.961,5.841,7.768,9.699,13.64,4.919,5.945,7.849,9.097,12.336,22.029,1.0,1.0,1.0,1.0,1.0,1.0,1.0,1.0,1.0,1.0,1.0,1.0,W08_19u_eu,us,
dydx,FIL,1,1788378496,1,0.79805,46.36301,43,59,0,2899.7604,8888.455,20488.591,0,10011.5484,12911.4732,18711.3792,23.182,23.182,23.182,32.821,45.926,84.821,23.182,23.182,23.182,23.182,23.186,50.318,1.0,1.0,1.0,1.0,1.0,1.0,1.0,1.0,1.0,1.0,1.0,1.0,W08_19u_eu,us,
dydx,ICP,1,1788378496,1,2.4771,37.140204,33,52,0,10090.2725,10090.2725,24289.63522,0,22291.62208,36491.63328,65070.20956,18.57,18.57,18.57,18.57,18.57,42.147,18.57,18.57,18.57,18.57,18.57,21.367,1.0,1.0,1.0,1.0,1.0,1.0,1.0,1.0,1.0,1.0,1.0,1.0,W08_19u_eu,us,
dydx,LDO,1,1788378496,1,0.36605,51.905477,48,41,0,0,12840.6061,18640.6121,0,0,184.234,5984.1775,25.953,25.953,25.953,25.953,25.999,63.838,41.504,46.022,48.732,49.636,74.401,112.694,1.0,1.0,1.0,1.0,1.0,1.0,1.0,1.0,1.0,1.0,1.0,1.0,W08_19u_eu,us,
dydx,MORPHO,1,1788378496,1,2.517,95.351609,16,9,0,0,999.495,999.495,0,0,998.955,998.955,47.676,47.676,1119.269,1531.029,1736.909,1860.437,47.676,50.939,1139.75,1551.202,1756.928,1880.364,1.0,1.0,1.0,1.0,1.0,1.0,1.0,1.0,1.0,1.0,1.0,1.0,W08_19u_eu,us,
dydx,ONDO,1,1788378496,1,0.34215,73.067368,47,33,0,0,14199.8486,42599.7078,0,0,7100.1384,21300.1094,36.534,36.534,36.534,36.534,36.534,57.895,36.534,36.534,36.534,36.534,43.374,60.872,1.0,1.0,1.0,1.0,1.0,1.0,1.0,1.0,1.0,1.0,1.0,1.0,W08_19u_eu,us,
dydx,RUNE,1,1788378496,1,0.47435,61.136292,34,25,0,0,11699.8063,30259.2026,0,0,7799.7894,23399.5606,30.568,30.568,30.568,34.697,42.119,67.297,30.568,30.568,30.568,30.568,39.476,62.111,1.0,1.0,1.0,1.0,1.0,1.0,1.0,1.0,1.0,1.0,1.0,1.0,W08_19u_eu,us,
dydx,TAO,1,1788378496,1,216.51,58.195926,48,52,0,0,16665.936,66764.496,0,0,65532.6473,866399.5743,29.098,29.098,29.098,29.098,29.098,39.507,29.098,29.098,29.098,29.098,29.098,29.098,1.0,1.0,1.0,1.0,1.0,1.0,1.0,1.0,1.0,1.0,1.0,1.0,W08_19u_eu,us,
dydx,SPX,1,1788378496,1,0.54615,624.370594,36,28,0,0,0,0,0,0,0,0,805.834,832.744,848.89,854.272,856.963,858.578,312.185,312.185,312.185,312.185,312.185,312.185,1.0,1.0,1.0,1.0,1.0,1.0,1.0,1.0,1.0,1.0,1.0,1.0,W08_19u_eu,us,
dydx,WIF,1,1788378496,1,0.196835,39.119059,48,41,0,16660.86093,23760.95895,23760.95895,0,21829.58667,36029.61867,64429.52678,19.56,19.56,19.56,19.61,21.17,27.892,19.56,19.56,19.56,19.56,19.56,23.453,1.0,1.0,1.0,1.0,1.0,1.0,1.0,1.0,1.0,1.0,1.0,1.0,W08_19u_eu,us,
dydx,XMR,1,1788378496,1,514.985,297.290212,78,56,0,0,0,0,0,0,0,0,354.647,379.708,394.745,399.757,402.263,403.767,172.529,177.869,325.358,386.715,417.393,435.8,1.0,1.0,1.0,1.0,1.0,1.0,1.0,1.0,1.0,1.0,1.0,1.0,W08_19u_eu,us,
dydx,ZEC,1,1788378496,1,810.615,47.74153,90,60,0,9299.76,9380.475,2935788.944,0,1415380.845,2924654.477,3178631.425,23.871,23.871,23.871,23.871,25.873,42.658,23.871,23.871,23.871,23.871,23.871,23.871,1.0,1.0,1.0,1.0,1.0,1.0,1.0,1.0,1.0,1.0,1.0,1.0,W08_19u_eu,us,
dydx,ZEN,1,1788378496,1,5.3485,80.396373,38,35,0,0,1001.476,1001.476,0,0,998.82,998.82,40.198,40.198,375.94,491.326,549.019,583.635,40.198,43.064,373.4,483.512,538.568,571.602,1.0,1.0,1.0,1.0,1.0,1.0,1.0,1.0,1.0,1.0,1.0,1.0,W08_19u_eu,us,
hl,ONDO,1,1788378497,1,0.34136,1.171783,20,20,44968.36298,44968.36298,44968.36298,44968.36298,43253.11803,43253.11803,43253.11803,43253.11803,0.586,0.586,0.781,1.592,2.114,3.691,0.586,0.787,1.83,3.057,3.867,5.214,1.0,1.0,1.0,1.0,1.0,1.0,1.0,1.0,1.0,1.0,1.0,1.0,W08_19u_eu,us,
okx,USELESS,1,1788378497,1,0.122565,4.079468,400,400,345.36849,2655.93253,6994.21879,15575.76901,431.10856,2602.29482,6264.07072,17775.47908,8.572,10.283,14.853,23.928,38.227,89.595,7.263,10.073,16.162,24.856,38.558,78.908,1.0,1.0,1.0,1.0,1.0,1.0,1.0,1.0,1.0,1.0,1.0,1.0,W08_19u_eu,us,
dydx,ZRO,1,1788378497,1,1.003,59.820538,26,23,0,0,8697.0,20296.71,0,0,2897.28,8697.71,29.91,29.91,29.91,29.91,36.276,114.805,29.91,29.91,29.91,46.751,63.659,153.604,1.0,1.0,1.0,1.0,1.0,1.0,1.0,1.0,1.0,1.0,1.0,1.0,W08_19u_eu,us,
aster,FET,2,1788378542,1,0.15095,19.874131,25,35,6203.7612,15315.0,16170.3495,36665.3287,999.9798,10049.6022,11740.1388,12110.1981,9.937,9.937,9.937,9.937,12.448,29.562,9.937,9.944,13.915,15.238,15.9,112.249,1.0,1.0,1.0,1.0,1.0,1.0,1.0,1.0,1.0,1.0,1.0,1.0,W08_19u_eu,us,
aster,AR,2,1788378542,1,2.2805,21.925016,11,9,0,2693.9714,10490.1196,11376.5788,0,2526.4485,10623.2771,11222.8563,10.963,10.963,15.352,21.753,25.128,254.351,10.963,10.963,16.648,22.556,25.529,76.999,1.0,1.0,1.0,1.0,1.0,0.4819,1.0,1.0,1.0,1.0,1.0,0.4719,W08_19u_eu,us,
aster,FIL,2,1788378542,1,0.7985,12.523482,24,25,1339.5228,19533.3591,29138.9076,53175.8029,1914.0844,9278.5644,11118.0068,15757.4846,6.262,6.262,12.071,15.428,17.107,22.649,6.262,6.262,9.203,13.994,17.312,69.511,1.0,1.0,1.0,1.0,1.0,1.0,1.0,1.0,1.0,1.0,1.0,1.0,W08_19u_eu,us,
aster,BTW,2,1788378542,1,0.5158,16.673129,275,210,949.82691,2425.25989,13147.50939,21495.36134,163.13816,8517.1621,16326.4396,53281.07512,8.337,8.815,15.292,23.667,31.329,58.26,11.215,14.023,16.481,17.825,20.38,41.702,1.0,1.0,1.0,1.0,1.0,1.0,1.0,1.0,1.0,1.0,1.0,1.0,W08_19u_eu,us,
aster,KAS,2,1788378542,1,0.02776,21.613833,14,20,0,2920.92971,14341.36555,25003.57035,0,821.53292,5608.40285,7708.24055,10.807,10.807,12.675,19.523,24.17,46.179,11.932,15.757,24.279,28.35,62.544,283.552,1.0,1.0,1.0,1.0,1.0,1.0,1.0,1.0,1.0,1.0,1.0,1.0,W08_19u_eu,us,
aster,ICP,2,1788378542,1,2.4785,4.034698,54,135,247.75,17937.095,20018.729,50233.848,185.925,10618.631,14211.866,18728.099,7.087,9.221,12.161,16.393,19.292,28.6,7.087,8.587,13.056,15.606,16.881,52.112,1.0,1.0,1.0,1.0,1.0,1.0,1.0,1.0,1.0,1.0,1.0,1.0,W08_19u_eu,us,
aster,LDO,2,1788378542,1,0.36595,13.663069,47,26,1549.4709,11344.7424,12160.9984,12160.9984,999.726,10779.5142,11429.6078,11610.2467,6.832,6.832,9.945,12.487,13.758,184.253,6.832,6.842,13.394,15.578,16.67,261.911,1.0,1.0,1.0,1.0,1.0,1.0,1.0,1.0,1.0,1.0,1.0,0.8674,W08_19u_eu,us,
aster,KITE,2,1788378542,1,0.1375,7.272727,67,56,1547.39973,7584.33114,11418.46134,13619.63959,1097.63654,4956.4883,7416.50418,7819.53213,3.636,4.502,8.06,14.424,20.782,240.799,7.448,8.451,11.687,15.437,70.822,398.903,1.0,1.0,1.0,1.0,1.0,1.0,1.0,1.0,1.0,1.0,1.0,1.0,W08_19u_eu,us,
aster,MORPHO,2,1788378542,1,2.5174,15.094939,25,18,1200.01784,2868.12319,2978.39599,3094.32049,999.91017,2673.65527,2673.65527,2673.65527,8.421,8.58,10.946,99.448,176.826,236.264,7.547,7.559,15.417,104.344,169.853,232.309,1.0,1.0,1.0,1.0,1.0,1.0,1.0,1.0,1.0,1.0,1.0,1.0,W08_19u_eu,us,
aster,MAGMA,2,1788378542,1,0.5405,14.431082,132,112,157.7019,1937.76345,4603.31648,13593.90046,313.7568,5531.70626,8315.01878,14343.62172,10.498,12.386,18.873,30.057,41.685,128.306,9.414,10.513,12.669,15.323,29.857,153.1,1.0,1.0,1.0,1.0,1.0,1.0,1.0,1.0,1.0,1.0,1.0,1.0,W08_19u_eu,us,
aster,POWER,2,1788378542,1,0.08722,32.102729,39,26,0,125.04688,225.07388,500.16078,0,1125.39861,1395.61051,1465.66681,49.257,148.223,483.298,704.845,1186.854,1186.854,16.911,17.054,147.326,542.386,819.846,819.846,1.0,1.0,1.0,1.0,0.8551,0.342,1.0,1.0,1.0,1.0,0.889,0.3556,W08_19u_eu,us,
aster,ONDO,2,1788378542,1,0.34165,8.780916,91,236,10739.48831,22883.62837,32636.82472,55533.48381,17943.12476,25453.9967,33545.98242,49372.43047,4.39,4.39,4.39,5.542,6.43,13.735,6.102,6.71,7.074,7.196,7.257,9.499,1.0,1.0,1.0,1.0,1.0,1.0,1.0,1.0,1.0,1.0,1.0,1.0,W08_19u_eu,us,
aster,SPX,2,1788378542,1,0.5316,22.573363,18,12,0,2726.3982,14146.767,14146.767,0,2082.4986,6870.1984,6870.1984,11.287,11.287,12.261,22.11,27.985,748.799,11.287,11.287,13.814,23.945,878.064,1027.559,1.0,1.0,1.0,1.0,1.0,0.7777,1.0,1.0,1.0,1.0,1.0,0.4049,W08_19u_eu,us,
aster,RIVER,2,1788378542,1,1.235,16.194332,72,190,1995.6248,7600.0277,16761.589,21527.1314,1149.9744,8854.2836,33071.9597,87128.283,8.097,8.097,9.726,13.564,20.86,48.641,8.097,8.097,12.473,14.334,19.645,27.291,1.0,1.0,1.0,1.0,1.0,1.0,1.0,1.0,1.0,1.0,1.0,1.0,W08_19u_eu,us,
aster,TAO,2,1788378542,1,216.565,1.385265,116,141,7919.5999,54994.76858,95352.01298,168853.44416,14081.75195,46347.26424,64420.4036,104665.0521,1.617,3.532,5.984,6.953,8.535,12.364,0.843,1.329,2.055,2.638,4.094,8.409,1.0,1.0,1.0,1.0,1.0,1.0,1.0,1.0,1.0,1.0,1.0,1.0,W08_19u_eu,us,
aster,UAI,2,1788378542,1,0.4942,12.140834,83,123,1239.6599,15808.0256,23894.0089,60633.4045,1251.6107,14447.3156,27962.2462,71120.3832,6.07,6.07,9.128,11.596,14.382,24.232,6.07,6.07,8.278,12.912,16.777,22.474,1.0,1.0,1.0,1.0,1.0,1.0,1.0,1.0,1.0,1.0,1.0,1.0,W08_19u_eu,us,
aster,WIF,2,1788378543,1,0.19715,25.3614,26,26,0,13532.37105,16405.91865,45270.26844,0,8488.22032,10295.39602,15754.07533,12.681,12.681,14.245,18.535,20.68,33.188,12.681,14.761,16.556,18.352,21.364,78.4,1.0,1.0,1.0,1.0,1.0,1.0,1.0,1.0,1.0,1.0,1.0,1.0,W08_19u_eu,us,
aster,USELESS,2,1788378543,1,0.122655,15.490604,64,63,2320.915,22074.12879,33688.10822,44416.8959,786.21375,7535.94008,15755.17393,18491.39206,9.228,9.302,9.404,9.798,14.761,19.36,7.745,8.444,11.101,15.743,21.702,111.586,1.0,1.0,1.0,1.0,1.0,1.0,1.0,1.0,1.0,1.0,1.0,1.0,W08_19u_eu,us,
aster,XMR,2,1788378543,1,511.07,2.739351,258,281,176.295,5518.9226,18647.93339,51766.06383,6531.06422,16708.10571,35582.55134,45721.83247,7.956,9.75,13.163,17.12,23.044,40.88,1.37,1.581,2.848,4.761,8.199,19.844,1.0,1.0,1.0,1.0,1.0,1.0,1.0,1.0,1.0,1.0,1.0,1.0,W08_19u_eu,us,
aster,ZEN,2,1788378543,1,5.3545,24.278644,13,6,0,19463.4436,19634.8576,19634.8576,0,775.7367,775.7367,775.7367,12.139,12.139,12.663,15.064,19.205,284.032,12.139,42.001,252.094,909.891,909.891,909.891,1.0,1.0,1.0,1.0,1.0,0.9321,1.0,1.0,1.0,0.6882,0.3441,0.1376,W08_19u_eu,us,
aster,龙虾,2,1788378543,1,0.069172,18.793732,235,162,119.002254,1175.152185,5435.773191,10115.736295,557.35785,1214.126382,4922.127263,10768.568485,10.278,12.032,23.234,32.833,47.78,247.785,9.397,13.049,20.469,29.253,49.206,238.563,1.0,1.0,1.0,1.0,1.0,1.0,1.0,1.0,1.0,1.0,1.0,1.0,W08_19u_eu,us,
aster,ZRO,2,1788378543,1,1.0027,1.994615,97,241,374.77188,2431.33927,10291.62515,11337.58317,1420.11322,1561.56273,2188.93233,2369.47173,3.744,9.161,14.022,21.97,25.944,323.906,0.997,0.998,20.761,159.832,343.704,1194.614,1.0,1.0,1.0,1.0,1.0,1.0,1.0,1.0,1.0,1.0,1.0,1.0,W08_19u_eu,us,
binance,AR,2,1788378543,1,2.2805,4.385003,593,1000,1371.4259,18131.8014,42214.1549,118537.5274,2411.8921,19996.2241,42341.5635,104316.0068,3.546,5.062,7.949,11.303,14.271,21.296,2.193,2.477,5.094,8.028,11.026,19.014,1.0,1.0,1.0,1.0,1.0,1.0,1.0,1.0,1.0,1.0,1.0,1.0,W08_19u_eu,us,
binance,FIL,2,1788378543,1,0.79775,1.253526,1000,1000,65624.70544,193207.63282,424786.3898,1056958.30512,61453.88145,214651.87017,454636.51799,961108.1977,1.796,1.953,2.661,2.905,3.646,4.752,0.627,0.627,1.127,1.504,1.692,2.628,1.0,1.0,1.0,1.0,1.0,1.0,1.0,1.0,1.0,1.0,1.0,1.0,W08_19u_eu,us,
binance,KAS,2,1788378543,1,0.027745,3.604253,432,1000,6301.78404,20325.43421,41260.83653,95600.57704,3032.02468,15820.61161,35206.59514,73927.77307,1.802,3.022,5.675,7.343,10.125,18.101,1.802,3.283,6.285,9.677,13.245,22.831,1.0,1.0,1.0,1.0,1.0,1.0,1.0,1.0,1.0,1.0,1.0,1.0,W08_19u_eu,us,
binance,FET,2,1788378543,1,0.15095,6.62471,577,1000,32920.4129,100129.0189,230631.9269,424493.7622,25499.5863,78779.0784,180401.8213,273947.188,3.312,3.312,3.312,3.312,3.312,7.275,3.312,3.312,3.312,6.211,8.074,9.192,1.0,1.0,1.0,1.0,1.0,1.0,1.0,1.0,1.0,1.0,1.0,1.0,W08_19u_eu,us,
binance,KITE,2,1788378543,1,0.13726,1.457089,1000,1000,4527.66527,16515.29671,40526.9693,91432.24039,1560.8562,15791.45692,59347.83577,113530.88684,1.246,2.401,4.742,6.983,11.08,20.653,3.54,5.312,8.525,11.593,15.685,21.993,1.0,1.0,1.0,1.0,1.0,1.0,1.0,1.0,1.0,1.0,1.0,1.0,W08_19u_eu,us,
binance,MAGMA,2,1788378543,1,0.540425,0.18504,1000,1000,3210.89243,12842.60504,31221.59089,71127.72217,7837.24654,18686.63143,33960.64112,53045.86025,0.9,2.344,5.281,7.736,11.835,24.542,1.864,2.494,4.364,5.784,7.772,16.419,1.0,1.0,1.0,1.0,1.0,1.0,1.0,1.0,1.0,1.0,1.0,1.0,W08_19u_eu,us,
binance,LDO,2,1788378543,1,0.36595,2.732614,1000,1000,11765.472,43935.4094,140323.7211,317072.8569,10398.7749,39228.5523,108457.4162,271841.4726,3.501,3.8,3.979,5.118,7.272,11.223,3.031,3.565,4.75,6.402,7.983,12.242,1.0,1.0,1.0,1.0,1.0,1.0,1.0,1.0,1.0,1.0,1.0,1.0,W08_19u_eu,us,
binance,ONDO,2,1788378543,1,0.34165,2.926972,1000,1000,65249.16286,238728.36023,556384.58219,1098871.66143,54720.51261,284565.8881,568290.32628,974050.19469,1.463,1.463,1.463,1.463,1.463,2.76,2.759,3.575,4.064,4.227,4.309,5.129,1.0,1.0,1.0,1.0,1.0,1.0,1.0,1.0,1.0,1.0,1.0,1.0,W08_19u_eu,us,
binance,POWER,2,1788378543,1,0.087195,5.734274,1000,1000,146.39458,1725.85589,5085.79356,15255.92824,395.30369,2057.10909,7567.75929,14211.43258,12.26,15.764,22.312,31.827,50.913,85.952,8.862,12.245,18.454,26.442,39.255,84.036,1.0,1.0,1.0,1.0,1.0,1.0,1.0,1.0,1.0,1.0,1.0,1.0,W08_19u_eu,us,
binance,RIVER,2,1788378543,1,1.2355,8.093889,475,1000,815.4705,11047.5299,33388.3965,67366.8536,3509.9928,21345.3304,40260.1857,74052.014,4.047,5.538,9.5,12.151,16.193,26.097,4.047,4.047,4.047,6.461,9.301,16.171,1.0,1.0,1.0,1.0,1.0,1.0,1.0,1.0,1.0,1.0,1.0,1.0,W08_19u_eu,us,
binance,RUNE,2,1788378543,1,0.47235,2.117074,603,1000,3674.5743,21238.294,77487.2417,159446.3689,4127.4592,18685.9602,39619.3495,97140.5019,1.522,2.498,4.848,7.531,11.625,18.476,2.647,3.97,4.763,6.891,10.72,19.925,1.0,1.0,1.0,1.0,1.0,1.0,1.0,1.0,1.0,1.0,1.0,1.0,W08_19u_eu,us,
binance,TAO,2,1788378543,1,216.275,0.462374,1000,1000,35320.50827,180165.9683,766481.11159,2098563.23786,81404.10387,280157.99874,879688.56561,1872318.60631,0.425,1.059,1.672,2.104,3.157,5.028,0.231,0.231,0.508,1.173,2.032,3.255,1.0,1.0,1.0,1.0,1.0,1.0,1.0,1.0,1.0,1.0,1.0,1.0,W08_19u_eu,us,
binance,UAI,2,1788378543,1,0.49395,2.024496,1000,1000,3681.206,16804.4928,40263.2068,98225.4934,7644.576,25185.2674,53406.282,107424.221,4.819,5.548,6.471,8.277,11.246,19.518,1.619,2.328,3.188,5.481,7.774,14.578,1.0,1.0,1.0,1.0,1.0,1.0,1.0,1.0,1.0,1.0,1.0,1.0,W08_19u_eu,us,
binance,USELESS,2,1788378543,1,0.12271,3.259718,1000,1000,5470.41818,25887.84679,66080.72752,136913.94451,4204.41519,26907.13686,65603.42057,152709.70856,1.883,2.311,4.193,6.423,9.298,15.06,4.101,4.814,6.153,7.833,10.554,15.733,1.0,1.0,1.0,1.0,1.0,1.0,1.0,1.0,1.0,1.0,1.0,1.0,W08_19u_eu,us,
binance,WIF,2,1788378543,1,0.19705,5.074854,691,1000,7119.7444,42986.25373,158988.64289,371962.21319,13888.64523,46359.75823,107984.41176,270988.85949,2.537,4.483,6.36,6.986,8.758,13.074,2.537,2.537,4.879,6.246,6.929,9.906,1.0,1.0,1.0,1.0,1.0,1.0,1.0,1.0,1.0,1.0,1.0,1.0,W08_19u_eu,us,
binance,XMR,2,1788378543,1,510.975,3.326973,1000,1000,16775.31183,146006.97308,516961.07466,838955.08593,5631.08367,23007.07736,110922.61946,300141.06468,1.753,1.806,1.928,2.48,3.164,7.324,2.277,3.483,4.726,6.239,8.47,15.15,1.0,1.0,1.0,1.0,1.0,1.0,1.0,1.0,1.0,1.0,1.0,1.0,W08_19u_eu,us,
binance,ZEC,2,1788378543,1,809.055,0.123601,1000,1000,240001.58622,1085445.47479,3221638.0483,7093479.26968,327994.81776,1373222.71986,3168661.35971,5839128.96046,0.062,0.15,0.518,0.967,1.692,2.564,0.062,0.062,0.062,0.062,0.062,0.508,1.0,1.0,1.0,1.0,1.0,1.0,1.0,1.0,1.0,1.0,1.0,1.0,W08_19u_eu,us,
binance,ZEN,2,1788378543,1,5.3505,1.868984,850,1000,3678.7631,30233.9165,83739.1916,210207.9519,4471.8437,26737.1102,78012.7658,170936.3917,2.848,3.76,5.55,7.473,9.591,14.268,2.3,3.805,5.801,7.304,10.225,15.375,1.0,1.0,1.0,1.0,1.0,1.0,1.0,1.0,1.0,1.0,1.0,1.0,W08_19u_eu,us,
binance,ZRO,2,1788378543,1,1.00195,0.998054,1000,1000,4326.03836,23115.82887,59554.76622,177084.83164,4912.10503,16325.30191,43663.84751,152354.29815,0.98,2.036,4.535,6.98,10.339,17.403,0.813,1.901,4.5,6.493,10.91,19.967,1.0,1.0,1.0,1.0,1.0,1.0,1.0,1.0,1.0,1.0,1.0,1.0,W08_19u_eu,us,
binance,龙虾,2,1788378543,1,0.068916,0.435316,1000,1000,4070.962181,36899.289524,49837.199757,78716.825683,1841.391553,21468.867605,30136.509163,43696.326246,1.448,2.398,4.657,7.188,9.59,13.433,0.218,0.31,4.667,8.134,10.197,15.016,1.0,1.0,1.0,1.0,1.0,1.0,1.0,1.0,1.0,1.0,1.0,1.0,W08_19u_eu,us,
bitget,AR,2,1788378543,1,2.2795,4.386927,100,100,847.6658,28081.8364,49550.2639,113879.0411,820.9099,22090.8775,54978.6636,102465.3574,6.14,7.026,9.957,12.656,14.53,17.657,6.14,7.148,9.44,11.992,13.673,19.876,1.0,1.0,1.0,1.0,1.0,1.0,1.0,1.0,1.0,1.0,1.0,1.0,W08_19u_eu,us,
bitget,BTW,2,1788378543,1,0.516754,9.424223,100,100,223.611707,3416.771242,5365.758783,9306.87855,339.717687,2644.065942,4716.862398,11672.757987,10.878,14.149,18.306,23.917,50.285,68.737,8.299,13.447,18.75,28.828,54.844,68.735,1.0,1.0,1.0,1.0,1.0,0.5697,1.0,1.0,1.0,1.0,1.0,0.5322,W08_19u_eu,us,
bitget,FIL,2,1788378543,1,0.79725,1.254312,100,100,30912.1865,458519.73193,665710.65399,1431721.10342,21746.72297,316606.36765,681911.97845,1417648.53888,1.619,2.328,3.002,3.719,4.682,5.977,1.429,2.248,4.024,4.959,5.929,7.475,1.0,1.0,1.0,1.0,1.0,1.0,1.0,1.0,1.0,1.0,1.0,1.0,W08_19u_eu,us,
bitget,FET,2,1788378543,1,0.15095,6.62471,100,100,30086.3668,94525.6977,194449.5013,318179.4194,29527.3387,71031.9284,142784.2894,300220.9458,3.312,3.312,3.312,3.312,5.757,8.265,3.312,3.312,5.026,7.482,8.709,9.446,1.0,1.0,1.0,1.0,1.0,1.0,1.0,1.0,1.0,1.0,1.0,1.0,W08_19u_eu,us,
bitget,KAS,2,1788378543,1,0.02774,7.209805,100,100,286.28113,28396.37491,62461.90836,122064.55338,3817.37105,16611.67976,53927.77188,105465.03307,7.861,9.338,10.224,11.761,13.473,16.585,3.605,3.605,4.919,6.918,10.216,17.995,1.0,1.0,1.0,1.0,1.0,1.0,1.0,1.0,1.0,1.0,1.0,1.0,W08_19u_eu,us,
bitget,KITE,2,1788378543,1,0.137295,10.92538,100,100,1145.01793,4284.49552,21372.79759,55137.43022,865.89214,5471.28943,26989.52498,74606.92462,7.044,7.346,11.002,16.937,22.539,31.332,6.564,8.014,12.503,17.687,22.92,32.24,1.0,1.0,1.0,1.0,1.0,1.0,1.0,1.0,1.0,1.0,1.0,1.0,W08_19u_eu,us,
bitget,LDO,2,1788378543,1,0.36565,2.734856,100,100,25804.62645,38492.43409,85036.28179,153750.11771,3172.42095,28067.59134,77623.09643,160129.0347,3.345,4.36,5.846,6.342,6.589,7.812,3.837,5.154,6.376,8.975,12.16,17.087,1.0,1.0,1.0,1.0,1.0,1.0,1.0,1.0,1.0,1.0,1.0,1.0,W08_19u_eu,us,
bitget,ONDO,2,1788378543,1,0.34155,2.927829,100,100,137658.77122,555700.95738,1105886.52171,2062784.68859,37600.73878,556525.99763,982530.12002,1983380.45562,1.464,1.464,1.464,1.779,3.086,3.869,1.464,2.604,3.677,5.483,6.401,6.952,1.0,1.0,1.0,1.0,1.0,1.0,1.0,1.0,1.0,1.0,1.0,1.0,W08_19u_eu,us,
bitget,MAGMA,2,1788378543,1,0.540095,3.147594,100,100,854.01721,8974.18922,24119.07036,37021.74806,3042.77427,17718.42424,53509.98031,53509.98031,2.663,5.699,11.295,15.18,18.94,29.922,3.671,4.289,4.801,8.176,12.129,21.234,1.0,1.0,1.0,1.0,1.0,1.0,1.0,1.0,1.0,1.0,1.0,1.0,W08_19u_eu,us,
bitget,RIVER,2,1788378543,1,1.234,16.207455,100,100,4878.981,16922.261,32382.833,55582.721,56.81,10701.529,23837.121,43302.733,8.104,8.104,8.104,8.293,12.297,22.171,15.287,15.747,16.023,17.373,20.842,32.4,1.0,1.0,1.0,1.0,1.0,1.0,1.0,1.0,1.0,1.0,1.0,1.0,W08_19u_eu,us,
bitget,POWER,2,1788378543,1,0.087495,10.286302,100,100,166.11372,2610.33397,6864.57748,21198.61877,170.64083,5339.28088,10466.75848,21664.75564,10.706,11.925,17.386,23.58,36.574,64.042,10.45,13.596,16.469,18.768,27.742,57.996,1.0,1.0,1.0,1.0,1.0,1.0,1.0,1.0,1.0,1.0,1.0,1.0,W08_19u_eu,us,
bitget,RUNE,2,1788378543,1,0.472,4.237288,100,100,1068.86491,17057.04961,28647.69286,61559.06942,2459.12203,8337.74434,28050.23015,57655.6206,3.139,5.338,9.264,12.918,15.993,21.733,3.018,4.595,6.04,8.317,13.885,27.74,1.0,1.0,1.0,1.0,1.0,1.0,1.0,1.0,1.0,1.0,1.0,1.0,W08_19u_eu,us,
bitget,TAO,2,1788378543,1,216.315,0.462289,100,100,174854.46281,502996.6916,952642.00833,1436246.9481,64515.7396,183948.64334,316743.07192,776718.96416,0.641,0.886,1.466,2.244,3.318,3.962,2.093,2.636,4.037,4.908,5.343,6.707,1.0,1.0,1.0,1.0,1.0,1.0,1.0,1.0,1.0,1.0,1.0,1.0,W08_19u_eu,us,
bitget,UAI,2,1788378543,1,0.49371,4.456057,100,100,1785.74386,7896.78835,20492.48666,45245.9034,324.03922,5649.50824,21943.1016,31690.94161,5.014,5.343,7.471,10.437,17.203,32.953,7.489,12.225,16.961,18.794,22.643,33.609,1.0,1.0,1.0,1.0,1.0,1.0,1.0,1.0,1.0,1.0,1.0,1.0,W08_19u_eu,us,
bitget,USELESS,2,1788378543,1,0.12272,8.148631,100,100,1541.28653,11544.06209,36633.99383,99839.81501,3308.80448,26252.21656,55474.34483,102489.31793,4.326,5.611,9.519,12.501,15.436,24.517,4.281,4.585,5.792,8.183,11.795,16.521,1.0,1.0,1.0,1.0,1.0,1.0,1.0,1.0,1.0,1.0,1.0,1.0,W08_19u_eu,us,
bitget,WIF,2,1788378543,1,0.19705,5.074854,100,100,16864.85539,113794.03027,279424.70262,558133.65488,11769.2197,111394.05868,240738.29696,407347.23509,2.537,4.893,6.525,7.068,7.34,9.152,5.409,6.511,7.172,7.392,7.502,10.256,1.0,1.0,1.0,1.0,1.0,1.0,1.0,1.0,1.0,1.0,1.0,1.0,W08_19u_eu,us,
bitget,XMR,2,1788378543,1,511.25,8.215159,100,100,940.0815,27428.0264,98689.4937,139275.0909,3453.0901,28113.1197,49354.5942,123094.3298,6.145,6.811,9.062,9.812,10.187,14.241,5.635,5.947,6.134,8.49,12.43,19.25,1.0,1.0,1.0,1.0,1.0,1.0,1.0,1.0,1.0,1.0,1.0,1.0,W08_19u_eu,us,
bybit,BTW,2,1788378543,1,0.516555,0.19359,200,200,278.76,1913.2467,5248.0384,9779.8365,237.7789,3182.2125,5743.7226,15175.8266,9.001,12.558,19.031,28.744,51.473,51.473,9.175,11.34,15.484,23.332,42.581,69.826,1.0,1.0,1.0,1.0,0.9908,0.3963,1.0,1.0,1.0,1.0,1.0,0.7562,W08_19u_eu,us,
bybit,FIL,2,1788378543,1,0.7977,2.507208,200,200,2955.47277,37408.08061,240887.86125,515713.72031,13179.10034,55082.60411,248194.93102,506633.81938,3.413,4.552,6.713,8.256,9.668,12.58,1.254,2.17,3.457,4.553,5.854,8.513,1.0,1.0,1.0,1.0,1.0,1.0,1.0,1.0,1.0,1.0,1.0,1.0,W08_19u_eu,us,
bybit,AR,2,1788378543,1,2.2815,4.383081,200,200,550.1896,3311.9679,14086.0002,20776.0814,490.538,2588.912,8246.9629,17155.5709,6.063,8.289,14.362,20.709,26.795,54.847,5.086,9.36,16.901,25.216,36.673,71.437,1.0,1.0,1.0,1.0,1.0,1.0,1.0,1.0,1.0,1.0,1.0,1.0,W08_19u_eu,us,
bitget,ZRO,2,1788378543,1,1.00215,2.993564,100,100,1803.9184,11122.823,58551.294,141470.9081,723.07,6516.016,37320.7323,139668.8732,3.556,4.023,6.728,10.624,15.59,22.733,6.622,8.105,11.78,15.047,19.954,27.739,1.0,1.0,1.0,1.0,1.0,1.0,1.0,1.0,1.0,1.0,1.0,1.0,W08_19u_eu,us,
bybit,KAS,2,1788378543,1,0.027705,3.609457,200,200,5055.2663,20334.3315,52193.8504,124090.2194,862.0226,10544.0761,31997.6285,99337.1841,4.836,5.125,5.43,7.227,10.959,19.195,6.962,8.493,10.977,13.289,17.437,27.777,1.0,1.0,1.0,1.0,1.0,1.0,1.0,1.0,1.0,1.0,1.0,1.0,W08_19u_eu,us,
bybit,KITE,2,1788378543,1,0.137305,13.837806,200,200,393.8638,3211.22934,6839.64593,10984.93164,0.9618,1917.08138,4668.83972,9157.55289,9.012,10.378,13.848,21.995,40.549,105.192,13.751,15.343,20.137,29.78,55.751,178.05,1.0,1.0,1.0,1.0,1.0,1.0,1.0,1.0,1.0,1.0,1.0,1.0,W08_19u_eu,us,
bybit,LDO,2,1788378543,1,0.36565,2.734856,200,200,8047.11821,34035.33534,220235.59758,367876.94423,4716.67148,29142.6663,228985.8527,389943.17794,2.245,3.174,3.731,4.08,7.075,13.364,3.767,3.935,4.879,7.152,10.137,15.19,1.0,1.0,1.0,1.0,1.0,1.0,1.0,1.0,1.0,1.0,1.0,1.0,W08_19u_eu,us,
bybit,MAGMA,2,1788378543,1,0.54015,1.851338,200,200,2560.513,8538.1275,13253.4363,28332.3212,997.2508,7443.9561,15811.8863,29670.3987,1.537,2.47,5.467,8.436,15.562,45.811,5.55,6.775,9.51,12.509,18.945,40.693,1.0,1.0,1.0,1.0,1.0,1.0,1.0,1.0,1.0,1.0,1.0,1.0,W08_19u_eu,us,
bybit,POWER,2,1788378543,1,0.08747,16.005488,200,200,47.80548,688.3108,1472.01178,3638.70237,60.40719,740.64285,1537.20397,3119.10531,15.6,21.207,41.428,73.713,105.147,202.967,13.565,19.134,43.044,103.401,189.332,189.332,1.0,1.0,1.0,1.0,1.0,0.6547,1.0,1.0,1.0,1.0,0.7018,0.2807,W08_19u_eu,us,
bybit,ONDO,2,1788378543,1,0.34155,2.927829,200,200,68722.4385,284892.8651,549132.2699,924881.9129,39549.4201,262023.4133,504140.8385,954456.7605,1.464,1.464,1.464,1.464,2.169,3.502,1.464,1.464,2.616,3.504,3.948,5.439,1.0,1.0,1.0,1.0,1.0,1.0,1.0,1.0,1.0,1.0,1.0,1.0,W08_19u_eu,us,
bybit,RIVER,2,1788378543,1,1.2345,8.100446,200,200,791.9812,1736.5717,3506.1969,5999.1848,61.1325,960.5891,3001.4123,11159.9118,4.05,5.733,16.346,33.057,71.486,142.465,11.161,14.983,27.658,41.191,53.666,153.987,1.0,1.0,1.0,1.0,1.0,1.0,1.0,1.0,1.0,1.0,1.0,1.0,W08_19u_eu,us,
bybit,RUNE,2,1788378543,1,0.4722,4.235493,200,200,350.18382,2282.22472,24567.00595,151114.86905,174.53404,2017.7639,42699.46737,142516.55446,8.527,12.628,17.712,25.95,35.669,43.52,10.025,12.202,17.992,29.136,36.804,41.579,1.0,1.0,1.0,1.0,1.0,1.0,1.0,1.0,1.0,1.0,1.0,1.0,W08_19u_eu,us,
bybit,TAO,2,1788378543,1,216.365,0.462182,200,200,30087.87237,182085.59194,534344.20901,1165423.84397,53708.2206,205015.61787,511016.99259,1089981.5219,0.231,0.231,0.409,1.626,3.009,5.973,0.231,0.65,2.158,2.863,3.396,4.133,1.0,1.0,1.0,1.0,1.0,1.0,1.0,1.0,1.0,1.0,1.0,1.0,W08_19u_eu,us,
bybit,UAI,2,1788378543,1,0.4939,4.049403,200,200,1992.2418,4645.317,16555.9513,62502.7112,812.9836,3484.6874,7509.7612,56482.7514,2.025,3.663,6.739,13.316,23.035,38.006,5.301,7.08,11.962,19.293,33.673,51.111,1.0,1.0,1.0,1.0,1.0,1.0,1.0,1.0,1.0,1.0,1.0,1.0,W08_19u_eu,us,
bybit,USELESS,2,1788378543,1,0.12266,3.261047,200,200,2327.81182,21214.01475,48626.61659,170174.55382,2642.80191,22093.87953,50793.90547,170842.02216,4.348,5.494,7.71,10.324,13.314,19.24,2.363,2.933,4.731,8.144,11.457,17.75,1.0,1.0,1.0,1.0,1.0,1.0,1.0,1.0,1.0,1.0,1.0,1.0,W08_19u_eu,us,
bybit,WIF,2,1788378543,1,0.19695,5.077431,200,200,8805.8656,51142.9309,143464.8149,264351.5318,8993.2916,46178.8148,107576.6429,198790.2703,2.688,5.152,6.631,7.123,7.973,12.14,3.93,5.773,6.879,7.248,7.946,12.159,1.0,1.0,1.0,1.0,1.0,1.0,1.0,1.0,1.0,1.0,1.0,1.0,W08_19u_eu,us,
bybit,XMR,2,1788378543,1,511.115,0.195651,200,200,9502.6259,101443.4383,304823.1745,349657.6515,2638.3354,31483.7235,139051.5262,192519.0622,0.098,0.098,0.098,1.495,4.665,11.409,0.098,0.098,3.426,7.238,9.984,15.855,1.0,1.0,1.0,1.0,1.0,1.0,1.0,1.0,1.0,1.0,1.0,1.0,W08_19u_eu,us,
bybit,ZEN,2,1788378543,1,5.347,3.740415,200,200,441.4114,2292.4496,7250.0638,11062.5778,667.2877,2356.3713,6844.9338,23919.9553,6.325,9.14,16.434,26.947,42.946,83.188,7.217,9.637,16.308,27.049,42.854,76.045,1.0,1.0,1.0,1.0,1.0,1.0,1.0,1.0,1.0,1.0,1.0,1.0,W08_19u_eu,us,
bybit,ZRO,2,1788378543,1,1.00165,0.998353,200,200,4534.40166,9115.26741,35857.73703,95907.94134,4358.49979,8695.2996,29677.46189,113246.41229,4.898,6.012,7.364,8.621,15.289,28.85,2.966,3.807,6.665,8.369,14.431,31.934,1.0,1.0,1.0,1.0,1.0,1.0,1.0,1.0,1.0,1.0,1.0,1.0,W08_19u_eu,us,
dydx,ICP,2,1788378543,1,2.4781,31.475727,38,59,0,15140.9181,22240.97354,36440.92202,0,22293.64788,36672.13248,65072.23798,15.738,15.738,15.738,15.738,18.132,26.912,15.738,15.738,15.738,15.738,15.738,18.888,1.0,1.0,1.0,1.0,1.0,1.0,1.0,1.0,1.0,1.0,1.0,1.0,W08_19u_eu,us,
dydx,LDO,2,1788378544,1,0.3659,43.727794,54,47,0,4970.1063,7870.2007,13670.3479,0,12884.0617,12884.0617,18868.7412,21.864,21.864,21.864,21.905,33.692,78.303,21.864,21.864,21.864,21.864,21.874,53.026,1.0,1.0,1.0,1.0,1.0,1.0,1.0,1.0,1.0,1.0,1.0,1.0,W08_19u_eu,us,
dydx,FIL,2,1788378543,1,0.79805,46.36301,44,60,0,2899.7604,8888.455,20488.591,0,15017.3226,17917.1718,23716.919,23.182,23.182,23.182,32.821,45.926,84.602,23.182,23.182,23.182,23.182,23.182,35.558,1.0,1.0,1.0,1.0,1.0,1.0,1.0,1.0,1.0,1.0,1.0,1.0,W08_19u_eu,us,
dydx,MORPHO,2,1788378544,1,2.518,95.313741,16,9,0,0,999.894,999.894,0,0,999.35,999.35,47.657,47.657,1120.873,1533.431,1739.71,1863.477,47.657,50.675,1136.579,1547.241,1752.572,1875.771,1.0,1.0,1.0,1.0,1.0,1.0,1.0,1.0,1.0,1.0,1.0,1.0,W08_19u_eu,us,
dydx,RUNE,2,1788378544,1,0.4738,71.760236,28,22,0,0,11699.8181,30259.2144,0,0,11699.8404,27299.6116,35.88,35.88,35.88,36.339,37.165,58.421,35.88,35.88,35.88,37.291,39.751,62.637,1.0,1.0,1.0,1.0,1.0,1.0,1.0,1.0,1.0,1.0,1.0,1.0,W08_19u_eu,us,
dydx,TAO,2,1788378544,1,216.895,33.656839,43,44,0,15430.6493,46293.3052,74693.4476,0,15433.6392,29633.5579,1420597.875,16.828,16.828,16.828,16.828,17.668,27.772,16.828,16.828,16.828,16.828,18.171,25.972,1.0,1.0,1.0,1.0,1.0,1.0,1.0,1.0,1.0,1.0,1.0,1.0,W08_19u_eu,us,
dydx,ONDO,2,1788378544,1,0.3431,58.292043,38,28,0,0,7099.9434,21300.0712,0,0,21300.0916,49700.1546,29.146,29.146,29.146,29.146,35.86,52.965,29.146,29.146,29.146,29.146,33.402,47.089,1.0,1.0,1.0,1.0,1.0,1.0,1.0,1.0,1.0,1.0,1.0,1.0,W08_19u_eu,us,
dydx,SPX,2,1788378544,1,0.5463,629.690646,27,22,0,0,0,0,0,0,0,0,801.742,828.292,844.222,849.532,852.187,853.78,314.845,314.845,314.845,314.845,314.845,314.845,1.0,1.0,1.0,1.0,1.0,1.0,1.0,1.0,1.0,1.0,1.0,1.0,W08_19u_eu,us,
dydx,WIF,2,1788378544,1,0.196885,49.267339,39,34,0,1992.2816,9092.36927,51692.30277,0,7099.99101,21300.00749,21300.00749,24.634,24.634,24.736,24.939,27.242,44.028,24.634,24.634,24.634,24.634,31.895,50.319,1.0,1.0,1.0,1.0,1.0,1.0,1.0,1.0,1.0,1.0,1.0,1.0,W08_19u_eu,us,
dydx,XMR,2,1788378544,1,515.855,330.519235,54,38,0,0,0,0,0,0,0,0,558.897,611.761,643.479,654.052,659.338,662.51,165.26,170.329,395.142,471.049,509.003,531.775,1.0,1.0,1.0,1.0,1.0,1.0,1.0,1.0,1.0,1.0,1.0,1.0,W08_19u_eu,us,
dydx,ZEC,2,1788378544,1,811.145,47.217205,65,44,0,8335.069,8415.815,59327.125,0,11382.84,59190.264,104793.525,23.609,23.609,23.609,23.609,28.413,43.283,23.609,23.609,23.609,23.609,23.609,29.058,1.0,1.0,1.0,1.0,1.0,1.0,1.0,1.0,1.0,1.0,1.0,1.0,W08_19u_eu,us,
hl,ONDO,2,1788378545,1,0.34179,1.170309,20,20,37813.18136,37813.18136,37813.18136,37813.18136,33049.98577,33049.98577,33049.98577,33049.98577,0.644,0.877,1.661,2.419,3.358,4.715,0.726,0.802,0.848,1.752,2.485,3.93,1.0,1.0,1.0,1.0,1.0,1.0,1.0,1.0,1.0,1.0,1.0,1.0,W08_19u_eu,us,
dydx,ZEN,2,1788378544,1,5.499,625.568285,26,26,0,0,0,0,0,0,0,0,312.784,312.784,624.993,737.119,793.182,826.82,312.784,312.784,312.784,312.784,312.784,312.784,1.0,1.0,1.0,1.0,1.0,1.0,1.0,1.0,1.0,1.0,1.0,1.0,W08_19u_eu,us,
okx,USELESS,2,1788378545,1,0.122575,4.079135,400,400,188.50236,2401.44851,6245.25219,17338.22291,898.61458,4001.13827,8884.28533,21555.1651,9.765,12.538,17.813,26.061,40.129,88.192,4.021,6.115,10.756,17.813,30.743,62.104,1.0,1.0,1.0,1.0,1.0,1.0,1.0,1.0,1.0,1.0,1.0,1.0,W08_19u_eu,us,
dydx,ZRO,2,1788378545,1,1.004,79.681275,28,21,0,0,8697.194,20297.174,0,0,5793.984,17394.144,39.841,39.841,39.841,44.007,53.19,131.588,39.841,39.841,39.841,39.841,65.114,258.229,1.0,1.0,1.0,1.0,1.0,1.0,1.0,1.0,1.0,1.0,1.0,1.0,W08_19u_eu,us,
aster,FIL,3,1788378590,1,0.7965,12.554928,21,27,1341.0212,19966.8377,36684.446,47154.7317,1341.2713,9170.6089,11006.1808,15609.4949,6.277,6.277,12.094,15.463,17.148,22.393,6.277,6.277,12.101,15.467,18.21,70.147,1.0,1.0,1.0,1.0,1.0,1.0,1.0,1.0,1.0,1.0,1.0,1.0,W08_19u_eu,us,
aster,FET,3,1788378590,1,0.15085,19.887305,25,36,12085.0851,21602.088,23226.8646,36529.6993,2594.18,10437.2524,13339.6295,13709.6888,9.944,9.944,9.944,9.944,9.944,19.027,9.944,9.944,9.944,13.137,14.855,101.852,1.0,1.0,1.0,1.0,1.0,1.0,1.0,1.0,1.0,1.0,1.0,1.0,W08_19u_eu,us,
aster,BTW,3,1788378590,1,0.515835,10.274603,279,215,78.36208,2313.21183,13023.31298,21360.32723,418.64318,8781.73223,18010.53786,40915.71021,10.786,11.364,17.591,25.371,32.765,59.481,7.683,10.921,14.657,18.494,21.192,38.445,1.0,1.0,1.0,1.0,1.0,1.0,1.0,1.0,1.0,1.0,1.0,1.0,W08_19u_eu,us,
aster,AR,3,1788378590,1,2.2775,21.953897,9,9,0,9092.6633,10486.5694,11371.4638,0,3330.907,11426.9362,12024.9506,10.977,10.977,17.31,20.73,22.829,256.327,10.977,10.977,11.943,18.79,23.665,71.214,1.0,1.0,1.0,1.0,1.0,0.4697,1.0,1.0,1.0,1.0,1.0,0.504,W08_19u_eu,us,
aster,ICP,3,1788378590,1,2.4765,4.037957,52,138,247.55,20079.692,22164.877,68877.845,309.675,9964.97,14209.117,23005.918,7.095,9.983,12.473,13.303,16.921,24.744,6.095,8.095,11.313,13.911,17.006,51.842,1.0,1.0,1.0,1.0,1.0,1.0,1.0,1.0,1.0,1.0,1.0,1.0,W08_19u_eu,us,
aster,KAS,3,1788378590,1,0.027745,25.229771,13,21,0,2724.41949,16229.62653,35890.78958,0,2027.81283,5607.34083,7707.17853,12.615,12.615,12.615,22.442,28.341,46.82,16.103,18.611,23.561,28.901,65.365,282.877,1.0,1.0,1.0,1.0,1.0,1.0,1.0,1.0,1.0,1.0,1.0,1.0,W08_19u_eu,us,
aster,KITE,3,1788378590,1,0.137315,10.923788,65,52,1015.89765,6167.42861,11682.93668,13139.11901,1994.21794,4863.40031,7858.45394,7858.45394,5.462,6.29,10.932,16.917,22.649,251.391,6.396,6.657,8.703,13.333,68.763,413.086,1.0,1.0,1.0,1.0,1.0,1.0,1.0,1.0,1.0,1.0,1.0,1.0,W08_19u_eu,us,
aster,LDO,3,1788378590,1,0.36565,13.674279,49,27,1022.7483,10792.9602,11609.2162,11609.2162,1387.4928,11165.2885,11165.2885,11996.021,6.837,6.837,11.708,14.306,16.041,220.936,6.837,6.837,10.491,12.767,14.212,227.013,1.0,1.0,1.0,1.0,1.0,1.0,1.0,1.0,1.0,1.0,1.0,1.0,W08_19u_eu,us,
aster,MAGMA,3,1788378590,1,0.543175,9.757445,178,84,2769.4992,19442.76905,42341.50255,48720.57309,502.27015,3419.09393,7234.3839,8407.98465,5.854,6.011,6.195,11.947,16.881,23.2,7.492,10.142,16.328,21.137,44.244,168.777,1.0,1.0,1.0,1.0,1.0,1.0,1.0,1.0,1.0,1.0,1.0,1.0,W08_19u_eu,us,
aster,MORPHO,3,1788378590,1,2.51525,13.915118,25,18,999.8703,2766.56166,2981.9448,3097.8693,999.7524,2671.70605,2671.70605,2671.70605,6.958,6.958,11.361,96.293,171.08,228.997,6.958,6.968,13.88,107.634,175.887,240.019,1.0,1.0,1.0,1.0,1.0,1.0,1.0,1.0,1.0,1.0,1.0,1.0,W08_19u_eu,us,
aster,ONDO,3,1788378590,1,0.3415,5.856515,91,234,18636.58142,30907.3328,44845.43412,66558.64255,8707.21419,17222.67564,29311.08874,51431.18929,2.928,2.928,3.719,4.788,5.322,8.33,2.928,2.929,4.686,5.271,6.324,20.985,1.0,1.0,1.0,1.0,1.0,1.0,1.0,1.0,1.0,1.0,1.0,1.0,W08_19u_eu,us,
aster,POWER,3,1788378590,1,0.08716,39.00872,39,26,0,1224.89469,1224.89469,1499.98159,0,1125.36154,1325.48544,1465.62974,19.504,19.504,141.976,518.386,1059.048,1059.048,20.364,20.508,152.931,549.096,826.827,826.827,1.0,1.0,1.0,1.0,0.9547,0.3819,1.0,1.0,1.0,1.0,0.8884,0.3554,W08_19u_eu,us,
aster,RIVER,3,1788378590,1,1.235,16.194332,72,190,1422.4318,6453.7205,15615.2818,21795.1871,2574.7116,16440.3102,40657.9863,78358.5662,8.097,8.097,11.584,16.383,23.199,50.438,8.097,8.097,8.097,12.028,14.111,22.237,1.0,1.0,1.0,1.0,1.0,1.0,1.0,1.0,1.0,1.0,1.0,1.0,W08_19u_eu,us,
aster,UAI,3,1788378590,1,0.4948,12.126112,88,117,1230.2871,30703.4839,46072.4743,84674.0066,1148.8539,12569.8981,26528.6467,69027.6687,6.063,6.063,8.23,9.777,12.562,16.759,7.882,7.983,11.697,14.71,17.202,23.633,1.0,1.0,1.0,1.0,1.0,1.0,1.0,1.0,1.0,1.0,1.0,1.0,W08_19u_eu,us,
aster,SPX,3,1788378590,1,0.53155,24.456777,18,12,0,2725.8847,14146.2535,14146.2535,0,1684.4821,5264.008,5264.008,12.228,12.228,13.203,22.199,27.561,748.193,12.675,17.155,26.004,33.226,1219.997,1219.997,1.0,1.0,1.0,1.0,1.0,0.7777,1.0,1.0,1.0,1.0,0.8518,0.3407,W08_19u_eu,us,
aster,TAO,3,1788378590,1,216.455,3.233929,116,145,1686.43777,54749.72841,105323.45052,159654.49198,17736.83406,41136.97463,62678.11027,115015.44321,2.311,4.377,7.641,9.249,11.19,14.345,1.802,2.241,2.698,3.246,4.531,8.25,1.0,1.0,1.0,1.0,1.0,1.0,1.0,1.0,1.0,1.0,1.0,1.0,W08_19u_eu,us,
aster,USELESS,3,1788378590,1,0.122745,12.220457,67,62,1721.24562,23647.8897,34695.1539,37891.34399,35.62108,6652.97277,13349.71095,15977.7332,6.11,6.807,9.347,11.854,15.361,20.707,9.959,10.652,13.261,17.54,25.669,156.498,1.0,1.0,1.0,1.0,1.0,1.0,1.0,1.0,1.0,1.0,1.0,1.0,W08_19u_eu,us,
aster,WIF,3,1788378590,1,0.1971,30.4414,24,26,0,2111.62464,16405.80386,28537.06939,0,7007.59764,9897.22614,15352.41314,15.221,15.221,16.784,21.076,23.222,37.806,15.221,15.221,15.221,16.821,21.873,105.704,1.0,1.0,1.0,1.0,1.0,1.0,1.0,1.0,1.0,1.0,1.0,1.0,W08_19u_eu,us,
aster,XMR,3,1788378590,1,510.95,1.957139,274,259,5888.69338,21669.13677,34203.65957,73329.13319,1752.20564,8197.39447,27116.42071,63607.78545,0.979,1.19,2.791,4.432,8.938,15.984,4.4,5.626,7.821,10.669,16.95,31.508,1.0,1.0,1.0,1.0,1.0,1.0,1.0,1.0,1.0,1.0,1.0,1.0,W08_19u_eu,us,
aster,ZEN,3,1788378590,1,5.353,29.889781,12,6,0,2772.4556,17772.3761,17772.3761,0,775.7367,775.7367,775.7367,14.945,14.945,16.11,20.989,23.571,309.132,14.945,45.686,255.79,913.506,913.506,913.506,1.0,1.0,1.0,1.0,1.0,0.8576,1.0,1.0,1.0,0.688,0.344,0.1376,W08_19u_eu,us,
aster,ZRO,3,1788378590,1,1.0028,3.988831,96,242,374.77188,2360.58063,2791.73133,3837.68935,999.991,1703.5767,2330.9463,2511.4857,4.74,9.879,14.795,65.801,229.572,986.308,1.994,1.996,15.36,148.796,333.496,1172.729,1.0,1.0,1.0,1.0,1.0,1.0,1.0,1.0,1.0,1.0,1.0,1.0,W08_19u_eu,us,
aster,龙虾,3,1788378590,1,0.069171,14.601389,237,160,119.026362,912.865155,5174.961345,9854.189622,656.086116,1312.854648,5023.209557,10208.015051,9.944,12.634,25.297,34.895,51.226,199.576,7.301,10.885,20.157,31.558,51.084,248.135,1.0,1.0,1.0,1.0,1.0,1.0,1.0,1.0,1.0,1.0,1.0,1.0,W08_19u_eu,us,
binance,AR,3,1788378590,1,2.2775,4.390779,587,1000,1722.1355,19608.7902,47721.9247,121698.1905,1469.892,19068.1127,43320.8084,106609.8141,4.308,5.447,7.495,9.236,11.893,19.051,5.326,5.956,8.145,9.561,12.356,20.112,1.0,1.0,1.0,1.0,1.0,1.0,1.0,1.0,1.0,1.0,1.0,1.0,W08_19u_eu,us,
binance,FET,3,1788378590,0,,,,,,,,,,,,,,,,,,,,,,,,,,,,,,,,,,,,,W08_19u_eu,us,"binance FET: {'code': -1003, 'msg': 'Way too many requests; IP(8.212.10.159) banned until 178"
binance,FIL,3,1788378590,1,0.79595,1.25636,1000,1000,55365.36405,198538.36139,435999.57958,1154197.97778,70002.71143,205463.04407,415973.95939,861157.44584,0.628,0.628,1.376,1.63,2.433,4.035,0.815,1.35,1.91,2.526,2.833,3.516,1.0,1.0,1.0,1.0,1.0,1.0,1.0,1.0,1.0,1.0,1.0,1.0,W08_19u_eu,us,
binance,KAS,3,1788378590,1,0.027735,3.605553,432,1000,2815.1856,14992.56844,41298.87235,92063.22018,1384.18435,15972.97481,38677.72083,76254.84844,1.803,3.178,5.293,8.728,11.686,20.615,4.322,6.668,9.686,11.153,13.77,21.591,1.0,1.0,1.0,1.0,1.0,1.0,1.0,1.0,1.0,1.0,1.0,1.0,W08_19u_eu,us,
binance,LDO,3,1788378590,1,0.36565,2.734856,1000,1000,7910.9396,64129.2237,158989.9819,359488.6481,10343.1895,45750.8071,109447.527,277642.9142,2.202,3.152,3.722,4.795,7.582,12.134,1.367,2.037,3.276,5.046,7.039,11.523,1.0,1.0,1.0,1.0,1.0,1.0,1.0,1.0,1.0,1.0,1.0,1.0,W08_19u_eu,us,
binance,KITE,3,1788378590,1,0.13706,2.91843,1000,1000,3569.39679,14039.62369,42140.81889,89102.54151,1633.89158,10413.30337,55968.61355,110635.88301,2.458,3.954,5.881,7.729,11.836,21.804,4.122,5.707,8.961,13.778,18.518,24.553,1.0,1.0,1.0,1.0,1.0,1.0,1.0,1.0,1.0,1.0,1.0,1.0,W08_19u_eu,us,
binance,MAGMA,3,1788378590,1,0.543435,0.920073,1000,1000,3654.87613,15552.69841,27696.9472,52220.34957,4484.46272,12837.3735,26490.72938,51501.85137,1.877,3.102,5.362,7.642,11.263,22.322,1.664,2.769,4.633,6.548,10.826,24.653,1.0,1.0,1.0,1.0,1.0,1.0,1.0,1.0,1.0,1.0,1.0,1.0,W08_19u_eu,us,
binance,ONDO,3,1788378590,1,0.34155,2.927829,1000,1000,32633.19535,214699.77482,521655.83261,1075599.77518,57556.96412,288044.62367,569803.90324,983922.52981,1.464,1.523,3.244,3.818,4.105,5.258,1.464,1.464,1.464,1.464,1.464,2.63,1.0,1.0,1.0,1.0,1.0,1.0,1.0,1.0,1.0,1.0,1.0,1.0,W08_19u_eu,us,
binance,POWER,3,1788378590,0,,,,,,,,,,,,,,,,,,,,,,,,,,,,,,,,,,,,,W08_19u_eu,us,"binance POWER: {'code': -1003, 'msg': 'Way too many requests; IP(8.212.10.159) banned until 178"
binance,RIVER,3,1788378590,1,1.2345,8.100446,472,1000,5534.7368,18423.3896,45772.0764,75722.8301,5.5575,13340.0321,33966.2623,70368.6127,4.05,4.05,4.05,4.05,7.665,16.781,12.061,12.106,12.133,12.142,14.538,22.435,1.0,1.0,1.0,1.0,1.0,1.0,1.0,1.0,1.0,1.0,1.0,1.0,W08_19u_eu,us,
binance,RUNE,3,1788378590,1,0.47225,2.117522,600,1000,2903.7105,20857.8329,72120.1023,159293.3168,4573.3582,19072.8677,41038.7837,99237.7369,1.83,3.558,6.628,9.079,12.162,18.455,2.112,2.937,4.645,6.846,10.442,18.988,1.0,1.0,1.0,1.0,1.0,1.0,1.0,1.0,1.0,1.0,1.0,1.0,W08_19u_eu,us,
binance,TAO,3,1788378590,1,216.165,0.46261,1000,1000,42912.53683,178169.74227,785159.90274,2139359.64542,59203.63688,245640.71392,840172.3543,1851767.54106,0.231,0.429,1.026,1.571,2.267,4.297,0.231,0.231,0.895,1.626,2.439,3.632,1.0,1.0,1.0,1.0,1.0,1.0,1.0,1.0,1.0,1.0,1.0,1.0,W08_19u_eu,us,
binance,UAI,3,1788378590,1,0.4946,4.043672,1000,1000,8166.8108,23882.4087,39961.4965,98040.2375,4750.877,27375.3407,52896.1112,103802.4675,3.162,3.603,4.89,5.799,7.408,13.94,3.944,5.005,5.641,6.933,9.034,14.258,1.0,1.0,1.0,1.0,1.0,1.0,1.0,1.0,1.0,1.0,1.0,1.0,W08_19u_eu,us,
binance,USELESS,3,1788378590,1,0.122715,2.444689,1000,1000,6902.9886,36878.38406,74997.1481,149342.69848,5881.58337,27951.43454,64872.78218,157112.4459,2.262,2.965,4.151,5.52,7.756,12.449,2.501,3.487,5.11,6.447,8.694,14.529,1.0,1.0,1.0,1.0,1.0,1.0,1.0,1.0,1.0,1.0,1.0,1.0,W08_19u_eu,us,
binance,WIF,3,1788378590,0,,,,,,,,,,,,,,,,,,,,,,,,,,,,,,,,,,,,,W08_19u_eu,us,"binance WIF: {'code': -1003, 'msg': 'Way too many requests; IP(8.212.10.159) banned until 178"
binance,XMR,3,1788378590,1,511.875,0.586081,1000,1000,9799.41744,35675.29044,390398.33556,702247.8678,10672.01225,43146.53458,200020.99333,360094.35982,0.583,1.122,1.647,4.557,6.78,11.776,2.12,2.281,3.094,4.441,5.95,10.44,1.0,1.0,1.0,1.0,1.0,1.0,1.0,1.0,1.0,1.0,1.0,1.0,W08_19u_eu,us,
binance,ZEC,3,1788378590,1,808.735,0.12365,1000,1000,266938.35879,1178914.11516,3922113.87056,7150271.80236,234639.19605,1071698.58866,2935380.51314,5565149.96288,0.062,0.062,0.062,0.062,0.146,0.912,0.948,1.061,1.223,1.517,1.929,2.396,1.0,1.0,1.0,1.0,1.0,1.0,1.0,1.0,1.0,1.0,1.0,1.0,W08_19u_eu,us,
binance,ZEN,3,1788378591,1,5.3485,1.869683,852,1000,6945.438,27772.0872,70348.6965,207970.3138,3404.23,25794.7259,80762.7089,164937.328,2.594,3.634,5.137,6.594,8.489,13.745,4.934,5.739,7.302,8.455,10.17,15.761,1.0,1.0,1.0,1.0,1.0,1.0,1.0,1.0,1.0,1.0,1.0,1.0,W08_19u_eu,us,
binance,ZRO,3,1788378591,1,1.00205,0.997954,1000,1000,3944.32266,18275.36485,56053.39894,136317.44962,4062.05119,17859.54163,46651.62674,153292.30673,2.448,3.312,4.946,7.133,11.837,18.909,1.027,2.372,4.666,7.063,10.237,18.33,1.0,1.0,1.0,1.0,1.0,1.0,1.0,1.0,1.0,1.0,1.0,1.0,W08_19u_eu,us,
binance,龙虾,3,1788378591,1,0.068948,4.351105,1000,1000,1403.010678,36926.804189,47595.449941,77605.223999,1072.372272,10956.549542,20570.362187,33214.266415,6.568,7.39,8.923,9.898,12.035,16.697,3.88,5.738,8.655,11.145,15.157,31.262,1.0,1.0,1.0,1.0,1.0,1.0,1.0,1.0,1.0,1.0,1.0,1.0,W08_19u_eu,us,
bitget,BTW,3,1788378591,1,0.516706,11.321708,100,100,292.757418,1891.846573,4953.533832,12526.362027,192.342751,3429.404289,5378.876628,12391.981267,8.867,12.94,20.153,28.493,48.233,66.233,9.542,11.035,16.709,23.421,43.529,69.862,1.0,1.0,1.0,1.0,1.0,0.5996,1.0,1.0,1.0,1.0,1.0,0.6377,W08_19u_eu,us,
bitget,AR,3,1788378591,1,2.277,8.783487,100,100,1009.0398,6451.2682,32970.7331,112966.9296,1405.9006,26172.6489,58969.7497,111109.1658,7.237,8.01,11.531,15.749,20.49,26.964,4.392,6.359,9.738,11.502,14.535,17.916,1.0,1.0,1.0,1.0,1.0,1.0,1.0,1.0,1.0,1.0,1.0,1.0,W08_19u_eu,us,
bitget,KAS,3,1788378591,1,0.027735,3.605553,100,100,1891.15034,37426.72103,72352.37112,118187.49916,10623.23641,23233.80303,56475.04167,96866.10086,7.386,8.2,9.564,11.092,12.128,17.425,4.653,5.031,5.257,6.65,7.832,14.558,1.0,1.0,1.0,1.0,1.0,1.0,1.0,1.0,1.0,1.0,1.0,1.0,W08_19u_eu,us,
bitget,KITE,3,1788378591,1,0.13708,13.131018,100,100,385.4625,4750.71567,29356.49858,60509.6664,512.7968,3205.247,9364.8825,71946.0557,7.946,9.847,13.104,18.085,24.131,31.291,7.618,9.704,14.875,20.526,31.43,52.599,1.0,1.0,1.0,1.0,1.0,1.0,1.0,1.0,1.0,1.0,1.0,1.0,W08_19u_eu,us,
bitget,FET,3,1788378591,1,0.15085,6.629102,100,100,27170.0193,94798.1618,194456.4704,302623.9807,24870.8836,66017.5715,144606.9077,307189.1743,3.315,3.315,3.315,3.315,5.709,8.25,3.315,3.315,5.618,7.781,8.862,9.552,1.0,1.0,1.0,1.0,1.0,1.0,1.0,1.0,1.0,1.0,1.0,1.0,W08_19u_eu,us,
bitget,FIL,3,1788378591,1,0.79545,1.25715,100,100,222301.32497,385742.29349,594897.05962,1304871.57342,27094.09872,96895.45221,557270.0855,1232400.88446,1.585,1.735,1.826,1.856,1.871,1.967,1.784,2.712,4.351,5.406,6.16,7.234,1.0,1.0,1.0,1.0,1.0,1.0,1.0,1.0,1.0,1.0,1.0,1.0,W08_19u_eu,us,
bitget,LDO,3,1788378591,1,0.36545,2.736352,100,100,1579.97361,36201.67955,77030.33839,142036.12545,7868.30732,19573.6825,75913.69098,160796.7764,3.556,4.797,8.671,11.544,14.365,17.568,1.368,1.368,1.54,3.404,7.076,16.033,1.0,1.0,1.0,1.0,1.0,1.0,1.0,1.0,1.0,1.0,1.0,1.0,W08_19u_eu,us,
bitget,ONDO,3,1788378591,1,0.34145,2.928686,100,100,145025.53751,543558.4855,999150.55301,2035956.31608,44052.61238,791603.8729,1020038.50176,1818477.52212,1.464,2.66,3.7,4.046,4.22,4.324,1.464,2.894,3.793,4.093,5.51,6.597,1.0,1.0,1.0,1.0,1.0,1.0,1.0,1.0,1.0,1.0,1.0,1.0,W08_19u_eu,us,
bitget,MAGMA,3,1788378591,1,0.54294,4.420378,100,100,649.01045,11499.67764,26910.96473,43600.63374,1031.19886,19508.73757,43321.10179,43321.10179,4.32,7.677,12.231,15.739,19.933,31.386,4.802,6.694,10.365,12.956,16.586,22.295,1.0,1.0,1.0,1.0,1.0,1.0,1.0,1.0,1.0,1.0,1.0,1.0,W08_19u_eu,us,
bitget,POWER,3,1788378591,1,0.08746,11.433798,100,100,1025.79869,3180.85206,5773.15866,22810.04881,167.87964,4332.50131,11001.32111,21168.00524,8.25,8.698,15.371,23.849,37.777,68.597,11.856,13.931,17.549,20.709,28.931,61.83,1.0,1.0,1.0,1.0,1.0,1.0,1.0,1.0,1.0,1.0,1.0,1.0,W08_19u_eu,us,
bitget,RUNE,3,1788378591,1,0.4719,4.238186,100,100,1329.95948,21355.13716,29397.54421,61367.36425,3049.72187,9182.71414,25752.80414,58544.30484,3.128,4.71,8.491,11.664,14.308,19.923,2.119,2.119,4.454,7.994,13.469,28.082,1.0,1.0,1.0,1.0,1.0,1.0,1.0,1.0,1.0,1.0,1.0,1.0,W08_19u_eu,us,
bitget,RIVER,3,1788378591,1,1.234,16.207455,100,100,3535.011,15767.899,33304.91,57611.298,3575.325,14729.203,27738.78,47014.528,8.104,8.104,8.104,10.473,14.443,23.515,8.104,8.104,8.104,10.417,14.659,25.346,1.0,1.0,1.0,1.0,1.0,1.0,1.0,1.0,1.0,1.0,1.0,1.0,W08_19u_eu,us,
bitget,TAO,3,1788378591,1,216.235,1.387379,100,100,27303.7596,425628.20288,1179750.38982,1437858.38499,75891.55373,217049.84481,346422.46838,652727.6199,1.753,1.917,2.349,3.463,5.546,7.645,1.14,1.578,1.88,1.981,2.283,3.837,1.0,1.0,1.0,1.0,1.0,1.0,1.0,1.0,1.0,1.0,1.0,1.0,W08_19u_eu,us,
bitget,UAI,3,1788378591,1,0.49457,6.470267,100,100,467.53374,9600.07248,22987.07309,40225.31935,233.0952,8201.45708,24963.38834,34577.51967,7.239,8.675,9.578,14.138,18.931,32.823,9.852,11.713,13.271,15.364,19.759,30.29,1.0,1.0,1.0,1.0,1.0,1.0,1.0,1.0,1.0,1.0,1.0,1.0,W08_19u_eu,us,
bitget,USELESS,3,1788378591,1,0.122735,5.703345,100,100,1540.74752,16623.1722,36407.61127,102742.20642,3380.70051,27059.24805,60509.22138,116447.48781,3.416,4.512,7.611,9.905,12.619,20.838,3.672,5.293,7.37,9.194,12.304,16.649,1.0,1.0,1.0,1.0,1.0,1.0,1.0,1.0,1.0,1.0,1.0,1.0,W08_19u_eu,us,
bitget,XMR,3,1788378591,1,511.795,10.74649,100,100,526.8577,27037.3568,98326.9915,149690.3533,686.3223,27364.4468,94424.9843,100992.2128,5.521,8.114,11.071,13.778,15.144,16.802,6.871,8.823,10.615,12.374,14.932,17.745,1.0,1.0,1.0,1.0,1.0,1.0,1.0,1.0,1.0,1.0,1.0,1.0,W08_19u_eu,us,
bitget,ZRO,3,1788378591,1,1.00215,2.993564,100,100,2001.9443,6360.9257,59883.5765,141511.7342,1267.7871,21738.91,40978.1651,129330.3242,4.36,5.002,7.496,11.52,17.977,23.528,7.186,8.167,10.32,13.645,16.222,20.709,1.0,1.0,1.0,1.0,1.0,1.0,1.0,1.0,1.0,1.0,1.0,1.0,W08_19u_eu,us,
bybit,BTW,3,1788378591,1,0.516145,6.006064,200,200,309.4738,1983.7171,5429.9822,11570.443,227.2703,2233.3477,5766.0846,13487.2108,8.488,12.457,19.168,26.465,48.731,81.646,9.708,12.108,17.196,25.46,46.674,74.535,1.0,1.0,1.0,1.0,1.0,0.8091,1.0,1.0,1.0,1.0,1.0,0.7348,W08_19u_eu,us,
bybit,AR,3,1788378591,1,2.2805,13.15501,200,200,347.5475,4532.9799,14094.5537,20493.2433,430.157,2829.4147,7416.1283,16626.4194,7.913,9.438,14.086,19.43,27.172,57.138,7.193,9.29,15.104,23.591,36.102,70.92,1.0,1.0,1.0,1.0,1.0,1.0,1.0,1.0,1.0,1.0,1.0,1.0,W08_19u_eu,us,
bybit,FIL,3,1788378591,1,0.79595,1.25636,200,200,6569.37311,45109.58209,242549.61028,426189.77659,14090.53628,47447.40148,78292.44335,316465.08075,2.727,3.358,4.562,6.04,8.116,11.445,2.043,2.642,4.248,5.301,6.115,8.754,1.0,1.0,1.0,1.0,1.0,1.0,1.0,1.0,1.0,1.0,1.0,1.0,W08_19u_eu,us,
bitget,WIF,3,1788378591,1,0.19705,5.074854,100,100,2686.2197,88820.05798,240548.99798,500448.22511,18564.56862,101789.69394,229617.4641,396213.95707,5.414,6.513,7.173,9.739,11.213,15.094,2.537,2.537,2.537,4.344,5.978,8.268,1.0,1.0,1.0,1.0,1.0,1.0,1.0,1.0,1.0,1.0,1.0,1.0,W08_19u_eu,us,
bybit,KITE,3,1788378591,1,0.137145,15.312261,200,200,172.7985,2640.45203,6267.53224,10279.99652,203.69184,1380.87844,4497.96665,9473.8517,10.395,12.154,16.732,24.67,44.682,114.277,12.665,15.598,21.997,32.126,57.349,175.968,1.0,1.0,1.0,1.0,1.0,1.0,1.0,1.0,1.0,1.0,1.0,1.0,W08_19u_eu,us,
bybit,KAS,3,1788378591,1,0.027705,3.609457,200,200,3024.033,13481.7856,30814.9953,124298.5903,4189.5781,15055.9129,40407.3577,114603.1058,5.0,5.207,6.837,9.726,13.965,24.424,5.262,5.338,6.215,8.206,12.345,21.704,1.0,1.0,1.0,1.0,1.0,1.0,1.0,1.0,1.0,1.0,1.0,1.0,W08_19u_eu,us,
bybit,LDO,3,1788378591,1,0.36535,2.737101,200,200,5990.8868,27016.53153,226244.4242,401311.34166,4940.0309,31442.61658,221559.19318,408418.86112,2.708,3.407,4.181,6.157,8.965,15.111,3.949,4.027,5.032,7.146,9.912,14.66,1.0,1.0,1.0,1.0,1.0,1.0,1.0,1.0,1.0,1.0,1.0,1.0,W08_19u_eu,us,
bybit,POWER,3,1788378591,1,0.087465,17.149717,200,200,66.84795,625.51872,1421.87396,3562.2681,187.51068,780.99195,1576.59091,3123.07466,15.419,22.043,42.604,75.114,106.182,203.368,11.51,17.781,42.104,102.389,184.709,184.709,1.0,1.0,1.0,1.0,1.0,0.6531,1.0,1.0,1.0,1.0,0.6855,0.2742,W08_19u_eu,us,
bybit,ONDO,3,1788378591,1,0.34135,2.929544,200,200,69340.6153,303433.0087,549165.7355,873369.2404,32626.8379,239202.9922,495073.082,972789.8665,1.465,1.465,1.465,1.465,1.465,3.079,3.856,4.125,4.287,4.341,4.367,5.796,1.0,1.0,1.0,1.0,1.0,1.0,1.0,1.0,1.0,1.0,1.0,1.0,W08_19u_eu,us,
bybit,RIVER,3,1788378591,1,1.2345,8.100446,200,200,657.4752,1607.8181,3239.1191,6004.3546,70.642,1234.3366,3049.5962,11207.9716,4.05,7.35,18.274,34.978,72.401,142.992,11.007,13.409,25.961,40.186,53.086,152.313,1.0,1.0,1.0,1.0,1.0,1.0,1.0,1.0,1.0,1.0,1.0,1.0,W08_19u_eu,us,
bybit,MAGMA,3,1788378591,1,0.54315,1.841112,200,200,2450.451,7508.1579,13440.312,24075.5285,1328.148,6260.2511,13499.3968,32855.0649,0.921,2.605,5.508,8.936,17.558,48.745,2.685,4.181,8.35,13.413,22.284,42.812,1.0,1.0,1.0,1.0,1.0,1.0,1.0,1.0,1.0,1.0,1.0,1.0,W08_19u_eu,us,
bybit,RUNE,3,1788378591,1,0.4721,4.236391,200,200,345.53431,2728.65521,36114.85741,133305.74686,306.42891,2521.61553,37195.61938,129159.68631,8.332,12.216,17.981,25.301,34.558,42.041,9.41,12.722,17.921,29.747,38.174,43.482,1.0,1.0,1.0,1.0,1.0,1.0,1.0,1.0,1.0,1.0,1.0,1.0,W08_19u_eu,us,
bybit,UAI,3,1788378591,1,0.4948,4.042037,200,200,503.3864,6238.9712,11069.6755,52034.5697,2487.0802,4970.8294,8519.2909,54712.1504,6.34,8.215,10.798,13.957,22.084,43.075,2.73,3.386,4.877,11.205,27.45,45.285,1.0,1.0,1.0,1.0,1.0,1.0,1.0,1.0,1.0,1.0,1.0,1.0,W08_19u_eu,us,
bybit,TAO,3,1788378591,1,216.235,0.46246,200,200,31973.47646,190689.06306,540806.15781,1319483.76605,57726.77668,195843.21726,548628.67458,1134613.41032,0.755,1.137,1.926,2.523,3.326,5.175,1.85,2.172,2.707,3.171,3.8,4.739,1.0,1.0,1.0,1.0,1.0,1.0,1.0,1.0,1.0,1.0,1.0,1.0,W08_19u_eu,us,
bybit,USELESS,3,1788378591,1,0.12264,4.892368,200,200,4449.87251,22329.55595,63502.82591,173582.80864,1315.12642,19830.6792,57994.7962,179943.15698,3.335,3.706,5.181,7.041,10.134,16.338,5.992,7.48,9.708,12.103,14.533,20.158,1.0,1.0,1.0,1.0,1.0,1.0,1.0,1.0,1.0,1.0,1.0,1.0,W08_19u_eu,us,
bybit,ZRO,3,1788378591,1,1.0014,1.997204,200,200,5055.55984,10136.57224,38993.7599,125196.93131,3897.00686,8060.98976,16509.82756,92710.81855,2.655,3.885,6.002,7.908,13.552,27.839,5.128,6.41,8.288,9.942,16.84,34.397,1.0,1.0,1.0,1.0,1.0,1.0,1.0,1.0,1.0,1.0,1.0,1.0,W08_19u_eu,us,
bybit,ZEN,3,1788378591,1,5.3445,5.613247,200,200,500.485,2383.5905,6829.7337,11047.3686,561.5217,2231.3291,6901.2571,10896.2079,5.88,9.601,16.328,26.755,42.267,80.552,5.987,8.996,15.575,26.741,43.146,78.302,1.0,1.0,1.0,1.0,1.0,1.0,1.0,1.0,1.0,1.0,1.0,1.0,W08_19u_eu,us,
bybit,XMR,3,1788378591,1,511.99,0.390633,200,200,5689.9255,50883.2075,312612.0482,401662.415,17724.2272,51041.8294,245417.4559,268346.2365,0.702,0.937,3.367,5.459,8.05,12.836,0.749,1.156,1.425,2.26,3.335,7.657,1.0,1.0,1.0,1.0,1.0,1.0,1.0,1.0,1.0,1.0,1.0,1.0,W08_19u_eu,us,
bybit,WIF,3,1788378591,1,0.19685,5.08001,200,200,9299.3308,50160.386,143811.8481,244278.5559,9285.5691,43304.6151,104307.0456,198827.3471,2.54,2.54,5.48,6.55,7.438,11.87,7.102,7.361,7.516,7.568,7.961,12.159,1.0,1.0,1.0,1.0,1.0,1.0,1.0,1.0,1.0,1.0,1.0,1.0,W08_19u_eu,us,
dydx,ICP,3,1788378591,1,2.47655,34.32194,36,52,0,15130.51155,22230.5765,36430.57634,0,22286.0949,36486.04521,65064.62397,17.161,17.161,17.161,17.161,18.959,27.663,17.161,17.161,17.161,17.161,17.161,20.102,1.0,1.0,1.0,1.0,1.0,1.0,1.0,1.0,1.0,1.0,1.0,1.0,W08_19u_eu,us,
dydx,FIL,3,1788378591,1,0.7972,52.684395,42,57,0,0,18010.3683,23810.0043,0,0,20805.8323,32405.4469,26.342,26.342,26.342,26.353,28.857,41.563,26.342,26.342,26.342,26.342,26.342,39.919,1.0,1.0,1.0,1.0,1.0,1.0,1.0,1.0,1.0,1.0,1.0,1.0,W08_19u_eu,us,
dydx,LDO,3,1788378591,1,0.3655,49.247606,48,37,0,14890.264,17790.092,23590.0328,0,9975.9728,13060.3213,18860.3141,24.624,24.624,24.624,24.624,24.624,39.749,24.624,24.624,24.624,24.624,24.637,55.726,1.0,1.0,1.0,1.0,1.0,1.0,1.0,1.0,1.0,1.0,1.0,1.0,W08_19u_eu,us,
dydx,MORPHO,3,1788378591,1,2.518,71.485306,15,9,0,0,1001.091,1001.091,0,0,1000.692,1000.692,35.743,35.743,1120.66,1537.296,1745.614,1870.604,35.743,37.362,1125.416,1537.688,1743.824,1867.506,1.0,1.0,1.0,1.0,1.0,1.0,1.0,1.0,1.0,1.0,1.0,1.0,W08_19u_eu,us,
dydx,ONDO,3,1788378591,1,0.3402,252.792475,42,30,0,0,0,0,0,0,0,0,126.396,126.396,126.396,126.396,126.396,126.396,126.396,126.396,126.396,126.396,126.396,148.338,1.0,1.0,1.0,1.0,1.0,1.0,1.0,1.0,1.0,1.0,1.0,1.0,W08_19u_eu,us,
dydx,RUNE,3,1788378592,1,0.473,114.164905,23,17,0,0,0,2959.5979,0,0,0,23399.9017,57.082,57.082,57.082,113.55,155.084,180.004,57.082,57.082,57.082,57.082,66.097,88.888,1.0,1.0,1.0,1.0,1.0,1.0,1.0,1.0,1.0,1.0,1.0,1.0,W08_19u_eu,us,
dydx,SPX,3,1788378592,1,0.54605,620.822269,28,22,0,0,0,0,0,0,0,0,802.509,829.329,845.421,850.785,853.467,855.076,310.411,310.411,310.411,310.411,310.411,310.411,1.0,1.0,1.0,1.0,1.0,1.0,1.0,1.0,1.0,1.0,1.0,1.0,W08_19u_eu,us,
dydx,WIF,3,1788378592,1,0.19687,34.54056,37,29,0,14673.06048,23764.47433,37964.55745,0,21828.86386,36028.80133,64428.86016,17.27,17.27,17.27,17.371,19.86,24.998,17.27,17.27,17.27,17.27,17.27,22.351,1.0,1.0,1.0,1.0,1.0,1.0,1.0,1.0,1.0,1.0,1.0,1.0,W08_19u_eu,us,
dydx,XMR,3,1788378592,1,515.83,329.565942,69,44,0,0,0,0,0,0,0,0,191.591,194.859,384.179,460.783,499.085,522.066,164.783,167.084,259.223,289.935,305.292,314.506,1.0,1.0,1.0,1.0,1.0,1.0,1.0,1.0,1.0,1.0,1.0,1.0,W08_19u_eu,us,
dydx,ZEC,3,1788378592,1,810.76,45.882875,85,57,0,9302.338,9383.057,1042347.862,0,458398.942,1009210.312,5807341.432,22.941,22.941,22.941,22.941,24.864,41.25,22.941,22.941,22.941,22.941,22.941,22.941,1.0,1.0,1.0,1.0,1.0,1.0,1.0,1.0,1.0,1.0,1.0,1.0,W08_19u_eu,us,
hl,ONDO,3,1788378592,1,0.34161,1.170926,20,20,56162.41802,68941.9225,68941.9225,68941.9225,27403.2604,27403.2604,27403.2604,27403.2604,0.585,0.585,1.014,1.678,2.236,4.017,0.785,1.206,2.054,3.041,4.114,6.015,1.0,1.0,1.0,1.0,1.0,1.0,1.0,1.0,1.0,1.0,1.0,1.0,W08_19u_eu,us,
okx,USELESS,3,1788378592,1,0.122645,5.70753,400,400,520.18593,2815.75667,6972.25977,15568.39639,733.9672,3337.18824,11863.83121,21517.72122,6.023,8.707,14.329,22.428,36.555,82.155,6.827,8.376,12.878,19.068,30.606,62.628,1.0,1.0,1.0,1.0,1.0,1.0,1.0,1.0,1.0,1.0,1.0,1.0,W08_19u_eu,us,
dydx,TAO,3,1788378592,1,216.735,32.758899,48,51,0,15433.2662,46299.6581,124800.4949,0,65532.3743,79731.6451,1572853.264,16.379,16.379,16.379,16.379,17.142,27.022,16.379,16.379,16.379,16.379,16.379,16.379,1.0,1.0,1.0,1.0,1.0,1.0,1.0,1.0,1.0,1.0,1.0,1.0,W08_19u_eu,us,
dydx,ZEN,3,1788378592,1,5.3485,84.135739,29,27,0,0,1001.288,1001.288,0,0,999.006,999.006,42.068,42.068,373.555,487.329,544.216,578.348,42.068,44.953,377.521,488.377,543.805,577.062,1.0,1.0,1.0,1.0,1.0,1.0,1.0,1.0,1.0,1.0,1.0,1.0,W08_19u_eu,us,
dydx,ZRO,3,1788378592,1,0.996,200.803213,29,24,0,0,0,0,0,0,0,0,110.022,110.232,130.383,291.535,617.655,813.327,100.402,100.402,100.402,108.962,123.195,208.475,1.0,1.0,1.0,1.0,1.0,1.0,1.0,1.0,1.0,1.0,1.0,1.0,W08_19u_eu,us,
aster,AR,1,1788410494,1,2.4715,20.230629,15,15,0,2611.838,10688.5522,11838.24,0,9697.4809,10278.5311,10862.1575,10.115,10.115,10.398,18.071,22.185,412.955,10.115,10.128,17.403,19.828,21.356,212.887,1.0,1.0,1.0,1.0,1.0,0.5869,1.0,1.0,1.0,1.0,1.0,0.5471,W09_04u_asia,asia,
aster,FIL,1,1788410494,1,0.803,24.9066,17,21,0,21024.0485,38749.5541,57442.8334,0,9316.5841,13624.4149,16585.7349,12.453,12.453,12.453,12.453,12.453,19.686,12.453,12.453,12.453,12.453,16.434,67.981,1.0,1.0,1.0,1.0,1.0,1.0,1.0,1.0,1.0,1.0,1.0,1.0,W09_04u_asia,asia,
aster,BTW,1,1788410494,1,0.467055,12.20413,264,227,1842.72664,5591.73345,14448.1679,20488.28903,721.17497,4617.41341,14585.98513,34516.42769,8.257,8.678,9.659,13.534,19.608,50.118,6.25,8.052,10.264,16.42,24.907,50.743,1.0,1.0,1.0,1.0,1.0,1.0,1.0,1.0,1.0,1.0,1.0,1.0,W09_04u_asia,asia,
aster,FET,1,1788410494,1,0.1538,26.007802,24,34,0,14726.1792,16693.1898,24979.7499,0,12345.3476,13469.629,14449.8346,13.004,13.004,13.004,15.201,17.354,34.039,13.004,13.004,13.004,13.004,13.122,98.184,1.0,1.0,1.0,1.0,1.0,1.0,1.0,1.0,1.0,1.0,1.0,1.0,W09_04u_asia,asia,
aster,KAS,1,1788410494,1,0.028565,24.505514,15,20,0,3379.48327,14799.9106,25958.33878,0,649.1914,5470.75779,7568.10565,12.253,12.253,14.019,20.542,26.9,49.622,12.253,17.176,25.199,30.978,65.434,285.443,1.0,1.0,1.0,1.0,1.0,1.0,1.0,1.0,1.0,1.0,1.0,1.0,W09_04u_asia,asia,
aster,LDO,1,1788410494,1,0.36625,13.651877,62,40,12196.7303,14469.7748,15537.8182,22456.3814,10314.9893,12595.4966,12595.4966,13427.5354,6.826,6.826,6.826,6.99,8.273,66.695,6.826,6.826,6.826,8.02,8.788,213.151,1.0,1.0,1.0,1.0,1.0,1.0,1.0,1.0,1.0,1.0,1.0,1.0,W09_04u_asia,asia,
aster,KITE,1,1788410494,1,0.139215,0.718313,73,43,1478.00632,11024.63115,13098.14317,14324.34822,1100.8299,3375.20865,7288.58232,8042.2453,0.887,3.018,6.786,9.678,12.682,205.862,4.946,5.526,10.008,16.794,70.875,382.653,1.0,1.0,1.0,1.0,1.0,1.0,1.0,1.0,1.0,1.0,1.0,1.0,W09_04u_asia,asia,
aster,ICP,1,1788410494,1,2.475,8.080808,82,108,432.825,20438.832,31679.211,53919.409,1168.837,10498.683,13659.457,18727.303,7.621,10.512,13.902,15.032,18.854,24.798,4.04,5.011,9.005,10.563,13.44,51.326,1.0,1.0,1.0,1.0,1.0,1.0,1.0,1.0,1.0,1.0,1.0,1.0,W09_04u_asia,asia,
aster,MAGMA,1,1788410494,1,0.38362,12.512382,156,134,2885.14576,4580.6777,12916.88915,18583.72319,535.95611,2176.50305,7281.69495,15354.8407,6.819,7.517,8.012,13.152,24.778,66.916,7.748,10.199,16.534,22.331,35.375,124.821,1.0,1.0,1.0,1.0,1.0,1.0,1.0,1.0,1.0,1.0,1.0,1.0,W09_04u_asia,asia,
aster,MORPHO,1,1788410494,1,2.52945,22.534543,25,19,0,3297.82991,3403.0265,3629.37946,0,2157.28521,2157.28521,2157.28521,11.267,11.267,13.716,83.471,172.89,254.505,11.267,11.267,41.854,137.059,184.679,246.108,1.0,1.0,1.0,1.0,1.0,1.0,1.0,1.0,1.0,1.0,1.0,1.0,W09_04u_asia,asia,
aster,ONDO,1,1788410494,1,0.34905,8.594757,101,223,6143.61916,36644.33938,54298.50401,75900.12839,2069.29985,23142.67095,30010.19903,38410.63705,4.297,4.297,5.925,6.543,7.957,9.891,5.999,6.581,7.425,8.726,9.377,13.935,1.0,1.0,1.0,1.0,1.0,1.0,1.0,1.0,1.0,1.0,1.0,1.0,W09_04u_asia,asia,
aster,POWER,1,1788410494,1,0.085025,31.755366,41,25,0,1121.87332,1396.96311,1584.458,0,1222.30727,1397.40187,1470.94945,16.767,16.91,122.571,504.639,1061.676,1061.676,16.767,16.91,140.727,544.555,834.529,834.529,1.0,1.0,1.0,1.0,0.9498,0.3799,1.0,1.0,1.0,1.0,0.8749,0.35,W09_04u_asia,asia,
aster,SPX,1,1788410494,1,0.5359,26.124277,13,8,0,2735.6579,14155.7855,14155.7855,0,3293.2634,6872.4759,6872.4759,13.062,13.062,14.021,22.067,26.895,733.849,13.062,13.062,15.012,21.258,1036.179,1036.179,1.0,1.0,1.0,1.0,1.0,0.6905,1.0,1.0,1.0,1.0,0.8303,0.3321,W09_04u_asia,asia,
aster,RIVER,1,1788410494,1,1.26,15.873016,75,136,1451.2493,7531.0095,15750.9978,22019.5726,3122.7404,27089.9369,36323.6566,104979.3031,7.937,7.937,11.262,14.366,21.037,48.028,7.937,7.937,7.937,10.92,13.808,19.809,1.0,1.0,1.0,1.0,1.0,1.0,1.0,1.0,1.0,1.0,1.0,1.0,W09_04u_asia,asia,
aster,TAO,1,1788410494,1,218.25,2.749141,116,127,9209.56456,79552.92588,141683.12529,194118.12631,16662.21337,53160.33174,65208.29428,121834.79854,1.695,2.714,3.807,5.56,7.05,9.972,1.375,1.375,1.375,2.046,3.25,7.329,1.0,1.0,1.0,1.0,1.0,1.0,1.0,1.0,1.0,1.0,1.0,1.0,W09_04u_asia,asia,
aster,UAI,1,1788410494,1,0.3843,15.612802,79,127,374.784,7274.4563,29958.2216,49277.8329,184.608,9383.7917,12127.519,32069.6899,8.457,10.551,12.027,13.089,18.933,24.546,9.449,10.79,12.122,12.566,16.77,48.003,1.0,1.0,1.0,1.0,1.0,1.0,1.0,1.0,1.0,1.0,1.0,1.0,W09_04u_asia,asia,
aster,USELESS,1,1788410495,1,0.13124,10.667479,54,70,150.05848,23157.92465,33581.85608,59637.92073,1613.1308,6742.34964,15510.85854,18381.3786,9.066,10.03,12.657,14.116,17.219,21.188,5.334,5.954,9.67,12.583,20.058,69.958,1.0,1.0,1.0,1.0,1.0,1.0,1.0,1.0,1.0,1.0,1.0,1.0,W09_04u_asia,asia,
aster,WIF,1,1788410495,1,0.20005,24.993752,30,28,0,23403.9691,46030.85508,52256.54788,0,4656.75751,7543.22491,12990.28501,12.497,12.497,12.497,12.497,13.234,17.709,12.964,17.729,20.588,22.248,42.223,133.685,1.0,1.0,1.0,1.0,1.0,1.0,1.0,1.0,1.0,1.0,1.0,1.0,W09_04u_asia,asia,
aster,XMR,1,1788410495,1,508.46,5.11348,258,198,2177.06236,25407.07836,58928.35504,118773.91932,3265.57436,35157.10815,91431.48857,163035.59413,2.557,3.599,6.037,8.729,12.97,18.553,3.019,3.836,6.271,9.184,12.951,15.412,1.0,1.0,1.0,1.0,1.0,1.0,1.0,1.0,1.0,1.0,1.0,1.0,W09_04u_asia,asia,
aster,ZEN,1,1788410495,1,5.385,11.142061,11,9,2797.916,10730.5579,10730.5579,10730.5579,1068.9792,9346.8733,9346.8733,9346.8733,5.571,5.571,6.092,12.319,16.373,453.975,5.571,5.571,9.825,11.412,25.376,259.175,1.0,1.0,1.0,1.0,1.0,0.5762,1.0,1.0,1.0,1.0,1.0,0.4811,W09_04u_asia,asia,
aster,ZRO,1,1788410495,1,1.05485,10.428023,108,239,270.09885,2220.15428,4081.06467,4720.59837,882.85863,6207.07979,6388.08329,7125.28718,8.955,11.449,14.979,36.466,165.446,653.835,5.906,7.216,12.853,16.617,106.976,598.371,1.0,1.0,1.0,1.0,1.0,1.0,1.0,1.0,1.0,1.0,1.0,1.0,W09_04u_asia,asia,
aster,龙虾,1,1788410495,1,0.069632,9.621944,224,138,739.412409,5040.556981,6699.011121,9363.520367,555.307686,1862.672788,4312.454158,9311.475029,4.811,7.785,13.593,16.894,42.86,414.388,4.811,8.517,17.826,30.621,57.429,428.766,1.0,1.0,1.0,1.0,1.0,1.0,1.0,1.0,1.0,1.0,1.0,1.0,W09_04u_asia,asia,
binance,FET,1,1788410495,1,0.15375,6.504065,589,1000,23531.4223,92220.6954,248645.1499,394805.2584,53006.3809,119408.4897,180314.9023,262295.299,3.252,3.252,3.252,6.265,8.011,9.434,3.252,3.252,3.252,3.252,3.252,5.135,1.0,1.0,1.0,1.0,1.0,1.0,1.0,1.0,1.0,1.0,1.0,1.0,W09_04u_asia,asia,
binance,AR,1,1788410495,1,2.4715,4.046126,735,1000,1641.4684,19923.8836,51750.3139,123255.4682,1877.5497,19862.6928,52991.2152,111827.6389,3.001,4.535,6.844,8.48,10.714,17.513,2.085,4.077,6.281,9.065,11.613,17.889,1.0,1.0,1.0,1.0,1.0,1.0,1.0,1.0,1.0,1.0,1.0,1.0,W09_04u_asia,asia,
binance,FIL,1,1788410495,1,0.80255,1.246028,1000,1000,56071.30226,231119.36944,518578.2288,1151502.35013,86515.56171,259469.41515,474268.35965,1069752.67085,0.623,1.087,1.556,1.784,2.558,4.165,0.623,0.623,0.623,0.894,1.532,3.054,1.0,1.0,1.0,1.0,1.0,1.0,1.0,1.0,1.0,1.0,1.0,1.0,W09_04u_asia,asia,
binance,KAS,1,1788410495,1,0.028555,3.502014,466,1000,2675.49913,14625.50198,34460.19086,89001.3627,3157.49292,12336.61482,25757.78561,52703.0765,2.096,4.348,6.992,9.5,13.4,22.129,1.751,1.751,4.309,7.824,12.286,24.321,1.0,1.0,1.0,1.0,1.0,1.0,1.0,1.0,1.0,1.0,1.0,1.0,W09_04u_asia,asia,
binance,KITE,1,1788410495,1,0.139185,2.155405,1000,1000,1204.62595,5776.70235,25603.09518,64104.77699,2607.427,13858.01738,61201.87427,86822.0577,2.016,3.779,9.828,15.469,21.263,32.692,3.551,5.155,7.683,11.2,16.076,23.31,1.0,1.0,1.0,1.0,1.0,1.0,1.0,1.0,1.0,1.0,1.0,1.0,W09_04u_asia,asia,
binance,LDO,1,1788410495,1,0.36625,2.730375,1000,1000,20262.2909,89271.7095,190976.7154,403174.8559,24702.0291,71378.4757,140949.0986,270358.1275,1.796,2.946,3.636,3.866,4.391,7.353,1.798,2.947,3.636,4.171,5.498,7.306,1.0,1.0,1.0,1.0,1.0,1.0,1.0,1.0,1.0,1.0,1.0,1.0,W09_04u_asia,asia,
binance,ONDO,1,1788410495,1,0.34885,2.866562,1000,1000,73500.29323,401816.67576,786774.37862,1393962.78871,75847.08968,281588.63874,535948.63549,989678.9321,1.433,1.433,1.433,1.433,1.433,2.654,2.469,3.384,3.934,4.117,4.208,4.263,1.0,1.0,1.0,1.0,1.0,1.0,1.0,1.0,1.0,1.0,1.0,1.0,W09_04u_asia,asia,
binance,MAGMA,1,1788410495,1,0.38375,7.296417,1000,1000,1035.70528,6491.7004,16856.95411,40937.21817,5077.42926,7904.75558,14791.95755,28197.66986,6.14,7.683,10.385,13.671,21.633,38.965,4.111,4.14,4.45,4.57,13.369,40.854,1.0,1.0,1.0,1.0,1.0,1.0,1.0,1.0,1.0,1.0,1.0,1.0,W09_04u_asia,asia,
binance,POWER,1,1788410495,1,0.084985,1.176678,874,1000,936.0973,4471.07116,8777.10062,17475.10485,145.57432,1645.82868,4472.40258,10884.10235,5.345,6.73,10.715,14.932,28.881,69.102,11.43,13.883,21.262,32.407,49.344,109.105,1.0,1.0,1.0,1.0,1.0,1.0,1.0,1.0,1.0,1.0,1.0,1.0,W09_04u_asia,asia,
binance,RIVER,1,1788410495,1,1.2595,7.939659,444,1000,3896.3532,15389.8673,33653.899,90969.0612,487.116,15173.7553,36014.3809,63520.4208,3.97,3.97,3.97,5.72,8.815,19.267,4.177,8.043,10.363,11.136,15.278,21.349,1.0,1.0,1.0,1.0,1.0,1.0,1.0,1.0,1.0,1.0,1.0,1.0,W09_04u_asia,asia,
binance,TAO,1,1788410495,1,217.975,0.458768,1000,1000,163892.8706,506019.5553,1049564.37189,2161902.88613,204411.06912,480544.88984,1126411.77854,2086664.05672,1.476,1.58,1.981,2.266,2.802,3.656,0.229,0.229,0.345,0.569,0.858,1.561,1.0,1.0,1.0,1.0,1.0,1.0,1.0,1.0,1.0,1.0,1.0,1.0,W09_04u_asia,asia,
binance,RUNE,1,1788410495,1,0.47465,2.106816,567,1000,3737.1441,21328.6256,67523.5732,156095.1307,5445.4443,17510.5791,38380.6344,97447.7742,1.053,1.875,4.433,7.533,11.273,17.789,1.946,2.553,4.119,6.326,9.854,18.968,1.0,1.0,1.0,1.0,1.0,1.0,1.0,1.0,1.0,1.0,1.0,1.0,W09_04u_asia,asia,
binance,UAI,1,1788410495,1,0.38415,2.60315,1000,1000,2372.5479,13522.1903,29477.2567,76167.241,2443.9718,16416.9497,31899.776,65187.5885,5.238,6.31,8.121,10.104,12.797,23.091,2.949,4.172,6.454,9.211,12.131,22.228,1.0,1.0,1.0,1.0,1.0,1.0,1.0,1.0,1.0,1.0,1.0,1.0,W09_04u_asia,asia,
binance,USELESS,1,1788410495,1,0.13122,3.048316,1000,1000,9677.61536,37370.86218,70884.49758,140736.8511,10380.60722,31315.29565,71089.57684,146661.10067,1.524,1.524,2.725,4.607,6.365,12.07,3.162,3.716,4.996,6.112,7.691,12.474,1.0,1.0,1.0,1.0,1.0,1.0,1.0,1.0,1.0,1.0,1.0,1.0,W09_04u_asia,asia,
binance,WIF,1,1788410495,1,0.19995,5.00125,722,1000,16085.12303,81376.6184,177578.03379,388349.89434,8189.20705,51177.11287,136330.6895,301256.03452,2.501,2.501,2.501,4.456,5.979,8.674,2.501,2.501,4.118,5.81,7.564,11.246,1.0,1.0,1.0,1.0,1.0,1.0,1.0,1.0,1.0,1.0,1.0,1.0,W09_04u_asia,asia,
binance,XMR,1,1788410495,1,508.655,0.196597,1000,1000,13933.40587,38169.00556,137487.9614,314806.21575,15745.15786,68179.18708,235016.6017,332991.1457,1.937,2.529,3.755,4.658,5.434,9.535,0.227,0.598,2.11,3.616,5.608,8.382,1.0,1.0,1.0,1.0,1.0,1.0,1.0,1.0,1.0,1.0,1.0,1.0,W09_04u_asia,asia,
binance,ZEC,1,1788410495,1,816.075,0.122538,1000,1000,304632.73824,1325304.63478,3215148.26943,6268138.49952,282566.37005,1128404.51383,3222024.15974,5562810.94945,0.061,0.061,0.061,0.062,0.189,0.621,0.061,0.061,0.373,0.646,0.899,1.41,1.0,1.0,1.0,1.0,1.0,1.0,1.0,1.0,1.0,1.0,1.0,1.0,W09_04u_asia,asia,
binance,ZEN,1,1788410495,1,5.3845,1.857183,821,1000,3760.3095,24899.3812,106013.8781,208566.5752,6342.3549,41443.8872,86151.428,158770.2695,3.125,3.884,5.295,7.286,9.669,14.99,1.596,2.879,4.644,6.283,8.0,11.353,1.0,1.0,1.0,1.0,1.0,1.0,1.0,1.0,1.0,1.0,1.0,1.0,W09_04u_asia,asia,
binance,ZRO,1,1788410495,1,1.05405,0.948722,1000,1000,4302.61122,22768.2546,45477.23838,121928.68733,6473.61425,35927.24015,66679.50193,164589.20509,0.492,1.716,3.861,6.681,11.126,17.568,0.474,0.474,1.469,3.979,7.775,12.164,1.0,1.0,1.0,1.0,1.0,1.0,1.0,1.0,1.0,1.0,1.0,1.0,W09_04u_asia,asia,
binance,龙虾,1,1788410495,1,0.069612,4.453223,1000,1000,1427.082042,7873.974905,17467.337485,30673.442951,1207.79308,8405.393474,20007.312751,64220.33084,5.875,7.46,9.363,11.941,17.251,36.529,5.547,6.654,9.211,11.801,17.245,34.087,1.0,1.0,1.0,1.0,1.0,1.0,1.0,1.0,1.0,1.0,1.0,1.0,W09_04u_asia,asia,
bitget,BTW,1,1788410495,1,0.466552,10.974125,100,100,579.123373,3994.342861,7825.168289,18006.187821,31.742944,1607.862617,7715.261871,18324.024047,5.758,8.774,13.758,19.26,34.759,58.976,13.79,15.968,20.742,25.446,38.012,64.966,1.0,1.0,1.0,1.0,1.0,0.7819,1.0,1.0,1.0,1.0,1.0,0.844,W09_04u_asia,asia,
bitget,AR,1,1788410495,1,2.4715,12.138378,100,100,722.722,7475.0522,19691.3133,69329.1711,479.0201,21055.8605,46458.7114,69044.7457,6.069,7.189,9.719,12.264,19.014,35.868,6.241,8.966,14.114,16.161,17.184,20.992,1.0,1.0,1.0,1.0,1.0,1.0,1.0,1.0,1.0,1.0,1.0,1.0,W09_04u_asia,asia,
bitget,FET,1,1788410495,1,0.15365,6.508298,100,100,17070.4462,57605.7257,193017.1977,318748.9505,28446.0855,65682.7226,179275.0416,282575.8201,3.258,6.51,8.462,9.112,9.437,11.692,3.254,3.254,3.254,6.392,8.077,9.088,1.0,1.0,1.0,1.0,1.0,1.0,1.0,1.0,1.0,1.0,1.0,1.0,W09_04u_asia,asia,
bitget,FIL,1,1788410495,1,0.80215,1.24665,100,100,19996.64804,388135.67765,663412.73258,1436659.40455,29851.90471,103332.9057,570878.28124,1343064.38043,1.495,1.683,2.097,2.839,4.727,7.693,1.494,2.166,2.989,4.022,5.115,6.91,1.0,1.0,1.0,1.0,1.0,1.0,1.0,1.0,1.0,1.0,1.0,1.0,W09_04u_asia,asia,
bitget,KITE,1,1788410495,1,0.13913,10.062531,100,100,763.38833,14912.98198,31284.31275,76684.9676,200.7264,50985.56131,61491.37936,87833.25231,6.653,8.587,12.639,14.576,17.779,23.725,8.405,10.312,11.783,12.679,13.168,14.586,1.0,1.0,1.0,1.0,1.0,1.0,1.0,1.0,1.0,1.0,1.0,1.0,W09_04u_asia,asia,
bitget,KAS,1,1788410495,1,0.02854,7.007708,100,100,2003.28536,44779.85518,77728.30687,120319.32184,1031.58451,32677.61748,55808.69728,85248.26702,6.197,6.602,7.54,9.22,12.376,18.051,5.812,6.41,8.827,10.387,13.265,17.588,1.0,1.0,1.0,1.0,1.0,1.0,1.0,1.0,1.0,1.0,1.0,1.0,W09_04u_asia,asia,
bitget,LDO,1,1788410495,1,0.36595,2.732614,100,100,4707.03076,33864.71727,92608.94854,168141.28601,2169.53382,30348.3194,78318.54419,149743.43563,3.835,3.967,4.046,6.571,9.434,15.073,3.639,5.657,8.364,10.33,12.225,17.572,1.0,1.0,1.0,1.0,1.0,1.0,1.0,1.0,1.0,1.0,1.0,1.0,W09_04u_asia,asia,
bitget,MAGMA,1,1788410495,1,0.383565,11.210616,100,100,2744.24817,8969.42326,23198.07801,56217.71646,571.52173,11864.94186,18258.41045,54216.40013,6.967,8.072,8.904,10.845,16.129,29.675,6.812,8.519,9.93,13.955,18.986,34.508,1.0,1.0,1.0,1.0,1.0,1.0,1.0,1.0,1.0,1.0,1.0,1.0,W09_04u_asia,asia,
bitget,ONDO,1,1788410495,1,0.34885,2.866562,100,100,192616.53221,778066.3096,1214180.77949,2094883.42023,87314.72287,492067.75,1126483.89085,2050646.0935,1.433,1.433,1.433,1.824,3.062,3.805,1.434,2.867,3.796,5.481,6.324,6.829,1.0,1.0,1.0,1.0,1.0,1.0,1.0,1.0,1.0,1.0,1.0,1.0,W09_04u_asia,asia,
bitget,POWER,1,1788410495,1,0.08528,9.380863,100,100,420.6362,2172.0231,12873.92519,26897.01181,1122.51115,4251.06188,12237.19923,22859.35425,7.791,11.97,17.433,25.34,32.555,53.49,5.763,5.813,10.766,17.429,26.309,53.265,1.0,1.0,1.0,1.0,1.0,1.0,1.0,1.0,1.0,1.0,1.0,1.0,W09_04u_asia,asia,
bitget,RIVER,1,1788410495,1,1.259,15.885624,100,100,4693.598,18242.955,32802.542,52970.636,5082.84,15527.973,29797.7,43199.228,7.943,7.943,7.943,8.424,12.155,21.363,7.943,7.943,7.943,7.943,11.852,22.804,1.0,1.0,1.0,1.0,1.0,1.0,1.0,1.0,1.0,1.0,1.0,1.0,W09_04u_asia,asia,
bitget,RUNE,1,1788410495,1,0.47435,2.108148,100,100,2209.3075,18144.07267,27641.42424,55852.7537,2239.61146,13927.70566,27854.60863,51730.26229,2.687,4.457,6.944,10.945,15.346,23.48,2.361,4.09,6.778,10.682,14.331,25.144,1.0,1.0,1.0,1.0,1.0,1.0,1.0,1.0,1.0,1.0,1.0,1.0,W09_04u_asia,asia,
bitget,TAO,1,1788410495,1,218.03,0.917305,100,100,58010.6611,411303.93213,1223323.32657,1729689.09373,46577.74514,255089.28839,402435.83338,642535.14125,1.619,2.17,2.934,3.696,4.332,5.207,1.15,1.665,2.73,3.745,4.395,5.67,1.0,1.0,1.0,1.0,1.0,1.0,1.0,1.0,1.0,1.0,1.0,1.0,W09_04u_asia,asia,
bitget,UAI,1,1788410495,1,0.384215,3.904064,100,100,1969.33099,4710.25583,14211.61998,39296.29115,513.93708,6833.23278,13116.48213,28732.35687,5.982,7.695,9.949,15.716,22.604,40.631,4.594,8.262,13.17,16.066,23.553,45.772,1.0,1.0,1.0,1.0,1.0,1.0,1.0,1.0,1.0,1.0,1.0,1.0,W09_04u_asia,asia,
bitget,USELESS,1,1788410495,1,0.131175,5.336383,100,100,3357.52778,19916.10315,67575.64743,115605.72261,5348.36659,29132.20344,57448.60509,114680.94662,3.161,4.262,6.197,8.06,11.175,18.825,3.168,4.269,5.557,7.151,8.946,14.134,1.0,1.0,1.0,1.0,1.0,1.0,1.0,1.0,1.0,1.0,1.0,1.0,W09_04u_asia,asia,
bitget,WIF,1,1788410495,1,0.20005,4.99875,100,100,10831.33293,57476.59144,270622.00443,478384.63204,4330.64948,47344.35213,246608.46127,438141.45952,2.499,2.499,2.499,2.499,4.968,10.231,4.358,5.928,6.87,7.856,10.177,13.21,1.0,1.0,1.0,1.0,1.0,1.0,1.0,1.0,1.0,1.0,1.0,1.0,W09_04u_asia,asia,
bitget,XMR,1,1788410495,1,508.56,9.045147,100,100,3791.2042,31724.7597,223107.0542,419067.6267,52416.5355,119489.4496,296710.366,390201.2155,6.238,6.535,6.743,7.907,9.361,10.977,6.581,7.555,8.45,8.948,9.292,9.498,1.0,1.0,1.0,1.0,1.0,1.0,1.0,1.0,1.0,1.0,1.0,1.0,W09_04u_asia,asia,
bitget,ZRO,1,1788410495,1,1.05475,6.636644,100,100,657.6418,30876.8795,87102.1714,152632.6069,3200.7926,56353.5008,79839.4818,155822.7659,7.295,8.949,11.067,13.395,14.993,16.673,5.485,6.914,8.383,9.992,11.93,14.375,1.0,1.0,1.0,1.0,1.0,1.0,1.0,1.0,1.0,1.0,1.0,1.0,W09_04u_asia,asia,
bybit,BTW,1,1788410495,1,0.4669,4.283572,200,200,158.6303,2679.7347,6391.4023,11311.1908,728.9837,3077.0682,7589.6446,18933.0449,10.419,11.546,17.978,25.451,44.894,72.371,8.347,9.183,14.153,21.997,35.57,70.165,1.0,1.0,1.0,1.0,1.0,0.6277,1.0,1.0,1.0,1.0,1.0,1.0,W09_04u_asia,asia,
bybit,AR,1,1788410495,1,2.4745,12.123661,200,200,380.5947,1856.9369,6347.0158,11275.2501,454.8412,3071.5261,18188.5543,24501.2518,7.025,10.08,17.328,28.026,43.175,80.622,6.429,10.499,17.451,21.402,24.126,42.873,1.0,1.0,1.0,1.0,1.0,1.0,1.0,1.0,1.0,1.0,1.0,1.0,W09_04u_asia,asia,
bybit,FIL,1,1788410495,1,0.80225,1.246494,200,200,15364.45429,60031.09826,250522.58131,531475.84556,5626.89906,44402.42504,272689.32527,499700.94182,1.858,2.487,3.658,5.144,6.844,9.19,2.134,2.625,4.181,6.372,8.406,11.365,1.0,1.0,1.0,1.0,1.0,1.0,1.0,1.0,1.0,1.0,1.0,1.0,W09_04u_asia,asia,
bybit,KAS,1,1788410495,1,0.028535,3.504468,200,200,3743.4773,14769.2797,36374.1634,122138.2487,3824.3924,15639.1822,39565.2476,124855.805,5.163,5.21,6.023,8.271,12.386,21.627,2.805,4.031,6.168,8.29,11.894,20.318,1.0,1.0,1.0,1.0,1.0,1.0,1.0,1.0,1.0,1.0,1.0,1.0,W09_04u_asia,asia,
bybit,KITE,1,1788410495,1,0.139095,9.34613,200,200,569.33481,2575.47252,5059.96005,14120.69414,3.75732,1386.928,3850.59444,7947.8771,6.633,8.942,14.841,27.175,43.635,111.048,16.16,18.839,24.591,36.616,67.017,246.377,1.0,1.0,1.0,1.0,1.0,1.0,1.0,1.0,1.0,1.0,1.0,1.0,W09_04u_asia,asia,
bybit,LDO,1,1788410495,1,0.36615,2.731121,200,200,4978.47534,22429.9778,219454.63609,394576.87173,11092.69111,35252.00211,215632.33326,409375.0782,4.087,4.327,6.005,7.792,10.847,16.97,3.727,3.912,4.023,4.11,6.023,11.101,1.0,1.0,1.0,1.0,1.0,1.0,1.0,1.0,1.0,1.0,1.0,1.0,W09_04u_asia,asia,
bybit,MAGMA,1,1788410495,1,0.3834,10.432968,200,200,252.0808,2117.9401,7233.8675,26959.3495,459.2739,2664.8661,13942.199,24238.9367,9.363,11.794,17.831,26.536,38.689,62.532,7.739,10.962,16.308,22.957,31.858,57.713,1.0,1.0,1.0,1.0,1.0,1.0,1.0,1.0,1.0,1.0,1.0,1.0,W09_04u_asia,asia,
bybit,ONDO,1,1788410495,1,0.34885,2.866562,200,200,50035.3855,278113.4255,542434.7027,868884.5606,56535.34,245531.654,510676.2256,877267.4699,3.428,3.864,4.125,4.213,4.256,5.302,1.433,1.433,1.433,1.433,2.145,3.951,1.0,1.0,1.0,1.0,1.0,1.0,1.0,1.0,1.0,1.0,1.0,1.0,W09_04u_asia,asia,
bybit,POWER,1,1788410495,1,0.085095,5.875786,200,200,500.16019,1350.92856,3400.96761,4786.13466,3.91552,730.44513,1805.1369,3614.36748,5.661,9.526,24.22,45.195,156.0,305.989,16.897,20.776,37.915,89.145,168.249,168.249,1.0,1.0,1.0,1.0,1.0,1.0,1.0,1.0,1.0,1.0,0.6863,0.2745,W09_04u_asia,asia,
bybit,RIVER,1,1788410495,1,1.2605,7.93336,200,200,12.6,2602.1562,5222.4378,18932.9071,605.4061,2549.6276,6201.8809,11355.6984,11.7,11.8,12.856,23.792,48.563,87.177,3.967,7.099,13.304,22.211,44.075,173.203,1.0,1.0,1.0,1.0,1.0,1.0,1.0,1.0,1.0,1.0,1.0,1.0,W09_04u_asia,asia,
bybit,RUNE,1,1788410495,1,0.47455,6.321779,200,200,331.38166,1487.59796,35782.30636,129351.23188,292.46048,2399.15108,37254.91222,153389.29147,8.856,13.556,21.929,30.984,38.145,43.087,8.518,10.555,17.304,26.121,36.2,43.267,1.0,1.0,1.0,1.0,1.0,1.0,1.0,1.0,1.0,1.0,1.0,1.0,W09_04u_asia,asia,
bybit,TAO,1,1788410495,1,218.025,0.458663,200,200,61867.84801,214772.97723,513528.03064,1055465.77658,43967.99817,167934.53604,517270.56941,1034394.4228,0.701,1.334,2.07,2.792,3.515,4.242,0.552,0.849,1.659,2.246,3.394,5.745,1.0,1.0,1.0,1.0,1.0,1.0,1.0,1.0,1.0,1.0,1.0,1.0,W09_04u_asia,asia,
bybit,UAI,1,1788410495,1,0.3845,5.20156,200,200,13852.0599,15198.0661,30581.1914,55850.5206,619.8892,3096.7187,6240.1631,28181.4459,5.172,5.187,5.196,5.199,5.2,14.058,7.33,8.781,12.909,21.089,37.318,64.699,1.0,1.0,1.0,1.0,1.0,1.0,1.0,1.0,1.0,1.0,1.0,1.0,W09_04u_asia,asia,
bybit,USELESS,1,1788410495,1,0.131245,3.809669,200,200,7440.46873,35252.10438,90004.16842,198510.30752,7200.64162,36451.49817,82964.48417,181146.20559,1.905,1.905,1.905,1.905,5.454,13.105,4.167,4.857,6.169,7.024,8.41,12.866,1.0,1.0,1.0,1.0,1.0,1.0,1.0,1.0,1.0,1.0,1.0,1.0,W09_04u_asia,asia,
bybit,XMR,1,1788410495,1,508.815,0.196535,200,200,6533.9408,49061.8519,219043.078,220359.2463,8075.603,64304.3771,149022.0947,149022.0947,2.332,3.528,5.08,5.972,8.349,12.576,1.579,2.422,3.651,5.699,7.751,11.028,1.0,1.0,1.0,1.0,1.0,1.0,1.0,1.0,1.0,1.0,1.0,1.0,W09_04u_asia,asia,
bybit,WIF,1,1788410495,1,0.19995,5.00125,200,200,11171.2864,72224.61,155275.9671,265275.0935,13698.0855,66230.8035,128686.3818,214214.6544,2.501,4.816,6.427,6.965,7.233,10.159,2.501,3.899,6.061,6.781,7.142,9.621,1.0,1.0,1.0,1.0,1.0,1.0,1.0,1.0,1.0,1.0,1.0,1.0,W09_04u_asia,asia,
bybit,ZEN,1,1788410495,1,5.3815,5.574654,200,200,442.5976,2121.4924,7028.3187,18388.899,309.6346,2162.4325,8558.7669,25704.7694,7.164,9.349,16.644,27.618,40.655,81.559,8.224,10.763,17.252,23.849,35.063,72.214,1.0,1.0,1.0,1.0,1.0,1.0,1.0,1.0,1.0,1.0,1.0,1.0,W09_04u_asia,asia,
bybit,ZRO,1,1788410495,1,1.05355,0.949172,200,200,2666.36251,17889.02683,59451.11304,145904.23124,7858.86246,24898.49089,42497.19842,135990.58573,2.353,3.359,5.92,9.663,13.615,20.21,3.658,4.862,6.091,7.191,9.054,15.543,1.0,1.0,1.0,1.0,1.0,1.0,1.0,1.0,1.0,1.0,1.0,1.0,W09_04u_asia,asia,
dydx,FIL,1,1788410495,1,0.8032,49.800797,43,60,0,15041.7288,17941.7877,23741.8017,0,15116.8248,24006.8351,35606.7596,24.9,24.9,24.9,24.9,24.9,35.72,24.9,24.9,24.9,24.9,24.9,33.321,1.0,1.0,1.0,1.0,1.0,1.0,1.0,1.0,1.0,1.0,1.0,1.0,W09_04u_asia,asia,
dydx,ICP,1,1788410495,1,2.47255,46.510687,40,58,0,15100.5162,22200.4181,36400.43684,0,7100.08167,21299.99297,49878.51626,23.255,23.255,23.255,23.255,23.255,27.126,23.255,23.255,23.255,23.255,30.568,48.62,1.0,1.0,1.0,1.0,1.0,1.0,1.0,1.0,1.0,1.0,1.0,1.0,W09_04u_asia,asia,
dydx,LDO,1,1788410496,1,0.36605,51.905477,49,40,0,0,17810.609,23610.6724,0,0,7896.061,13880.6834,25.953,25.953,25.953,25.953,25.953,39.557,25.953,25.953,25.953,25.962,33.609,75.551,1.0,1.0,1.0,1.0,1.0,1.0,1.0,1.0,1.0,1.0,1.0,1.0,W09_04u_asia,asia,
dydx,MORPHO,1,1788410496,1,2.5305,90.891128,16,9,0,0,1000.043,1000.043,0,0,999.006,999.006,45.446,45.446,1127.739,1542.925,1750.518,1875.074,45.446,48.474,1124.744,1533.524,1737.914,1860.548,1.0,1.0,1.0,1.0,1.0,1.0,1.0,1.0,1.0,1.0,1.0,1.0,W09_04u_asia,asia,
dydx,ONDO,1,1788410496,1,0.3505,74.179743,56,29,0,0,7188.9804,21389.0676,0,0,21299.8964,49699.9876,37.09,37.09,37.09,37.09,43.445,60.513,37.09,37.09,37.09,37.09,37.925,46.475,1.0,1.0,1.0,1.0,1.0,1.0,1.0,1.0,1.0,1.0,1.0,1.0,W09_04u_asia,asia,
dydx,SPX,1,1788410496,1,0.54845,705.624943,39,28,0,0,0,0,0,0,0,0,771.859,794.809,808.579,813.169,815.464,816.841,352.812,352.812,352.812,352.812,352.812,352.812,1.0,1.0,1.0,1.0,1.0,1.0,1.0,1.0,1.0,1.0,1.0,1.0,W09_04u_asia,asia,
dydx,RUNE,1,1788410496,1,0.47645,60.866828,40,32,0,0,11700.0885,27300.1537,0,0,11700.3434,27300.3434,30.433,30.433,30.433,33.63,39.378,63.966,30.433,30.433,30.433,31.367,32.999,55.255,1.0,1.0,1.0,1.0,1.0,1.0,1.0,1.0,1.0,1.0,1.0,1.0,W09_04u_asia,asia,
dydx,TAO,1,1788410496,1,218.61,32.935364,57,51,0,15429.759,46292.4227,884334.457,0,15478.9126,53494.0277,1182338.4587,16.468,16.468,16.468,16.468,17.602,28.544,16.468,16.468,16.468,16.468,18.724,27.28,1.0,1.0,1.0,1.0,1.0,1.0,1.0,1.0,1.0,1.0,1.0,1.0,W09_04u_asia,asia,
dydx,XMR,1,1788410496,1,509.085,37.911154,53,34,0,497.9576,1497.6735,1497.6735,0,999.698,999.698,999.698,18.984,25.354,157.018,254.462,303.184,332.417,18.956,19.609,197.89,257.318,287.031,304.859,1.0,1.0,1.0,1.0,1.0,1.0,1.0,1.0,1.0,1.0,1.0,1.0,W09_04u_asia,asia,
dydx,WIF,1,1788410496,1,0.199935,35.511541,42,36,0,14901.35069,23994.96946,38194.97371,0,22058.89304,36258.97138,64658.88544,17.756,17.756,17.756,17.776,20.017,25.892,17.756,17.756,17.756,17.756,17.756,20.998,1.0,1.0,1.0,1.0,1.0,1.0,1.0,1.0,1.0,1.0,1.0,1.0,W09_04u_asia,asia,
dydx,ZEC,1,1788410496,1,817.765,39.008762,89,55,0,979.404,12454.646,2945237.877,0,19746.576,2985188.12,3185253.011,19.504,19.813,36.421,42.209,45.103,52.52,19.504,19.504,19.504,19.504,19.504,20.98,1.0,1.0,1.0,1.0,1.0,1.0,1.0,1.0,1.0,1.0,1.0,1.0,W09_04u_asia,asia,
okx,USELESS,1,1788410497,1,0.131095,3.814028,400,400,934.19976,3543.27129,10882.75401,20705.12436,871.69196,3329.84215,8286.84891,17193.19532,5.256,7.114,13.104,19.294,28.365,61.474,5.014,6.984,11.817,19.529,34.001,76.31,1.0,1.0,1.0,1.0,1.0,1.0,1.0,1.0,1.0,1.0,1.0,1.0,W09_04u_asia,asia,
hl,ONDO,1,1788410497,1,0.34912,1.145738,20,20,30388.95387,30388.95387,30388.95387,30388.95387,51674.13283,51674.13283,51674.13283,51674.13283,0.686,0.891,1.065,1.948,3.129,4.631,0.573,0.573,0.78,1.378,1.745,3.319,1.0,1.0,1.0,1.0,1.0,1.0,1.0,1.0,1.0,1.0,1.0,1.0,W09_04u_asia,asia,
dydx,ZEN,1,1788410496,1,5.3805,68.766843,33,29,0,0,997.332,997.332,0,0,998.815,998.815,34.383,34.383,368.499,481.155,537.483,571.28,34.383,37.012,377.782,491.372,548.167,582.244,1.0,1.0,1.0,1.0,1.0,1.0,1.0,1.0,1.0,1.0,1.0,1.0,W09_04u_asia,asia,
dydx,ZRO,1,1788410496,1,1.0545,85.348506,38,34,0,0,5794.95,5794.95,0,0,2899.542,8699.124,42.674,42.674,42.674,42.674,208.029,683.496,42.674,42.674,42.674,54.696,69.331,180.154,1.0,1.0,1.0,1.0,1.0,1.0,1.0,1.0,1.0,1.0,1.0,1.0,W09_04u_asia,asia,
aster,FET,2,1788410542,1,0.1538,26.007802,25,35,0,15063.9456,17031.263,37643.561,0,13984.8444,14937.0386,15917.2442,13.004,13.004,13.004,14.762,17.134,29.895,13.004,13.004,13.004,13.004,14.382,61.553,1.0,1.0,1.0,1.0,1.0,1.0,1.0,1.0,1.0,1.0,1.0,1.0,W09_04u_asia,asia,
aster,AR,2,1788410542,1,2.4735,20.214271,17,13,0,2771.885,10848.7634,11998.4512,0,10052.5436,10343.3029,10926.9293,10.107,10.107,14.041,19.937,23.108,411.74,10.107,10.107,17.08,19.658,20.947,210.589,1.0,1.0,1.0,1.0,1.0,0.5936,1.0,1.0,1.0,1.0,1.0,0.5382,W09_04u_asia,asia,
aster,BTW,2,1788410542,1,0.46678,14.567891,258,238,2074.94438,4955.68749,13886.3273,34977.72112,227.0511,4112.78289,12885.32647,18981.808,7.284,7.284,9.041,14.425,22.253,48.039,9.421,9.745,12.018,17.4,25.639,56.107,1.0,1.0,1.0,1.0,1.0,1.0,1.0,1.0,1.0,1.0,1.0,1.0,W09_04u_asia,asia,
aster,FIL,2,1788410542,1,0.803,24.9066,18,21,0,20041.403,21775.6427,53322.3244,0,9660.8851,13968.7159,16267.6062,12.453,12.453,12.453,14.529,19.718,28.823,12.453,12.453,12.453,12.453,14.477,65.132,1.0,1.0,1.0,1.0,1.0,1.0,1.0,1.0,1.0,1.0,1.0,1.0,W09_04u_asia,asia,
aster,ICP,2,1788410542,1,2.475,8.080808,82,108,432.825,19863.555,23793.75,41661.831,1168.837,10499.492,13660.266,18521.11,7.621,10.512,13.902,15.032,18.854,25.543,4.04,5.011,9.005,10.563,14.249,53.701,1.0,1.0,1.0,1.0,1.0,1.0,1.0,1.0,1.0,1.0,1.0,1.0,W09_04u_asia,asia,
aster,KAS,2,1788410542,1,0.02859,27.981812,15,21,0,2760.85101,14181.29543,25779.41993,0,2476.73075,8153.6127,8153.6127,13.991,13.991,15.754,24.438,29.708,56.068,17.381,19.184,22.241,32.107,56.292,265.894,1.0,1.0,1.0,1.0,1.0,1.0,1.0,1.0,1.0,1.0,1.0,1.0,W09_04u_asia,asia,
aster,LDO,2,1788410542,1,0.36585,13.666803,60,38,1072.3048,10870.2319,11693.1749,11784.9079,999.8191,10779.0751,10779.0751,11611.1139,6.833,6.833,11.514,13.274,14.914,575.762,6.833,6.838,10.115,11.208,12.579,298.16,1.0,1.0,1.0,1.0,1.0,0.7786,1.0,1.0,1.0,1.0,1.0,0.6818,W09_04u_asia,asia,
aster,KITE,2,1788410542,1,0.13935,8.61141,76,40,1156.38344,9974.30071,12594.02632,14432.54367,2556.17393,4962.16957,7977.52892,7977.52892,4.877,5.123,8.482,9.986,13.085,206.768,4.306,4.306,6.235,13.185,68.616,380.133,1.0,1.0,1.0,1.0,1.0,1.0,1.0,1.0,1.0,1.0,1.0,1.0,W09_04u_asia,asia,
aster,MAGMA,2,1788410542,1,0.390585,15.105547,179,113,2249.6473,3722.998,7456.53972,45132.54342,252.89936,1853.51146,6704.59114,10238.60677,8.765,9.055,9.448,16.941,30.959,47.952,10.839,13.654,20.776,28.28,43.413,149.825,1.0,1.0,1.0,1.0,1.0,1.0,1.0,1.0,1.0,1.0,1.0,1.0,W09_04u_asia,asia,
aster,MORPHO,2,1788410542,1,2.52945,21.743857,25,19,0,3297.89017,3403.08676,3629.43972,0,2157.18118,2157.18118,2157.18118,10.872,10.872,13.475,83.35,172.83,253.712,10.872,10.872,41.438,136.851,184.575,246.392,1.0,1.0,1.0,1.0,1.0,1.0,1.0,1.0,1.0,1.0,1.0,1.0,W09_04u_asia,asia,
aster,ONDO,2,1788410542,1,0.34935,8.587377,104,223,21953.32694,31642.8409,50141.22104,72371.50928,2274.33458,13389.2798,19789.98621,40626.59478,4.294,4.294,4.787,5.971,6.564,7.734,5.993,6.575,7.184,8.747,11.293,31.331,1.0,1.0,1.0,1.0,1.0,1.0,1.0,1.0,1.0,1.0,1.0,1.0,W09_04u_asia,asia,
aster,POWER,2,1788410542,1,0.08503,35.281665,41,25,0,1622.64389,1897.73368,2085.22857,0,1222.31524,1397.40984,1571.00762,18.53,18.673,58.04,409.337,1011.389,1011.714,18.53,18.673,141.211,542.748,831.565,831.565,1.0,1.0,1.0,1.0,1.0,0.4,1.0,1.0,1.0,1.0,0.8749,0.35,W09_04u_asia,asia,
aster,SPX,2,1788410542,1,0.53545,24.278644,13,8,0,2734.6825,14154.8035,14154.8035,0,2073.7238,6870.1105,6870.1105,12.139,12.139,13.1,20.312,24.63,730.66,12.139,12.139,15.058,22.35,1039.041,1039.041,1.0,1.0,1.0,1.0,1.0,0.6902,1.0,1.0,1.0,1.0,0.8299,0.332,W09_04u_asia,asia,
aster,UAI,2,1788410542,1,0.3845,15.604681,81,124,300.0602,4092.4016,45466.848,64062.8842,1181.336,9391.1221,12136.1899,32065.075,8.841,10.822,12.131,17.031,24.05,28.575,7.802,7.802,11.205,14.956,18.291,44.945,1.0,1.0,1.0,1.0,1.0,1.0,1.0,1.0,1.0,1.0,1.0,1.0,W09_04u_asia,asia,
aster,TAO,2,1788410542,1,218.24,2.749267,114,128,12045.13202,80076.75311,143453.49134,195888.59341,16640.63889,53137.93097,65185.89351,121812.49882,1.718,2.669,3.689,5.281,6.723,10.266,1.522,1.677,1.771,2.367,3.591,7.724,1.0,1.0,1.0,1.0,1.0,1.0,1.0,1.0,1.0,1.0,1.0,1.0,W09_04u_asia,asia,
aster,USELESS,2,1788410542,1,0.13117,15.247389,53,70,945.38501,25281.69099,52675.08869,85464.14401,814.53172,7476.69291,16945.53307,19915.31259,7.624,8.017,10.508,12.429,15.693,18.656,7.624,8.347,11.236,15.098,20.533,61.233,1.0,1.0,1.0,1.0,1.0,1.0,1.0,1.0,1.0,1.0,1.0,1.0,W09_04u_asia,asia,
aster,WIF,2,1788410542,1,0.20005,24.993752,31,28,0,15335.24528,17193.39357,35991.90455,0,4656.75751,7543.22491,12990.28501,12.497,12.497,13.25,15.373,16.434,35.901,12.964,17.729,20.588,22.248,42.223,133.685,1.0,1.0,1.0,1.0,1.0,1.0,1.0,1.0,1.0,1.0,1.0,1.0,W09_04u_asia,asia,
aster,XMR,2,1788410542,1,508.54,5.112676,260,201,3116.50884,26346.13921,59867.41589,126212.83993,3424.82938,35346.80403,79015.9721,147953.54197,2.556,3.437,5.102,8.384,12.813,19.297,4.391,5.128,6.373,8.41,10.104,12.414,1.0,1.0,1.0,1.0,1.0,1.0,1.0,1.0,1.0,1.0,1.0,1.0,W09_04u_asia,asia,
aster,RIVER,2,1788410542,1,1.2605,7.93336,76,136,1452.402,5943.7341,15195.7458,23471.9746,1123.551,15545.2941,41210.1493,110421.8422,3.967,3.967,7.289,12.917,20.38,45.496,3.967,3.967,8.336,11.32,15.577,21.139,1.0,1.0,1.0,1.0,1.0,1.0,1.0,1.0,1.0,1.0,1.0,1.0,W09_04u_asia,asia,
aster,ZEN,2,1788410542,1,5.386,11.139993,11,8,2797.8976,10730.5395,10730.5395,10730.5395,999.6595,9277.9437,9277.9437,9277.9437,5.57,5.57,6.091,13.134,17.707,455.403,5.57,5.578,11.143,12.998,29.477,261.535,1.0,1.0,1.0,1.0,1.0,0.5763,1.0,1.0,1.0,1.0,1.0,0.4783,W09_04u_asia,asia,
aster,ZRO,2,1788410542,1,1.0543,11.38196,108,236,269.19473,2353.50329,15365.35424,16182.72494,880.52618,6112.82501,6112.82501,6360.29141,11.016,13.57,16.746,23.501,26.926,158.711,7.517,8.382,13.908,18.805,124.519,639.864,1.0,1.0,1.0,1.0,1.0,1.0,1.0,1.0,1.0,1.0,1.0,1.0,W09_04u_asia,asia,
aster,龙虾,2,1788410542,1,0.069777,16.624389,227,134,555.730149,3480.748149,6705.607621,10056.790219,778.596771,2274.604268,4507.939431,7516.584433,8.312,11.194,15.745,20.377,40.955,382.612,8.312,9.983,17.884,31.367,138.242,474.011,1.0,1.0,1.0,1.0,1.0,1.0,1.0,1.0,1.0,1.0,1.0,1.0,W09_04u_asia,asia,
binance,AR,2,1788410542,1,2.4735,4.042854,738,1000,1511.0002,18799.6609,57141.5758,127196.5083,4962.3469,27754.8163,60692.6242,119067.252,3.788,4.926,7.207,9.047,12.058,18.797,2.021,3.308,4.962,5.546,7.826,13.978,1.0,1.0,1.0,1.0,1.0,1.0,1.0,1.0,1.0,1.0,1.0,1.0,W09_04u_asia,asia,
binance,FET,2,1788410542,1,0.15375,6.504065,589,1000,27624.4632,97645.473,254107.5689,400269.9151,45811.5389,112145.6635,174982.2305,256983.5252,3.252,3.252,3.252,5.834,7.795,8.972,3.252,3.252,3.252,3.252,3.252,6.051,1.0,1.0,1.0,1.0,1.0,1.0,1.0,1.0,1.0,1.0,1.0,1.0,W09_04u_asia,asia,
binance,KAS,2,1788410542,1,0.028585,3.498338,466,1000,680.02023,8208.18161,29225.30745,88078.32435,3589.0221,12106.46211,22852.56008,51779.27898,4.615,7.798,11.104,14.234,19.014,28.533,4.031,5.147,7.306,9.015,13.145,27.101,1.0,1.0,1.0,1.0,1.0,1.0,1.0,1.0,1.0,1.0,1.0,1.0,W09_04u_asia,asia,
binance,FIL,2,1788410542,1,0.80235,1.246339,1000,1000,46851.08424,246601.44438,503792.51106,1160763.90541,91399.43924,266155.19736,474733.63866,1033647.98429,0.623,0.623,1.257,1.787,2.664,4.818,1.292,1.581,2.123,2.619,2.868,3.786,1.0,1.0,1.0,1.0,1.0,1.0,1.0,1.0,1.0,1.0,1.0,1.0,W09_04u_asia,asia,
binance,KITE,2,1788410542,1,0.139345,2.15293,1000,1000,1460.69254,5361.62486,24423.92839,63837.61208,2891.95404,17978.12183,61322.0205,87965.06866,1.076,2.306,8.248,14.128,20.7,32.589,2.867,4.048,5.778,8.208,10.959,19.315,1.0,1.0,1.0,1.0,1.0,1.0,1.0,1.0,1.0,1.0,1.0,1.0,W09_04u_asia,asia,
binance,LDO,2,1788410542,1,0.36585,2.733361,1000,1000,14455.3798,70352.5032,215844.5603,440389.1134,18388.5317,61402.0587,133180.4839,275192.4197,2.23,3.165,3.726,4.774,6.422,9.461,2.728,3.414,3.826,5.297,6.802,9.185,1.0,1.0,1.0,1.0,1.0,1.0,1.0,1.0,1.0,1.0,1.0,1.0,W09_04u_asia,asia,
binance,MAGMA,2,1788410542,1,0.39067,6.143292,1000,1000,2148.38473,8090.51389,13400.62519,27623.84194,2170.7674,6571.26639,15376.53313,29887.70618,3.616,4.699,7.466,11.079,18.653,45.654,5.942,6.394,8.553,12.78,20.084,44.786,1.0,1.0,1.0,1.0,1.0,1.0,1.0,1.0,1.0,1.0,1.0,1.0,W09_04u_asia,asia,
binance,ONDO,2,1788410542,1,0.34925,2.863278,1000,1000,53478.09436,307473.03449,701694.66697,1399211.9976,53941.54299,286770.09816,537489.36304,946316.70183,1.432,1.432,1.432,1.432,1.432,2.361,1.432,1.432,2.229,3.262,3.778,4.108,1.0,1.0,1.0,1.0,1.0,1.0,1.0,1.0,1.0,1.0,1.0,1.0,W09_04u_asia,asia,
binance,POWER,2,1788410542,1,0.08497,2.353772,874,1000,822.78537,4882.10731,9808.29267,18504.05856,191.4363,1153.25832,4452.77109,9913.55049,5.456,6.761,9.06,13.69,26.57,65.296,10.393,15.408,23.436,33.957,52.716,112.594,1.0,1.0,1.0,1.0,1.0,1.0,1.0,1.0,1.0,1.0,1.0,1.0,W09_04u_asia,asia,
binance,RIVER,2,1788410542,1,1.2605,7.93336,445,1000,3863.916,15810.6461,39143.4546,84584.7829,517.5144,15673.1921,32911.8462,61727.6243,3.967,3.967,3.967,5.767,8.833,19.23,3.967,7.796,10.258,11.079,13.512,20.483,1.0,1.0,1.0,1.0,1.0,1.0,1.0,1.0,1.0,1.0,1.0,1.0,W09_04u_asia,asia,
binance,RUNE,2,1788410542,1,0.47465,2.106816,569,1000,2823.7686,20801.2764,67061.5088,155736.3167,3945.8244,16174.3855,37189.2813,96333.3056,3.122,3.974,6.057,9.384,12.459,18.539,2.93,3.381,4.627,7.313,11.102,20.559,1.0,1.0,1.0,1.0,1.0,1.0,1.0,1.0,1.0,1.0,1.0,1.0,W09_04u_asia,asia,
binance,TAO,2,1788410542,1,217.955,0.45881,1000,1000,166615.95093,505113.35,1050107.38865,2161999.9133,180503.86121,469047.17219,1112249.11311,2071411.6195,0.229,0.388,1.036,1.493,2.367,3.548,0.229,0.229,0.302,0.937,1.443,1.854,1.0,1.0,1.0,1.0,1.0,1.0,1.0,1.0,1.0,1.0,1.0,1.0,W09_04u_asia,asia,
binance,UAI,2,1788410542,1,0.38435,2.601795,1000,1000,2616.4239,15524.9746,28960.5392,77145.3654,4204.2644,14369.0031,32137.9168,55127.7892,2.657,4.567,6.643,9.115,12.416,22.912,1.301,2.367,4.43,6.97,10.549,23.927,1.0,1.0,1.0,1.0,1.0,1.0,1.0,1.0,1.0,1.0,1.0,1.0,W09_04u_asia,asia,
binance,USELESS,2,1788410542,1,0.13115,4.574914,1000,1000,9118.25379,36572.05264,75119.71718,149880.20504,7080.83049,33169.0507,71329.56532,146351.82045,2.287,2.644,4.046,5.52,7.442,11.6,2.851,2.95,4.219,6.153,8.303,12.536,1.0,1.0,1.0,1.0,1.0,1.0,1.0,1.0,1.0,1.0,1.0,1.0,W09_04u_asia,asia,
binance,WIF,2,1788410542,1,0.19995,5.00125,722,1000,18003.13354,62782.50154,170397.77285,387071.6511,8526.20705,51447.74584,137678.5792,301832.67516,2.501,2.501,2.501,2.501,4.77,7.807,2.501,2.501,2.804,5.153,7.067,10.985,1.0,1.0,1.0,1.0,1.0,1.0,1.0,1.0,1.0,1.0,1.0,1.0,W09_04u_asia,asia,
binance,XMR,2,1788410542,1,508.685,0.196585,1000,1000,16296.50479,41640.10164,149636.36827,318265.90322,12279.26478,69353.9981,232368.58442,331798.11627,0.447,0.567,1.689,2.851,4.457,8.86,1.511,2.514,3.917,5.371,7.032,9.044,1.0,1.0,1.0,1.0,1.0,1.0,1.0,1.0,1.0,1.0,1.0,1.0,W09_04u_asia,asia,
binance,ZEC,2,1788410543,1,815.995,0.12255,1000,1000,344010.53544,1357909.77495,3220776.21604,6273521.2401,283393.21839,1105279.48606,3099292.36225,5505014.8333,0.061,0.061,0.089,0.198,0.252,0.539,0.061,0.061,0.061,0.145,0.402,0.942,1.0,1.0,1.0,1.0,1.0,1.0,1.0,1.0,1.0,1.0,1.0,1.0,W09_04u_asia,asia,
binance,ZEN,2,1788410543,1,5.386,3.713331,823,1000,3227.8336,20985.0365,101879.0354,206936.6133,10505.6855,43283.3583,83368.655,156867.3716,3.419,3.769,5.892,8.35,10.97,17.718,2.429,3.071,4.54,5.697,7.371,10.674,1.0,1.0,1.0,1.0,1.0,1.0,1.0,1.0,1.0,1.0,1.0,1.0,W09_04u_asia,asia,
binance,ZRO,2,1788410543,1,1.0533,1.898794,1000,1000,5062.02761,25702.71365,48708.07712,132508.77316,5011.75845,35767.86548,65665.84895,163418.46719,1.629,2.238,3.907,6.25,8.685,14.282,1.815,2.285,4.68,6.618,9.143,15.549,1.0,1.0,1.0,1.0,1.0,1.0,1.0,1.0,1.0,1.0,1.0,1.0,W09_04u_asia,asia,
binance,龙虾,2,1788410543,1,0.06971,4.447027,1000,1000,1578.346529,7137.116399,19466.368073,32969.779698,2132.349929,9392.962669,44459.333395,60509.658543,3.327,5.297,8.32,10.11,17.527,34.939,4.731,6.278,8.23,11.327,16.985,29.209,1.0,1.0,1.0,1.0,1.0,1.0,1.0,1.0,1.0,1.0,1.0,1.0,W09_04u_asia,asia,
bitget,AR,2,1788410543,1,2.4725,4.044489,100,100,845.5969,6785.8445,23553.8193,72587.0932,254.0591,14275.7372,38980.3335,91351.5332,5.653,6.482,10.154,15.108,20.827,30.952,7.643,10.83,15.252,16.726,17.463,21.841,1.0,1.0,1.0,1.0,1.0,1.0,1.0,1.0,1.0,1.0,1.0,1.0,W09_04u_asia,asia,
bitget,FET,2,1788410543,1,0.15365,6.508298,100,100,18305.2719,58840.7048,194073.0138,319804.7666,26622.9284,64645.3789,174588.8192,277889.5977,3.254,4.258,7.561,8.662,9.212,11.281,3.254,5.094,7.895,8.829,9.296,9.576,1.0,1.0,1.0,1.0,1.0,1.0,1.0,1.0,1.0,1.0,1.0,1.0,W09_04u_asia,asia,
bitget,FIL,2,1788410543,1,0.80195,1.246961,100,100,23569.51171,474865.5132,658664.77329,1446518.66033,102694.80648,182518.0339,586658.08349,1293952.63598,0.623,0.623,0.623,1.274,2.983,6.102,0.623,0.623,0.623,0.623,0.623,0.623,1.0,1.0,1.0,1.0,1.0,1.0,1.0,1.0,1.0,1.0,1.0,1.0,W09_04u_asia,asia,
bitget,KAS,2,1788410543,1,0.02858,6.997901,100,100,301.61445,13604.34694,50635.12316,112340.53614,2277.44994,23459.54953,34217.84595,76438.03734,7.397,8.947,11.41,13.044,16.432,25.497,5.921,6.459,7.096,8.796,10.863,16.662,1.0,1.0,1.0,1.0,1.0,1.0,1.0,1.0,1.0,1.0,1.0,1.0,W09_04u_asia,asia,
bitget,KITE,2,1788410543,1,0.139245,7.899745,100,100,974.91081,9446.51501,35421.72654,74434.4336,88.0868,34491.14688,55426.24776,78802.07128,4.844,6.651,11.299,16.36,20.583,27.578,10.26,10.388,11.681,12.484,12.885,13.898,1.0,1.0,1.0,1.0,1.0,1.0,1.0,1.0,1.0,1.0,1.0,1.0,W09_04u_asia,asia,
bitget,LDO,2,1788410543,1,0.36565,2.734856,100,100,3573.68422,49052.91829,98562.42801,163113.90755,2789.2501,18685.67552,75195.52182,149159.89048,5.369,6.376,8.294,9.711,11.009,13.58,3.384,3.743,6.5,9.246,11.478,19.149,1.0,1.0,1.0,1.0,1.0,1.0,1.0,1.0,1.0,1.0,1.0,1.0,W09_04u_asia,asia,
bitget,BTW,2,1788410543,1,0.466484,11.76888,100,100,282.489032,2262.293224,7055.952913,17595.121468,238.992368,4410.374501,8612.4769,17849.371761,9.233,11.086,18.139,24.84,39.209,62.37,9.47,11.479,13.67,18.297,32.901,64.882,1.0,1.0,1.0,1.0,1.0,0.772,1.0,1.0,1.0,1.0,1.0,0.8635,W09_04u_asia,asia,
bitget,ONDO,2,1788410543,1,0.34925,2.863278,100,100,59335.1323,476277.13302,1060852.35353,1733968.9589,112799.30061,866266.36901,1177724.20953,2159806.41703,1.432,1.432,1.432,1.563,2.929,4.505,1.432,1.432,3.216,5.187,6.173,6.764,1.0,1.0,1.0,1.0,1.0,1.0,1.0,1.0,1.0,1.0,1.0,1.0,W09_04u_asia,asia,
bitget,POWER,2,1788410543,1,0.08527,9.381963,100,100,373.89723,2137.06717,13183.6108,27513.20833,1205.86331,5005.92105,11936.90158,23405.40381,8.349,12.418,17.705,24.898,32.292,53.342,6.631,6.834,10.408,16.335,25.695,53.448,1.0,1.0,1.0,1.0,1.0,1.0,1.0,1.0,1.0,1.0,1.0,1.0,W09_04u_asia,asia,
bitget,RIVER,2,1788410543,1,1.2595,7.939659,100,100,3551.639,14838.229,29663.016,53911.622,119.7,10804.714,25390.412,40421.381,3.97,3.97,3.97,6.267,10.449,20.116,10.009,10.959,11.529,11.719,15.533,25.691,1.0,1.0,1.0,1.0,1.0,1.0,1.0,1.0,1.0,1.0,1.0,1.0,W09_04u_asia,asia,
bitget,RUNE,2,1788410543,1,0.47425,2.108593,100,100,2646.9801,17782.5653,27231.02841,55490.48381,2373.80129,9724.14008,28174.09415,51999.83601,2.085,3.41,5.502,9.475,13.79,21.867,2.352,3.972,7.194,11.477,15.538,26.683,1.0,1.0,1.0,1.0,1.0,1.0,1.0,1.0,1.0,1.0,1.0,1.0,W09_04u_asia,asia,
bitget,TAO,2,1788410543,1,218.01,1.834778,100,100,61250.41877,616100.64155,1262212.72736,1768472.64263,75603.34162,256280.36499,405614.37218,645909.92254,1.494,1.845,2.574,3.122,3.617,4.638,2.162,2.552,3.474,4.378,5.102,6.236,1.0,1.0,1.0,1.0,1.0,1.0,1.0,1.0,1.0,1.0,1.0,1.0,W09_04u_asia,asia,
bitget,UAI,2,1788410543,1,0.38433,7.285406,100,100,480.09256,4363.55497,15155.74798,31115.63037,456.05723,4151.24317,15315.47216,32070.86354,6.868,10.529,14.944,19.882,27.259,43.737,5.757,8.483,10.876,16.804,24.363,43.547,1.0,1.0,1.0,1.0,1.0,1.0,1.0,1.0,1.0,1.0,1.0,1.0,W09_04u_asia,asia,
bitget,MAGMA,2,1788410543,1,0.390635,11.007718,100,100,506.7601,10077.61825,20480.28446,54775.75635,362.37225,4007.10678,18236.92922,52368.13602,5.565,8.453,11.138,14.783,18.109,33.352,7.931,10.828,13.154,17.485,23.27,38.929,1.0,1.0,1.0,1.0,1.0,1.0,1.0,1.0,1.0,1.0,1.0,1.0,W09_04u_asia,asia,
bitget,USELESS,2,1788410543,1,0.131105,5.339232,100,100,4880.97837,31035.17382,68029.59723,116653.86803,1504.36154,26651.79215,56006.21262,120312.71513,3.506,4.407,6.119,7.439,10.466,16.612,3.094,4.346,7.588,9.696,12.55,17.333,1.0,1.0,1.0,1.0,1.0,1.0,1.0,1.0,1.0,1.0,1.0,1.0,W09_04u_asia,asia,
bitget,XMR,2,1788410543,1,508.52,9.832455,100,100,3872.5609,34912.5886,223681.5009,419222.0075,2010.3318,119224.1721,296456.1797,418352.0764,4.961,5.458,5.841,7.299,10.248,13.269,6.257,7.188,8.712,9.471,9.947,10.232,1.0,1.0,1.0,1.0,1.0,1.0,1.0,1.0,1.0,1.0,1.0,1.0,W09_04u_asia,asia,
bitget,WIF,2,1788410543,1,0.20005,4.99875,100,100,10070.71351,56676.042,269821.45499,477584.0826,4391.78245,44930.06969,244194.17883,435727.17708,2.499,2.499,2.499,3.597,5.548,10.771,5.798,6.648,7.158,7.939,10.218,13.403,1.0,1.0,1.0,1.0,1.0,1.0,1.0,1.0,1.0,1.0,1.0,1.0,W09_04u_asia,asia,
bybit,AR,2,1788410543,1,2.475,16.161616,200,200,412.7437,2778.3964,7665.7803,11994.7314,128.5563,7790.1509,18144.1552,23501.8447,8.783,10.858,16.219,23.726,37.756,78.341,11.364,15.034,20.509,22.376,24.209,45.678,1.0,1.0,1.0,1.0,1.0,1.0,1.0,1.0,1.0,1.0,1.0,1.0,W09_04u_asia,asia,
bybit,BTW,2,1788410543,1,0.46678,8.997815,200,200,960.7215,2744.9993,6376.9607,12621.1311,186.8057,2557.8415,5982.86,18739.5974,7.969,8.848,14.994,23.22,40.88,63.036,9.838,13.073,17.702,26.468,41.641,75.136,1.0,1.0,1.0,1.0,1.0,0.5924,1.0,1.0,1.0,1.0,1.0,1.0,W09_04u_asia,asia,
bybit,FIL,2,1788410543,1,0.80215,1.24665,200,200,11727.87145,59912.81034,252808.04276,550703.17405,10599.03226,48742.87673,239703.30338,493556.00741,0.962,1.794,3.494,5.456,7.002,9.422,2.653,2.951,4.284,5.632,6.971,9.759,1.0,1.0,1.0,1.0,1.0,1.0,1.0,1.0,1.0,1.0,1.0,1.0,W09_04u_asia,asia,
bybit,KITE,2,1788410543,1,0.139305,13.639137,200,200,221.16777,2058.61377,3953.48269,14230.72867,244.55417,1660.28489,3703.32842,6976.38415,10.834,13.321,19.173,32.153,51.799,110.537,9.865,11.942,20.184,34.014,74.154,274.698,1.0,1.0,1.0,1.0,1.0,1.0,1.0,1.0,1.0,1.0,1.0,1.0,W09_04u_asia,asia,
bybit,KAS,2,1788410543,1,0.028565,3.500788,200,200,3099.855,15518.7027,41180.5363,126940.4667,3501.1317,15157.8512,38286.8292,122368.8643,3.721,4.486,5.966,8.688,12.252,21.131,5.211,5.896,7.61,9.232,12.006,21.364,1.0,1.0,1.0,1.0,1.0,1.0,1.0,1.0,1.0,1.0,1.0,1.0,W09_04u_asia,asia,
bitget,ZRO,2,1788410543,1,1.0539,3.795427,100,100,1059.8239,25159.3466,68618.9068,144197.2533,518.7959,29336.7848,80483.0343,156308.4517,2.661,3.457,8.297,11.593,16.495,20.191,5.226,8.237,11.821,14.729,17.744,21.247,1.0,1.0,1.0,1.0,1.0,1.0,1.0,1.0,1.0,1.0,1.0,1.0,W09_04u_asia,asia,
bybit,LDO,2,1788410543,1,0.36575,2.734108,200,200,4564.87019,35343.83549,218527.02312,390861.35604,9975.18176,36449.53816,200680.94439,343986.06,3.356,3.728,5.765,7.903,10.192,14.569,3.829,3.965,4.047,5.318,6.924,12.003,1.0,1.0,1.0,1.0,1.0,1.0,1.0,1.0,1.0,1.0,1.0,1.0,W09_04u_asia,asia,
bybit,ONDO,2,1788410543,1,0.34915,2.864099,200,200,45024.8551,271715.5307,525934.6523,931051.2231,27552.516,252056.0391,514674.0398,882195.1773,1.432,1.432,1.432,1.587,2.942,3.947,1.432,2.572,3.607,3.951,4.944,6.274,1.0,1.0,1.0,1.0,1.0,1.0,1.0,1.0,1.0,1.0,1.0,1.0,W09_04u_asia,asia,
bybit,MAGMA,2,1788410543,1,0.3901,15.380672,200,200,36.6412,1471.5112,9278.4419,20147.7603,184.6592,2171.3272,6805.967,19725.6952,12.417,15.829,22.715,28.767,38.114,75.11,9.409,11.686,17.572,26.203,39.836,69.335,1.0,1.0,1.0,1.0,1.0,1.0,1.0,1.0,1.0,1.0,1.0,1.0,W09_04u_asia,asia,
bybit,RIVER,2,1788410543,1,1.2605,7.93336,200,200,222.768,3903.0999,6636.8886,18674.8461,123.4519,2367.743,4874.09,9544.9271,8.364,10.132,11.193,16.294,38.249,78.652,9.942,10.961,16.716,25.602,56.272,204.769,1.0,1.0,1.0,1.0,1.0,1.0,1.0,1.0,1.0,1.0,1.0,1.0,W09_04u_asia,asia,
bybit,POWER,2,1788410543,1,0.08513,14.096088,200,200,309.20595,1087.77106,2124.86923,4680.44743,347.38384,1116.40362,2057.91904,3952.19683,9.939,14.192,29.984,50.081,163.339,312.128,9.623,13.483,30.272,72.135,156.824,156.824,1.0,1.0,1.0,1.0,1.0,1.0,1.0,1.0,1.0,1.0,0.724,0.2896,W09_04u_asia,asia,
bybit,TAO,2,1788410543,1,217.955,0.45881,200,200,87423.93801,243393.45416,501655.2189,1123989.47248,30388.7866,150696.12843,486347.52996,1018783.71504,0.466,0.577,0.889,1.393,1.928,3.234,2.107,2.545,2.986,3.725,4.943,6.851,1.0,1.0,1.0,1.0,1.0,1.0,1.0,1.0,1.0,1.0,1.0,1.0,W09_04u_asia,asia,
bybit,RUNE,2,1788410543,1,0.47455,6.321779,200,200,342.71446,1617.63264,35912.10489,129481.03041,292.46048,2708.49224,37352.28448,153442.09676,8.724,13.419,21.712,30.546,37.926,42.988,8.518,10.155,16.429,25.228,35.733,43.072,1.0,1.0,1.0,1.0,1.0,1.0,1.0,1.0,1.0,1.0,1.0,1.0,W09_04u_asia,asia,
bybit,UAI,2,1788410543,1,0.38455,2.600442,200,200,9459.2916,11255.2928,29588.9607,52932.3373,870.4755,2971.9738,5664.441,26491.8754,3.665,4.867,5.848,6.174,6.91,18.887,6.029,7.757,13.225,22.442,39.344,66.123,1.0,1.0,1.0,1.0,1.0,1.0,1.0,1.0,1.0,1.0,1.0,1.0,W09_04u_asia,asia,
bybit,USELESS,2,1788410543,1,0.13123,1.524042,200,200,3281.26782,26279.55315,72824.09035,161986.93961,5376.06004,35278.21185,81284.01451,166531.87255,3.675,5.144,7.421,9.396,12.559,18.3,2.765,3.67,5.421,7.058,9.395,13.954,1.0,1.0,1.0,1.0,1.0,1.0,1.0,1.0,1.0,1.0,1.0,1.0,W09_04u_asia,asia,
bybit,WIF,2,1788410543,1,0.19995,5.00125,200,200,13472.4052,68509.3118,162252.3774,271962.1659,14185.9705,71045.152,126813.6649,212982.6705,2.501,2.501,2.501,2.501,4.813,8.836,5.122,6.312,7.026,7.264,7.383,9.62,1.0,1.0,1.0,1.0,1.0,1.0,1.0,1.0,1.0,1.0,1.0,1.0,W09_04u_asia,asia,
bybit,XMR,2,1788410543,1,508.805,2.948084,200,200,13546.9124,55103.369,243838.96,244998.2249,6237.7389,63453.615,199602.3986,199602.3986,1.918,2.089,2.222,3.554,4.903,9.439,3.701,4.207,5.815,7.316,8.764,11.815,1.0,1.0,1.0,1.0,1.0,1.0,1.0,1.0,1.0,1.0,1.0,1.0,W09_04u_asia,asia,
bybit,ZEN,2,1788410543,1,5.383,3.7154,200,200,791.871,2407.1094,7092.2417,18802.3526,404.5287,2216.729,8853.5667,25650.2423,5.479,7.659,14.523,25.228,39.525,80.412,7.442,9.924,15.938,21.914,34.57,70.415,1.0,1.0,1.0,1.0,1.0,1.0,1.0,1.0,1.0,1.0,1.0,1.0,W09_04u_asia,asia,
bybit,ZRO,2,1788410543,1,1.053,1.899335,200,200,2079.40793,29834.49901,57869.47138,121081.06417,7839.27861,21699.85631,41859.71409,80870.56968,2.051,3.372,6.611,8.631,12.16,17.306,3.774,4.888,6.535,7.541,8.626,15.376,1.0,1.0,1.0,1.0,1.0,1.0,1.0,1.0,1.0,1.0,1.0,1.0,W09_04u_asia,asia,
dydx,FIL,2,1788410543,1,0.80265,43.605557,44,61,0,17936.232,23736.3914,35336.6273,0,15101.8056,18191.9244,23992.0974,21.803,21.803,21.803,21.803,21.803,32.175,21.803,21.803,21.803,21.803,21.803,32.344,1.0,1.0,1.0,1.0,1.0,1.0,1.0,1.0,1.0,1.0,1.0,1.0,W09_04u_asia,asia,
dydx,ICP,2,1788410543,1,2.47205,42.474869,41,60,0,22200.4181,36400.43684,1000653.01507,0,10109.8613,17387.79762,31587.78354,21.237,21.237,21.237,21.237,21.237,25.114,21.237,21.237,21.237,21.237,21.237,31.614,1.0,1.0,1.0,1.0,1.0,1.0,1.0,1.0,1.0,1.0,1.0,1.0,W09_04u_asia,asia,
dydx,LDO,2,1788410543,1,0.36525,73.921971,56,47,0,0,17761.5258,23561.3898,0,0,17871.8076,23856.3818,36.961,36.961,36.961,36.961,36.961,44.441,36.961,36.961,36.961,36.961,36.961,49.789,1.0,1.0,1.0,1.0,1.0,1.0,1.0,1.0,1.0,1.0,1.0,1.0,W09_04u_asia,asia,
dydx,MORPHO,2,1788410543,1,2.53,94.86166,16,9,0,0,999.646,999.646,0,0,999.006,999.006,47.431,47.431,1127.738,1542.13,1749.326,1873.643,47.431,50.568,1127.104,1535.884,1740.274,1862.908,1.0,1.0,1.0,1.0,1.0,1.0,1.0,1.0,1.0,1.0,1.0,1.0,W09_04u_asia,asia,
dydx,TAO,2,1788410544,1,218.56,32.027818,48,48,0,15433.7991,46301.0278,1297638.7009,0,65577.9705,86929.4221,1703953.2706,16.014,16.014,16.014,16.014,17.073,27.786,16.014,16.014,16.014,16.014,16.014,16.014,1.0,1.0,1.0,1.0,1.0,1.0,1.0,1.0,1.0,1.0,1.0,1.0,W09_04u_asia,asia,
dydx,ONDO,2,1788410544,1,0.35055,54.200542,57,33,0,0,7125.2637,21325.3738,0,0,21299.7894,49699.7934,29.809,29.881,29.924,29.939,36.457,53.188,27.1,27.1,27.1,27.1,32.097,47.568,1.0,1.0,1.0,1.0,1.0,1.0,1.0,1.0,1.0,1.0,1.0,1.0,W09_04u_asia,asia,
dydx,RUNE,2,1788410544,1,0.47635,44.085231,31,25,0,3899.8365,11699.9213,27299.9865,0,3899.8806,11700.0821,27300.0821,22.043,22.043,22.043,26.167,33.552,60.251,22.043,22.043,22.043,25.301,31.019,55.729,1.0,1.0,1.0,1.0,1.0,1.0,1.0,1.0,1.0,1.0,1.0,1.0,W09_04u_asia,asia,
dydx,SPX,2,1788410544,1,0.54815,695.065219,32,24,0,0,0,0,0,0,0,0,774.96,799.32,813.936,818.808,821.244,822.705,347.533,347.533,347.533,347.533,347.533,347.533,1.0,1.0,1.0,1.0,1.0,1.0,1.0,1.0,1.0,1.0,1.0,1.0,W09_04u_asia,asia,
dydx,WIF,2,1788410544,1,0.19996,34.006801,46,39,0,14903.84022,23997.45899,38197.46324,0,22059.59375,36259.67209,64659.58615,17.003,17.003,17.003,17.025,19.515,26.14,17.003,17.003,17.003,17.003,17.003,20.184,1.0,1.0,1.0,1.0,1.0,1.0,1.0,1.0,1.0,1.0,1.0,1.0,W09_04u_asia,asia,
dydx,XMR,2,1788410544,1,509.05,37.717317,55,38,0,497.9282,1497.6244,1497.6244,0,999.6196,999.6196,999.6196,18.887,25.061,156.472,253.759,302.403,331.589,18.859,19.534,198.168,257.713,287.485,305.349,1.0,1.0,1.0,1.0,1.0,1.0,1.0,1.0,1.0,1.0,1.0,1.0,W09_04u_asia,asia,
dydx,ZEC,2,1788410544,1,817.75,38.15347,78,45,0,979.428,9289.878,1222432.994,0,19745.371,1506513.068,1752163.661,19.077,19.406,29.774,33.23,36.01,46.872,19.077,19.077,19.077,19.077,19.077,20.682,1.0,1.0,1.0,1.0,1.0,1.0,1.0,1.0,1.0,1.0,1.0,1.0,W09_04u_asia,asia,
hl,ONDO,2,1788410544,1,0.349495,0.286127,20,20,20333.62797,20333.62797,20333.62797,20333.62797,53963.12427,53963.12427,53963.12427,53963.12427,0.143,0.156,0.797,1.802,3.218,4.806,1.303,1.438,2.202,2.889,3.478,5.048,1.0,1.0,1.0,1.0,1.0,0.8137,1.0,1.0,1.0,1.0,1.0,1.0,W09_04u_asia,asia,
dydx,ZEN,2,1788410544,1,5.383,63.161806,28,26,0,0,998.076,998.076,0,0,999.0,999.0,31.581,31.581,367.736,481.1,537.782,571.791,31.581,33.945,376.822,491.216,548.413,582.731,1.0,1.0,1.0,1.0,1.0,1.0,1.0,1.0,1.0,1.0,1.0,1.0,W09_04u_asia,asia,
okx,USELESS,2,1788410544,1,0.130975,3.817522,400,400,476.00352,5215.32852,11517.10078,20307.60746,845.52592,3331.37937,7626.86985,17843.18203,7.539,9.402,13.156,16.678,25.152,60.92,4.129,6.349,11.591,19.409,34.386,76.49,1.0,1.0,1.0,1.0,1.0,1.0,1.0,1.0,1.0,1.0,1.0,1.0,W09_04u_asia,asia,
dydx,ZRO,2,1788410544,1,1.055,56.872038,32,25,0,0,8697.408,8697.408,0,0,2899.978,8700.465,28.436,28.436,28.436,36.377,49.089,139.964,28.436,28.436,28.436,40.426,55.002,151.651,1.0,1.0,1.0,1.0,1.0,1.0,1.0,1.0,1.0,1.0,1.0,1.0,W09_04u_asia,asia,
aster,FET,3,1788410590,1,0.1538,26.007802,25,36,0,15506.7931,17474.1105,38086.4085,0,13984.8316,15289.1052,21415.3108,13.004,13.004,13.004,14.762,17.134,29.318,13.004,13.004,13.004,13.004,13.004,43.466,1.0,1.0,1.0,1.0,1.0,1.0,1.0,1.0,1.0,1.0,1.0,1.0,W09_04u_asia,asia,
aster,BTW,3,1788410590,1,0.464255,17.01651,209,281,151.2151,3059.7381,10955.75095,35396.01246,1075.66475,2720.95032,12343.35275,26303.94775,10.998,13.113,15.9,21.126,25.552,51.274,8.508,8.508,12.555,20.446,28.263,51.849,1.0,1.0,1.0,1.0,1.0,1.0,1.0,1.0,1.0,1.0,1.0,1.0,W09_04u_asia,asia,
aster,FIL,3,1788410590,1,0.803,24.9066,17,21,0,20037.5414,23079.1848,47597.498,0,9662.6539,13970.4847,16261.842,12.453,12.453,12.453,14.883,19.895,28.773,12.453,12.453,12.453,12.453,14.473,64.721,1.0,1.0,1.0,1.0,1.0,1.0,1.0,1.0,1.0,1.0,1.0,1.0,W09_04u_asia,asia,
aster,ICP,3,1788410590,1,2.475,8.080808,82,108,432.825,24766.019,28696.738,66049.712,1196.073,10526.728,13035.908,18731.413,7.621,10.512,13.902,15.032,15.597,20.53,4.04,4.901,8.917,10.519,14.205,54.382,1.0,1.0,1.0,1.0,1.0,1.0,1.0,1.0,1.0,1.0,1.0,1.0,W09_04u_asia,asia,
aster,KITE,3,1788410590,1,0.139155,5.030362,66,51,1801.51585,9822.98636,12540.26428,13562.61941,1252.70158,4918.41557,8887.27881,8887.27881,2.515,3.598,7.545,12.385,15.962,225.863,2.515,2.516,7.806,14.052,49.315,351.8,1.0,1.0,1.0,1.0,1.0,1.0,1.0,1.0,1.0,1.0,1.0,1.0,W09_04u_asia,asia,
aster,KAS,3,1788410590,1,0.028595,31.474034,15,20,0,2760.85101,14181.29543,25779.41993,0,2064.29342,7741.16268,7741.16268,15.737,15.737,17.499,26.18,31.45,57.8,15.737,16.995,22.898,29.809,58.19,270.666,1.0,1.0,1.0,1.0,1.0,1.0,1.0,1.0,1.0,1.0,1.0,1.0,W09_04u_asia,asia,
aster,AR,3,1788410590,1,2.4735,20.214271,16,13,0,10271.6434,10848.5951,11998.2829,0,12432.97,12723.7293,13307.3557,10.107,10.107,14.041,18.138,20.187,409.775,10.107,10.107,10.107,13.89,18.063,180.477,1.0,1.0,1.0,1.0,1.0,0.5934,1.0,1.0,1.0,1.0,1.0,0.6333,W09_04u_asia,asia,
aster,LDO,3,1788410590,1,0.36585,13.666803,56,33,1072.3048,10870.2319,10870.2319,10961.9649,999.8191,10779.0751,10779.0751,10779.0751,6.833,6.833,11.514,13.274,14.914,325.835,6.833,6.838,10.115,11.208,12.579,383.452,1.0,1.0,1.0,1.0,1.0,1.0,1.0,1.0,1.0,1.0,1.0,1.0,W09_04u_asia,asia,
aster,MAGMA,3,1788410590,1,0.391175,14.571483,183,111,2468.07538,4407.05772,9215.84556,18276.84535,219.63337,2240.78024,7366.3761,9879.7488,8.096,8.586,8.902,14.892,27.778,76.108,9.736,11.217,17.308,27.147,41.417,147.448,1.0,1.0,1.0,1.0,1.0,1.0,1.0,1.0,1.0,1.0,1.0,1.0,W09_04u_asia,asia,
aster,MORPHO,3,1788410590,1,2.52855,20.169662,25,19,0,3401.71651,3512.19525,3628.06947,0,2156.51605,2156.51605,2156.51605,10.401,10.441,14.759,83.61,171.227,251.782,10.085,10.085,41.385,138.645,187.295,250.171,1.0,1.0,1.0,1.0,1.0,1.0,1.0,1.0,1.0,1.0,1.0,1.0,W09_04u_asia,asia,
aster,ONDO,3,1788410590,1,0.3493,11.451474,101,222,29469.2315,37361.883,54722.43211,77091.19331,5467.11661,12751.02524,20278.46111,32271.87258,5.726,5.726,5.726,5.726,7.137,8.008,5.726,5.726,6.219,7.404,9.295,29.76,1.0,1.0,1.0,1.0,1.0,1.0,1.0,1.0,1.0,1.0,1.0,1.0,W09_04u_asia,asia,
aster,RIVER,3,1788410590,1,1.261,15.860428,76,135,1452.402,8704.1055,15759.7494,23471.5078,6714.3448,28109.7871,35884.104,108627.0406,7.93,7.93,11.25,15.984,20.902,45.702,7.93,7.93,7.93,7.93,11.095,18.712,1.0,1.0,1.0,1.0,1.0,1.0,1.0,1.0,1.0,1.0,1.0,1.0,W09_04u_asia,asia,
aster,POWER,3,1788410590,1,0.085045,36.45129,41,24,0,1121.87332,1396.96311,1584.458,0,222.38374,397.47834,571.07612,19.114,19.258,124.821,508.316,1066.22,1066.22,39.267,129.002,480.55,735.013,934.328,934.328,1.0,1.0,1.0,1.0,0.95,0.38,1.0,1.0,1.0,1.0,0.7752,0.3101,W09_04u_asia,asia,
aster,SPX,3,1788410590,1,0.53595,24.255994,12,7,0,2735.9183,14156.0459,14156.0459,0,477.0374,5274.8907,5274.8907,12.128,12.128,12.128,21.408,27.03,734.275,12.919,20.92,26.324,28.555,1280.976,1280.976,1.0,1.0,1.0,1.0,1.0,0.6905,1.0,1.0,1.0,1.0,0.6707,0.2683,W09_04u_asia,asia,
aster,TAO,3,1788410590,1,218.315,3.206376,115,125,5961.50518,74563.66101,145048.31374,197483.31476,19680.99265,48436.82305,59231.27007,115857.77433,2.29,3.675,5.785,7.099,8.594,12.329,1.75,1.906,1.999,2.553,3.758,7.819,1.0,1.0,1.0,1.0,1.0,1.0,1.0,1.0,1.0,1.0,1.0,1.0,W09_04u_asia,asia,
aster,UAI,3,1788410590,1,0.38435,13.008976,79,127,223.107,3937.1536,45428.581,63724.9765,496.951,9498.2935,12065.641,31997.3401,10.486,11.097,11.464,16.794,22.057,27.819,7.496,9.602,11.925,13.118,15.221,47.817,1.0,1.0,1.0,1.0,1.0,1.0,1.0,1.0,1.0,1.0,1.0,1.0,W09_04u_asia,asia,
aster,USELESS,3,1788410590,1,0.13139,13.699673,56,67,946.62226,25876.15639,33555.10799,48111.93286,1745.94832,6135.13143,11485.85514,20015.09197,8.447,8.95,11.8,14.323,17.822,20.828,6.85,7.467,10.39,13.163,21.484,60.574,1.0,1.0,1.0,1.0,1.0,1.0,1.0,1.0,1.0,1.0,1.0,1.0,W09_04u_asia,asia,
aster,XMR,3,1788410590,1,507.84,4.332073,251,213,3902.20056,27511.22335,58341.11468,113437.20939,3170.12146,27218.27171,59002.91396,129026.3722,2.166,3.147,4.136,6.588,11.292,16.519,3.381,3.996,6.36,8.835,10.522,12.91,1.0,1.0,1.0,1.0,1.0,1.0,1.0,1.0,1.0,1.0,1.0,1.0,W09_04u_asia,asia,
aster,ZEN,3,1788410590,1,5.3875,12.993039,11,9,2913.0751,10845.8221,10845.8221,10845.8221,999.4914,9277.9333,9277.9333,9277.9333,6.497,6.497,7.017,13.233,18.217,452.884,6.497,6.505,10.955,12.438,29.004,260.678,1.0,1.0,1.0,1.0,1.0,0.5809,1.0,1.0,1.0,1.0,1.0,0.4783,W09_04u_asia,asia,
aster,ZRO,3,1788410590,1,1.05625,10.414201,115,234,269.178,2890.95684,3699.71125,5704.19128,900.4446,5565.57868,5565.57868,5948.56483,9.648,11.688,13.844,30.986,145.226,591.605,5.207,6.286,12.353,16.827,130.124,661.32,1.0,1.0,1.0,1.0,1.0,1.0,1.0,1.0,1.0,1.0,1.0,1.0,W09_04u_asia,asia,
aster,龙虾,3,1788410590,1,0.069767,13.760087,228,133,555.730149,5044.510008,6705.946867,10240.578677,556.495365,1531.252054,3762.746438,7011.391065,6.88,9.764,14.659,17.867,38.8,380.702,6.88,10.035,18.767,32.532,141.676,476.333,1.0,1.0,1.0,1.0,1.0,1.0,1.0,1.0,1.0,1.0,1.0,1.0,W09_04u_asia,asia,
binance,AR,3,1788410590,1,2.4735,4.042854,738,1000,1363.8792,21678.2434,60172.0525,130959.5135,4149.4389,27710.9278,60822.0625,119153.659,4.528,5.296,7.593,8.85,10.716,16.722,3.142,4.603,5.48,6.462,8.398,14.47,1.0,1.0,1.0,1.0,1.0,1.0,1.0,1.0,1.0,1.0,1.0,1.0,W09_04u_asia,asia,
aster,WIF,3,1788410590,1,0.2001,29.985007,30,28,0,20790.42464,38864.79009,44945.13505,0,5644.04726,8530.51466,13977.57476,14.993,14.993,14.993,14.993,16.198,22.972,14.993,14.993,16.746,20.867,34.046,119.131,1.0,1.0,1.0,1.0,1.0,1.0,1.0,1.0,1.0,1.0,1.0,1.0,W09_04u_asia,asia,
binance,FET,3,1788410590,1,0.15375,6.504065,589,1000,27503.7983,97027.1381,251783.9865,397894.5507,48797.7014,113627.9313,176201.6938,259892.5452,3.252,3.252,3.252,5.705,7.731,8.946,3.252,3.252,3.252,3.252,3.252,5.329,1.0,1.0,1.0,1.0,1.0,1.0,1.0,1.0,1.0,1.0,1.0,1.0,W09_04u_asia,asia,
binance,FIL,3,1788410590,1,0.80225,1.246494,1000,1000,58785.96053,248258.49793,510682.37427,1166045.89139,91118.8285,277852.54441,476657.23996,1048764.9761,0.623,1.189,1.597,2.249,2.922,4.712,0.623,0.623,0.623,1.025,1.474,2.904,1.0,1.0,1.0,1.0,1.0,1.0,1.0,1.0,1.0,1.0,1.0,1.0,W09_04u_asia,asia,
binance,KAS,3,1788410590,1,0.028585,3.498338,466,1000,657.21486,9055.93316,28430.77324,87417.91419,4669.54873,13653.10474,23404.17072,52636.81242,7.189,9.165,11.752,14.44,18.523,28.05,1.749,2.123,5.183,7.198,11.222,25.048,1.0,1.0,1.0,1.0,1.0,1.0,1.0,1.0,1.0,1.0,1.0,1.0,W09_04u_asia,asia,
binance,LDO,3,1788410590,1,0.36585,2.733361,1000,1000,12878.3391,68536.4909,214028.548,443752.2647,19125.2475,61663.3141,133441.7393,275563.1844,3.218,3.659,3.924,5.014,6.696,9.769,1.367,2.037,3.275,4.688,6.357,8.927,1.0,1.0,1.0,1.0,1.0,1.0,1.0,1.0,1.0,1.0,1.0,1.0,W09_04u_asia,asia,
binance,KITE,3,1788410590,1,0.139055,3.5957,1000,1000,1401.59669,5200.44809,25237.8784,64568.93597,1093.67299,5756.53598,55761.32933,84454.39853,1.798,1.868,7.781,12.755,19.425,31.659,4.174,6.104,9.442,13.761,19.898,27.481,1.0,1.0,1.0,1.0,1.0,1.0,1.0,1.0,1.0,1.0,1.0,1.0,W09_04u_asia,asia,
binance,MAGMA,3,1788410590,1,0.391095,4.858155,1000,1000,2984.21322,12298.59837,16216.44117,29046.46542,1235.87916,9269.36021,13798.69878,26914.93305,2.545,4.263,5.771,8.62,13.743,37.062,3.099,5.807,9.274,12.85,18.228,46.206,1.0,1.0,1.0,1.0,1.0,1.0,1.0,1.0,1.0,1.0,1.0,1.0,W09_04u_asia,asia,
binance,ONDO,3,1788410590,1,0.34915,2.864099,1000,1000,68545.97367,379687.4998,703576.0789,1409272.35762,64528.38827,278183.02804,572048.84851,940567.94959,1.432,1.432,1.432,1.432,1.432,2.503,1.432,1.432,1.432,2.71,3.503,3.979,1.0,1.0,1.0,1.0,1.0,1.0,1.0,1.0,1.0,1.0,1.0,1.0,W09_04u_asia,asia,
binance,POWER,3,1788410590,1,0.08502,4.704775,880,1000,602.65362,2902.36839,7316.08058,17123.44828,159.06857,1495.60795,5221.89066,10569.06744,5.926,9.135,13.776,22.525,36.518,74.759,8.882,13.829,22.557,32.25,48.436,106.705,1.0,1.0,1.0,1.0,1.0,1.0,1.0,1.0,1.0,1.0,1.0,1.0,W09_04u_asia,asia,
binance,RIVER,3,1788410590,1,1.2605,7.93336,445,1000,865.116,13069.865,28699.2918,72645.2039,1319.2582,17294.9834,35708.949,64328.8361,3.967,5.034,9.154,10.527,13.418,23.874,3.967,3.967,7.715,9.808,11.59,18.99,1.0,1.0,1.0,1.0,1.0,1.0,1.0,1.0,1.0,1.0,1.0,1.0,W09_04u_asia,asia,
binance,RUNE,3,1788410590,1,0.47455,2.10726,569,1000,3079.0772,27030.2903,69801.115,154944.231,4813.4662,15703.1334,36714.7983,95792.8859,2.861,3.311,4.658,7.852,10.751,16.81,1.943,2.552,4.509,6.345,10.684,20.321,1.0,1.0,1.0,1.0,1.0,1.0,1.0,1.0,1.0,1.0,1.0,1.0,W09_04u_asia,asia,
binance,TAO,3,1788410590,1,218.005,0.458705,1000,1000,161272.06253,535420.36235,1072624.91631,2178458.51438,171939.44537,456875.34904,1102063.08025,2061027.75064,1.48,1.543,1.819,2.171,2.578,3.164,0.578,0.633,0.832,1.03,1.497,2.507,1.0,1.0,1.0,1.0,1.0,1.0,1.0,1.0,1.0,1.0,1.0,1.0,W09_04u_asia,asia,
binance,USELESS,3,1788410590,1,0.13133,1.522881,1000,1000,11826.70522,35510.77241,71704.46219,147519.52855,5785.57784,30687.36807,74748.27927,148352.47663,1.326,1.905,3.026,4.523,6.298,11.328,3.121,4.221,5.638,6.871,8.849,13.3,1.0,1.0,1.0,1.0,1.0,1.0,1.0,1.0,1.0,1.0,1.0,1.0,W09_04u_asia,asia,
binance,WIF,3,1788410590,1,0.20005,4.99875,723,1000,9163.79944,52458.05827,164064.88533,379439.82131,12287.29407,61770.48271,151378.99211,302489.64607,3.428,5.463,6.684,7.091,7.709,11.243,2.499,2.499,2.499,4.974,6.236,9.537,1.0,1.0,1.0,1.0,1.0,1.0,1.0,1.0,1.0,1.0,1.0,1.0,W09_04u_asia,asia,
binance,UAI,3,1788410590,1,0.3843,5.204267,1000,1000,3388.613,14796.172,33171.1699,91568.3353,1870.6294,15671.5119,30257.9915,60901.1136,2.602,3.776,5.482,7.724,11.712,22.308,2.602,3.31,6.664,8.536,10.841,22.002,1.0,1.0,1.0,1.0,1.0,1.0,1.0,1.0,1.0,1.0,1.0,1.0,W09_04u_asia,asia,
binance,XMR,3,1788410590,1,507.995,0.196852,1000,1000,11589.68458,38916.52232,180624.16464,392189.72646,6836.63111,52940.18154,195241.75749,339839.74124,0.998,1.855,3.481,4.957,6.329,9.885,2.184,3.001,4.477,5.918,7.83,10.282,1.0,1.0,1.0,1.0,1.0,1.0,1.0,1.0,1.0,1.0,1.0,1.0,W09_04u_asia,asia,
binance,ZEN,3,1788410590,1,5.3865,1.856493,823,1000,4422.2673,20196.0917,110335.5834,216984.567,4896.3858,41181.9856,83790.6966,156872.7809,3.013,3.827,5.281,6.659,10.067,16.905,1.539,3.155,5.161,6.797,8.541,12.647,1.0,1.0,1.0,1.0,1.0,1.0,1.0,1.0,1.0,1.0,1.0,1.0,W09_04u_asia,asia,
binance,ZEC,3,1788410590,1,816.125,0.12253,1000,1000,332359.47286,1341528.52762,3248573.59682,6208545.87627,309738.22388,1009974.13854,2933881.07594,5727102.07881,0.061,0.061,0.194,0.288,0.359,0.821,0.061,0.061,0.061,0.061,0.061,0.231,1.0,1.0,1.0,1.0,1.0,1.0,1.0,1.0,1.0,1.0,1.0,1.0,W09_04u_asia,asia,
binance,ZRO,3,1788410590,1,1.05555,0.947373,1000,1000,4313.79114,19707.58786,40071.28113,93993.65831,6475.68849,42355.27232,66948.13007,169434.48967,0.474,0.852,3.384,6.243,11.246,18.561,2.17,3.097,4.228,5.661,8.481,12.444,1.0,1.0,1.0,1.0,1.0,1.0,1.0,1.0,1.0,1.0,1.0,1.0,W09_04u_asia,asia,
binance,龙虾,3,1788410590,1,0.069702,3.44323,1000,1000,2261.935907,9915.33286,21208.970807,37006.917836,907.383875,9824.863501,45479.738563,62496.177399,3.627,5.585,7.791,9.219,13.763,30.592,4.431,6.545,9.084,12.44,17.511,29.454,1.0,1.0,1.0,1.0,1.0,1.0,1.0,1.0,1.0,1.0,1.0,1.0,W09_04u_asia,asia,
bitget,BTW,3,1788410590,1,0.464138,11.289746,100,100,694.831594,3363.355391,8251.755643,16122.550515,230.345312,2317.673504,6639.361456,18101.999092,6.2,8.803,14.088,20.459,34.893,67.16,10.659,13.645,17.661,23.982,40.287,68.197,1.0,1.0,1.0,1.0,1.0,0.8246,1.0,1.0,1.0,1.0,1.0,0.8789,W09_04u_asia,asia,
bitget,AR,3,1788410590,1,2.4725,4.044489,100,100,823.3581,6611.2454,20696.594,69730.3589,304.5286,14564.7442,37765.4671,90002.6262,5.649,6.57,10.093,14.979,22.459,34.468,7.233,10.391,15.007,16.604,17.402,21.911,1.0,1.0,1.0,1.0,1.0,1.0,1.0,1.0,1.0,1.0,1.0,1.0,W09_04u_asia,asia,
bitget,FET,3,1788410590,1,0.15365,6.508298,100,100,16659.7653,57194.8914,192427.2004,318158.9532,27464.898,65487.3485,175430.7888,278731.5673,4.626,7.194,8.735,9.249,9.506,11.827,3.254,3.254,5.708,7.735,8.749,9.357,1.0,1.0,1.0,1.0,1.0,1.0,1.0,1.0,1.0,1.0,1.0,1.0,W09_04u_asia,asia,
bitget,FIL,3,1788410590,1,0.80175,1.247272,100,100,309298.93557,517803.44816,771470.69857,1476340.01909,32254.91697,198652.43822,678213.77086,1395342.68888,0.948,1.409,2.005,2.775,4.628,5.967,1.491,1.681,2.327,3.469,4.627,6.152,1.0,1.0,1.0,1.0,1.0,1.0,1.0,1.0,1.0,1.0,1.0,1.0,W09_04u_asia,asia,
bitget,KAS,3,1788410591,1,0.02857,7.00035,100,100,329.02109,14938.59698,57079.54746,113188.55998,1924.62276,21654.68263,38397.16104,79822.24444,7.407,8.954,9.882,11.37,14.664,23.135,5.88,6.44,7.584,9.711,12.454,18.31,1.0,1.0,1.0,1.0,1.0,1.0,1.0,1.0,1.0,1.0,1.0,1.0,W09_04u_asia,asia,
bitget,KITE,3,1788410591,1,0.13903,12.946846,100,100,505.39932,14536.97195,30118.07531,69150.43587,1265.09576,24447.19158,53260.48098,98694.10598,7.736,9.849,13.631,15.279,16.334,27.436,7.51,8.071,11.915,14.35,15.806,18.693,1.0,1.0,1.0,1.0,1.0,1.0,1.0,1.0,1.0,1.0,1.0,1.0,W09_04u_asia,asia,
bitget,LDO,3,1788410591,1,0.36555,2.735604,100,100,10914.14566,62870.93816,103982.07247,166119.55711,1852.23765,16511.09287,54807.00871,147035.89263,3.446,4.321,5.832,7.169,8.372,10.961,3.388,4.1,7.565,10.938,13.589,21.389,1.0,1.0,1.0,1.0,1.0,1.0,1.0,1.0,1.0,1.0,1.0,1.0,W09_04u_asia,asia,
bitget,MAGMA,3,1788410591,1,0.391145,6.902811,100,100,414.00415,5709.75944,20736.50642,41408.65215,1632.93122,10677.79606,19282.03126,52126.61706,6.101,8.885,10.862,13.771,20.125,33.979,7.613,8.6,9.566,12.01,14.722,32.656,1.0,1.0,1.0,1.0,1.0,1.0,1.0,1.0,1.0,1.0,1.0,1.0,W09_04u_asia,asia,
bitget,ONDO,3,1788410591,1,0.34915,2.864099,100,100,198275.32839,662404.70433,1142550.02283,2075373.43501,26431.00016,540348.70696,1035744.93178,1932725.27074,1.432,1.432,1.891,3.093,3.695,4.056,1.88,3.088,3.813,5.36,6.26,6.8,1.0,1.0,1.0,1.0,1.0,1.0,1.0,1.0,1.0,1.0,1.0,1.0,W09_04u_asia,asia,
bitget,RIVER,3,1788410591,1,1.26,15.873016,100,100,2686.706,13456.656,29095.261,45744.945,5236.933,17606.736,28704.415,41241.387,7.937,7.937,7.937,11.605,15.797,25.242,7.937,7.937,7.937,7.937,11.72,21.811,1.0,1.0,1.0,1.0,1.0,1.0,1.0,1.0,1.0,1.0,1.0,1.0,W09_04u_asia,asia,
bitget,RUNE,3,1788410591,1,0.47425,2.108593,100,100,2349.87484,17707.55168,27156.01479,55415.47019,2419.38183,9983.78585,28433.73992,52259.48178,2.998,4.135,6.327,10.181,14.117,22.042,2.166,3.687,7.003,11.147,15.133,26.346,1.0,1.0,1.0,1.0,1.0,1.0,1.0,1.0,1.0,1.0,1.0,1.0,W09_04u_asia,asia,
bitget,TAO,3,1788410591,1,218.05,1.834442,100,100,78322.30494,637573.43758,1287145.42717,1793508.40864,40128.01475,234524.67898,374422.11922,792718.20524,1.521,1.678,1.772,1.981,2.137,3.198,1.423,1.909,3.019,4.204,5.042,6.283,1.0,1.0,1.0,1.0,1.0,1.0,1.0,1.0,1.0,1.0,1.0,1.0,W09_04u_asia,asia,
bitget,UAI,3,1788410591,1,0.38438,6.76414,100,100,2043.61755,4160.50671,16266.44205,31043.73312,954.59022,5789.49469,13875.84294,27227.82788,5.437,7.166,9.576,15.952,23.969,41.119,4.23,6.081,11.989,16.498,24.323,46.668,1.0,1.0,1.0,1.0,1.0,1.0,1.0,1.0,1.0,1.0,1.0,1.0,W09_04u_asia,asia,
bitget,USELESS,3,1788410591,1,0.131335,5.329882,100,100,3233.32338,18921.37153,48107.40602,105316.08196,11331.40197,32606.89727,46604.14007,124502.90491,2.855,3.593,6.406,8.535,11.971,19.835,3.252,3.925,4.694,5.381,6.438,11.48,1.0,1.0,1.0,1.0,1.0,1.0,1.0,1.0,1.0,1.0,1.0,1.0,W09_04u_asia,asia,
bitget,WIF,3,1788410591,1,0.20015,4.996253,100,100,5915.92142,34511.25946,291652.36211,462765.59371,9023.91196,121192.39012,237986.77711,461824.34606,4.266,5.88,6.849,7.172,9.371,14.358,3.816,5.655,6.759,7.127,7.801,10.615,1.0,1.0,1.0,1.0,1.0,1.0,1.0,1.0,1.0,1.0,1.0,1.0,W09_04u_asia,asia,
bitget,XMR,3,1788410591,1,507.845,8.860971,100,100,9281.5286,137528.2826,398036.9797,512519.487,4498.5212,32364.0644,200624.559,343408.0288,4.43,4.629,4.983,5.891,7.705,9.428,6.251,7.688,8.739,9.419,12.177,14.026,1.0,1.0,1.0,1.0,1.0,1.0,1.0,1.0,1.0,1.0,1.0,1.0,W09_04u_asia,asia,
bitget,ZRO,3,1788410591,1,1.05595,4.735073,100,100,1315.0239,18650.0275,77469.5514,158727.7388,1318.8301,27845.851,66656.7113,157824.425,4.495,4.955,8.921,13.159,18.248,22.257,5.501,7.186,9.168,11.071,12.922,15.785,1.0,1.0,1.0,1.0,1.0,1.0,1.0,1.0,1.0,1.0,1.0,1.0,W09_04u_asia,asia,
bybit,AR,3,1788410591,1,2.4755,4.039588,200,200,367.2054,2592.829,7552.0381,13828.1008,163.2136,3354.2551,18796.6078,24638.2931,5.855,9.352,15.022,23.741,38.634,78.355,8.367,12.038,18.021,21.454,25.189,43.762,1.0,1.0,1.0,1.0,1.0,1.0,1.0,1.0,1.0,1.0,1.0,1.0,W09_04u_asia,asia,
bybit,BTW,3,1788410591,1,0.46437,9.905894,200,200,273.7698,2698.125,6403.7947,10750.3522,171.9535,2083.9166,4861.5738,11972.1795,9.318,10.904,16.096,23.978,43.231,80.376,10.659,11.808,18.862,28.684,47.917,88.152,1.0,1.0,1.0,1.0,1.0,0.6603,1.0,1.0,1.0,1.0,1.0,0.8853,W09_04u_asia,asia,
bitget,POWER,3,1788410591,1,0.085305,8.20585,100,100,471.73248,2255.22468,12121.13314,27061.13797,1174.23174,4255.46274,12172.54126,22588.1255,7.53,11.251,18.592,24.907,33.381,55.099,4.103,4.103,9.024,15.081,23.389,51.793,1.0,1.0,1.0,1.0,1.0,1.0,1.0,1.0,1.0,1.0,1.0,1.0,W09_04u_asia,asia,
bybit,FIL,3,1788410591,1,0.80205,1.246805,200,200,17619.14466,60634.64384,255379.79426,508016.68135,11843.70705,47659.54923,241057.49803,463243.91867,2.818,3.066,4.431,5.577,6.534,8.465,1.233,1.551,1.743,3.484,6.058,9.409,1.0,1.0,1.0,1.0,1.0,1.0,1.0,1.0,1.0,1.0,1.0,1.0,W09_04u_asia,asia,
bybit,KITE,3,1788410591,1,0.13907,17.257496,200,200,182.29574,1417.34279,5329.08314,15063.62203,174.4143,1403.40757,3339.61704,8257.91872,12.09,15.765,23.746,32.423,44.92,101.17,11.824,14.861,22.713,38.123,66.894,248.566,1.0,1.0,1.0,1.0,1.0,1.0,1.0,1.0,1.0,1.0,1.0,1.0,W09_04u_asia,asia,
bybit,KAS,3,1788410591,1,0.02856,7.002801,200,200,2520.8572,15803.5876,38849.8404,124058.9099,3276.9271,17654.2717,40783.2497,123327.248,3.501,4.959,6.185,8.937,13.266,22.441,3.501,3.588,5.637,7.528,10.689,20.183,1.0,1.0,1.0,1.0,1.0,1.0,1.0,1.0,1.0,1.0,1.0,1.0,W09_04u_asia,asia,
bybit,LDO,3,1788410591,1,0.36565,2.734856,200,200,8661.84176,33248.31145,216094.36687,374039.68076,7335.44074,32794.93029,125591.59413,353692.73945,2.988,3.545,5.35,6.88,8.59,12.992,3.83,3.966,4.735,6.562,8.797,14.278,1.0,1.0,1.0,1.0,1.0,1.0,1.0,1.0,1.0,1.0,1.0,1.0,W09_04u_asia,asia,
bybit,MAGMA,3,1788410591,1,0.39065,7.679509,200,200,507.1495,2123.4148,7700.8448,18586.976,311.5671,2193.0248,7952.1398,21266.4127,5.963,9.004,17.22,25.551,36.764,75.608,8.727,11.642,18.63,26.913,37.519,68.849,1.0,1.0,1.0,1.0,1.0,1.0,1.0,1.0,1.0,1.0,1.0,1.0,W09_04u_asia,asia,
bybit,ONDO,3,1788410591,1,0.34915,2.864099,200,200,62859.6451,286837.1821,512759.3563,945830.4045,39335.9803,252475.9607,529676.7926,898686.5054,1.432,1.432,1.978,3.137,3.717,4.064,1.432,1.432,1.432,1.432,2.513,4.157,1.0,1.0,1.0,1.0,1.0,1.0,1.0,1.0,1.0,1.0,1.0,1.0,W09_04u_asia,asia,
bybit,POWER,3,1788410591,1,0.085155,17.614937,200,200,72.82214,1113.68171,2075.02061,4741.08413,92.05061,1011.93697,2055.0717,3842.45314,12.827,15.782,30.586,50.842,161.486,309.962,13.211,16.333,32.509,75.21,157.733,157.733,1.0,1.0,1.0,1.0,1.0,0.9925,1.0,1.0,1.0,1.0,0.7131,0.2852,W09_04u_asia,asia,
bybit,RIVER,3,1788410591,1,1.2605,7.93336,200,200,70.938,3726.3017,6450.3631,18219.463,313.989,2548.9412,5913.326,10584.1631,10.774,11.337,11.675,17.067,40.382,81.246,6.92,9.41,15.105,22.591,48.306,186.592,1.0,1.0,1.0,1.0,1.0,1.0,1.0,1.0,1.0,1.0,1.0,1.0,W09_04u_asia,asia,
bybit,RUNE,3,1788410591,1,0.4746,4.214075,200,200,208.06919,1098.45546,33945.72555,129482.02515,292.46048,2412.17704,37055.96928,153145.78156,9.785,14.468,22.756,31.589,38.972,44.036,7.463,9.5,16.204,25.794,35.549,42.388,1.0,1.0,1.0,1.0,1.0,1.0,1.0,1.0,1.0,1.0,1.0,1.0,W09_04u_asia,asia,
bybit,TAO,3,1788410591,1,218.055,0.4586,200,200,36976.74462,220261.68051,523920.72831,1100748.03636,41855.62929,170589.36106,491129.05031,1008861.83563,0.229,0.744,1.795,2.804,3.908,5.656,1.125,1.614,2.364,2.781,3.639,6.086,1.0,1.0,1.0,1.0,1.0,1.0,1.0,1.0,1.0,1.0,1.0,1.0,W09_04u_asia,asia,
bybit,UAI,3,1788410591,1,0.3847,5.198856,200,200,1167.5584,11153.6326,28688.4989,56401.2502,333.3864,3935.8817,11498.267,31992.8207,5.086,6.442,8.641,9.519,10.276,22.139,8.194,9.296,11.131,17.587,28.958,51.221,1.0,1.0,1.0,1.0,1.0,1.0,1.0,1.0,1.0,1.0,1.0,1.0,W09_04u_asia,asia,
bybit,USELESS,3,1788410591,1,0.131375,2.283539,200,200,4760.08815,31168.1391,85118.23994,178081.5473,1883.58365,27984.32276,78345.43397,178575.34123,3.538,4.124,5.366,7.099,10.213,15.833,5.276,6.756,8.561,9.997,12.458,17.751,1.0,1.0,1.0,1.0,1.0,1.0,1.0,1.0,1.0,1.0,1.0,1.0,W09_04u_asia,asia,
bybit,WIF,3,1788410591,1,0.19995,5.00125,200,200,15734.5882,68254.3392,161438.5553,263074.4079,6804.6859,64368.9358,119575.0427,199962.8645,2.501,2.501,2.501,2.501,4.366,8.1,5.206,6.354,7.043,7.272,8.988,11.772,1.0,1.0,1.0,1.0,1.0,1.0,1.0,1.0,1.0,1.0,1.0,1.0,W09_04u_asia,asia,
bybit,ZEN,3,1788410591,1,5.385,7.428041,200,200,515.5077,2163.7657,6831.8888,17919.5842,461.8159,2364.8932,8945.2011,12750.1331,7.211,9.287,16.142,27.161,41.056,83.257,7.286,10.347,15.775,25.244,36.021,74.209,1.0,1.0,1.0,1.0,1.0,1.0,1.0,1.0,1.0,1.0,1.0,1.0,W09_04u_asia,asia,
bybit,XMR,3,1788410591,1,508.17,0.393569,200,200,22351.2865,63420.9488,217256.6296,261325.5899,5182.5276,49371.3314,198077.5599,198077.5599,1.54,1.816,2.09,2.226,2.294,4.495,3.809,5.003,6.89,8.2,9.751,14.485,1.0,1.0,1.0,1.0,1.0,1.0,1.0,1.0,1.0,1.0,1.0,1.0,W09_04u_asia,asia,
bybit,ZRO,3,1788410591,1,1.055,1.895735,200,200,2333.99445,22158.74481,40814.84548,106288.05694,7743.74837,26039.22706,44947.54937,154223.76624,3.006,3.69,6.101,8.622,12.145,17.828,3.904,4.322,5.056,5.604,7.834,13.002,1.0,1.0,1.0,1.0,1.0,1.0,1.0,1.0,1.0,1.0,1.0,1.0,W09_04u_asia,asia,
dydx,FIL,3,1788410591,1,0.80275,41.108689,40,59,0,15039.8514,17939.6246,23739.8564,0,15101.8056,18191.48,23991.4772,20.554,20.554,20.554,20.554,20.554,32.459,20.554,20.554,20.554,20.554,20.554,31.865,1.0,1.0,1.0,1.0,1.0,1.0,1.0,1.0,1.0,1.0,1.0,1.0,W09_04u_asia,asia,
dydx,ICP,3,1788410591,1,2.47205,42.474869,42,65,0,22200.50064,36400.44385,780603.31322,0,5054.93065,12332.73493,26532.69598,21.237,21.237,21.237,21.237,21.237,24.795,21.237,21.237,21.237,21.237,24.044,38.534,1.0,1.0,1.0,1.0,1.0,1.0,1.0,1.0,1.0,1.0,1.0,1.0,W09_04u_asia,asia,
dydx,MORPHO,3,1788410591,1,2.529,102.807434,16,9,0,0,0,998.852,0,0,0,999.006,51.404,51.404,1127.733,1540.537,1746.939,1870.78,51.404,54.758,1131.827,1540.607,1744.997,1867.631,1.0,1.0,1.0,1.0,1.0,1.0,1.0,1.0,1.0,1.0,1.0,1.0,W09_04u_asia,asia,
dydx,LDO,3,1788410591,1,0.36565,51.962259,54,49,0,0,17794.31,23594.174,0,0,17871.8076,23856.3818,25.981,25.981,25.981,25.981,25.981,39.978,25.981,25.981,25.981,25.981,25.981,38.707,1.0,1.0,1.0,1.0,1.0,1.0,1.0,1.0,1.0,1.0,1.0,1.0,W09_04u_asia,asia,
dydx,ONDO,3,1788410591,1,0.35085,71.255522,51,31,0,0,7124.4914,21324.6015,0,0,21300.0961,49700.2172,35.628,35.628,35.628,35.628,42.946,61.257,35.628,35.628,35.628,35.628,36.461,44.997,1.0,1.0,1.0,1.0,1.0,1.0,1.0,1.0,1.0,1.0,1.0,1.0,W09_04u_asia,asia,
dydx,SPX,3,1788410591,1,0.5306,56.539766,36,25,0,0,47.619,47.619,0,0,79.815,79.815,462.958,485.908,499.678,504.268,506.563,507.94,592.408,645.808,677.848,688.528,693.868,697.072,1.0,1.0,1.0,1.0,1.0,1.0,1.0,1.0,1.0,1.0,1.0,1.0,W09_04u_asia,asia,
dydx,RUNE,3,1788410591,1,0.47625,65.091864,35,28,0,0,11700.251,27300.32,0,0,11699.8076,27299.9169,32.546,32.546,32.546,34.829,38.937,62.551,32.546,32.546,32.546,33.481,35.113,57.383,1.0,1.0,1.0,1.0,1.0,1.0,1.0,1.0,1.0,1.0,1.0,1.0,W09_04u_asia,asia,
dydx,TAO,3,1788410592,1,218.63,33.847139,53,47,0,15432.0932,46298.7902,1145005.3918,0,65574.1904,103588.337,1989591.0514,16.924,16.924,16.924,16.924,17.68,27.474,16.924,16.924,16.924,16.924,16.924,16.924,1.0,1.0,1.0,1.0,1.0,1.0,1.0,1.0,1.0,1.0,1.0,1.0,W09_04u_asia,asia,
dydx,WIF,3,1788410592,1,0.199915,42.51807,40,34,0,16894.3091,23994.31614,38194.34814,0,22062.65778,36262.6641,64662.73874,21.259,21.259,21.259,21.259,21.259,24.31,21.259,21.259,21.259,21.259,21.259,25.052,1.0,1.0,1.0,1.0,1.0,1.0,1.0,1.0,1.0,1.0,1.0,1.0,W09_04u_asia,asia,
dydx,XMR,3,1788410592,1,514.37,276.454692,64,39,0,0,0,0,0,0,0,0,138.227,144.687,266.378,358.611,404.727,432.396,138.227,139.125,181.979,196.264,203.406,207.692,1.0,1.0,1.0,1.0,1.0,1.0,1.0,1.0,1.0,1.0,1.0,1.0,W09_04u_asia,asia,
hl,ONDO,3,1788410592,1,0.34943,0.572361,20,20,44976.61753,44976.61753,44976.61753,44976.61753,67705.00248,67705.00248,67705.00248,67705.00248,0.343,0.524,0.725,1.276,2.211,3.55,1.675,1.696,1.833,1.918,2.329,3.973,1.0,1.0,1.0,1.0,1.0,1.0,1.0,1.0,1.0,1.0,1.0,1.0,W09_04u_asia,asia,
dydx,ZEC,3,1788410592,1,817.795,35.82805,91,55,0,979.596,20766.88,3127964.233,0,19744.166,3161622.564,3361646.264,17.914,18.22,27.868,31.084,33.605,44.339,17.914,17.914,17.914,17.914,17.914,19.648,1.0,1.0,1.0,1.0,1.0,1.0,1.0,1.0,1.0,1.0,1.0,1.0,W09_04u_asia,asia,
okx,USELESS,3,1788410592,1,0.131325,3.807348,400,400,869.00944,2502.27765,8930.7342,19409.74312,626.88341,3814.00744,9830.32968,19336.12448,5.745,7.689,14.081,23.366,35.278,69.198,6.915,8.785,13.574,20.008,31.622,72.728,1.0,1.0,1.0,1.0,1.0,1.0,1.0,1.0,1.0,1.0,1.0,1.0,W09_04u_asia,asia,
dydx,ZEN,3,1788410592,1,5.384,70.579495,40,37,0,0,997.89,997.89,0,0,999.555,999.555,35.29,35.29,368.072,480.284,536.39,570.054,35.29,37.555,379.435,493.395,550.375,584.563,1.0,1.0,1.0,1.0,1.0,1.0,1.0,1.0,1.0,1.0,1.0,1.0,W09_04u_asia,asia,
dydx,ZRO,3,1788410592,1,1.041,384.245917,18,26,0,0,0,0,0,0,0,0,228.868,229.708,266.051,487.098,690.235,812.117,192.123,192.123,192.123,200.403,212.955,346.592,1.0,1.0,1.0,1.0,1.0,1.0,1.0,1.0,1.0,1.0,1.0,1.0,W09_04u_asia,asia,
aster,AR,1,1788469224,1,2.7175,18.399264,22,12,999.9345,1302.5455,10724.9727,12468.3277,999.872,10120.1577,11228.8107,11493.7353,9.2,9.2,18.449,24.554,27.916,461.32,9.2,9.211,16.103,20.011,21.965,277.222,1.0,1.0,1.0,1.0,1.0,0.746,1.0,1.0,1.0,1.0,1.0,0.6079,W10_20u_us,us,
aster,FET,1,1788469224,1,0.1591,25.14142,47,60,0,40377.65,46531.9644,54558.8142,0,5231.7016,8018.7168,12342.048,12.571,12.571,12.571,12.571,12.571,12.571,12.571,12.571,15.805,17.33,29.754,151.506,1.0,1.0,1.0,1.0,1.0,1.0,1.0,1.0,1.0,1.0,1.0,1.0,W10_20u_us,us,
aster,BTW,1,1788469224,1,0.490635,6.725978,262,281,9.8094,2862.14047,12922.9553,31325.34964,4840.39666,13111.035,17411.20481,23871.07149,14.235,17.036,20.889,26.09,33.005,57.343,3.363,3.363,3.479,4.852,10.396,37.134,1.0,1.0,1.0,1.0,1.0,1.0,1.0,1.0,1.0,1.0,1.0,1.0,W10_20u_us,us,
aster,FIL,1,1788469224,1,0.8,25.0,18,15,0,18795.9337,26465.3478,41094.5479,0,7070.1326,8017.0302,14749.0808,12.5,12.5,18.292,21.646,23.323,29.583,12.5,12.5,12.5,12.5,24.841,146.37,1.0,1.0,1.0,1.0,1.0,1.0,1.0,1.0,1.0,1.0,1.0,1.0,W10_20u_us,us,
aster,ICP,1,1788469224,1,2.5385,3.939334,98,74,2143.297,12952.036,19737.622,23658.505,8620.367,13474.112,16615.92,23334.944,3.729,6.078,8.9,11.344,12.566,34.013,1.97,1.979,4.337,5.123,7.49,37.579,1.0,1.0,1.0,1.0,1.0,1.0,1.0,1.0,1.0,1.0,1.0,1.0,W10_20u_us,us,
aster,KAS,1,1788469224,1,0.029915,23.399632,21,20,0,2818.51882,14333.38782,16423.74122,0,821.0289,6353.10935,8523.85353,11.7,11.7,13.308,24.367,31.404,116.441,12.747,15.701,22.347,27.052,55.244,315.775,1.0,1.0,1.0,1.0,1.0,1.0,1.0,1.0,1.0,1.0,1.0,1.0,W10_20u_us,us,
aster,LDO,1,1788469224,1,0.39735,12.583365,71,29,999.8978,10965.3448,14151.9169,17332.1019,1816.6344,12438.7809,13195.6151,13749.2052,6.292,6.292,12.33,14.344,16.1,168.998,6.292,6.292,7.67,9.497,10.411,169.944,1.0,1.0,1.0,1.0,1.0,1.0,1.0,1.0,1.0,1.0,1.0,0.7646,W10_20u_us,us,
aster,MAGMA,1,1788469224,1,0.34774,10.927705,126,132,453.12889,5398.82793,10297.62879,32872.47227,193.44908,1603.65905,3786.91864,12161.51827,7.472,10.079,13.426,15.227,23.144,44.454,10.523,13.516,21.678,34.624,51.4,163.927,1.0,1.0,1.0,1.0,1.0,1.0,1.0,1.0,1.0,1.0,1.0,1.0,W10_20u_us,us,
aster,ONDO,1,1788469224,1,0.3676,5.440696,134,184,5115.14373,21002.79484,24535.4964,36436.94976,24292.93254,32797.70796,41476.90772,43788.44942,2.72,2.72,3.258,5.709,9.733,18.588,4.393,4.917,5.231,5.336,5.388,5.597,1.0,1.0,1.0,1.0,1.0,1.0,1.0,1.0,1.0,1.0,1.0,1.0,W10_20u_us,us,
aster,KITE,1,1788469224,1,0.137015,9.488012,64,43,6320.57297,12362.99959,23822.16136,23932.13168,1502.12238,3996.19651,7013.74279,9878.17841,7.321,7.857,8.179,8.4,11.154,30.427,4.744,5.654,9.394,16.289,40.306,215.517,1.0,1.0,1.0,1.0,1.0,1.0,1.0,1.0,1.0,1.0,1.0,1.0,W10_20u_us,us,
aster,MORPHO,1,1788469224,1,2.5487,222.073999,23,15,0,0,0,0,0,0,0,0,111.037,111.037,111.467,117.482,160.899,273.268,111.408,111.419,113.014,115.557,118.143,260.021,1.0,1.0,1.0,1.0,1.0,1.0,1.0,1.0,1.0,1.0,1.0,1.0,W10_20u_us,us,
aster,POWER,1,1788469224,1,0.087065,28.714179,44,26,0,144.74021,244.81509,530.25921,0,1140.2983,1927.71817,2791.64929,47.073,128.105,363.165,660.131,1166.516,1166.516,15.184,15.345,34.001,281.0,634.826,702.691,1.0,1.0,1.0,1.0,0.9564,0.3826,1.0,1.0,1.0,1.0,1.0,0.4081,W10_20u_us,us,
aster,RIVER,1,1788469224,1,1.3035,23.01496,105,123,0,4127.2029,16509.9171,22769.7549,0,7747.9531,35226.279,44921.894,11.507,11.507,12.772,17.305,26.338,49.518,11.507,11.507,11.507,12.082,17.367,23.057,1.0,1.0,1.0,1.0,1.0,1.0,1.0,1.0,1.0,1.0,1.0,1.0,W10_20u_us,us,
aster,SPX,1,1788469224,1,0.58825,25.499363,15,9,0,16089.2657,18553.9817,20084.5022,0,1813.4865,5392.4913,6624.9107,12.75,12.75,13.214,14.494,19.572,673.3,13.149,17.199,23.852,30.2,890.126,890.126,1.0,1.0,1.0,1.0,1.0,0.9403,1.0,1.0,1.0,1.0,0.8187,0.3275,W10_20u_us,us,
aster,TAO,1,1788469224,1,229.565,6.534097,128,115,34703.98666,80142.48769,135042.28917,168853.9323,12182.39325,72063.40406,96805.58648,126096.18961,3.267,3.267,3.586,4.181,4.773,6.495,3.267,3.687,4.742,5.363,6.89,9.901,1.0,1.0,1.0,1.0,1.0,1.0,1.0,1.0,1.0,1.0,1.0,1.0,W10_20u_us,us,
aster,UAI,1,1788469224,1,0.34505,20.286915,77,125,0,7138.4442,11965.7085,35655.7668,0,5241.2855,20047.8308,36084.2758,10.143,11.433,14.003,16.42,22.223,45.444,10.143,10.143,12.737,16.75,25.828,41.369,1.0,1.0,1.0,1.0,1.0,1.0,1.0,1.0,1.0,1.0,1.0,1.0,W10_20u_us,us,
aster,USELESS,1,1788469224,1,0.187265,10.14605,55,77,150.11034,8226.46811,19402.73764,23688.86856,1390.04787,8427.74738,21369.75385,28329.83795,10.249,11.933,13.354,15.374,19.903,40.975,5.073,5.073,8.426,13.391,18.613,35.438,1.0,1.0,1.0,1.0,1.0,1.0,1.0,1.0,1.0,1.0,1.0,1.0,W10_20u_us,us,
aster,WIF,1,1788469224,1,0.2148,18.621974,50,34,1678.94456,9830.54154,12706.47854,13260.48628,7420.252,15574.2609,15937.533,22886.42215,9.311,9.311,10.837,12.402,13.852,91.918,9.311,9.311,9.311,9.311,10.515,38.989,1.0,1.0,1.0,1.0,1.0,1.0,1.0,1.0,1.0,1.0,1.0,1.0,W10_20u_us,us,
aster,XMR,1,1788469224,1,523.88,6.108269,303,181,2927.34131,22558.46041,54881.05154,106831.26952,909.518,24431.25702,66310.51066,121093.75803,3.054,3.054,3.327,7.514,11.387,16.417,4.493,6.783,9.964,13.654,16.703,19.316,1.0,1.0,1.0,1.0,1.0,1.0,1.0,1.0,1.0,1.0,1.0,1.0,W10_20u_us,us,
aster,ZEN,1,1788469224,1,5.953,20.157904,15,14,0,3965.3429,17053.0859,18181.0764,0,4707.2329,4920.9441,6010.96,10.079,10.079,11.026,15.804,20.5,345.393,10.079,10.378,14.23,16.831,342.922,342.922,1.0,1.0,1.0,1.0,1.0,0.873,1.0,1.0,1.0,1.0,0.9271,0.3708,W10_20u_us,us,
aster,ZRO,1,1788469224,1,1.1103,10.80789,138,228,255.65184,3760.8176,18726.11159,20726.08559,1304.94701,1687.69381,2057.08117,2799.47361,9.593,11.551,14.211,18.192,21.705,72.319,6.19,7.369,23.92,127.598,295.782,807.266,1.0,1.0,1.0,1.0,1.0,1.0,1.0,1.0,1.0,1.0,1.0,1.0,W10_20u_us,us,
aster,龙虾,1,1788469224,1,0.073473,17.965783,231,46,1999.973715,3327.601572,11501.11982,19104.490034,357.555597,1978.960438,6419.986489,14924.46775,8.983,8.983,11.767,20.324,28.429,129.765,11.65,14.672,18.711,25.879,40.866,204.391,1.0,1.0,1.0,1.0,1.0,1.0,1.0,1.0,1.0,1.0,1.0,1.0,W10_20u_us,us,
binance,AR,1,1788469224,1,2.717,7.36106,933,1000,2848.4311,13408.3264,50719.6768,125648.5271,2757.727,19023.9984,50752.4231,122535.0465,3.681,3.681,5.777,8.2,11.917,20.67,4.267,5.814,6.742,8.704,11.238,18.205,1.0,1.0,1.0,1.0,1.0,1.0,1.0,1.0,1.0,1.0,1.0,1.0,W10_20u_us,us,
binance,FIL,1,1788469224,1,0.79895,1.251643,1000,1000,52922.52955,184589.13328,458432.0613,1040518.36221,102723.25311,281992.56053,511329.23324,1035097.87222,1.852,2.077,2.708,3.24,3.868,5.373,0.626,1.016,1.533,1.742,2.436,3.475,1.0,1.0,1.0,1.0,1.0,1.0,1.0,1.0,1.0,1.0,1.0,1.0,W10_20u_us,us,
binance,KAS,1,1788469224,1,0.029895,3.345041,454,908,1562.62602,11153.48307,31838.31084,71280.44196,967.55509,13773.81879,35391.67553,65422.38994,1.673,1.823,6.96,10.362,14.508,25.205,5.413,6.999,9.824,11.62,14.269,21.688,1.0,1.0,1.0,1.0,1.0,1.0,1.0,1.0,1.0,1.0,1.0,1.0,W10_20u_us,us,
binance,KITE,1,1788469224,1,0.13702,2.919282,1000,1000,1393.85718,13681.87346,37031.02056,79452.87542,2238.0536,12221.18385,32631.62441,64323.23077,2.971,5.181,8.15,10.76,14.476,22.483,2.749,4.53,7.008,9.901,14.312,24.297,1.0,1.0,1.0,1.0,1.0,1.0,1.0,1.0,1.0,1.0,1.0,1.0,W10_20u_us,us,
binance,LDO,1,1788469224,1,0.39735,2.516673,1000,1000,7193.7354,50021.9996,153543.5937,358464.6504,21459.8027,103579.3802,191953.7388,358274.6934,2.247,3.011,4.423,5.442,7.83,11.757,2.285,3.03,3.477,4.472,5.382,7.699,1.0,1.0,1.0,1.0,1.0,1.0,1.0,1.0,1.0,1.0,1.0,1.0,W10_20u_us,us,
binance,FET,1,1788469224,1,0.15905,6.287331,626,1000,34671.9675,119784.8263,267383.1186,485273.1214,45654.2406,123989.0191,235612.7625,389889.9326,3.144,3.144,3.144,3.144,3.564,7.084,3.144,3.144,3.144,3.144,6.067,8.085,1.0,1.0,1.0,1.0,1.0,1.0,1.0,1.0,1.0,1.0,1.0,1.0,W10_20u_us,us,
binance,MAGMA,1,1788469224,1,0.347335,6.046036,1000,1000,904.55897,7347.74406,16970.53545,31390.26987,1697.37624,11777.30231,23480.21372,43580.88154,5.017,6.954,10.802,14.059,20.293,40.031,3.28,3.512,7.341,9.113,12.444,26.662,1.0,1.0,1.0,1.0,1.0,1.0,1.0,1.0,1.0,1.0,1.0,1.0,W10_20u_us,us,
binance,ONDO,1,1788469224,1,0.36755,2.720718,1000,1000,83214.02618,262772.71886,599157.89206,1123856.44059,78309.78718,274494.28017,557684.44252,1021693.52416,1.36,1.36,1.36,1.36,1.36,3.148,1.782,2.932,3.621,3.851,3.966,5.059,1.0,1.0,1.0,1.0,1.0,1.0,1.0,1.0,1.0,1.0,1.0,1.0,W10_20u_us,us,
binance,POWER,1,1788469224,1,0.08701,2.298586,876,1000,768.2116,5001.90362,8005.94458,17908.7202,325.97214,1426.43451,5244.95114,28935.06675,2.696,6.451,13.131,16.393,32.033,72.668,8.387,13.304,22.732,32.739,43.375,51.993,1.0,1.0,1.0,1.0,1.0,1.0,1.0,1.0,1.0,1.0,1.0,1.0,W10_20u_us,us,
binance,RIVER,1,1788469224,1,1.3035,7.671653,467,1000,2057.1764,12417.8358,31939.338,72524.8284,2211.3232,16724.0143,40915.6708,64274.9161,3.836,3.836,5.192,8.35,12.623,23.605,3.836,3.836,4.724,8.116,9.812,17.872,1.0,1.0,1.0,1.0,1.0,1.0,1.0,1.0,1.0,1.0,1.0,1.0,W10_20u_us,us,
binance,RUNE,1,1788469224,1,0.49065,2.038113,578,1000,4827.5784,21076.5839,63800.8459,157364.1045,5194.6262,32217.191,78319.8263,145502.1394,1.019,1.769,3.737,6.122,9.365,16.602,2.161,3.151,4.493,6.748,9.02,13.312,1.0,1.0,1.0,1.0,1.0,1.0,1.0,1.0,1.0,1.0,1.0,1.0,W10_20u_us,us,
binance,TAO,1,1788469224,1,229.505,0.43572,1000,1000,88511.00776,304993.31921,869021.25251,2036692.61209,138059.65988,442716.25164,1061287.11823,1983670.48047,0.218,0.262,0.624,1.327,2.372,3.653,0.218,0.218,0.218,0.418,1.122,1.868,1.0,1.0,1.0,1.0,1.0,1.0,1.0,1.0,1.0,1.0,1.0,1.0,W10_20u_us,us,
binance,UAI,1,1788469224,1,0.34475,2.900653,1000,1000,555.3891,8531.8946,20914.8932,68427.9769,1238.7092,9468.9648,19859.4513,39394.0054,6.15,7.989,11.622,13.803,18.464,33.318,3.813,5.394,7.973,10.23,16.044,33.689,1.0,1.0,1.0,1.0,1.0,1.0,1.0,1.0,1.0,1.0,1.0,1.0,W10_20u_us,us,
binance,USELESS,1,1788469224,1,0.187285,1.601837,1000,1000,7682.02195,33723.55701,73767.0091,163785.20761,7118.19527,29070.93757,65885.42457,176992.08773,2.847,3.159,4.101,5.736,7.924,12.521,2.113,2.507,3.758,5.226,7.914,14.702,1.0,1.0,1.0,1.0,1.0,1.0,1.0,1.0,1.0,1.0,1.0,1.0,W10_20u_us,us,
binance,WIF,1,1788469224,1,0.21475,4.656577,870,1000,15833.60162,57973.50328,169376.70026,346347.88825,9117.35406,50344.38603,138864.20951,300983.9363,2.328,2.328,2.328,4.055,5.52,8.104,2.328,4.258,5.894,6.439,7.126,10.083,1.0,1.0,1.0,1.0,1.0,1.0,1.0,1.0,1.0,1.0,1.0,1.0,W10_20u_us,us,
binance,XMR,1,1788469224,1,524.205,0.190765,1000,1000,9666.77154,70898.18999,256298.79681,802623.08644,19800.57426,100957.35754,226496.78799,492230.42158,1.978,2.372,2.847,3.368,5.14,9.792,0.45,1.248,2.648,3.997,4.916,7.05,1.0,1.0,1.0,1.0,1.0,1.0,1.0,1.0,1.0,1.0,1.0,1.0,W10_20u_us,us,
binance,ZEC,1,1788469224,1,956.745,0.104521,1000,1000,305715.30218,855171.95022,2000271.73305,4557767.84623,286328.162,935885.87167,2644286.83511,4044862.88338,0.052,0.052,0.052,0.052,0.052,0.314,0.052,0.052,0.052,0.194,0.563,1.308,1.0,1.0,1.0,1.0,1.0,1.0,1.0,1.0,1.0,1.0,1.0,1.0,W10_20u_us,us,
binance,ZRO,1,1788469224,1,1.10935,0.901429,1000,1000,7373.2818,31089.9992,89554.81587,196755.14868,4078.88739,23595.8734,63771.64471,94498.68392,2.134,3.475,4.741,5.709,7.723,11.935,1.461,3.096,5.49,7.299,9.365,14.967,1.0,1.0,1.0,1.0,1.0,1.0,1.0,1.0,1.0,1.0,1.0,1.0,W10_20u_us,us,
binance,龙虾,1,1788469224,1,0.073422,0.817194,1000,1000,15670.883165,23656.119842,43819.906294,62010.673665,3634.527948,12589.231678,26252.681373,38959.245553,0.592,0.704,1.449,2.215,2.606,9.469,1.606,2.501,4.637,7.383,12.061,24.934,1.0,1.0,1.0,1.0,1.0,1.0,1.0,1.0,1.0,1.0,1.0,1.0,W10_20u_us,us,
bitget,AR,1,1788469224,1,2.713,7.371913,100,100,553.9046,7250.1709,28861.2911,76421.6081,1303.0687,5549.2309,23061.8486,60161.9248,6.426,8.542,13.001,16.676,21.369,33.636,4.746,6.059,8.909,13.463,22.042,36.988,1.0,1.0,1.0,1.0,1.0,1.0,1.0,1.0,1.0,1.0,1.0,1.0,W10_20u_us,us,
bitget,BTW,1,1788469224,1,0.490561,8.276239,100,100,2516.698622,3576.236928,5859.648612,13450.123122,192.91773,1640.622667,6101.040003,12536.891798,4.289,5.51,7.298,16.734,38.17,84.393,12.085,15.862,23.892,32.286,46.227,58.754,1.0,1.0,1.0,1.0,1.0,1.0,1.0,1.0,1.0,1.0,1.0,0.5351,W10_20u_us,us,
binance,ZEN,1,1788469224,1,5.9485,1.681096,1000,1000,8919.8847,24662.7397,89114.8706,205807.3965,4985.215,48643.5829,107678.4601,266893.8168,0.841,1.628,3.702,4.99,7.035,13.776,4.732,5.308,6.588,7.923,9.533,12.837,1.0,1.0,1.0,1.0,1.0,1.0,1.0,1.0,1.0,1.0,1.0,1.0,W10_20u_us,us,
bitget,FET,1,1788469224,1,0.15905,6.287331,100,100,37019.3776,108049.1854,262177.0461,437089.1229,28908.4297,92757.7058,177433.5409,365018.9375,3.144,3.144,3.144,3.144,3.144,5.567,5.017,7.224,8.548,8.99,9.21,9.343,1.0,1.0,1.0,1.0,1.0,1.0,1.0,1.0,1.0,1.0,1.0,1.0,W10_20u_us,us,
bitget,FIL,1,1788469224,1,0.79835,1.252583,100,100,30456.72984,114707.36533,514365.92252,1134803.80258,29648.59078,431358.9799,699333.5649,1378856.47256,1.207,1.543,1.842,2.487,3.366,5.173,1.501,1.69,2.277,3.245,5.184,7.534,1.0,1.0,1.0,1.0,1.0,1.0,1.0,1.0,1.0,1.0,1.0,1.0,W10_20u_us,us,
bitget,KAS,1,1788469224,1,0.02987,6.695681,100,100,1795.32938,32624.48719,59278.31395,109635.32029,620.31983,19261.75876,60526.23479,88077.2057,3.348,4.893,6.917,9.354,12.326,16.79,6.351,7.796,9.249,11.337,14.488,20.088,1.0,1.0,1.0,1.0,1.0,1.0,1.0,1.0,1.0,1.0,1.0,1.0,W10_20u_us,us,
bitget,LDO,1,1788469224,1,0.3969,5.039053,100,100,1024.77502,44500.74633,97111.12269,169876.39923,6116.97678,18866.14529,80151.63544,164010.72313,5.967,6.763,8.726,9.402,10.834,13.514,4.253,4.646,4.882,5.369,7.965,15.736,1.0,1.0,1.0,1.0,1.0,1.0,1.0,1.0,1.0,1.0,1.0,1.0,W10_20u_us,us,
bitget,KITE,1,1788469224,1,0.13696,7.301402,100,100,2278.58114,31088.38876,52695.12774,112717.71575,1573.61808,19868.16925,34154.80207,84800.39609,4.213,4.973,6.492,8.764,10.223,12.563,4.777,5.932,7.965,10.339,12.104,18.857,1.0,1.0,1.0,1.0,1.0,1.0,1.0,1.0,1.0,1.0,1.0,1.0,W10_20u_us,us,
bitget,MAGMA,1,1788469224,1,0.347785,10.063689,100,100,391.39244,11353.25652,20367.64905,63457.52587,432.91306,9889.50142,23731.69002,61061.87727,6.482,8.602,10.08,13.72,17.098,32.691,6.784,9.606,12.725,14.46,16.203,31.54,1.0,1.0,1.0,1.0,1.0,1.0,1.0,1.0,1.0,1.0,1.0,1.0,W10_20u_us,us,
bitget,ONDO,1,1788469224,1,0.3675,5.442177,100,100,132576.81128,674259.70264,1140228.78277,2271508.0892,121895.61675,396425.0677,1088263.22679,1961048.11854,2.721,2.721,2.743,4.092,4.767,5.701,2.721,2.721,2.721,2.721,2.721,4.142,1.0,1.0,1.0,1.0,1.0,1.0,1.0,1.0,1.0,1.0,1.0,1.0,W10_20u_us,us,
bitget,POWER,1,1788469224,1,0.08736,13.736264,100,100,101.08729,2661.21105,9961.01793,24851.92392,139.62568,2069.2948,12787.93769,35575.11943,14.094,16.777,20.558,26.24,33.866,55.041,13.269,15.22,21.088,27.019,31.637,46.705,1.0,1.0,1.0,1.0,1.0,1.0,1.0,1.0,1.0,1.0,1.0,1.0,W10_20u_us,us,
bitget,RIVER,1,1788469225,1,1.303,15.349194,100,100,5809.524,19837.559,35992.827,63345.595,4652.672,17670.604,29349.733,50781.006,7.675,7.675,7.675,7.675,10.887,19.055,7.675,7.675,7.675,8.213,11.781,20.868,1.0,1.0,1.0,1.0,1.0,1.0,1.0,1.0,1.0,1.0,1.0,1.0,W10_20u_us,us,
bitget,RUNE,1,1788469225,1,0.49045,2.038944,100,100,2366.24129,6072.985,26496.80929,61613.22303,4894.66379,7262.39913,27082.48168,53429.9916,2.787,2.923,6.414,11.046,18.616,27.902,3.877,4.531,6.418,7.865,15.55,27.756,1.0,1.0,1.0,1.0,1.0,1.0,1.0,1.0,1.0,1.0,1.0,1.0,W10_20u_us,us,
bitget,UAI,1,1788469225,1,0.344645,7.253841,100,100,76.11607,4152.63765,27449.7797,44945.2663,347.70791,5311.19543,15478.13274,36196.53644,11.722,13.073,14.861,18.311,24.134,32.655,9.439,10.657,12.228,17.546,22.437,42.288,1.0,1.0,1.0,1.0,1.0,1.0,1.0,1.0,1.0,1.0,1.0,1.0,W10_20u_us,us,
bitget,USELESS,1,1788469225,1,0.187,6.417112,100,100,1572.24677,21668.62069,35942.7042,85196.53341,2550.71015,18053.40825,45019.47751,96590.42597,4.763,5.697,7.961,10.201,12.105,19.016,6.747,7.864,8.91,11.726,14.292,20.876,1.0,1.0,1.0,1.0,1.0,1.0,1.0,1.0,1.0,1.0,1.0,1.0,W10_20u_us,us,
bitget,WIF,1,1788469225,1,0.21475,4.656577,100,100,21552.11474,43142.99126,232209.62511,427559.66745,4588.2195,63903.28338,210168.27813,361693.94963,2.328,2.328,2.328,2.328,2.77,5.939,4.777,5.881,6.543,7.15,9.396,12.951,1.0,1.0,1.0,1.0,1.0,1.0,1.0,1.0,1.0,1.0,1.0,1.0,W10_20u_us,us,
bitget,XMR,1,1788469225,1,524.055,2.480656,100,100,2320.3099,38813.3198,119646.8551,465984.3472,15359.0044,28937.9157,116335.7152,135301.5494,3.343,3.818,5.74,7.974,10.072,13.302,7.398,8.512,9.187,9.412,9.524,11.198,1.0,1.0,1.0,1.0,1.0,1.0,1.0,1.0,1.0,1.0,1.0,1.0,W10_20u_us,us,
bitget,ZRO,1,1788469225,1,1.10925,2.70453,100,100,2432.0024,22160.1246,79046.8811,154887.1864,1506.0813,5251.7158,47233.6246,123455.2612,1.681,4.373,7.061,10.84,13.957,18.652,4.082,4.73,8.257,13.184,20.581,28.73,1.0,1.0,1.0,1.0,1.0,1.0,1.0,1.0,1.0,1.0,1.0,1.0,W10_20u_us,us,
bybit,AR,1,1788469225,1,2.7145,3.68392,200,200,327.704,2593.4937,10063.2582,14953.0247,1213.2935,3261.933,11076.4861,16224.3572,8.59,12.009,17.278,25.485,34.735,70.346,2.914,5.306,11.578,20.731,32.231,69.776,1.0,1.0,1.0,1.0,1.0,1.0,1.0,1.0,1.0,1.0,1.0,1.0,W10_20u_us,us,
bitget,TAO,1,1788469225,1,229.51,1.742843,100,100,52978.00695,215855.35941,360327.80374,366336.92724,40367.23782,218684.68702,945692.87887,1028034.46354,1.404,1.573,2.163,2.606,3.072,5.046,1.29,1.832,2.301,2.651,3.011,4.908,1.0,1.0,1.0,1.0,1.0,1.0,1.0,1.0,1.0,1.0,1.0,1.0,W10_20u_us,us,
bybit,BTW,1,1788469225,1,0.49035,8.157439,200,200,460.6823,1488.558,3428.4351,6058.4872,260.0373,1954.8445,4843.7258,8776.0744,5.731,10.857,20.398,36.682,75.825,140.725,8.642,12.014,18.895,29.292,58.588,61.276,1.0,1.0,1.0,1.0,1.0,1.0,1.0,1.0,1.0,1.0,1.0,0.4156,W10_20u_us,us,
bybit,KAS,1,1788469225,1,0.02984,6.702413,200,200,2521.9999,22310.6694,49527.0474,125263.7569,1002.3727,16805.7551,39045.1708,113598.5661,4.252,5.477,6.212,8.117,11.191,17.943,6.152,6.427,8.601,10.166,13.151,21.737,1.0,1.0,1.0,1.0,1.0,1.0,1.0,1.0,1.0,1.0,1.0,1.0,W10_20u_us,us,
bybit,FIL,1,1788469225,1,0.7985,2.504696,200,200,12520.53094,45162.96212,258199.84021,513349.67901,13476.09025,45600.0592,253784.10519,492473.05721,2.446,2.62,3.725,5.409,6.994,10.61,1.252,1.565,2.364,3.59,4.88,7.953,1.0,1.0,1.0,1.0,1.0,1.0,1.0,1.0,1.0,1.0,1.0,1.0,W10_20u_us,us,
bybit,KITE,1,1788469225,1,0.136785,6.579669,200,200,152.72209,4208.97556,8502.78146,11855.33712,381.63065,4001.2097,9077.81457,14141.7603,11.903,15.758,19.446,22.425,34.584,126.977,8.242,11.524,17.714,21.39,30.775,124.033,1.0,1.0,1.0,1.0,1.0,1.0,1.0,1.0,1.0,1.0,1.0,1.0,W10_20u_us,us,
bybit,LDO,1,1788469225,1,0.3972,5.035247,200,200,3873.39245,20708.8869,229393.59719,417994.0844,10206.47533,35470.94562,214274.1815,383918.09455,3.25,4.143,4.831,6.758,10.744,17.067,2.518,3.318,4.348,4.692,6.109,10.818,1.0,1.0,1.0,1.0,1.0,1.0,1.0,1.0,1.0,1.0,1.0,1.0,W10_20u_us,us,
bybit,ONDO,1,1788469225,1,0.36745,2.721459,200,200,75124.4855,238858.8077,518371.2952,1003528.0076,101119.669,264113.6954,493692.1066,889791.1392,1.361,1.361,2.977,3.53,3.806,5.304,1.361,1.361,1.361,1.361,1.361,2.964,1.0,1.0,1.0,1.0,1.0,1.0,1.0,1.0,1.0,1.0,1.0,1.0,W10_20u_us,us,
bybit,MAGMA,1,1788469225,1,0.3474,5.757052,200,200,118.3807,1586.7125,5123.5266,18467.9359,1239.6792,5188.1439,10391.9594,24327.6908,10.697,14.219,20.659,31.145,44.933,76.711,5.451,6.446,9.212,11.814,24.449,54.245,1.0,1.0,1.0,1.0,1.0,1.0,1.0,1.0,1.0,1.0,1.0,1.0,W10_20u_us,us,
bybit,POWER,1,1788469225,1,0.08717,9.177469,200,200,115.41981,743.2524,1840.81356,5675.97088,0.61047,546.25759,2315.73801,4623.78345,11.568,17.944,33.61,55.752,120.078,275.983,16.376,22.205,32.561,58.366,171.196,171.196,1.0,1.0,1.0,1.0,1.0,0.814,1.0,1.0,1.0,1.0,0.9708,0.3883,W10_20u_us,us,
bybit,TAO,1,1788469225,1,229.625,0.435493,200,200,46723.2143,246024.92273,632326.84026,1162785.10925,81254.4048,229048.05248,411765.86467,761670.05913,0.699,1.112,1.813,2.616,3.656,5.589,0.366,0.623,0.902,1.458,2.241,3.518,1.0,1.0,1.0,1.0,1.0,1.0,1.0,1.0,1.0,1.0,1.0,1.0,W10_20u_us,us,
bybit,RIVER,1,1788469225,1,1.3025,7.677543,200,200,647.094,2455.5422,5925.4279,7950.9328,9.2513,2131.132,5561.7803,10705.7388,3.839,6.546,13.192,22.329,52.222,154.369,11.374,11.445,15.906,24.836,47.732,158.286,1.0,1.0,1.0,1.0,1.0,1.0,1.0,1.0,1.0,1.0,1.0,1.0,W10_20u_us,us,
bybit,RUNE,1,1788469225,1,0.4908,4.07498,200,200,100.69238,2390.43442,35068.4883,149929.02719,337.29885,2226.05712,35360.0714,147853.24963,12.068,15.563,20.769,29.882,38.372,43.859,7.944,11.058,17.028,26.797,36.445,43.079,1.0,1.0,1.0,1.0,1.0,1.0,1.0,1.0,1.0,1.0,1.0,1.0,W10_20u_us,us,
bybit,UAI,1,1788469225,1,0.34465,2.901494,200,200,493.8985,3026.3311,5833.6683,12620.8868,309.9784,2265.8207,6335.6351,12068.0467,6.709,8.621,13.328,22.356,41.838,103.573,6.981,10.716,18.156,25.274,47.768,147.587,1.0,1.0,1.0,1.0,1.0,1.0,1.0,1.0,1.0,1.0,1.0,1.0,W10_20u_us,us,
bybit,XMR,1,1788469225,1,524.4,0.381388,200,200,4668.964,59470.4369,180683.7866,180683.7866,6950.9807,63382.0791,272014.4541,272014.4541,2.657,4.032,6.091,7.559,9.3,13.162,0.191,0.191,0.305,2.168,6.119,10.565,1.0,1.0,1.0,1.0,1.0,1.0,1.0,1.0,1.0,1.0,1.0,1.0,W10_20u_us,us,
bybit,USELESS,1,1788469225,1,0.18742,3.201366,200,200,1950.04294,14916.48286,60650.9388,160197.17028,3725.14233,17350.3013,71937.06867,156883.2022,3.941,5.184,7.826,10.388,13.488,21.508,3.825,4.821,6.41,8.346,11.906,19.213,1.0,1.0,1.0,1.0,1.0,1.0,1.0,1.0,1.0,1.0,1.0,1.0,W10_20u_us,us,
bybit,WIF,1,1788469225,1,0.21455,4.660918,200,200,15742.5017,66720.9253,167988.1611,334588.1912,14110.8832,65839.8414,171057.6959,283186.8903,2.33,2.33,2.33,3.626,5.309,8.043,5.799,6.395,6.753,6.872,6.932,8.999,1.0,1.0,1.0,1.0,1.0,1.0,1.0,1.0,1.0,1.0,1.0,1.0,W10_20u_us,us,
bybit,ZRO,1,1788469225,1,1.109,1.803427,200,200,2568.34907,26165.39889,41787.08991,140028.51177,8935.22998,22232.54145,33656.75588,79305.65873,0.902,1.578,5.869,8.332,10.299,14.171,0.978,1.992,4.483,5.936,7.719,13.982,1.0,1.0,1.0,1.0,1.0,1.0,1.0,1.0,1.0,1.0,1.0,1.0,W10_20u_us,us,
bybit,ZEN,1,1788469225,1,5.9445,5.046682,200,200,614.305,2701.9904,7596.6739,12882.1152,694.8448,2424.1858,7226.4471,11884.2804,5.008,8.224,13.871,24.048,37.905,98.447,6.948,8.984,15.18,25.718,41.8,78.08,1.0,1.0,1.0,1.0,1.0,1.0,1.0,1.0,1.0,1.0,1.0,1.0,W10_20u_us,us,
dydx,ICP,1,1788469225,1,2.53855,38.21079,32,49,0,15294.17331,22575.08431,36775.12191,0,22452.6761,36652.14292,65052.1504,19.105,19.105,19.105,19.105,19.105,25.309,19.105,19.105,19.105,19.105,19.105,22.064,1.0,1.0,1.0,1.0,1.0,1.0,1.0,1.0,1.0,1.0,1.0,1.0,W10_20u_us,us,
dydx,FIL,1,1788469225,1,0.7994,45.033775,47,64,0,18201.8241,24001.8146,35602.0386,0,15371.8232,15553.8772,21353.5402,22.517,22.517,22.517,22.517,22.517,31.874,22.517,22.517,22.517,22.517,22.517,40.929,1.0,1.0,1.0,1.0,1.0,1.0,1.0,1.0,1.0,1.0,1.0,1.0,W10_20u_us,us,
dydx,MORPHO,1,1788469225,1,2.525,79.207921,19,12,0,0,1000.97,1000.97,0,0,998.79,998.79,39.604,39.604,1147.306,1543.95,1742.272,1861.265,39.604,42.521,1131.084,1543.76,1750.098,1873.9,1.0,1.0,1.0,1.0,1.0,1.0,1.0,1.0,1.0,1.0,1.0,1.0,W10_20u_us,us,
dydx,ONDO,1,1788469225,1,0.36895,51.497493,49,34,0,0,7099.824,49699.8694,0,0,7099.8606,49699.962,25.749,25.749,25.749,25.749,32.779,50.242,25.749,25.749,25.749,25.749,32.868,50.627,1.0,1.0,1.0,1.0,1.0,1.0,1.0,1.0,1.0,1.0,1.0,1.0,W10_20u_us,us,
dydx,SPX,1,1788469225,1,0.5884,1216.859279,37,31,0,0,0,0,0,0,0,0,618.505,621.115,622.681,623.203,623.464,623.621,608.43,608.43,608.43,608.43,608.43,608.43,1.0,1.0,1.0,1.0,1.0,1.0,1.0,1.0,1.0,1.0,1.0,1.0,W10_20u_us,us,
dydx,TAO,1,1788469226,1,230.175,36.928424,56,52,0,15432.5737,46298.8613,833108.4408,0,65528.9706,79776.7552,1726534.1098,18.464,18.464,18.464,18.464,19.469,29.806,18.464,18.464,18.464,18.464,18.464,18.464,1.0,1.0,1.0,1.0,1.0,1.0,1.0,1.0,1.0,1.0,1.0,1.0,W10_20u_us,us,
dydx,LDO,1,1788469225,1,0.39725,52.863436,51,49,0,0,18014.9115,23815.028,0,0,3070.3953,8870.3363,26.432,26.432,26.432,26.432,26.432,41.356,26.432,26.432,26.432,38.738,54.467,100.452,1.0,1.0,1.0,1.0,1.0,1.0,1.0,1.0,1.0,1.0,1.0,1.0,W10_20u_us,us,
dydx,XMR,1,1788469226,1,518.0,540.540541,46,29,0,0,0,0,0,0,0,0,270.27,270.27,270.27,270.27,270.27,270.27,270.27,273.033,379.172,416.999,435.913,447.261,1.0,1.0,1.0,1.0,1.0,1.0,1.0,1.0,1.0,1.0,1.0,1.0,W10_20u_us,us,
dydx,ZEN,1,1788469226,1,5.947,60.534723,23,26,0,0,1002.001,1002.001,0,0,1002.12,1002.12,30.267,30.267,1078.605,1458.253,1648.077,1761.972,30.267,30.796,997.307,1354.547,1533.167,1640.339,1.0,1.0,1.0,1.0,1.0,1.0,1.0,1.0,1.0,1.0,1.0,1.0,W10_20u_us,us,
dydx,ZEC,1,1788469226,1,959.45,44.191985,94,54,0,9286.091,20658.326,1380111.251,0,19808.342,1370777.709,1593582.189,22.096,22.096,22.096,22.096,23.32,35.177,22.096,22.096,22.096,22.096,22.096,22.729,1.0,1.0,1.0,1.0,1.0,1.0,1.0,1.0,1.0,1.0,1.0,1.0,W10_20u_us,us,
dydx,RUNE,1,1788469225,1,0.4921,56.899004,34,25,0,0,11700.146,27300.3544,0,0,11700.0891,27299.9536,28.45,28.45,28.45,30.662,34.636,57.497,28.45,28.45,28.45,31.61,37.142,61.07,1.0,1.0,1.0,1.0,1.0,1.0,1.0,1.0,1.0,1.0,1.0,1.0,W10_20u_us,us,
dydx,WIF,1,1788469226,1,0.21462,47.52586,43,42,0,17283.79469,17283.79469,31483.77761,0,12216.05681,36651.55425,65051.6565,23.763,23.763,23.763,23.763,23.763,32.181,23.763,23.763,23.763,23.763,23.991,27.897,1.0,1.0,1.0,1.0,1.0,1.0,1.0,1.0,1.0,1.0,1.0,1.0,W10_20u_us,us,
hl,ONDO,1,1788469227,1,0.36775,1.087695,20,20,41461.07449,41461.07449,41461.07449,41461.07449,65687.9457,65687.9457,65687.9457,65687.9457,0.544,0.544,1.295,1.933,2.462,4.054,0.544,0.544,0.634,1.865,2.972,4.71,1.0,1.0,1.0,1.0,1.0,1.0,1.0,1.0,1.0,1.0,1.0,1.0,W10_20u_us,us,
okx,USELESS,1,1788469227,1,0.187185,4.808078,400,400,338.55644,2293.03079,6038.45774,14840.35696,593.08155,2096.91152,5931.97887,14599.21345,8.379,10.08,16.339,26.091,42.393,84.08,7.308,9.702,17.478,27.811,43.771,100.291,1.0,1.0,1.0,1.0,1.0,0.8385,1.0,1.0,1.0,1.0,1.0,1.0,W10_20u_us,us,
dydx,ZRO,1,1788469227,1,1.1105,81.044575,40,29,0,0,8699.796,20299.932,0,0,2900.115,8699.579,40.522,40.522,40.522,40.522,46.217,118.476,40.522,40.522,40.522,48.128,60.602,140.667,1.0,1.0,1.0,1.0,1.0,1.0,1.0,1.0,1.0,1.0,1.0,1.0,W10_20u_us,us,
aster,FET,2,1788469272,1,0.1591,25.14142,47,61,0,40169.2219,46323.5363,54350.3861,0,5231.7016,7846.668,12169.4157,12.571,12.571,12.571,12.571,12.571,12.707,12.571,12.571,15.805,17.33,30.616,153.943,1.0,1.0,1.0,1.0,1.0,1.0,1.0,1.0,1.0,1.0,1.0,1.0,W10_20u_us,us,
aster,BTW,2,1788469272,1,0.492905,12.37561,322,224,1391.98732,4266.25009,14457.98766,21363.09435,5930.54676,10812.30835,14791.59614,36292.9337,6.188,6.188,10.735,16.79,25.452,55.61,6.188,6.188,6.188,6.188,10.046,39.944,1.0,1.0,1.0,1.0,1.0,1.0,1.0,1.0,1.0,1.0,1.0,1.0,W10_20u_us,us,
aster,FIL,2,1788469272,1,0.8005,12.492192,20,15,1340.16,16077.715,23384.7715,33937.7984,774.9675,6133.7711,7993.863,14523.2465,6.246,6.246,12.037,15.388,17.063,25.504,6.246,9.063,14.868,16.803,28.816,148.242,1.0,1.0,1.0,1.0,1.0,1.0,1.0,1.0,1.0,1.0,1.0,1.0,W10_20u_us,us,
aster,ICP,2,1788469272,1,2.5395,3.937783,99,73,10407.174,19236.579,25415.787,30065.502,10279.889,10959.246,19898.615,25532.317,3.727,5.844,8.244,9.044,9.444,18.228,1.969,1.969,1.969,3.815,4.861,29.841,1.0,1.0,1.0,1.0,1.0,1.0,1.0,1.0,1.0,1.0,1.0,1.0,W10_20u_us,us,
aster,KITE,2,1788469272,1,0.13701,2.919495,65,43,4471.35213,12513.24163,23972.4034,24082.37372,2252.08757,4642.5908,7660.13708,10524.5727,6.15,7.819,8.821,9.231,11.275,29.518,1.46,2.373,5.91,12.882,33.912,190.234,1.0,1.0,1.0,1.0,1.0,1.0,1.0,1.0,1.0,1.0,1.0,1.0,W10_20u_us,us,
aster,KAS,2,1788469272,1,0.02993,26.729034,24,18,0,2818.95431,16422.28673,19169.96368,0,2534.6669,6766.17102,8959.25898,13.365,13.365,14.971,25.153,32.623,83.742,13.365,13.365,15.058,20.832,43.375,289.82,1.0,1.0,1.0,1.0,1.0,1.0,1.0,1.0,1.0,1.0,1.0,1.0,W10_20u_us,us,
aster,AR,2,1788469272,1,2.7235,18.35873,24,12,303.3915,2989.45,11116.7713,12653.7249,1548.9132,10672.6357,11661.1618,12446.694,10.621,11.736,15.713,24.068,29.475,453.579,9.179,9.179,13.376,18.354,21.11,256.509,1.0,1.0,1.0,1.0,1.0,0.7784,1.0,1.0,1.0,1.0,1.0,0.6463,W10_20u_us,us,
aster,LDO,2,1788469272,1,0.3974,10.065425,72,29,1477.584,11444.8967,14638.8457,15465.0399,2612.6296,13236.0199,18585.4323,18591.0337,5.033,5.033,9.146,12.651,15.133,214.734,5.033,5.033,5.033,7.437,8.751,140.765,1.0,1.0,1.0,1.0,1.0,1.0,1.0,1.0,1.0,1.0,1.0,0.9578,W10_20u_us,us,
aster,MAGMA,2,1788469272,1,0.34612,1.155669,84,175,3738.52837,6436.54032,9141.67376,17224.00652,49.84416,1457.00982,4685.56109,13197.2972,0.578,0.578,1.188,5.881,21.019,105.032,13.692,15.867,23.558,34.904,53.638,127.984,1.0,1.0,1.0,1.0,1.0,1.0,1.0,1.0,1.0,1.0,1.0,1.0,W10_20u_us,us,
aster,MORPHO,2,1788469272,1,2.5491,216.547017,24,15,0,0,0,0,0,0,0,0,109.754,109.798,110.374,120.87,190.876,292.243,108.644,108.655,110.524,113.518,116.318,256.344,1.0,1.0,1.0,1.0,1.0,1.0,1.0,1.0,1.0,1.0,1.0,1.0,W10_20u_us,us,
aster,ONDO,2,1788469272,1,0.36765,8.159935,134,183,6742.02844,19605.2431,23331.15889,35232.61225,21681.49564,28222.18593,36901.38569,48304.80197,4.08,4.08,4.453,5.667,8.867,21.31,4.08,4.08,4.08,4.08,4.545,7.726,1.0,1.0,1.0,1.0,1.0,1.0,1.0,1.0,1.0,1.0,1.0,1.0,W10_20u_us,us,
aster,SPX,2,1788469272,1,0.58825,25.499363,15,8,0,4185.5532,16301.2258,17284.0184,0,1812.353,5391.3095,6491.2598,12.75,12.75,14.336,17.441,23.595,761.397,12.75,12.75,17.91,24.68,896.779,896.779,1.0,1.0,1.0,1.0,1.0,0.828,1.0,1.0,1.0,1.0,0.806,0.3224,W10_20u_us,us,
aster,RIVER,2,1788469272,1,1.304,15.337423,105,124,2044.7979,8377.4557,16516.6328,24815.2249,1084.8465,15420.8437,41816.6017,52050.4746,7.669,7.669,9.06,13.526,19.499,42.187,7.669,7.669,12.012,13.675,14.506,21.852,1.0,1.0,1.0,1.0,1.0,1.0,1.0,1.0,1.0,1.0,1.0,1.0,W10_20u_us,us,
aster,UAI,2,1788469272,1,0.3454,17.371164,81,122,205.6796,6080.0582,11004.3652,34216.4119,9.6796,4179.6127,20079.6607,35754.4618,10.9,12.688,13.761,16.398,24.161,48.633,12.84,13.658,16.156,19.728,27.872,40.89,1.0,1.0,1.0,1.0,1.0,1.0,1.0,1.0,1.0,1.0,1.0,1.0,W10_20u_us,us,
aster,TAO,2,1788469272,1,229.47,2.614721,125,118,29499.03814,91222.67941,153178.8411,159744.88889,12296.32423,69331.02714,101740.66892,104550.77139,2.552,2.801,3.453,4.123,4.982,6.92,1.612,2.789,3.731,4.529,6.471,9.89,1.0,1.0,1.0,1.0,1.0,1.0,1.0,1.0,1.0,1.0,1.0,1.0,W10_20u_us,us,
aster,USELESS,2,1788469272,1,0.187635,0.53295,78,71,76.34691,3330.19955,14050.07761,28109.30066,2156.01612,3849.85076,17343.78767,23007.55521,14.09,17.038,19.793,23.002,27.517,43.041,4.915,6.321,8.336,14.634,26.093,50.185,1.0,1.0,1.0,1.0,1.0,1.0,1.0,1.0,1.0,1.0,1.0,1.0,W10_20u_us,us,
aster,POWER,2,1788469272,1,0.08704,32.169118,43,28,0,1234.69059,2316.81628,3201.33382,0,1172.97844,1384.65319,2148.16875,19.472,20.651,35.432,253.065,631.578,961.068,20.017,20.923,58.046,402.532,750.455,750.455,1.0,1.0,1.0,1.0,1.0,0.4521,1.0,1.0,1.0,1.0,0.9559,0.3824,W10_20u_us,us,
aster,WIF,2,1788469272,1,0.21465,13.97624,49,34,5713.57215,13864.86811,16741.61125,17295.61899,999.97992,11443.62642,12451.16224,19400.05139,6.988,6.988,6.988,6.988,8.983,54.917,6.988,6.995,12.581,14.443,15.375,63.868,1.0,1.0,1.0,1.0,1.0,1.0,1.0,1.0,1.0,1.0,1.0,1.0,W10_20u_us,us,
aster,ZEN,2,1788469272,1,5.9605,25.165674,13,16,0,1522.1821,14583.0626,15316.2062,0,4735.2207,5906.9306,6626.0908,12.583,12.583,17.822,21.913,23.959,397.127,12.583,13.503,18.783,21.223,322.374,322.374,1.0,1.0,1.0,1.0,1.0,0.7584,1.0,1.0,1.0,1.0,0.9886,0.3954,W10_20u_us,us,
aster,XMR,2,1788469272,1,523.535,2.48312,298,185,10737.05334,30150.0675,61969.64326,113919.86124,816.67606,5797.40655,35361.04216,121504.49689,1.242,1.303,1.381,1.407,1.739,9.731,4.346,7.038,11.556,15.13,20.323,24.597,1.0,1.0,1.0,1.0,1.0,1.0,1.0,1.0,1.0,1.0,1.0,1.0,W10_20u_us,us,
aster,ZRO,2,1788469272,1,1.1117,17.990465,142,230,127.61943,2297.58894,17637.26734,21644.37862,604.75245,5132.06683,5520.17107,7557.95071,11.825,14.88,17.435,22.753,25.769,65.897,8.995,10.468,16.941,19.714,89.31,448.041,1.0,1.0,1.0,1.0,1.0,1.0,1.0,1.0,1.0,1.0,1.0,1.0,W10_20u_us,us,
aster,龙虾,2,1788469273,1,0.073462,20.690969,233,47,0,11549.710569,20128.894385,31231.099043,0,3278.744588,7719.770639,16224.2519,10.345,10.345,10.345,10.345,10.345,28.558,10.345,10.345,13.389,20.13,34.707,173.75,1.0,1.0,1.0,1.0,1.0,1.0,1.0,1.0,1.0,1.0,1.0,1.0,W10_20u_us,us,
binance,AR,2,1788469273,1,2.7235,3.671746,943,1000,2986.9515,11230.1689,39926.6836,107474.229,6633.8689,22656.6045,57897.1331,122974.7311,4.29,5.36,7.652,9.892,14.364,24.711,1.836,3.582,5.409,7.294,9.976,17.142,1.0,1.0,1.0,1.0,1.0,1.0,1.0,1.0,1.0,1.0,1.0,1.0,W10_20u_us,us,
binance,FET,2,1788469273,1,0.15905,6.287331,627,1000,31141.2857,114380.6221,265340.1379,484434.7453,48877.7975,123833.3111,233496.3571,388663.1468,3.144,3.144,3.144,3.144,5.554,7.88,3.144,3.144,3.144,3.144,3.144,6.332,1.0,1.0,1.0,1.0,1.0,1.0,1.0,1.0,1.0,1.0,1.0,1.0,W10_20u_us,us,
binance,FIL,2,1788469273,1,0.79975,1.250391,1000,1000,59722.40827,201877.97826,423771.47941,922941.29886,95145.13227,252106.17438,617443.48397,999795.193564,0.625,0.625,1.196,1.536,1.765,3.27,0.625,0.625,1.335,1.79,2.458,3.641,1.0,1.0,1.0,1.0,1.0,1.0,1.0,1.0,1.0,1.0,1.0,1.0,W10_20u_us,us,
binance,KITE,2,1788469273,1,0.136985,2.190021,1000,1000,1138.68445,12706.82383,35787.99549,78971.69605,1597.17718,11694.42039,31961.7683,65501.91373,4.446,6.231,9.509,12.435,16.259,23.747,2.413,4.07,7.39,10.449,14.379,24.803,1.0,1.0,1.0,1.0,1.0,1.0,1.0,1.0,1.0,1.0,1.0,1.0,W10_20u_us,us,
binance,KAS,2,1788469273,1,0.029905,3.343922,459,907,2688.18499,12372.26979,32202.52242,73292.64242,3202.93504,17599.25678,38038.49034,71701.09927,1.672,2.323,5.846,8.648,12.924,23.439,3.678,5.726,7.306,9.037,11.515,18.921,1.0,1.0,1.0,1.0,1.0,1.0,1.0,1.0,1.0,1.0,1.0,1.0,W10_20u_us,us,
binance,LDO,2,1788469273,1,0.3974,5.032713,1000,1000,6197.0255,45279.1261,128547.148,368104.4512,18172.0121,92823.0844,182942.1679,345923.7456,2.516,2.516,3.339,4.606,7.453,12.111,2.516,2.516,2.516,2.796,3.914,6.768,1.0,1.0,1.0,1.0,1.0,1.0,1.0,1.0,1.0,1.0,1.0,1.0,W10_20u_us,us,
binance,MAGMA,2,1788469273,1,0.3458,3.470214,1000,1000,1279.01709,7844.49931,16020.92165,32873.04415,3628.50458,8580.61671,23044.08437,39268.24815,4.418,5.361,9.057,11.512,18.231,39.356,3.052,3.59,5.615,8.667,15.342,31.588,1.0,1.0,1.0,1.0,1.0,1.0,1.0,1.0,1.0,1.0,1.0,1.0,W10_20u_us,us,
binance,ONDO,2,1788469273,1,0.36765,2.719978,1000,1000,55036.26843,238234.33465,560817.30552,1109163.95811,108818.15927,291051.58737,598399.59928,1032143.57836,1.36,1.36,1.36,2.487,3.283,4.763,1.36,1.36,1.36,1.36,1.782,3.161,1.0,1.0,1.0,1.0,1.0,1.0,1.0,1.0,1.0,1.0,1.0,1.0,W10_20u_us,us,
binance,POWER,2,1788469273,1,0.087025,5.745475,883,1000,313.85381,4707.33019,7385.88408,16688.63291,371.78631,1194.04599,5432.35494,34557.33793,7.002,11.521,16.976,19.544,34.939,74.809,8.337,13.644,23.281,32.922,42.807,50.238,1.0,1.0,1.0,1.0,1.0,1.0,1.0,1.0,1.0,1.0,1.0,1.0,W10_20u_us,us,
binance,RIVER,2,1788469273,1,1.3045,7.665772,468,1000,2704.1048,13710.9205,32636.7236,67661.2308,955.782,15807.4622,36872.0268,62638.4031,3.833,3.833,3.833,7.351,10.492,21.745,3.833,4.175,8.569,10.034,12.449,19.732,1.0,1.0,1.0,1.0,1.0,1.0,1.0,1.0,1.0,1.0,1.0,1.0,W10_20u_us,us,
binance,RUNE,2,1788469273,1,0.49055,2.038528,578,1000,5403.0076,19714.3516,64912.1531,160938.1825,5532.8467,31768.5269,75872.8933,144784.1471,2.806,2.932,4.886,6.923,10.454,17.43,1.019,1.769,3.413,5.763,8.785,13.393,1.0,1.0,1.0,1.0,1.0,1.0,1.0,1.0,1.0,1.0,1.0,1.0,W10_20u_us,us,
binance,TAO,2,1788469273,1,229.415,0.435891,1000,1000,79821.64098,313483.35223,857701.14247,2073113.83268,93594.7564,398869.80329,1037580.52747,1923450.73589,0.218,0.218,0.697,1.414,2.285,3.604,0.218,0.218,0.635,1.217,1.733,2.343,1.0,1.0,1.0,1.0,1.0,1.0,1.0,1.0,1.0,1.0,1.0,1.0,W10_20u_us,us,
binance,USELESS,2,1788469273,1,0.18739,1.067293,1000,1000,9370.40996,34304.91156,72156.97711,171846.18595,5410.70816,37243.59403,71919.9438,185641.75393,2.261,2.926,4.04,5.268,6.843,11.959,2.243,2.958,4.095,6.003,8.567,12.03,1.0,1.0,1.0,1.0,1.0,1.0,1.0,1.0,1.0,1.0,1.0,1.0,W10_20u_us,us,
binance,WIF,2,1788469273,1,0.21465,4.658747,869,1000,18847.0446,63748.40078,186389.38265,381031.10963,9104.27859,46283.56109,132318.31741,304190.16426,2.329,2.329,2.329,2.329,3.082,6.571,2.329,4.431,5.965,6.477,7.153,11.059,1.0,1.0,1.0,1.0,1.0,1.0,1.0,1.0,1.0,1.0,1.0,1.0,W10_20u_us,us,
binance,XMR,2,1788469273,1,523.895,0.190878,1000,1000,15569.66191,80907.72954,278021.89655,801479.76701,14259.56776,54701.87857,170826.33879,490303.37265,0.095,1.37,2.571,3.684,5.203,8.369,0.095,0.095,1.157,3.243,5.72,8.567,1.0,1.0,1.0,1.0,1.0,1.0,1.0,1.0,1.0,1.0,1.0,1.0,W10_20u_us,us,
binance,ZEC,2,1788469273,1,956.405,0.104558,1000,1000,263140.71606,1007516.9696,2179889.59455,4743069.96484,285307.93387,922559.08616,2477370.73105,4188924.11261,0.052,0.052,0.052,0.052,0.052,0.517,0.052,0.052,0.328,0.615,0.917,1.546,1.0,1.0,1.0,1.0,1.0,1.0,1.0,1.0,1.0,1.0,1.0,1.0,W10_20u_us,us,
binance,ZEN,2,1788469273,1,5.9585,1.678275,1000,1000,3784.5542,20023.4394,77083.0878,198533.0539,6036.4875,39855.2755,100813.9149,255873.9396,2.924,4.197,5.921,7.983,10.777,17.724,3.36,4.308,5.941,7.491,9.027,13.243,1.0,1.0,1.0,1.0,1.0,1.0,1.0,1.0,1.0,1.0,1.0,1.0,W10_20u_us,us,
binance,UAI,2,1788469273,1,0.34495,2.898971,1000,1000,1245.3263,9100.1211,17351.333,67383.5898,1119.7098,9806.094,20880.6729,39058.9339,2.958,4.548,7.7,11.416,17.832,36.1,4.867,6.057,9.163,12.112,16.646,31.76,1.0,1.0,1.0,1.0,1.0,1.0,1.0,1.0,1.0,1.0,1.0,1.0,W10_20u_us,us,
binance,ZRO,2,1788469273,1,1.11055,4.502274,1000,1000,8950.27727,39557.47436,88685.29269,168840.48602,3670.89275,24222.49176,56983.40151,93866.52626,2.283,3.208,4.983,6.372,7.977,13.031,2.841,4.248,6.567,8.594,12.133,17.218,1.0,1.0,1.0,1.0,1.0,1.0,1.0,1.0,1.0,1.0,1.0,1.0,W10_20u_us,us,
binance,龙虾,2,1788469273,1,0.073401,0.136237,1000,1000,14112.134756,23096.391383,41699.726913,60570.261445,3477.447462,13231.857085,26013.481874,40171.357432,0.068,0.134,0.176,0.19,0.197,9.51,0.848,1.692,3.917,7.023,11.845,24.785,1.0,1.0,1.0,1.0,1.0,1.0,1.0,1.0,1.0,1.0,1.0,1.0,W10_20u_us,us,
bitget,AR,2,1788469273,1,2.7215,3.674444,100,100,1335.4132,4416.4985,28761.7299,57745.9601,875.4526,16553.3681,47518.3104,72901.5774,3.308,5.344,10.235,16.69,25.608,36.69,8.366,9.237,12.264,15.931,19.383,24.97,1.0,1.0,1.0,1.0,1.0,1.0,1.0,1.0,1.0,1.0,1.0,1.0,W10_20u_us,us,
bitget,BTW,2,1788469273,1,0.493355,9.871198,100,100,212.003044,3259.608752,5852.969074,13654.07127,203.383718,2533.174131,6741.861959,13223.247314,8.697,10.376,15.129,22.908,43.91,59.793,10.19,12.691,18.647,24.128,44.926,71.612,1.0,1.0,1.0,1.0,1.0,0.6046,1.0,1.0,1.0,1.0,1.0,0.6506,W10_20u_us,us,
bitget,FET,2,1788469273,1,0.15905,6.287331,100,100,35775.1628,98625.3058,255882.0951,430878.0179,28677.7798,92524.545,177200.3801,364785.7767,3.144,3.144,3.144,3.144,3.144,6.913,5.635,7.533,8.672,9.051,9.241,9.355,1.0,1.0,1.0,1.0,1.0,1.0,1.0,1.0,1.0,1.0,1.0,1.0,W10_20u_us,us,
bitget,FIL,2,1788469273,1,0.79925,1.251173,100,100,49894.01046,109073.58051,569737.54904,1302511.64961,155561.02433,308093.21401,658412.86098,1353601.63463,1.202,1.539,1.742,2.198,2.663,4.319,0.626,0.719,1.555,2.798,4.214,5.064,1.0,1.0,1.0,1.0,1.0,1.0,1.0,1.0,1.0,1.0,1.0,1.0,W10_20u_us,us,
bitget,KAS,2,1788469273,1,0.029875,3.34728,100,100,3502.90786,24608.36195,59311.28605,109520.13918,1219.01301,18056.76434,57313.40551,89927.25709,1.674,3.787,6.536,8.453,12.021,17.262,5.776,7.072,9.566,11.464,14.115,18.934,1.0,1.0,1.0,1.0,1.0,1.0,1.0,1.0,1.0,1.0,1.0,1.0,W10_20u_us,us,
bitget,KITE,2,1788469273,1,0.136915,6.573421,100,100,19017.49392,30135.88948,58251.87957,112158.38359,1476.89069,21242.85129,25976.12992,83874.34079,3.287,4.108,6.225,7.216,7.808,10.493,4.031,5.139,8.284,11.86,14.386,18.973,1.0,1.0,1.0,1.0,1.0,1.0,1.0,1.0,1.0,1.0,1.0,1.0,W10_20u_us,us,
bitget,LDO,2,1788469273,1,0.3969,5.039053,100,100,3680.39341,47414.96435,104257.01751,177086.71926,2096.14223,18148.31447,79686.20936,153562.37621,4.578,5.328,6.666,7.776,8.927,11.279,4.775,4.907,6.532,8.658,11.012,17.763,1.0,1.0,1.0,1.0,1.0,1.0,1.0,1.0,1.0,1.0,1.0,1.0,W10_20u_us,us,
bitget,MAGMA,2,1788469273,1,0.346235,9.531099,100,100,426.29299,5561.36519,29998.9233,56767.2742,1519.35226,6363.87353,24406.8099,51416.86095,6.877,9.405,12.338,17.747,22.335,29.93,5.014,5.034,7.828,12.383,19.205,28.908,1.0,1.0,1.0,1.0,1.0,1.0,1.0,1.0,1.0,1.0,1.0,1.0,W10_20u_us,us,
bitget,ONDO,2,1788469273,1,0.36765,2.719978,100,100,125599.36394,704976.91216,1128784.04624,2098784.53326,159881.19456,587611.87581,1093893.7142,2010402.28874,3.73,3.905,4.01,4.045,4.536,7.158,1.36,1.36,1.36,1.36,1.537,3.063,1.0,1.0,1.0,1.0,1.0,1.0,1.0,1.0,1.0,1.0,1.0,1.0,W10_20u_us,us,
bitget,POWER,2,1788469273,1,0.0874,13.729977,100,100,85.68054,1944.34009,9034.77471,22929.653,94.46201,1295.0669,11830.14395,34178.4537,12.569,13.721,19.773,26.665,35.668,59.314,13.675,16.563,22.342,25.902,33.656,52.926,1.0,1.0,1.0,1.0,1.0,1.0,1.0,1.0,1.0,1.0,1.0,1.0,W10_20u_us,us,
bitget,RUNE,2,1788469273,1,0.49025,2.039776,100,100,1891.64956,9892.97945,26416.49731,54698.26937,1452.1731,7535.77817,27564.2386,53961.58071,3.182,4.141,6.764,10.645,17.017,25.434,3.67,5.405,8.447,10.84,18.109,30.937,1.0,1.0,1.0,1.0,1.0,1.0,1.0,1.0,1.0,1.0,1.0,1.0,W10_20u_us,us,
bitget,RIVER,2,1788469273,1,1.3035,7.671653,100,100,4505.774,16954.296,36908.356,58982.273,16.952,11120.67,26838.935,45478.598,3.836,3.836,3.836,4.591,8.049,17.092,11.247,11.377,11.455,14.115,16.647,25.624,1.0,1.0,1.0,1.0,1.0,1.0,1.0,1.0,1.0,1.0,1.0,1.0,W10_20u_us,us,
bitget,TAO,2,1788469273,1,229.405,3.051372,100,100,87216.19079,231763.23211,366843.74139,609966.10399,30710.84574,155235.22031,835575.78724,978115.57217,1.725,1.843,2.179,2.506,2.781,3.692,1.67,2.048,2.955,3.455,3.853,5.402,1.0,1.0,1.0,1.0,1.0,1.0,1.0,1.0,1.0,1.0,1.0,1.0,W10_20u_us,us,
bitget,UAI,2,1788469273,1,0.344795,4.350411,100,100,241.48087,6164.10172,22644.16465,43530.01398,343.68352,5144.57685,17090.75164,31980.11387,10.421,12.157,13.562,18.657,23.669,34.011,9.082,11.246,16.615,19.143,24.763,45.316,1.0,1.0,1.0,1.0,1.0,1.0,1.0,1.0,1.0,1.0,1.0,1.0,W10_20u_us,us,
bitget,WIF,2,1788469273,1,0.21475,4.656577,100,100,15006.60937,37828.18667,225780.32495,423555.28395,7584.65786,97073.38317,221597.85385,414079.80122,2.328,2.328,2.328,4.074,5.529,8.262,4.811,5.898,6.55,6.767,8.003,10.639,1.0,1.0,1.0,1.0,1.0,1.0,1.0,1.0,1.0,1.0,1.0,1.0,W10_20u_us,us,
bitget,USELESS,2,1788469273,1,0.187165,6.945743,100,100,3577.18514,21439.39196,44923.56453,86409.64208,4057.60378,17408.47979,48059.06204,100882.24163,4.239,5.266,6.235,8.079,12.182,19.602,4.739,5.744,7.129,8.629,11.851,19.498,1.0,1.0,1.0,1.0,1.0,1.0,1.0,1.0,1.0,1.0,1.0,1.0,W10_20u_us,us,
bitget,XMR,2,1788469273,1,523.875,7.062754,100,100,2287.7429,33057.2225,99735.4878,268295.9432,21202.9538,88298.8137,105792.2736,130252.2243,5.047,5.991,7.231,10.53,13.579,16.112,4.586,5.013,5.269,5.355,5.398,7.167,1.0,1.0,1.0,1.0,1.0,1.0,1.0,1.0,1.0,1.0,1.0,1.0,W10_20u_us,us,
bitget,ZRO,2,1788469273,1,1.11045,4.502679,100,100,2771.0048,24645.3758,88600.8747,151175.121,691.1851,14810.5079,75719.0873,122913.0422,2.577,3.765,6.124,9.676,12.268,16.304,6.098,8.055,12.531,16.828,18.995,23.49,1.0,1.0,1.0,1.0,1.0,1.0,1.0,1.0,1.0,1.0,1.0,1.0,W10_20u_us,us,
bybit,AR,2,1788469273,1,2.7215,3.674444,200,200,1171.2745,2557.8165,6987.2324,16304.5862,695.9015,2537.0137,11133.5744,17127.6888,5.162,7.174,14.05,25.673,40.306,74.418,7.576,9.501,16.14,23.716,32.135,65.717,1.0,1.0,1.0,1.0,1.0,1.0,1.0,1.0,1.0,1.0,1.0,1.0,W10_20u_us,us,
bybit,BTW,2,1788469273,1,0.49276,6.899911,200,200,369.2847,1456.25,3081.118,6373.7655,754.4059,2314.3513,4619.6346,7294.6285,8.786,12.738,22.994,40.322,77.984,118.461,5.133,7.66,15.218,28.983,60.094,89.8,1.0,1.0,1.0,1.0,1.0,0.6384,1.0,1.0,1.0,1.0,1.0,0.5834,W10_20u_us,us,
bybit,FIL,2,1788469273,1,0.79935,1.251016,200,200,15370.09287,42727.85074,239546.62011,526730.03665,13228.97099,38624.48809,258207.35988,509062.2237,0.953,1.415,1.692,1.784,4.209,8.471,2.897,3.012,3.923,4.945,6.08,9.28,1.0,1.0,1.0,1.0,1.0,1.0,1.0,1.0,1.0,1.0,1.0,1.0,W10_20u_us,us,
bybit,KAS,2,1788469273,1,0.029855,3.349523,200,200,4394.1815,18866.8073,43944.1269,127849.3227,1959.6677,15289.4399,43191.5304,120472.1914,4.316,4.67,6.291,7.736,10.762,17.778,5.144,6.759,8.454,10.766,13.864,21.641,1.0,1.0,1.0,1.0,1.0,1.0,1.0,1.0,1.0,1.0,1.0,1.0,W10_20u_us,us,
bybit,KITE,2,1788469273,1,0.1367,8.778347,200,200,123.74445,6122.95013,9854.88433,13125.67874,138.30354,1954.84902,8433.48317,12378.17432,11.482,12.672,14.323,17.625,25.448,110.904,12.414,15.545,21.12,25.2,36.221,126.109,1.0,1.0,1.0,1.0,1.0,1.0,1.0,1.0,1.0,1.0,1.0,1.0,W10_20u_us,us,
bybit,LDO,2,1788469273,1,0.39735,2.516673,200,200,4105.58092,19717.63612,218307.40324,373875.24382,12693.20813,37739.7539,224143.14199,401961.92679,3.049,3.412,4.522,6.944,11.114,18.713,3.095,3.435,3.639,3.707,4.927,10.112,1.0,1.0,1.0,1.0,1.0,1.0,1.0,1.0,1.0,1.0,1.0,1.0,W10_20u_us,us,
bybit,MAGMA,2,1788469273,1,0.34565,8.6793,200,200,36.9587,1949.6595,6759.4943,23113.9596,787.8537,3202.4977,8551.1865,26420.0923,12.552,14.58,20.639,27.08,39.103,67.811,5.103,6.783,11.788,20.177,33.534,57.919,1.0,1.0,1.0,1.0,1.0,1.0,1.0,1.0,1.0,1.0,1.0,1.0,W10_20u_us,us,
bybit,ONDO,2,1788469273,1,0.36755,2.720718,200,200,78741.148,248098.652,486326.1596,1005773.7073,87697.5012,275847.7326,498070.5688,908819.4186,1.36,1.36,2.443,3.262,3.672,4.469,1.36,1.36,1.36,1.36,1.801,3.169,1.0,1.0,1.0,1.0,1.0,1.0,1.0,1.0,1.0,1.0,1.0,1.0,W10_20u_us,us,
bybit,POWER,2,1788469273,1,0.087235,17.194933,200,200,81.83611,642.3434,1746.68512,4929.99028,102.33378,963.70465,2476.8679,4613.67152,15.196,22.468,39.031,61.192,123.004,280.998,12.802,17.791,30.301,55.33,165.815,165.815,1.0,1.0,1.0,1.0,1.0,0.8167,1.0,1.0,1.0,1.0,0.975,0.39,W10_20u_us,us,
bybit,RIVER,2,1788469273,1,1.3035,7.671653,200,200,372.7883,2425.8763,5781.9985,7913.3593,5.6072,2611.364,5963.0133,10545.408,5.785,8.646,14.066,24.682,54.657,156.744,11.421,11.464,14.546,23.19,45.471,158.039,1.0,1.0,1.0,1.0,1.0,1.0,1.0,1.0,1.0,1.0,1.0,1.0,W10_20u_us,us,
bybit,RUNE,2,1788469273,1,0.4908,4.07498,200,200,100.69238,2416.24682,35094.3007,149954.83959,463.72863,2280.34938,35414.36366,147907.54189,13.26,16.0,20.901,29.842,38.352,43.849,7.051,10.271,16.477,26.33,36.2,42.977,1.0,1.0,1.0,1.0,1.0,1.0,1.0,1.0,1.0,1.0,1.0,1.0,W10_20u_us,us,
bybit,TAO,2,1788469273,1,229.515,0.435701,200,200,56195.51853,272795.52506,619987.27424,1211127.92272,62045.18052,244278.97678,565932.78716,1050681.97937,1.353,1.882,2.452,3.031,3.619,4.485,0.603,0.843,1.421,1.983,2.906,4.335,1.0,1.0,1.0,1.0,1.0,1.0,1.0,1.0,1.0,1.0,1.0,1.0,W10_20u_us,us,
bybit,UAI,2,1788469273,1,0.3448,5.800464,200,200,865.5275,2798.8184,6337.7379,13301.1472,236.3301,1425.7885,5494.2148,11790.4015,5.831,7.654,13.432,20.994,42.166,107.299,10.557,14.951,22.242,30.122,52.264,156.427,1.0,1.0,1.0,1.0,1.0,1.0,1.0,1.0,1.0,1.0,1.0,1.0,W10_20u_us,us,
bybit,USELESS,2,1788469273,1,0.18754,5.332196,200,200,1437.15953,15392.74431,56604.47004,134411.4381,4146.21175,17577.36864,59464.32851,158062.42049,5.921,6.941,8.982,11.488,14.403,22.063,3.378,3.555,3.935,6.462,9.817,18.101,1.0,1.0,1.0,1.0,1.0,1.0,1.0,1.0,1.0,1.0,1.0,1.0,W10_20u_us,us,
bybit,WIF,2,1788469273,1,0.21455,4.660918,200,200,11661.8651,62249.5211,185035.6672,331749.9472,17872.4239,72296.0484,179323.381,284559.1389,2.33,2.644,5.253,6.122,6.557,9.303,5.733,6.362,6.74,6.866,6.928,8.297,1.0,1.0,1.0,1.0,1.0,1.0,1.0,1.0,1.0,1.0,1.0,1.0,W10_20u_us,us,
bybit,XMR,2,1788469273,1,524.095,0.190805,200,200,9007.8965,64937.7219,243826.6941,243826.6941,6479.7921,55685.4313,272443.2462,272485.3854,0.626,1.252,3.0,5.401,7.534,11.543,0.095,0.095,0.141,1.412,6.231,11.522,1.0,1.0,1.0,1.0,1.0,1.0,1.0,1.0,1.0,1.0,1.0,1.0,W10_20u_us,us,
bybit,ZEN,2,1788469273,1,5.9525,5.039899,200,200,740.6207,2551.6428,7748.2825,11693.9341,702.3545,2746.1736,6953.6211,12051.6813,5.184,7.483,12.147,23.505,38.933,101.526,7.366,9.157,15.453,25.972,42.391,76.795,1.0,1.0,1.0,1.0,1.0,1.0,1.0,1.0,1.0,1.0,1.0,1.0,W10_20u_us,us,
bybit,ZRO,2,1788469273,1,1.1103,5.403945,200,200,2531.56089,24566.39936,47742.91993,109805.52545,4624.13218,21430.9959,34478.8188,81830.08082,4.61,5.474,7.998,9.397,10.72,15.45,3.767,4.676,5.867,6.957,10.057,17.089,1.0,1.0,1.0,1.0,1.0,1.0,1.0,1.0,1.0,1.0,1.0,1.0,W10_20u_us,us,
dydx,FIL,2,1788469273,1,0.80015,51.240392,56,68,0,0,18212.2786,24012.6632,0,0,2899.953,8699.8434,25.62,25.62,25.62,25.62,25.62,34.326,25.62,25.62,25.62,36.156,50.068,87.425,1.0,1.0,1.0,1.0,1.0,1.0,1.0,1.0,1.0,1.0,1.0,1.0,W10_20u_us,us,
dydx,ICP,2,1788469273,1,2.5391,42.534756,41,56,0,5098.05777,12378.87068,26578.75452,0,22459.45527,22459.45527,36659.54887,21.267,21.267,21.267,21.267,23.194,36.975,21.267,21.267,21.267,21.267,21.267,25.109,1.0,1.0,1.0,1.0,1.0,1.0,1.0,1.0,1.0,1.0,1.0,1.0,W10_20u_us,us,
dydx,LDO,2,1788469273,1,0.39735,57.883478,46,43,0,0,18014.852,23814.9685,0,0,17931.235,23901.576,28.942,28.942,28.942,28.942,28.942,42.557,28.942,28.942,28.942,28.942,28.942,39.345,1.0,1.0,1.0,1.0,1.0,1.0,1.0,1.0,1.0,1.0,1.0,1.0,W10_20u_us,us,
dydx,MORPHO,2,1788469273,1,2.524,95.087163,15,9,0,0,999.776,999.776,0,0,999.184,999.184,47.544,47.544,1153.445,1549.385,1747.355,1866.137,47.544,50.663,1137.397,1549.285,1755.229,1878.795,1.0,1.0,1.0,1.0,1.0,1.0,1.0,1.0,1.0,1.0,1.0,1.0,W10_20u_us,us,
dydx,ONDO,2,1788469274,1,0.36945,73.081608,48,32,0,0,7099.9128,21299.904,0,0,21299.9849,49700.0976,36.541,36.541,36.541,36.541,43.542,61.337,36.541,36.541,36.541,36.541,37.333,45.851,1.0,1.0,1.0,1.0,1.0,1.0,1.0,1.0,1.0,1.0,1.0,1.0,W10_20u_us,us,
dydx,RUNE,2,1788469274,1,0.4936,105.34846,37,28,0,0,0,11699.9545,0,0,0,15600.0318,52.674,52.674,52.674,56.61,63.759,89.48,52.674,52.674,52.674,52.674,52.674,71.884,1.0,1.0,1.0,1.0,1.0,1.0,1.0,1.0,1.0,1.0,1.0,1.0,W10_20u_us,us,
dydx,TAO,2,1788469274,1,230.045,38.688083,52,49,0,8332.184,32099.1235,772153.569,0,57199.1725,96447.8476,1678268.817,19.344,19.344,19.344,19.344,22.575,32.373,19.344,19.344,19.344,19.344,19.344,19.344,1.0,1.0,1.0,1.0,1.0,1.0,1.0,1.0,1.0,1.0,1.0,1.0,W10_20u_us,us,
dydx,SPX,2,1788469274,1,0.58845,1218.455264,31,25,0,0,0,0,0,0,0,0,620.421,623.321,625.061,625.641,625.931,626.105,609.228,609.228,609.228,609.228,609.228,609.228,1.0,1.0,1.0,1.0,1.0,1.0,1.0,1.0,1.0,1.0,1.0,1.0,W10_20u_us,us,
dydx,WIF,2,1788469274,1,0.21464,36.339918,48,44,0,17279.71907,24379.69328,38579.66798,0,15343.00284,22443.01008,36643.04955,18.17,18.17,18.17,18.17,18.17,22.541,18.17,18.17,18.17,18.17,19.082,25.164,1.0,1.0,1.0,1.0,1.0,1.0,1.0,1.0,1.0,1.0,1.0,1.0,W10_20u_us,us,
dydx,XMR,2,1788469274,1,527.25,178.662873,47,33,0,0,0,998.0514,0,0,0,1000.0848,89.331,89.331,299.208,369.993,405.385,426.621,89.331,90.248,195.348,233.283,252.251,263.632,1.0,1.0,1.0,1.0,1.0,1.0,1.0,1.0,1.0,1.0,1.0,1.0,W10_20u_us,us,
hl,ONDO,2,1788469274,1,0.3678,1.631321,20,20,72672.32957,72672.32957,72672.32957,72672.32957,50854.45889,50854.45889,50854.45889,50854.45889,0.816,0.816,1.367,1.771,2.054,3.298,0.816,0.873,1.002,1.786,3.101,4.84,1.0,1.0,1.0,1.0,1.0,1.0,1.0,1.0,1.0,1.0,1.0,1.0,W10_20u_us,us,
okx,USELESS,2,1788469274,1,0.187325,1.601495,400,400,582.96291,2355.66217,5508.55008,13567.16568,285.88689,1698.81338,5301.91749,14889.05628,5.72,8.686,15.529,27.052,44.093,85.952,8.878,11.685,19.44,29.23,45.094,100.806,1.0,1.0,1.0,1.0,1.0,0.8324,1.0,1.0,1.0,1.0,1.0,1.0,W10_20u_us,us,
dydx,ZEC,2,1788469274,1,959.46,45.025327,81,52,0,8328.51,20652.121,732695.724,0,94816.947,715804.293,938609.587,22.513,22.513,22.513,22.513,24.487,38.601,22.513,22.513,22.513,22.513,22.513,22.569,1.0,1.0,1.0,1.0,1.0,1.0,1.0,1.0,1.0,1.0,1.0,1.0,W10_20u_us,us,
dydx,ZRO,2,1788469274,1,1.111,342.034203,30,24,0,0,0,0,0,0,0,0,188.219,188.619,194.853,297.092,666.098,887.501,171.017,171.017,185.731,291.166,676.636,927.048,1.0,1.0,1.0,1.0,1.0,1.0,1.0,1.0,1.0,1.0,1.0,1.0,W10_20u_us,us,
dydx,ZEN,2,1788469274,1,6.127,629.998368,24,26,0,0,0,0,0,0,0,0,314.999,314.999,1226.009,1570.243,1742.36,1845.63,1197.567,1325.077,1401.583,1427.085,1439.836,1447.487,1.0,1.0,1.0,1.0,1.0,1.0,1.0,1.0,1.0,1.0,1.0,1.0,W10_20u_us,us,
aster,FIL,3,1788469320,1,0.8015,12.476606,21,15,1339.272,18334.232,23769.5875,33098.9778,1542.0054,8022.4563,9867.6574,16252.5531,6.238,6.238,12.027,15.371,17.043,24.385,6.238,6.238,11.024,14.87,20.803,114.389,1.0,1.0,1.0,1.0,1.0,1.0,1.0,1.0,1.0,1.0,1.0,1.0,W10_20u_us,us,
aster,AR,3,1788469320,1,2.7215,18.372221,21,13,999.7763,10115.3403,10760.0493,12838.8037,1058.8188,9877.1409,10201.3222,10506.3862,9.186,9.186,17.109,20.496,22.19,449.702,9.186,9.186,15.731,19.807,22.005,289.163,1.0,1.0,1.0,1.0,1.0,0.7732,1.0,1.0,1.0,1.0,1.0,0.5688,W10_20u_us,us,
aster,BTW,3,1788469320,1,0.494485,14.358373,342,192,1214.30118,2835.89317,13189.48082,19840.44965,485.96312,8553.69274,12137.90966,31859.64185,9.114,9.36,12.629,21.049,31.025,63.649,7.883,10.862,14.964,16.532,19.467,52.22,1.0,1.0,1.0,1.0,1.0,1.0,1.0,1.0,1.0,1.0,1.0,1.0,W10_20u_us,us,
aster,FET,3,1788469320,1,0.1594,25.094103,49,56,0,21480.3475,23558.472,36768.6623,0,9227.9744,9718.2278,13850.6881,12.547,12.547,12.547,12.547,13.632,19.853,12.547,12.547,12.547,14.408,18.163,116.886,1.0,1.0,1.0,1.0,1.0,1.0,1.0,1.0,1.0,1.0,1.0,1.0,W10_20u_us,us,
aster,ICP,3,1788469320,1,2.54,7.874016,99,74,738.667,17216.762,23118.0,28045.685,13554.103,16638.545,21562.114,28206.966,5.694,7.811,10.211,11.011,12.829,22.848,3.937,3.937,3.937,3.937,5.491,21.109,1.0,1.0,1.0,1.0,1.0,1.0,1.0,1.0,1.0,1.0,1.0,1.0,W10_20u_us,us,
aster,KAS,3,1788469320,1,0.029925,30.075188,23,18,0,3143.17585,16410.55984,19378.24414,0,844.46469,6376.97881,8570.06677,15.038,15.038,16.645,23.699,29.393,78.84,15.038,16.61,22.161,25.283,51.143,309.888,1.0,1.0,1.0,1.0,1.0,1.0,1.0,1.0,1.0,1.0,1.0,1.0,W10_20u_us,us,
aster,KITE,3,1788469320,1,0.13732,7.28226,75,42,7068.4531,10924.00856,19445.98944,25279.81903,753.88656,3903.47946,6920.93004,9784.88102,6.466,6.975,7.596,7.808,10.449,29.727,3.641,5.256,11.24,18.895,40.261,194.909,1.0,1.0,1.0,1.0,1.0,1.0,1.0,1.0,1.0,1.0,1.0,1.0,W10_20u_us,us,
aster,LDO,3,1788469320,1,0.39835,12.551776,71,28,999.6291,10972.752,12430.7729,13251.0526,1714.1429,9258.8565,10037.2391,10532.3807,6.276,6.276,12.3,14.309,15.313,283.906,6.276,6.276,10.089,13.203,15.874,195.194,1.0,1.0,1.0,1.0,1.0,1.0,1.0,1.0,1.0,1.0,1.0,0.6365,W10_20u_us,us,
aster,MAGMA,3,1788469320,1,0.3465,12.121212,96,165,3354.527,4749.67002,9313.72231,12282.72345,327.3438,2927.8744,5343.99983,14577.87405,7.475,7.778,7.976,11.943,25.258,115.346,8.568,10.526,15.317,24.425,42.399,113.289,1.0,1.0,1.0,1.0,1.0,1.0,1.0,1.0,1.0,1.0,1.0,1.0,W10_20u_us,us,
aster,MORPHO,3,1788469320,1,2.549,212.632405,24,15,0,0,0,0,0,0,0,0,106.686,106.697,107.063,118.238,205.341,301.502,106.687,106.698,109.116,113.012,116.265,256.576,1.0,1.0,1.0,1.0,1.0,1.0,1.0,1.0,1.0,1.0,1.0,1.0,W10_20u_us,us,
aster,POWER,3,1788469320,1,0.08706,27.567195,43,28,0,234.75827,1198.8194,1986.89888,0,1174.1913,2152.9767,3031.09392,31.396,40.394,104.703,492.967,1015.035,1075.476,17.548,18.537,34.613,239.575,606.077,689.546,1.0,1.0,1.0,1.0,1.0,0.4035,1.0,1.0,1.0,1.0,1.0,0.4176,W10_20u_us,us,
aster,ONDO,3,1788469320,1,0.3677,10.878434,134,184,4923.12211,19562.59165,23288.50744,35189.9608,34700.61803,43593.63012,51316.53148,68676.64918,5.439,5.439,5.812,7.025,9.946,22.272,7.111,7.635,7.949,8.054,8.106,8.138,1.0,1.0,1.0,1.0,1.0,1.0,1.0,1.0,1.0,1.0,1.0,1.0,W10_20u_us,us,
aster,RIVER,3,1788469320,1,1.305,15.32567,106,123,2045.0632,7167.039,16523.1638,24821.4282,1085.5472,8295.2288,35902.3503,43329.6978,7.663,7.663,9.052,13.515,20.413,41.897,7.663,7.663,12.001,13.663,19.097,26.03,1.0,1.0,1.0,1.0,1.0,1.0,1.0,1.0,1.0,1.0,1.0,1.0,W10_20u_us,us,
aster,TAO,3,1788469320,1,229.545,3.049511,130,116,34137.20996,81570.54689,137341.47222,171153.11535,7760.19473,46539.07878,92027.05502,123677.25511,1.525,1.525,1.525,1.655,2.908,4.074,2.288,3.867,5.337,6.251,8.129,11.521,1.0,1.0,1.0,1.0,1.0,1.0,1.0,1.0,1.0,1.0,1.0,1.0,W10_20u_us,us,
aster,SPX,3,1788469320,1,0.5885,30.586236,14,9,0,1657.6196,14222.7692,15205.5618,0,1838.8827,5417.934,6962.6428,15.293,15.293,19.86,24.373,26.63,846.304,15.293,19.534,25.704,31.543,856.342,856.342,1.0,1.0,1.0,1.0,1.0,0.7449,1.0,1.0,1.0,1.0,0.8524,0.341,W10_20u_us,us,
aster,UAI,3,1788469320,1,0.3439,17.446932,66,137,2503.126,7085.6121,12107.386,35679.9527,221.3206,4372.2236,19942.3349,28394.7199,8.723,8.723,8.723,10.174,18.461,41.992,10.769,12.654,14.784,18.465,28.628,42.67,1.0,1.0,1.0,1.0,1.0,1.0,1.0,1.0,1.0,1.0,1.0,1.0,W10_20u_us,us,
aster,XMR,3,1788469320,1,523.5,3.438395,298,187,9414.53446,30206.2861,61945.19285,113795.92084,827.503,6010.77031,35574.40592,121717.86065,1.719,2.209,4.093,4.721,5.422,10.973,2.967,5.513,10.007,13.557,19.665,24.704,1.0,1.0,1.0,1.0,1.0,1.0,1.0,1.0,1.0,1.0,1.0,1.0,W10_20u_us,us,
aster,USELESS,3,1788469320,1,0.18869,7.419577,63,78,1409.25784,4688.85368,11470.8194,19395.91924,86.66297,1941.29673,7387.73011,14072.04725,7.593,8.301,10.216,14.319,25.364,96.289,12.714,15.897,19.879,26.431,38.454,124.226,1.0,1.0,1.0,1.0,1.0,1.0,1.0,1.0,1.0,1.0,1.0,1.0,W10_20u_us,us,
aster,WIF,3,1788469320,1,0.2148,18.621974,49,35,999.99308,9151.8893,12028.63244,12582.64018,6023.182,14177.49065,14540.76275,21489.6519,9.311,9.311,12.103,13.035,16.229,97.759,9.311,9.311,9.311,9.311,13.014,48.32,1.0,1.0,1.0,1.0,1.0,1.0,1.0,1.0,1.0,1.0,1.0,1.0,W10_20u_us,us,
aster,ZEN,3,1788469320,1,5.959,23.493875,14,16,0,2187.4323,3731.0492,5180.9996,0,4942.5704,5328.648,6897.9176,11.747,11.747,16.135,32.864,826.051,826.051,11.747,12.539,16.856,18.564,118.522,315.853,1.0,1.0,1.0,1.0,0.8798,0.3519,1.0,1.0,1.0,1.0,1.0,0.4062,W10_20u_us,us,
aster,ZRO,3,1788469320,1,1.1118,12.592193,143,229,382.27209,2851.32646,16758.96135,21888.79071,382.54626,5131.49272,5391.46048,7429.24012,8.712,11.619,14.273,20.459,24.171,63.711,8.942,11.2,16.759,20.072,93.096,454.171,1.0,1.0,1.0,1.0,1.0,1.0,1.0,1.0,1.0,1.0,1.0,1.0,W10_20u_us,us,
aster,龙虾,3,1788469320,1,0.073257,19.520452,235,45,1293.544875,4993.361175,9283.474194,16822.445753,319.270112,1973.834863,6833.259349,15277.810604,9.76,9.76,13.113,15.277,27.91,96.515,12.095,14.682,18.153,25.754,41.166,211.806,1.0,1.0,1.0,1.0,1.0,1.0,1.0,1.0,1.0,1.0,1.0,1.0,W10_20u_us,us,
binance,FET,3,1788469320,1,0.15935,6.275494,629,1000,46401.2882,118280.9684,240489.9856,488587.1324,28952.154,93149.1682,220960.4915,343335.0221,3.138,3.138,3.138,3.138,3.138,5.95,3.138,3.138,4.441,6.927,8.17,8.916,1.0,1.0,1.0,1.0,1.0,1.0,1.0,1.0,1.0,1.0,1.0,1.0,W10_20u_us,us,
binance,AR,3,1788469320,1,2.7215,3.674444,935,1000,4330.6111,21149.1844,55572.0224,137253.2956,5519.3699,24704.9594,63672.0329,127131.5239,3.984,4.748,6.772,8.468,11.247,18.304,2.692,4.102,5.922,7.554,10.517,16.59,1.0,1.0,1.0,1.0,1.0,1.0,1.0,1.0,1.0,1.0,1.0,1.0,W10_20u_us,us,
binance,KAS,3,1788469320,1,0.029905,3.343922,454,907,2225.90465,12836.01589,33317.40393,76150.80297,2405.22012,14716.83573,38288.30479,73350.13318,3.846,5.73,7.672,9.87,13.757,23.328,3.011,5.221,7.233,9.469,12.252,20.019,1.0,1.0,1.0,1.0,1.0,1.0,1.0,1.0,1.0,1.0,1.0,1.0,W10_20u_us,us,
binance,FIL,3,1788469320,1,0.80075,1.248829,1000,1000,53722.5251,188098.22111,431371.29274,967054.83922,92899.19235,268382.88279,524349.9194,1029649.844949,0.624,0.624,0.676,1.274,1.778,3.719,0.624,0.88,1.476,1.721,2.421,3.671,1.0,1.0,1.0,1.0,1.0,1.0,1.0,1.0,1.0,1.0,1.0,1.0,W10_20u_us,us,
binance,KITE,3,1788469320,1,0.137315,0.728253,1000,1000,1551.02559,13340.67147,37112.28776,70606.03089,1585.54052,15165.24334,33074.99418,61154.8267,3.707,5.199,8.582,11.862,15.244,22.557,1.235,3.785,7.568,10.244,13.884,22.692,1.0,1.0,1.0,1.0,1.0,1.0,1.0,1.0,1.0,1.0,1.0,1.0,W10_20u_us,us,
binance,LDO,3,1788469320,1,0.39835,2.510355,1000,1000,9298.8179,54085.5285,124423.3751,329595.1341,5090.9342,87611.0932,195173.8992,337515.1462,3.12,3.443,3.681,4.978,7.025,10.659,3.61,3.755,5.332,7.059,9.156,11.581,1.0,1.0,1.0,1.0,1.0,1.0,1.0,1.0,1.0,1.0,1.0,1.0,W10_20u_us,us,
binance,MAGMA,3,1788469320,1,0.345985,0.28903,1000,1000,1031.05564,7779.17905,17100.23004,36372.28024,2537.97368,9253.78981,24745.90873,39933.94238,4.317,6.4,10.106,13.035,19.513,37.687,0.685,2.948,6.098,10.345,15.924,29.214,1.0,1.0,1.0,1.0,1.0,1.0,1.0,1.0,1.0,1.0,1.0,1.0,W10_20u_us,us,
binance,ONDO,3,1788469320,1,0.36775,2.719239,1000,1000,87167.24971,315123.02643,610929.60642,1122470.67849,99415.99028,269843.07801,569476.85156,1001727.86222,1.36,1.36,1.36,1.36,1.36,2.617,1.36,1.785,3.161,3.62,3.849,4.079,1.0,1.0,1.0,1.0,1.0,1.0,1.0,1.0,1.0,1.0,1.0,1.0,W10_20u_us,us,
binance,RIVER,3,1788469320,1,1.3055,7.6599,469,1000,2372.49,13306.2403,32568.8805,67219.9865,1258.331,15323.2154,36306.5083,63987.0624,3.83,3.83,4.218,7.854,12.24,22.561,3.83,3.83,7.636,9.563,11.559,19.798,1.0,1.0,1.0,1.0,1.0,1.0,1.0,1.0,1.0,1.0,1.0,1.0,W10_20u_us,us,
binance,POWER,3,1788469320,1,0.087005,1.149359,879,1000,272.48598,4678.59217,7691.17675,18224.36362,219.01259,1219.24259,5045.9611,34576.13983,7.602,11.529,15.762,18.18,33.639,73.511,8.978,14.187,24.439,34.38,44.634,52.339,1.0,1.0,1.0,1.0,1.0,1.0,1.0,1.0,1.0,1.0,1.0,1.0,W10_20u_us,us,
binance,RUNE,3,1788469320,1,0.49075,2.037697,580,1000,4223.5715,19856.8443,64076.7718,155233.4538,8270.3281,34363.0389,78215.6831,146131.5175,3.716,4.405,5.556,7.269,10.624,18.251,2.069,2.893,4.714,6.21,8.043,12.378,1.0,1.0,1.0,1.0,1.0,1.0,1.0,1.0,1.0,1.0,1.0,1.0,W10_20u_us,us,
binance,TAO,3,1788469320,1,229.575,0.435587,1000,1000,66655.35886,278190.03844,878402.31912,1808203.66244,103722.30316,410618.32388,1008513.43014,1933156.88528,0.446,0.55,0.612,0.633,0.766,3.196,0.218,0.284,0.625,1.077,1.997,3.021,1.0,1.0,1.0,1.0,1.0,1.0,1.0,1.0,1.0,1.0,1.0,1.0,W10_20u_us,us,
binance,UAI,3,1788469320,1,0.34375,2.909091,1000,1000,1393.4649,10557.2351,34974.4731,65901.2124,2414.782,8445.4132,20099.0645,37989.2424,3.562,4.984,7.931,11.165,15.782,28.475,1.455,1.532,4.229,9.639,16.916,33.87,1.0,1.0,1.0,1.0,1.0,1.0,1.0,1.0,1.0,1.0,1.0,1.0,W10_20u_us,us,
binance,USELESS,3,1788469320,1,0.188815,2.648095,1000,1000,7701.07349,30540.68004,64156.97606,146399.39583,6639.93009,32961.40963,70153.32901,173387.6864,3.161,3.93,5.464,6.838,8.543,13.865,1.86,2.128,3.394,5.081,8.061,12.81,1.0,1.0,1.0,1.0,1.0,1.0,1.0,1.0,1.0,1.0,1.0,1.0,W10_20u_us,us,
binance,WIF,3,1788469320,1,0.21485,4.65441,871,1000,14885.5651,56391.01708,173687.27684,363000.46725,11041.74989,49843.88755,133653.03695,292434.2372,2.327,2.327,2.327,2.327,4.034,7.684,2.327,2.327,4.811,5.896,6.439,9.604,1.0,1.0,1.0,1.0,1.0,1.0,1.0,1.0,1.0,1.0,1.0,1.0,W10_20u_us,us,
binance,XMR,3,1788469320,1,523.735,0.190936,1000,1000,16383.02439,89803.61989,289983.14745,838426.84168,7219.57498,51898.07308,160088.02627,449150.93003,1.189,1.748,2.34,3.103,4.142,7.44,0.095,0.291,1.602,3.37,6.72,10.353,1.0,1.0,1.0,1.0,1.0,1.0,1.0,1.0,1.0,1.0,1.0,1.0,W10_20u_us,us,
binance,ZEC,3,1788469320,1,956.755,0.10452,1000,1000,235418.48813,842823.17227,1993681.33773,4323680.28078,216395.67102,950997.36048,2642291.41652,4105836.23854,0.052,0.052,0.052,0.126,0.382,1.13,0.353,0.516,0.614,0.756,0.996,1.661,1.0,1.0,1.0,1.0,1.0,1.0,1.0,1.0,1.0,1.0,1.0,1.0,W10_20u_us,us,
binance,ZEN,3,1788469320,1,5.9575,1.678556,1000,1000,3765.0008,24922.503,89689.4801,207588.6894,13950.3211,49013.8473,109309.2253,253920.4309,2.686,4.064,5.539,7.734,10.195,16.521,1.996,2.257,2.413,4.191,6.133,8.87,1.0,1.0,1.0,1.0,1.0,1.0,1.0,1.0,1.0,1.0,1.0,1.0,W10_20u_us,us,
binance,ZRO,3,1788469320,1,1.1115,1.79937,1000,1000,8845.47944,25534.4152,55080.31276,139079.78884,6125.23894,32545.48684,64280.51254,99910.14397,2.255,3.56,5.239,6.64,8.407,15.211,3.151,4.331,6.404,7.677,9.465,13.801,1.0,1.0,1.0,1.0,1.0,1.0,1.0,1.0,1.0,1.0,1.0,1.0,W10_20u_us,us,
binance,龙虾,3,1788469320,1,0.073167,0.956709,1000,1000,4840.507837,19887.080911,43609.315423,59401.001771,2414.256061,9708.223231,24691.408384,35132.118592,1.835,2.66,4.574,6.529,9.705,17.691,2.199,3.546,6.289,9.923,15.713,28.656,1.0,1.0,1.0,1.0,1.0,1.0,1.0,1.0,1.0,1.0,1.0,1.0,W10_20u_us,us,
bitget,AR,3,1788469320,1,2.7205,3.675795,100,100,862.5514,13697.9019,27218.4047,63391.5678,2089.7727,7434.1123,26031.5654,71888.9304,6.589,8.392,11.076,12.93,14.735,26.473,5.152,5.333,8.186,12.448,19.244,31.953,1.0,1.0,1.0,1.0,1.0,1.0,1.0,1.0,1.0,1.0,1.0,1.0,W10_20u_us,us,
bitget,BTW,3,1788469320,1,0.494949,9.758571,100,100,379.403761,4082.666891,6254.417562,10792.123876,564.730546,3354.657205,6243.919298,12615.709752,7.248,10.997,15.263,21.3,42.202,68.649,8.481,11.039,15.483,21.946,45.412,70.318,1.0,1.0,1.0,1.0,1.0,0.6537,1.0,1.0,1.0,1.0,1.0,0.634,W10_20u_us,us,
bitget,FET,3,1788469320,1,0.15945,6.271558,100,100,21478.9713,61087.6227,141569.0384,410963.9209,45104.8668,128662.0186,250574.9373,407881.2804,7.919,8.663,9.11,9.259,9.333,10.256,3.136,3.136,3.136,3.136,3.136,4.871,1.0,1.0,1.0,1.0,1.0,1.0,1.0,1.0,1.0,1.0,1.0,1.0,W10_20u_us,us,
bitget,KAS,3,1788469320,1,0.02988,6.69344,100,100,1572.99699,25790.08853,58140.92099,107277.82636,961.6861,23889.47563,50714.69909,90107.14017,3.347,3.347,5.895,8.525,12.449,18.229,5.745,6.35,8.564,10.239,12.722,17.439,1.0,1.0,1.0,1.0,1.0,1.0,1.0,1.0,1.0,1.0,1.0,1.0,W10_20u_us,us,
bitget,KITE,3,1788469321,1,0.137255,6.557138,100,100,2189.43385,26598.48283,52504.81065,94442.85878,1701.45097,14035.27903,45546.2349,92227.34852,3.993,5.288,7.734,10.921,13.268,16.147,6.654,7.63,9.692,12.112,16.838,22.677,1.0,1.0,1.0,1.0,1.0,1.0,1.0,1.0,1.0,1.0,1.0,1.0,W10_20u_us,us,
bitget,FIL,3,1788469320,1,0.80025,1.249609,100,100,120616.19481,194604.01845,456020.34971,1288505.18816,21584.8123,310415.05715,627358.63851,1282367.29591,1.17,1.522,1.8,3.219,4.753,6.025,0.625,0.922,1.676,2.736,4.488,7.343,1.0,1.0,1.0,1.0,1.0,1.0,1.0,1.0,1.0,1.0,1.0,1.0,W10_20u_us,us,
bitget,LDO,3,1788469321,1,0.3979,5.026389,100,100,272.3243,34323.98943,97212.00455,190742.71021,1944.76644,69047.81708,101552.69104,156605.74827,7.727,8.89,10.125,11.346,12.849,16.715,5.896,6.718,7.77,8.912,9.482,11.922,1.0,1.0,1.0,1.0,1.0,1.0,1.0,1.0,1.0,1.0,1.0,1.0,W10_20u_us,us,
bitget,MAGMA,3,1788469321,1,0.346345,2.598565,100,100,494.70541,9438.62492,20803.98751,60860.64823,308.86315,7776.2939,27007.60891,66380.4989,4.539,8.694,13.477,16.002,19.352,33.127,9.964,11.894,13.243,16.536,21.055,29.879,1.0,1.0,1.0,1.0,1.0,1.0,1.0,1.0,1.0,1.0,1.0,1.0,W10_20u_us,us,
bitget,ONDO,3,1788469321,1,0.36765,2.719978,100,100,153285.40916,671152.07382,1085645.31756,2063175.89103,135844.65865,529961.78325,1073026.71938,1989535.29392,1.36,1.36,1.36,1.436,2.758,3.551,1.36,2.261,3.352,3.716,3.898,4.007,1.0,1.0,1.0,1.0,1.0,1.0,1.0,1.0,1.0,1.0,1.0,1.0,W10_20u_us,us,
bitget,POWER,3,1788469321,1,0.087395,12.586532,100,100,89.59272,1895.51703,10508.27341,22880.82994,900.6575,1950.97053,11825.74091,34174.05066,12.78,13.541,19.627,26.408,35.312,58.275,7.326,7.785,16.838,23.632,32.814,52.939,1.0,1.0,1.0,1.0,1.0,1.0,1.0,1.0,1.0,1.0,1.0,1.0,W10_20u_us,us,
bitget,RIVER,3,1788469321,1,1.3045,7.665772,100,100,2515.416,13713.202,35468.136,51655.77,63.945,14394.995,27294.093,43224.207,3.833,3.833,3.833,7.641,10.814,20.446,10.519,11.009,11.303,11.401,14.94,23.761,1.0,1.0,1.0,1.0,1.0,1.0,1.0,1.0,1.0,1.0,1.0,1.0,W10_20u_us,us,
bitget,RUNE,3,1788469321,1,0.49055,2.038528,100,100,718.14592,5393.18342,25872.19969,61704.59886,4790.1782,8088.30419,27805.94173,53337.34111,5.205,7.763,10.801,15.035,21.975,30.743,3.085,4.091,5.23,6.377,14.003,25.99,1.0,1.0,1.0,1.0,1.0,1.0,1.0,1.0,1.0,1.0,1.0,1.0,W10_20u_us,us,
bitget,TAO,3,1788469321,1,229.54,2.613923,100,100,36943.98874,151154.31147,380496.29715,723579.78696,59897.80922,341847.68473,1076355.43578,1387416.18939,1.307,1.307,1.547,1.645,2.365,4.53,1.449,1.883,2.707,3.497,4.143,5.777,1.0,1.0,1.0,1.0,1.0,1.0,1.0,1.0,1.0,1.0,1.0,1.0,W10_20u_us,us,
bitget,UAI,3,1788469321,1,0.343645,3.782974,100,100,185.09633,4865.50553,21547.09479,46263.47284,321.77426,6205.68558,17512.57058,35563.42786,13.739,17.625,20.058,21.607,27.105,37.807,6.577,9.66,12.156,14.241,20.023,38.665,1.0,1.0,1.0,1.0,1.0,1.0,1.0,1.0,1.0,1.0,1.0,1.0,W10_20u_us,us,
bitget,USELESS,3,1788469321,1,0.188415,6.899663,100,100,7980.93316,28266.18935,50547.51829,95040.68552,638.94968,8597.50848,34858.90339,77037.41869,3.995,4.314,5.779,6.472,8.151,13.264,5.657,7.884,10.952,13.57,18.724,25.714,1.0,1.0,1.0,1.0,1.0,1.0,1.0,1.0,1.0,1.0,1.0,1.0,W10_20u_us,us,
bitget,XMR,3,1788469321,1,523.8,6.491027,100,100,1517.9166,35869.1854,102134.4377,309158.4491,21553.3185,87177.2044,107290.9928,123130.8215,4.61,6.14,8.969,11.373,13.195,15.066,4.144,4.554,5.488,6.18,6.527,7.867,1.0,1.0,1.0,1.0,1.0,1.0,1.0,1.0,1.0,1.0,1.0,1.0,W10_20u_us,us,
bitget,WIF,3,1788469321,1,0.21495,4.652245,100,100,5925.5458,39481.81671,235591.29125,461720.03031,16855.74728,147452.09433,263026.95874,398662.71688,4.23,5.604,6.429,6.703,8.735,12.166,3.007,4.993,6.184,6.581,6.78,8.417,1.0,1.0,1.0,1.0,1.0,1.0,1.0,1.0,1.0,1.0,1.0,1.0,W10_20u_us,us,
bitget,ZRO,3,1788469321,1,1.1113,3.599388,100,100,1760.4232,22644.1647,55791.8667,152064.9667,1133.1062,14075.183,71186.142,129947.1008,2.125,4.197,7.139,9.726,12.305,18.859,4.777,5.812,9.892,13.491,16.655,22.168,1.0,1.0,1.0,1.0,1.0,1.0,1.0,1.0,1.0,1.0,1.0,1.0,W10_20u_us,us,
bybit,AR,3,1788469321,1,2.7205,3.675795,200,200,310.1916,1296.8461,8634.2314,12338.9963,941.9242,4872.8969,12220.8412,16999.2142,9.587,14.782,22.837,30.598,40.298,74.847,4.513,7.067,11.942,17.489,27.211,64.851,1.0,1.0,1.0,1.0,1.0,1.0,1.0,1.0,1.0,1.0,1.0,1.0,W10_20u_us,us,
bybit,FIL,3,1788469321,1,0.80035,1.249453,200,200,19046.09286,45342.53837,238687.05921,466884.28426,15264.95275,39223.89886,260582.63843,493081.69373,1.512,1.693,1.942,2.533,2.834,7.131,2.065,2.594,3.396,4.214,5.033,8.408,1.0,1.0,1.0,1.0,1.0,1.0,1.0,1.0,1.0,1.0,1.0,1.0,W10_20u_us,us,
bybit,BTW,3,1788469321,1,0.494235,4.248991,200,200,187.7174,1465.6982,3613.197,7753.1547,534.0692,2455.0866,5525.0574,9727.5523,9.367,12.349,19.827,35.316,68.125,92.751,5.245,8.413,15.218,24.004,48.891,73.715,1.0,1.0,1.0,1.0,1.0,0.5454,1.0,1.0,1.0,1.0,1.0,0.5654,W10_20u_us,us,
bybit,KAS,3,1788469321,1,0.029855,3.349523,200,200,4491.4418,17352.9165,48653.9791,129875.9772,2191.161,15307.0275,43989.7021,124864.4481,4.606,4.815,6.233,7.642,10.576,18.133,4.674,5.992,7.837,10.338,13.559,21.467,1.0,1.0,1.0,1.0,1.0,1.0,1.0,1.0,1.0,1.0,1.0,1.0,W10_20u_us,us,
bybit,KITE,3,1788469321,1,0.137045,12.404685,200,200,241.69396,5098.66013,8377.15815,11134.88038,168.02561,1472.25478,9448.0756,14250.71654,10.461,12.329,14.182,16.701,28.202,126.005,10.92,14.064,20.513,23.98,31.576,112.874,1.0,1.0,1.0,1.0,1.0,1.0,1.0,1.0,1.0,1.0,1.0,1.0,W10_20u_us,us,
bybit,MAGMA,3,1788469321,1,0.34585,8.674281,200,200,280.2864,2623.6225,7696.7603,25874.9291,324.2321,2895.7393,8035.4082,25917.3779,8.783,11.196,16.707,23.935,36.978,65.948,7.109,10.06,15.273,23.184,35.376,56.054,1.0,1.0,1.0,1.0,1.0,1.0,1.0,1.0,1.0,1.0,1.0,1.0,W10_20u_us,us,
bybit,LDO,3,1788469321,1,0.3982,5.022602,200,200,4664.93269,19880.44905,199553.86326,408641.85848,7296.06348,37764.67045,225781.12888,394659.57454,2.511,2.962,4.198,5.964,8.653,16.62,2.511,2.511,3.94,4.917,6.906,11.541,1.0,1.0,1.0,1.0,1.0,1.0,1.0,1.0,1.0,1.0,1.0,1.0,W10_20u_us,us,
bybit,ONDO,3,1788469321,1,0.36765,2.719978,200,200,83846.9091,259502.0397,515170.9711,1040110.5708,81887.6903,258439.5557,522570.8603,895670.1482,1.36,1.36,1.36,1.36,2.331,3.38,1.36,1.36,1.36,1.36,2.489,3.443,1.0,1.0,1.0,1.0,1.0,1.0,1.0,1.0,1.0,1.0,1.0,1.0,W10_20u_us,us,
bybit,POWER,3,1788469321,1,0.087225,17.196905,200,200,42.7035,588.25711,1836.98665,5018.30836,65.91676,909.16185,2471.43403,4557.85645,16.499,22.845,38.192,59.597,119.371,285.727,12.789,18.321,30.745,55.6,167.069,167.069,1.0,1.0,1.0,1.0,1.0,0.8495,1.0,1.0,1.0,1.0,0.9769,0.3908,W10_20u_us,us,
bybit,RUNE,3,1788469321,1,0.4909,4.07415,200,200,170.52948,1796.02952,35793.22505,151476.71803,384.7288,2200.88619,35324.3265,73429.90395,10.49,15.199,21.075,29.535,38.188,43.751,7.472,10.318,17.12,26.353,35.584,41.685,1.0,1.0,1.0,1.0,1.0,1.0,1.0,1.0,1.0,1.0,1.0,1.0,W10_20u_us,us,
bybit,TAO,3,1788469321,1,229.635,0.435474,200,200,55638.55857,228369.3986,640041.35964,1229774.011,54776.08948,251335.70352,535288.78178,1090377.18918,0.916,1.099,1.523,2.074,2.684,4.789,0.64,1.204,2.161,3.129,4.324,5.684,1.0,1.0,1.0,1.0,1.0,1.0,1.0,1.0,1.0,1.0,1.0,1.0,W10_20u_us,us,
bybit,RIVER,3,1788469321,1,1.3045,7.665772,200,200,626.7024,2476.4582,5883.0856,8088.9327,66.033,2862.7675,6643.343,11188.7908,3.833,6.693,12.24,24.586,54.757,155.152,10.487,10.993,12.55,20.393,43.886,149.822,1.0,1.0,1.0,1.0,1.0,1.0,1.0,1.0,1.0,1.0,1.0,1.0,W10_20u_us,us,
bybit,UAI,3,1788469321,1,0.3437,5.819028,200,200,691.0009,2565.9346,5475.8265,11755.0957,224.9354,1790.4692,5143.5336,8253.2829,7.127,9.179,14.991,24.227,47.218,103.209,9.518,12.947,19.414,29.793,56.656,172.874,1.0,1.0,1.0,1.0,1.0,1.0,1.0,1.0,1.0,1.0,1.0,1.0,W10_20u_us,us,
bybit,USELESS,3,1788469321,1,0.188825,0.529591,200,200,2545.23288,16390.65135,39307.13852,155069.51312,2744.72186,14211.33698,40744.43204,165884.45462,1.901,3.642,6.371,9.314,12.336,20.835,1.882,3.423,5.733,8.809,12.823,22.321,1.0,1.0,1.0,1.0,1.0,1.0,1.0,1.0,1.0,1.0,1.0,1.0,W10_20u_us,us,
bybit,WIF,3,1788469321,1,0.2147,9.315324,200,200,13874.166,61039.9413,174814.4023,306173.9912,28837.1655,87186.8691,179748.3527,263260.0588,4.658,4.658,4.658,6.129,7.722,10.749,4.658,4.658,4.658,4.658,4.658,6.63,1.0,1.0,1.0,1.0,1.0,1.0,1.0,1.0,1.0,1.0,1.0,1.0,W10_20u_us,us,
bybit,XMR,3,1788469321,1,523.995,0.190842,200,200,6519.5453,67563.672,277695.7243,277695.7243,10540.2523,56685.182,256856.9389,276336.984,0.095,0.907,3.775,5.658,8.068,11.518,0.256,0.271,0.28,0.283,2.206,9.619,1.0,1.0,1.0,1.0,1.0,1.0,1.0,1.0,1.0,1.0,1.0,1.0,W10_20u_us,us,
bybit,ZEN,3,1788469321,1,5.9515,5.040746,200,200,1007.5122,2926.4373,7996.0272,12687.3661,379.3719,2352.7556,7005.8672,12031.1726,4.675,6.643,12.13,22.832,37.081,97.23,7.868,10.087,16.367,26.922,43.45,78.224,1.0,1.0,1.0,1.0,1.0,1.0,1.0,1.0,1.0,1.0,1.0,1.0,W10_20u_us,us,
bybit,ZRO,3,1788469321,1,1.1109,3.600684,200,200,2116.01804,25015.95995,39358.85224,107277.27201,4237.46503,23289.11006,36140.52099,124796.22477,3.384,4.499,7.527,9.456,10.837,14.372,4.01,5.23,6.757,7.971,10.189,15.516,1.0,1.0,1.0,1.0,1.0,1.0,1.0,1.0,1.0,1.0,1.0,1.0,W10_20u_us,us,
dydx,ICP,3,1788469321,1,2.53915,42.927751,41,55,0,15294.17331,22574.79631,36774.28171,0,7099.94292,21299.92212,49698.87834,21.464,21.464,21.464,21.464,21.464,26.465,21.464,21.464,21.464,21.464,29.042,47.598,1.0,1.0,1.0,1.0,1.0,1.0,1.0,1.0,1.0,1.0,1.0,1.0,W10_20u_us,us,
dydx,MORPHO,3,1788469321,1,2.5955,635.715662,15,8,0,0,0,0,0,0,0,0,317.858,317.858,1373.74,1770.476,1968.844,2087.865,1318.83,1475.25,1569.102,1600.386,1616.028,1625.413,1.0,1.0,1.0,1.0,1.0,1.0,1.0,1.0,1.0,1.0,1.0,1.0,W10_20u_us,us,
dydx,LDO,3,1788469321,1,0.39785,67.864773,45,42,0,0,18026.3224,23826.445,0,0,15067.8828,15238.2828,33.932,33.932,33.932,33.932,33.932,44.549,33.932,33.932,33.932,33.932,38.957,97.352,1.0,1.0,1.0,1.0,1.0,1.0,1.0,1.0,1.0,1.0,1.0,1.0,W10_20u_us,us,
dydx,SPX,3,1788469321,1,0.58845,1218.455264,37,29,0,0,0,0,0,0,0,0,620.421,623.321,625.061,625.641,625.931,626.105,609.228,609.228,609.228,609.228,609.228,609.228,1.0,1.0,1.0,1.0,1.0,1.0,1.0,1.0,1.0,1.0,1.0,1.0,W10_20u_us,us,
dydx,RUNE,3,1788469321,1,0.49205,63.001727,37,33,0,0,11699.907,27299.8498,0,0,11699.7962,27299.6607,31.501,31.501,31.501,33.269,36.45,58.834,31.501,31.501,31.501,33.761,37.712,61.779,1.0,1.0,1.0,1.0,1.0,1.0,1.0,1.0,1.0,1.0,1.0,1.0,W10_20u_us,us,
dydx,ONDO,3,1788469321,1,0.3685,21.709634,53,34,0,7155.7752,21355.9374,49755.9216,0,250.4831,250.4831,14450.6399,13.265,13.417,13.508,13.538,20.476,37.592,36.613,49.514,57.255,59.835,61.125,83.839,1.0,1.0,1.0,1.0,1.0,1.0,1.0,1.0,1.0,1.0,1.0,1.0,W10_20u_us,us,
dydx,TAO,3,1788469322,1,230.14,44.320848,56,50,0,8333.2727,29632.2524,108130.4509,0,58429.7024,65578.7093,1588875.0927,22.16,22.16,22.16,22.16,22.733,32.095,22.16,22.16,22.16,22.16,22.16,22.16,1.0,1.0,1.0,1.0,1.0,1.0,1.0,1.0,1.0,1.0,1.0,1.0,W10_20u_us,us,
dydx,WIF,3,1788469322,1,0.214745,42.375841,47,41,0,12186.9147,19286.85678,33486.81531,0,15354.65569,15354.65569,15354.65569,21.188,21.188,21.188,21.188,21.188,32.333,21.188,21.188,21.188,21.188,21.871,91.171,1.0,1.0,1.0,1.0,1.0,1.0,1.0,1.0,1.0,1.0,1.0,1.0,W10_20u_us,us,
dydx,XMR,3,1788469322,1,527.435,186.373676,59,39,0,0,0,998.0132,0,0,0,1000.818,93.187,93.187,302.714,373.422,408.776,429.989,93.187,94.004,194.678,231.147,249.382,260.322,1.0,1.0,1.0,1.0,1.0,1.0,1.0,1.0,1.0,1.0,1.0,1.0,W10_20u_us,us,
dydx,FIL,3,1788469321,1,0.8009,49.943813,48,54,0,15327.6954,24027.1084,35627.1124,0,15404.4394,15404.4394,15404.4394,24.972,24.972,24.972,24.972,24.972,33.295,24.972,24.972,24.972,24.972,24.972,72.125,1.0,1.0,1.0,1.0,1.0,1.0,1.0,1.0,1.0,1.0,1.0,1.0,W10_20u_us,us,
dydx,ZEC,3,1788469322,1,959.445,43.879535,99,58,0,9286.188,20655.805,738346.648,0,11442.445,735990.537,936013.181,21.94,21.94,21.94,21.94,23.33,36.526,21.94,21.94,21.94,21.94,21.94,23.695,1.0,1.0,1.0,1.0,1.0,1.0,1.0,1.0,1.0,1.0,1.0,1.0,W10_20u_us,us,
hl,ONDO,3,1788469322,1,0.367975,0.271758,20,20,27643.84627,27643.84627,27643.84627,27643.84627,67248.47591,67248.47591,67248.47591,67248.47591,0.195,0.358,0.97,2.128,3.133,4.645,0.797,1.01,1.138,1.18,1.308,2.658,1.0,1.0,1.0,1.0,1.0,1.0,1.0,1.0,1.0,1.0,1.0,1.0,W10_20u_us,us,
okx,USELESS,3,1788469322,1,0.188635,0.530124,400,400,685.14372,2241.27111,4673.11261,12677.59979,148.75223,1329.72003,5362.65588,14534.99043,4.186,7.354,15.21,27.201,45.971,88.831,10.971,13.809,21.352,29.794,45.877,96.823,1.0,1.0,1.0,1.0,1.0,0.8049,1.0,1.0,1.0,1.0,1.0,0.9915,W10_20u_us,us,
dydx,ZRO,3,1788469322,1,1.1135,62.864841,26,27,0,0,8700.81,8700.81,0,0,8699.509,8699.509,31.432,31.432,31.432,38.942,50.964,140.131,31.432,31.432,31.432,39.01,51.412,145.426,1.0,1.0,1.0,1.0,1.0,1.0,1.0,1.0,1.0,1.0,1.0,1.0,W10_20u_us,us,
dydx,ZEN,3,1788469322,1,5.957,73.862683,30,30,0,0,997.08,997.08,0,0,998.493,998.493,36.931,36.931,1028.552,1383.002,1560.227,1666.562,36.931,39.897,1019.935,1384.569,1566.886,1676.276,1.0,1.0,1.0,1.0,1.0,1.0,1.0,1.0,1.0,1.0,1.0,1.0,W10_20u_us,us,
aster,AR,1,1788517110,1,2.6185,19.094902,18,10,999.8352,2540.9435,12180.734,13589.1428,1277.9996,10324.6201,11364.6258,12666.7749,9.547,9.547,14.484,21.495,25.069,254.641,9.547,9.547,13.285,18.989,21.906,66.98,1.0,1.0,1.0,1.0,1.0,0.6784,1.0,1.0,1.0,1.0,1.0,0.5058,W11_10u_eu,eu,
aster,FET,1,1788517110,1,0.1566,25.542784,32,43,0,15516.6725,27051.0708,30723.7586,0,6979.4052,10194.8847,12148.6645,12.771,12.771,12.771,15.113,17.135,27.518,12.771,12.771,12.971,16.064,20.59,229.765,1.0,1.0,1.0,1.0,1.0,1.0,1.0,1.0,1.0,1.0,1.0,1.0,W11_10u_eu,eu,
aster,BTW,1,1788517110,1,0.44854,11.593169,234,268,1484.1499,4323.74386,14347.33687,33581.20555,1233.34068,9613.70087,14795.61063,36994.23071,6.015,6.017,9.826,15.715,24.349,50.339,5.797,5.797,9.929,13.213,15.561,47.698,1.0,1.0,1.0,1.0,1.0,1.0,1.0,1.0,1.0,1.0,1.0,1.0,W11_10u_eu,eu,
aster,FIL,1,1788517110,1,0.771,25.940337,18,21,0,15688.211,25206.0983,32258.95,0,6191.9804,9984.313,15438.7896,12.97,12.97,12.97,12.97,12.97,19.698,12.97,12.97,12.97,12.97,19.164,115.914,1.0,1.0,1.0,1.0,1.0,1.0,1.0,1.0,1.0,1.0,1.0,1.0,W11_10u_eu,eu,
aster,ICP,1,1788517110,1,2.555,7.827789,94,116,2637.357,15789.093,21057.759,28667.411,5272.413,17204.527,22615.434,27762.618,5.668,6.748,7.396,11.092,13.374,27.946,5.408,6.618,7.344,7.586,9.559,22.013,1.0,1.0,1.0,1.0,1.0,1.0,1.0,1.0,1.0,1.0,1.0,1.0,W11_10u_eu,eu,
aster,LDO,1,1788517110,1,0.39145,12.773023,69,31,999.9072,8556.786,14948.474,16899.8493,999.6184,11593.481,16928.222,16934.1365,6.387,6.387,10.983,12.517,15.113,158.216,6.387,6.392,10.319,12.185,13.336,160.023,1.0,1.0,1.0,1.0,1.0,1.0,1.0,1.0,1.0,1.0,1.0,0.8925,W11_10u_eu,eu,
aster,KAS,1,1788517110,1,0.02988,26.773762,21,19,0,2823.87538,14338.27105,28807.16257,0,2280.51808,7956.514,10250.38816,13.387,13.387,14.989,21.676,25.898,43.36,15.584,16.292,21.473,27.47,40.888,262.474,1.0,1.0,1.0,1.0,1.0,1.0,1.0,1.0,1.0,1.0,1.0,1.0,W11_10u_eu,eu,
aster,KITE,1,1788517110,1,0.1355,7.380074,110,72,2033.1334,8473.36585,13650.96961,18801.7137,3063.55169,7568.38345,13264.78075,14094.59037,4.274,4.52,7.627,9.475,14.526,69.088,4.858,5.012,5.561,10.129,18.001,130.852,1.0,1.0,1.0,1.0,1.0,1.0,1.0,1.0,1.0,1.0,1.0,1.0,W11_10u_eu,eu,
aster,MAGMA,1,1788517110,1,0.25271,3.957105,122,138,2851.58086,4499.8638,9495.08502,20301.45251,1657.95445,5419.28115,8232.65271,17234.37936,4.079,4.611,4.983,11.646,25.736,63.42,1.98,5.64,9.524,16.083,29.708,105.147,1.0,1.0,1.0,1.0,1.0,1.0,1.0,1.0,1.0,1.0,1.0,1.0,W11_10u_eu,eu,
aster,MORPHO,1,1788517110,1,2.49965,12.401736,25,18,4393.86806,4493.91756,6063.67827,7666.62289,999.97976,2661.31741,3943.08493,3949.12813,6.201,6.201,6.201,9.42,72.424,195.22,6.201,6.208,12.685,63.403,138.416,257.174,1.0,1.0,1.0,1.0,1.0,1.0,1.0,1.0,1.0,1.0,1.0,1.0,W11_10u_eu,eu,
aster,SPX,1,1788517111,1,0.65965,40.930797,23,13,0,9.8745,7509.8025,7783.444,0,1498.487,2231.4332,7809.2462,30.867,30.972,31.035,31.056,117.565,1397.749,20.465,20.465,33.823,53.673,180.626,776.017,1.0,1.0,1.0,1.0,1.0,0.776,1.0,1.0,1.0,1.0,1.0,0.6234,W11_10u_eu,eu,
aster,POWER,1,1788517110,1,0.087385,37.763918,42,29,0,1325.21164,1716.94243,1795.75819,0,23.81867,1369.49789,2757.65841,19.739,19.883,89.906,459.588,1028.446,1028.446,26.326,26.609,42.611,305.064,664.583,727.403,1.0,1.0,1.0,1.0,0.9886,0.3954,1.0,1.0,1.0,1.0,1.0,0.4055,W11_10u_eu,eu,
aster,RIVER,1,1788517111,1,1.272,15.72327,94,153,40.9262,5638.4257,18959.2802,23866.8687,2580.1164,12887.1566,36578.42,47178.4033,15.079,15.401,16.967,20.276,25.35,43.426,7.862,7.862,7.862,11.67,13.696,23.358,1.0,1.0,1.0,1.0,1.0,1.0,1.0,1.0,1.0,1.0,1.0,1.0,W11_10u_eu,eu,
aster,TAO,1,1788517111,1,228.42,5.25348,121,101,8040.50623,90753.93539,128261.62639,159830.38609,15111.51674,49391.9426,86346.7162,118433.86694,2.698,3.385,4.019,5.766,7.886,11.652,2.627,2.627,2.627,3.346,4.601,8.229,1.0,1.0,1.0,1.0,1.0,1.0,1.0,1.0,1.0,1.0,1.0,1.0,W11_10u_eu,eu,
aster,UAI,1,1788517111,1,0.38975,17.960231,125,119,941.9586,3320.2037,11487.4426,21177.9239,1174.5911,3504.2291,11619.8719,27225.0368,8.98,9.127,14.741,20.982,29.187,60.64,8.98,8.98,11.438,18.194,24.897,53.384,1.0,1.0,1.0,1.0,1.0,1.0,1.0,1.0,1.0,1.0,1.0,1.0,W11_10u_eu,eu,
aster,USELESS,1,1788517111,1,0.25172,22.246941,88,113,0,2360.38308,6891.77642,13327.05986,0,2370.14056,5686.53238,9850.51224,11.123,11.123,15.505,25.706,41.108,203.527,13.861,13.883,18.538,28.128,50.049,324.01,1.0,1.0,1.0,1.0,1.0,1.0,1.0,1.0,1.0,1.0,1.0,1.0,W11_10u_eu,eu,
aster,ONDO,1,1788517110,1,0.36425,8.236102,127,195,25676.06111,36441.86149,48097.40192,69403.13955,3922.79008,13027.69346,19714.71981,31915.61289,5.762,6.313,6.643,6.753,6.808,8.02,6.407,8.008,8.968,9.882,12.261,35.143,1.0,1.0,1.0,1.0,1.0,1.0,1.0,1.0,1.0,1.0,1.0,1.0,W11_10u_eu,eu,
aster,WIF,1,1788517111,1,0.20805,14.419611,39,23,999.999,9130.64837,14935.60406,15530.44358,1076.6022,14009.77222,17035.56234,22875.96296,7.21,7.21,12.957,14.89,17.5,70.922,7.21,7.21,9.948,10.982,13.48,48.24,1.0,1.0,1.0,1.0,1.0,1.0,1.0,1.0,1.0,1.0,1.0,1.0,W11_10u_eu,eu,
aster,XMR,1,1788517111,1,556.0,7.194245,380,226,4373.80744,24793.60673,64936.9433,118453.87375,2226.50413,28142.22739,64919.17962,121840.94909,3.597,3.654,4.07,6.486,11.33,16.906,3.597,4.333,6.69,9.629,14.418,19.803,1.0,1.0,1.0,1.0,1.0,1.0,1.0,1.0,1.0,1.0,1.0,1.0,W11_10u_eu,eu,
aster,ZEN,1,1788517111,1,6.208,22.551546,41,40,0,3820.3556,16705.3042,29870.069,0,4773.0162,4945.185,6113.134,11.276,11.276,11.276,15.602,22.298,35.38,11.814,17.183,20.404,22.897,143.226,744.674,1.0,1.0,1.0,1.0,1.0,1.0,1.0,1.0,1.0,1.0,1.0,0.8434,W11_10u_eu,eu,
aster,龙虾,1,1788517111,1,0.07763,19.708748,244,54,536.363464,4370.297852,11456.408628,24252.824374,13.287897,13.287897,6287.109233,11559.4806,9.854,10.63,12.243,16.944,27.565,55.418,26.156,26.378,28.846,35.469,50.706,182.292,1.0,1.0,1.0,1.0,1.0,1.0,1.0,1.0,1.0,1.0,1.0,1.0,W11_10u_eu,eu,
binance,AR,1,1788517111,1,2.6185,3.81898,856,1000,4465.0916,14508.4545,35780.8,91974.2304,5266.9505,20941.4042,45622.8258,82502.4816,2.814,4.271,5.997,8.178,12.367,22.612,4.976,5.352,6.606,8.077,11.026,18.495,1.0,1.0,1.0,1.0,1.0,1.0,1.0,1.0,1.0,1.0,1.0,1.0,W11_10u_eu,eu,
binance,FIL,1,1788517111,1,0.77055,1.297774,1000,1000,80648.24893,263991.81942,469392.23839,1077191.3857,58930.83842,220169.23132,453382.6396,920576.656157,0.649,0.649,0.822,1.384,2.33,3.991,1.315,2.255,2.848,3.046,3.638,4.629,1.0,1.0,1.0,1.0,1.0,1.0,1.0,1.0,1.0,1.0,1.0,1.0,W11_10u_eu,eu,
aster,ZRO,1,1788517111,1,1.10935,11.718574,123,237,383.43015,3722.60393,6209.14476,7532.11668,255.55653,4620.63767,4620.63767,6146.68053,8.501,11.089,12.94,18.931,83.589,495.485,10.078,12.299,18.07,22.386,137.578,581.484,1.0,1.0,1.0,1.0,1.0,1.0,1.0,1.0,1.0,1.0,1.0,1.0,W11_10u_eu,eu,
binance,KAS,1,1788517111,1,0.02987,6.695681,456,931,831.44086,17556.76323,33075.48312,76539.83473,2662.22429,16192.39287,51906.25533,89299.74962,4.328,6.075,9.574,11.765,14.582,21.601,3.348,3.823,5.547,7.688,11.207,20.971,1.0,1.0,1.0,1.0,1.0,1.0,1.0,1.0,1.0,1.0,1.0,1.0,W11_10u_eu,eu,
binance,KITE,1,1788517111,1,0.13545,1.47656,1000,1000,2434.04833,13704.22486,46650.71789,88332.19007,1465.92039,7366.15432,18085.48741,50666.85462,1.772,3.143,6.179,9.063,13.971,22.294,3.305,4.862,8.919,13.721,19.105,36.633,1.0,1.0,1.0,1.0,1.0,1.0,1.0,1.0,1.0,1.0,1.0,1.0,W11_10u_eu,eu,
binance,FET,1,1788517111,1,0.15655,6.387736,596,1000,35901.3961,85901.2036,205879.7197,395478.6498,21645.4611,71528.0511,147041.2237,249647.6256,3.194,3.194,3.194,3.194,5.739,8.045,3.194,3.194,3.194,5.861,7.721,9.699,1.0,1.0,1.0,1.0,1.0,1.0,1.0,1.0,1.0,1.0,1.0,1.0,W11_10u_eu,eu,
binance,LDO,1,1788517111,1,0.39145,2.554605,1000,1000,9187.3491,65504.3482,181326.3091,347259.9369,7737.4992,62706.8453,128578.4898,265552.1022,2.328,3.08,4.233,5.31,7.173,10.862,2.412,3.122,4.035,5.489,7.794,10.79,1.0,1.0,1.0,1.0,1.0,1.0,1.0,1.0,1.0,1.0,1.0,1.0,W11_10u_eu,eu,
binance,MAGMA,1,1788517111,1,0.252845,1.977496,1000,1000,1330.90515,7045.41615,14276.92193,24848.49819,3600.07053,7236.92077,14299.15158,26461.52302,2.527,5.08,9.236,12.645,20.572,47.605,2.364,4.239,5.615,8.789,16.861,47.259,1.0,1.0,1.0,1.0,1.0,1.0,1.0,1.0,1.0,1.0,1.0,1.0,W11_10u_eu,eu,
binance,ONDO,1,1788517111,1,0.36415,2.746121,1000,1000,94741.82379,263194.47576,567980.46835,1096592.1277,74377.65002,272526.11563,515354.62374,913263.72712,1.373,1.373,1.373,1.373,1.373,2.528,1.373,1.373,1.944,3.031,3.575,4.493,1.0,1.0,1.0,1.0,1.0,1.0,1.0,1.0,1.0,1.0,1.0,1.0,W11_10u_eu,eu,
binance,POWER,1,1788517111,1,0.08746,2.28676,986,1000,120.71833,779.99423,2218.93445,13246.93294,4919.37527,6850.69053,9072.76601,12733.49339,14.194,19.458,32.511,46.624,59.618,99.73,6.945,8.046,8.707,8.977,21.728,90.328,1.0,1.0,1.0,1.0,1.0,1.0,1.0,1.0,1.0,1.0,1.0,1.0,W11_10u_eu,eu,
binance,RIVER,1,1788517111,1,1.2725,7.858546,452,1000,121.6032,11454.0142,26988.8472,63913.5454,2774.5035,16868.8745,31945.6393,65705.4908,9.876,10.832,11.405,11.597,14.682,26.356,3.929,3.929,3.929,7.429,9.943,19.052,1.0,1.0,1.0,1.0,1.0,1.0,1.0,1.0,1.0,1.0,1.0,1.0,W11_10u_eu,eu,
binance,RUNE,1,1788517111,1,0.4848,4.125413,559,1000,4755.2271,20373.9887,70462.4912,171012.2739,3565.5366,24791.2725,59369.0429,140980.2471,2.063,2.063,3.772,5.735,9.864,18.215,3.249,4.072,5.517,7.494,11.047,17.162,1.0,1.0,1.0,1.0,1.0,1.0,1.0,1.0,1.0,1.0,1.0,1.0,W11_10u_eu,eu,
binance,TAO,1,1788517111,1,228.225,0.438164,1000,1000,93100.37104,220542.99373,803685.63032,2046056.09812,76515.45097,331022.2274,868251.8331,1730966.30862,0.946,1.379,1.734,2.036,2.973,4.148,0.219,0.278,0.648,1.14,1.89,3.105,1.0,1.0,1.0,1.0,1.0,1.0,1.0,1.0,1.0,1.0,1.0,1.0,W11_10u_eu,eu,
binance,UAI,1,1788517111,1,0.38875,2.572347,1000,1000,479.7335,3837.1308,9238.4405,37836.7742,2073.148,8620.8685,15245.8771,32579.0066,7.916,9.746,12.323,17.976,29.938,50.041,1.286,2.421,6.424,10.146,16.407,41.49,1.0,1.0,1.0,1.0,1.0,1.0,1.0,1.0,1.0,1.0,1.0,1.0,W11_10u_eu,eu,
binance,USELESS,1,1788517111,1,0.2518,4.765687,1000,1000,4622.13082,14570.15036,30030.63953,86681.50886,4994.29868,19844.83758,40639.731,94203.15195,2.644,3.089,4.695,7.146,9.975,21.147,2.863,3.121,5.244,6.76,9.915,17.733,1.0,1.0,1.0,1.0,1.0,1.0,1.0,1.0,1.0,1.0,1.0,1.0,W11_10u_eu,eu,
binance,WIF,1,1788517111,1,0.20805,4.806537,792,1000,7055.64906,42558.32064,124347.18674,329711.79179,10270.57548,49116.53833,114077.05265,286994.40834,2.403,2.403,4.793,6.002,8.019,11.644,2.403,3.116,5.572,6.391,6.8,10.545,1.0,1.0,1.0,1.0,1.0,1.0,1.0,1.0,1.0,1.0,1.0,1.0,W11_10u_eu,eu,
binance,XMR,1,1788517111,1,556.465,0.179706,1000,1000,10915.78991,54245.09755,190792.97056,799104.38798,15494.87889,67149.28857,244493.50542,459067.38681,3.166,3.751,4.62,5.35,6.753,10.99,0.39,0.509,1.164,1.783,4.124,8.151,1.0,1.0,1.0,1.0,1.0,1.0,1.0,1.0,1.0,1.0,1.0,1.0,W11_10u_eu,eu,
binance,ZEC,1,1788517111,1,992.725,0.100733,1000,1000,224640.7501,762997.76702,1444482.76287,3691501.1537,318218.66311,1049530.06579,2334132.79222,4102033.05973,0.05,0.05,0.05,0.05,0.093,0.187,0.117,0.318,0.609,1.039,1.48,1.986,1.0,1.0,1.0,1.0,1.0,1.0,1.0,1.0,1.0,1.0,1.0,1.0,W11_10u_eu,eu,
binance,ZEN,1,1788517111,1,6.2065,1.611214,1000,1000,3689.5009,18202.969,37930.7223,112235.831,2244.0713,23970.6817,54388.9498,113439.0576,1.261,2.74,4.728,7.227,10.802,20.61,4.275,5.671,7.73,9.224,10.978,16.005,1.0,1.0,1.0,1.0,1.0,1.0,1.0,1.0,1.0,1.0,1.0,1.0,W11_10u_eu,eu,
binance,龙虾,1,1788517111,1,0.077357,4.524448,1000,1000,343.734802,5914.848293,12348.397798,27074.199087,1661.819231,10959.832173,20241.501118,84113.601416,8.648,9.462,11.456,16.045,22.924,49.105,4.101,6.195,8.535,12.177,16.526,31.511,1.0,1.0,1.0,1.0,1.0,1.0,1.0,1.0,1.0,1.0,1.0,1.0,W11_10u_eu,eu,
binance,ZRO,1,1788517111,1,1.10855,0.902079,1000,1000,4705.91831,16894.20696,46320.23477,112055.35453,4944.55034,28272.90335,49711.47121,120461.46194,2.293,2.852,4.559,6.592,10.772,19.628,0.618,2.278,4.154,6.277,8.979,13.341,1.0,1.0,1.0,1.0,1.0,1.0,1.0,1.0,1.0,1.0,1.0,1.0,W11_10u_eu,eu,
bitget,AR,1,1788517111,1,2.617,7.642339,100,100,2479.6097,9975.5087,48454.6009,97455.8105,11633.8414,38207.1727,58541.4918,101763.7686,3.821,4.36,6.358,8.911,13.609,24.975,7.272,7.457,7.568,7.605,7.624,10.489,1.0,1.0,1.0,1.0,1.0,1.0,1.0,1.0,1.0,1.0,1.0,1.0,W11_10u_eu,eu,
bitget,FIL,1,1788517111,1,0.77035,1.298111,100,100,34941.06485,224991.11457,583720.21409,1098803.01573,131847.17865,310312.64799,802498.67339,1413675.10782,0.649,0.706,1.451,2.439,4.971,7.83,3.186,3.216,3.639,4.091,4.442,5.641,1.0,1.0,1.0,1.0,1.0,1.0,1.0,1.0,1.0,1.0,1.0,1.0,W11_10u_eu,eu,
bitget,BTW,1,1788517111,1,0.449411,6.986923,100,100,511.897194,5102.362123,8260.063159,16474.420082,181.667584,3722.185887,8349.938595,17811.054246,8.401,11.023,15.209,18.845,29.702,45.403,8.871,10.911,16.731,20.286,32.93,58.918,1.0,1.0,1.0,1.0,1.0,0.662,1.0,1.0,1.0,1.0,1.0,0.7216,W11_10u_eu,eu,
bitget,KAS,1,1788517111,1,0.02986,6.697924,100,100,309.83893,29443.76197,54058.8761,104328.44913,3239.90192,36564.4202,65622.89045,106510.88795,7.169,10.041,13.711,15.228,17.28,19.577,3.349,4.144,5.676,7.367,9.846,13.233,1.0,1.0,1.0,1.0,1.0,1.0,1.0,1.0,1.0,1.0,1.0,1.0,W11_10u_eu,eu,
bitget,FET,1,1788517111,1,0.15655,6.387736,100,100,11266.7319,49482.7319,137028.4006,291853.9057,12205.1336,53961.931,108180.8426,257204.5613,3.194,3.194,6.499,8.04,8.811,12.78,8.128,8.855,9.291,9.436,9.509,12.825,1.0,1.0,1.0,1.0,1.0,1.0,1.0,1.0,1.0,1.0,1.0,1.0,W11_10u_eu,eu,
bitget,MAGMA,1,1788517111,1,0.25321,8.68844,100,100,198.3839,4962.62949,21193.52878,50763.99256,1984.21578,10150.5558,18778.25433,51187.82405,10.384,12.301,13.858,17.935,25.219,36.742,7.045,7.665,9.093,11.458,13.713,32.071,1.0,1.0,1.0,1.0,1.0,1.0,1.0,1.0,1.0,1.0,1.0,1.0,W11_10u_eu,eu,
bitget,LDO,1,1788517111,1,0.3911,5.113782,100,100,768.26074,25106.36052,87101.30435,152266.25918,2464.48604,15174.94054,68015.56377,131076.28368,5.585,7.219,10.125,11.802,13.571,16.412,4.896,6.073,7.07,8.649,12.463,22.301,1.0,1.0,1.0,1.0,1.0,1.0,1.0,1.0,1.0,1.0,1.0,1.0,W11_10u_eu,eu,
bitget,ONDO,1,1788517111,1,0.36405,2.746875,100,100,252276.48278,701869.34519,1231881.2343,1949787.80156,104791.28549,401052.27429,910063.14011,1853763.95889,1.373,1.373,1.373,1.373,1.373,2.84,1.373,1.373,2.812,4.269,5.568,6.616,1.0,1.0,1.0,1.0,1.0,1.0,1.0,1.0,1.0,1.0,1.0,1.0,W11_10u_eu,eu,
bitget,POWER,1,1788517111,1,0.08782,6.832157,100,100,138.05202,2981.3375,8272.96208,26448.82506,304.85605,2872.90653,9572.61323,16798.95254,11.829,13.316,17.377,25.539,37.295,63.129,9.086,11.375,15.077,20.532,30.27,70.734,1.0,1.0,1.0,1.0,1.0,1.0,1.0,1.0,1.0,1.0,1.0,1.0,W11_10u_eu,eu,
bitget,RIVER,1,1788517111,1,1.2715,7.864727,100,100,3828.252,15368.143,40606.417,64591.141,68.688,15303.644,26459.28,49915.895,3.932,3.932,3.932,5.773,8.957,19.65,10.717,11.257,11.581,11.689,13.648,22.249,1.0,1.0,1.0,1.0,1.0,1.0,1.0,1.0,1.0,1.0,1.0,1.0,W11_10u_eu,eu,
bitget,RUNE,1,1788517111,1,0.48475,2.062919,100,100,1744.55012,10655.30323,24439.89553,53149.43295,2205.5771,8000.18855,25219.90717,56583.8333,4.806,6.815,9.717,14.923,19.323,32.188,3.099,4.981,7.805,10.607,16.604,31.505,1.0,1.0,1.0,1.0,1.0,1.0,1.0,1.0,1.0,1.0,1.0,1.0,W11_10u_eu,eu,
bitget,TAO,1,1788517111,1,228.31,1.752004,100,100,23100.9502,190325.53708,492015.56798,492886.93278,55022.52028,202155.44338,629242.87871,1136799.26433,1.131,1.34,2.189,2.784,3.21,5.109,1.402,1.796,2.464,2.765,3.671,4.727,1.0,1.0,1.0,1.0,1.0,1.0,1.0,1.0,1.0,1.0,1.0,1.0,W11_10u_eu,eu,
bitget,KITE,1,1788517111,1,0.13539,14.77214,100,100,349.53569,3623.14254,19385.77455,68248.211,343.06068,9155.1007,15154.62228,41643.06461,9.569,10.838,12.949,18.118,28.471,40.195,8.547,10.321,12.798,14.786,17.502,44.495,1.0,1.0,1.0,1.0,1.0,1.0,1.0,1.0,1.0,1.0,1.0,1.0,W11_10u_eu,eu,
bitget,USELESS,1,1788517112,1,0.251685,14.700916,100,100,703.06654,5028.72439,13494.09878,47001.47496,100.24426,6208.04,12077.21336,41935.21345,8.928,9.449,10.672,15.31,23.272,40.558,10.274,10.959,11.844,14.461,23.244,46.199,1.0,1.0,1.0,1.0,1.0,1.0,1.0,1.0,1.0,1.0,1.0,1.0,W11_10u_eu,eu,
bitget,WIF,1,1788517112,1,0.20825,4.801921,100,100,6059.61561,25087.65583,137654.06225,376700.76094,6609.37025,56721.79302,222160.90327,413870.11926,2.401,4.564,6.147,6.675,8.829,14.326,2.401,4.345,6.06,6.631,8.547,12.577,1.0,1.0,1.0,1.0,1.0,1.0,1.0,1.0,1.0,1.0,1.0,1.0,W11_10u_eu,eu,
bitget,XMR,1,1788517112,1,556.525,6.648399,100,100,8258.9925,48142.758,137869.4692,363476.2658,21176.6747,40082.9364,195254.6828,341920.2557,3.324,3.324,3.679,4.999,7.457,12.93,4.043,4.133,4.187,5.568,7.321,9.149,1.0,1.0,1.0,1.0,1.0,1.0,1.0,1.0,1.0,1.0,1.0,1.0,W11_10u_eu,eu,
bitget,ZRO,1,1788517112,1,1.10945,2.704043,100,100,650.8361,9616.5926,41055.5218,161205.7534,8462.8023,43408.6746,103442.3276,182546.158,5.361,8.413,12.715,16.649,19.917,28.478,2.105,2.179,4.021,5.391,7.095,11.515,1.0,1.0,1.0,1.0,1.0,1.0,1.0,1.0,1.0,1.0,1.0,1.0,W11_10u_eu,eu,
bitget,UAI,1,1788517112,1,0.388325,5.407841,100,100,63.63979,1620.1457,12505.66807,26163.81289,190.392,2115.51574,6195.83297,14323.62497,13.085,16.327,21.017,23.403,27.895,52.313,11.118,13.948,18.148,25.633,40.729,91.051,1.0,1.0,1.0,1.0,1.0,1.0,1.0,1.0,1.0,1.0,1.0,1.0,W11_10u_eu,eu,
bybit,AR,1,1788517112,1,2.616,7.64526,200,200,242.0803,3079.6324,7570.4912,13374.0709,144.5114,1071.7969,8203.7763,19319.13,10.089,13.351,17.342,25.895,41.863,80.367,12.179,16.925,26.542,35.691,44.397,81.416,1.0,1.0,1.0,1.0,1.0,1.0,1.0,1.0,1.0,1.0,1.0,1.0,W11_10u_eu,eu,
bybit,KAS,1,1788517112,1,0.029835,3.351768,200,200,2702.8389,13240.8277,39838.4697,127328.6818,1096.2231,13920.495,41102.2159,135835.4205,4.278,5.736,7.322,9.919,13.724,21.659,3.657,6.018,9.318,10.696,13.842,21.698,1.0,1.0,1.0,1.0,1.0,1.0,1.0,1.0,1.0,1.0,1.0,1.0,W11_10u_eu,eu,
bybit,FIL,1,1788517112,1,0.77075,1.297438,200,200,5392.84065,41024.51952,78104.23938,157745.51696,26719.69189,60754.60866,98954.3135,170269.93057,1.611,1.778,3.549,6.051,8.488,11.534,1.448,2.148,3.39,4.061,4.95,6.963,1.0,1.0,1.0,1.0,1.0,1.0,1.0,1.0,1.0,1.0,1.0,1.0,W11_10u_eu,eu,
bybit,BTW,1,1788517112,1,0.44831,8.922397,200,200,869.0738,2368.3249,4932.2103,8323.1261,53.823,1244.1576,3160.5966,5735.7163,6.87,7.976,14.25,25.905,56.428,96.061,15.159,17.679,24.941,43.968,85.04,90.261,1.0,1.0,1.0,1.0,1.0,0.6208,1.0,1.0,1.0,1.0,1.0,0.4241,W11_10u_eu,eu,
bybit,KITE,1,1788517112,1,0.13542,14.768867,200,200,258.73095,1679.45043,3840.40946,8498.45694,6.91152,550.04558,2383.05369,7375.80014,9.895,11.351,19.93,35.416,63.212,137.324,18.743,22.726,31.532,53.251,84.488,211.587,1.0,1.0,1.0,1.0,1.0,1.0,1.0,1.0,1.0,1.0,1.0,1.0,W11_10u_eu,eu,
bybit,MAGMA,1,1788517112,1,0.2529,7.908264,200,200,558.818,1812.3552,5260.9827,12583.9048,185.5026,1256.5219,4488.0823,8309.1532,5.942,9.655,18.94,28.422,51.429,100.74,11.663,15.344,23.789,34.863,62.775,112.408,1.0,1.0,1.0,1.0,1.0,1.0,1.0,1.0,1.0,1.0,1.0,1.0,W11_10u_eu,eu,
bybit,LDO,1,1788517112,1,0.39135,2.555257,200,200,7132.69185,30125.62659,208922.95417,330546.93345,7619.61044,22396.19383,128356.16888,235073.92874,3.536,3.684,4.486,5.437,7.806,13.685,3.765,3.799,4.362,5.375,7.537,14.981,1.0,1.0,1.0,1.0,1.0,1.0,1.0,1.0,1.0,1.0,1.0,1.0,W11_10u_eu,eu,
bybit,ONDO,1,1788517112,1,0.36425,2.745367,200,200,64469.7978,235199.7483,494955.3144,743393.4868,72822.6714,247410.8311,434224.2461,717681.8273,2.004,3.061,3.695,3.907,4.012,5.633,1.373,1.373,1.373,1.373,1.986,4.062,1.0,1.0,1.0,1.0,1.0,1.0,1.0,1.0,1.0,1.0,1.0,1.0,W11_10u_eu,eu,
bybit,RUNE,1,1788517112,1,0.4852,8.244023,200,200,96.14393,1210.47683,37318.16982,147452.00392,337.83322,2359.8635,24588.22007,128991.37009,13.99,17.692,27.479,36.411,40.876,44.079,9.17,12.481,17.833,26.126,36.996,44.667,1.0,1.0,1.0,1.0,1.0,1.0,1.0,1.0,1.0,1.0,1.0,1.0,W11_10u_eu,eu,
bybit,TAO,1,1788517112,1,228.325,0.437972,200,200,43196.93159,180008.33299,364367.55442,628324.48497,39541.02552,203001.24023,344321.34172,564969.44626,1.584,1.924,2.446,3.144,4.492,6.353,0.586,0.823,1.321,1.779,3.051,5.169,1.0,1.0,1.0,1.0,1.0,1.0,1.0,1.0,1.0,1.0,1.0,1.0,W11_10u_eu,eu,
bybit,POWER,1,1788517112,1,0.087575,7.993149,200,200,307.2564,735.64254,1380.23406,7584.11234,133.93238,1164.79915,2726.59559,5480.7433,7.704,16.533,39.114,57.236,88.861,288.913,12.169,16.04,27.808,48.432,100.342,130.145,1.0,1.0,1.0,1.0,1.0,1.0,1.0,1.0,1.0,1.0,1.0,0.4524,W11_10u_eu,eu,
bybit,RIVER,1,1788517112,1,1.2715,7.864727,200,200,143.7501,1960.9929,5331.8579,11006.7095,296.7576,2584.8589,5591.568,10650.5295,9.535,10.666,17.259,28.119,52.202,129.164,7.131,9.464,15.237,25.57,49.332,124.585,1.0,1.0,1.0,1.0,1.0,1.0,1.0,1.0,1.0,1.0,1.0,1.0,W11_10u_eu,eu,
bybit,UAI,1,1788517112,1,0.38865,2.573009,200,200,1516.3238,6339.5029,7238.3218,10344.4896,638.0754,1607.5916,2786.5818,6459.3501,8.76,8.883,10.449,12.79,36.121,148.768,3.611,7.782,20.942,41.253,77.567,207.678,1.0,1.0,1.0,1.0,1.0,1.0,1.0,1.0,1.0,1.0,1.0,1.0,W11_10u_eu,eu,
bybit,USELESS,1,1788517112,1,0.251915,10.717901,200,200,2488.20131,11642.8414,27578.2223,75728.50243,1650.60822,12391.48874,27498.31457,71059.96828,5.718,5.737,5.94,8.558,13.768,26.054,5.666,5.88,8.299,11.013,14.214,26.099,1.0,1.0,1.0,1.0,1.0,1.0,1.0,1.0,1.0,1.0,1.0,1.0,W11_10u_eu,eu,
bybit,WIF,1,1788517112,1,0.20785,4.811162,200,200,11663.9707,58191.5242,125845.3285,243299.4222,5409.5771,42025.9537,102014.0657,206678.3118,2.406,2.406,3.246,5.232,6.224,9.385,2.406,4.268,6.037,6.627,9.132,12.696,1.0,1.0,1.0,1.0,1.0,1.0,1.0,1.0,1.0,1.0,1.0,1.0,W11_10u_eu,eu,
bybit,XMR,1,1788517112,1,556.645,0.179648,200,200,7804.8267,66963.6207,326047.5201,326651.2118,8139.1188,38735.692,229048.6714,279210.9555,1.42,3.084,4.697,5.707,7.254,11.319,0.09,0.09,0.09,0.09,3.152,10.604,1.0,1.0,1.0,1.0,1.0,1.0,1.0,1.0,1.0,1.0,1.0,1.0,W11_10u_eu,eu,
bybit,ZEN,1,1788517112,1,6.2025,4.836759,200,200,1027.7858,2136.1974,6063.9837,10738.1235,202.3502,3441.2411,8334.9228,25168.998,4.431,5.635,13.581,28.53,46.169,117.926,9.216,12.057,18.328,23.83,36.742,72.192,1.0,1.0,1.0,1.0,1.0,1.0,1.0,1.0,1.0,1.0,1.0,1.0,W11_10u_eu,eu,
bybit,ZRO,1,1788517112,1,1.1085,1.80424,200,200,1695.11881,9535.60236,19527.16771,75264.06321,2097.95617,18331.80794,28655.7957,68245.88914,3.302,4.924,8.391,10.877,15.729,31.166,0.902,2.807,6.789,9.614,11.892,21.709,1.0,1.0,1.0,1.0,1.0,1.0,1.0,1.0,1.0,1.0,1.0,1.0,W11_10u_eu,eu,
dydx,ICP,1,1788517112,1,2.55645,38.725576,84,73,0,3.06176,7103.01602,21476.19537,0,22561.36554,36761.23944,65161.15674,33.748,33.792,33.818,33.827,41.024,58.692,19.363,19.363,19.363,19.363,19.363,21.76,1.0,1.0,1.0,1.0,1.0,1.0,1.0,1.0,1.0,1.0,1.0,1.0,W11_10u_eu,eu,
dydx,MORPHO,1,1788517112,1,2.4995,92.018404,12,7,0,0,1000.176,1000.176,0,0,999.378,999.378,46.009,46.009,1180.847,1587.623,1791.011,1913.044,46.009,48.963,1170.227,1592.315,1803.359,1929.985,1.0,1.0,1.0,1.0,1.0,1.0,1.0,1.0,1.0,1.0,1.0,1.0,W11_10u_eu,eu,
dydx,FIL,1,1788517112,1,0.77155,40.178861,68,86,0,4984.98,17849.6886,23649.7741,0,15015.1482,23736.5154,35346.2781,20.089,20.089,20.089,20.095,22.684,38.924,20.089,20.089,20.089,20.089,20.089,28.75,1.0,1.0,1.0,1.0,1.0,1.0,1.0,1.0,1.0,1.0,1.0,1.0,W11_10u_eu,eu,
dydx,LDO,1,1788517112,1,0.39145,63.865117,48,45,0,0,15163.172,15163.172,0,0,2900.0895,8700.2795,31.933,31.933,31.933,31.933,31.933,81.943,31.933,31.933,31.933,40.553,54.672,102.517,1.0,1.0,1.0,1.0,1.0,1.0,1.0,1.0,1.0,1.0,1.0,1.0,W11_10u_eu,eu,
dydx,ONDO,1,1788517112,1,0.3651,21.911805,100,59,0,7843.8631,23306.4404,53040.9467,0,250.3675,7350.4667,21550.4579,18.937,19.055,19.126,19.149,24.334,37.933,23.277,29.442,33.141,34.374,40.852,57.865,1.0,1.0,1.0,1.0,1.0,1.0,1.0,1.0,1.0,1.0,1.0,1.0,W11_10u_eu,eu,
dydx,SPX,1,1788517112,1,0.6577,1201.155542,55,41,0,0,0,0,0,0,0,0,640.031,642.351,643.743,644.207,644.439,644.578,637.711,641.191,643.279,643.975,644.323,644.532,1.0,1.0,1.0,1.0,1.0,1.0,1.0,1.0,1.0,1.0,1.0,1.0,W11_10u_eu,eu,
dydx,RUNE,1,1788517112,1,0.48635,76.076899,54,44,0,0,11700.0338,27300.2238,0,0,11700.334,27300.2091,38.038,38.038,38.038,38.485,39.29,60.484,38.038,38.038,38.038,38.497,39.296,61.727,1.0,1.0,1.0,1.0,1.0,1.0,1.0,1.0,1.0,1.0,1.0,1.0,W11_10u_eu,eu,
dydx,TAO,1,1788517112,1,228.725,45.906656,78,75,0,15433.166,46296.6242,124795.7318,0,7099.8725,71399.5073,2381347.9928,22.953,22.953,22.953,22.953,22.953,24.787,22.953,22.953,22.953,22.953,23.591,24.52,1.0,1.0,1.0,1.0,1.0,1.0,1.0,1.0,1.0,1.0,1.0,1.0,W11_10u_eu,eu,
dydx,WIF,1,1788517113,1,0.208255,48.498235,46,42,0,4940.50275,23903.13413,38103.10467,0,14893.77344,36193.73518,64593.74016,24.249,24.249,24.249,24.322,28.127,34.594,24.249,24.249,24.249,24.249,24.249,25.579,1.0,1.0,1.0,1.0,1.0,1.0,1.0,1.0,1.0,1.0,1.0,1.0,W11_10u_eu,eu,
dydx,XMR,1,1788517113,1,543.335,152.576219,68,47,0,0,0,997.5015,0,0,0,98.5464,76.288,76.288,181.935,217.455,235.215,245.871,231.758,434.881,556.755,597.38,617.692,629.879,1.0,1.0,1.0,1.0,1.0,1.0,1.0,1.0,1.0,1.0,1.0,1.0,W11_10u_eu,eu,
dydx,ZEC,1,1788517113,1,994.995,43.718813,100,83,0,992.82,20702.413,2710441.989,0,1321265.354,2716516.227,11055913.202,21.859,21.974,35.594,40.134,42.404,47.512,21.859,21.859,21.859,21.859,21.876,21.926,1.0,1.0,1.0,1.0,1.0,1.0,1.0,1.0,1.0,1.0,1.0,1.0,W11_10u_eu,eu,
dydx,ZEN,1,1788517113,1,6.206,1202.06252,21,28,0,0,0,0,0,0,0,0,1574.883,1628.563,1660.771,1671.507,1676.875,1680.096,1155.427,1295.567,1379.651,1407.679,1421.693,1430.102,1.0,1.0,1.0,1.0,1.0,1.0,1.0,1.0,1.0,1.0,1.0,1.0,W11_10u_eu,eu,
hl,ONDO,1,1788517113,1,0.36463,1.645504,20,20,39236.93625,39236.93625,39236.93625,39236.93625,88949.81209,88949.81209,88949.81209,88949.81209,1.141,1.715,3.073,3.73,4.059,5.368,1.016,1.55,2.356,2.823,3.057,4.16,1.0,1.0,1.0,1.0,1.0,1.0,1.0,1.0,1.0,1.0,1.0,1.0,W11_10u_eu,eu,
okx,USELESS,1,1788517113,1,0.25084,6.378568,400,400,457.70127,2288.97508,4052.1822,7172.63383,497.00451,2366.50438,4420.96411,7664.45426,7.601,11.22,16.943,31.443,67.138,111.717,6.902,10.952,16.865,29.83,65.38,103.245,1.0,1.0,1.0,1.0,1.0,0.7361,1.0,1.0,1.0,1.0,1.0,0.6405,W11_10u_eu,eu,
dydx,ZRO,1,1788517113,1,1.1105,81.044575,34,26,0,0,8700.077,20299.577,0,0,8699.967,8699.967,40.522,40.522,40.522,44.283,52.575,117.165,40.522,40.522,40.522,44.325,54.168,134.095,1.0,1.0,1.0,1.0,1.0,1.0,1.0,1.0,1.0,1.0,1.0,1.0,W11_10u_eu,eu,
aster,AR,2,1788517158,1,2.6155,19.116804,16,13,999.9951,2538.745,10314.9531,15054.9276,999.8142,10044.6411,10816.4292,11949.7256,9.558,9.558,16.795,24.581,28.54,245.881,9.558,9.567,14.512,19.65,22.251,70.459,1.0,1.0,1.0,1.0,1.0,0.7267,1.0,1.0,1.0,1.0,1.0,0.4883,W11_10u_eu,eu,
aster,BTW,2,1788517158,1,0.44856,12.484395,237,276,555.72711,3473.37336,13503.01317,32736.88185,313.78976,13782.6898,17875.96019,40225.89229,8.643,10.115,15.615,22.006,30.359,54.8,8.717,10.39,11.513,12.873,14.425,37.185,1.0,1.0,1.0,1.0,1.0,1.0,1.0,1.0,1.0,1.0,1.0,1.0,W11_10u_eu,eu,
aster,FIL,2,1788517158,1,0.771,25.940337,18,21,0,4267.802,25206.1083,32258.96,0,7454.7408,9240.3654,14694.842,12.97,12.97,12.97,14.855,20.398,25.623,12.97,12.97,12.97,12.97,19.449,128.32,1.0,1.0,1.0,1.0,1.0,1.0,1.0,1.0,1.0,1.0,1.0,1.0,W11_10u_eu,eu,
aster,FET,2,1788517158,1,0.1566,25.542784,33,43,0,15584.7065,27119.1048,30791.7926,0,6610.4548,9831.4293,10921.7241,12.771,12.771,12.771,15.026,17.092,27.431,12.771,12.771,13.912,16.535,21.877,259.525,1.0,1.0,1.0,1.0,1.0,1.0,1.0,1.0,1.0,1.0,1.0,1.0,W11_10u_eu,eu,
aster,ICP,2,1788517158,1,2.556,7.824726,95,115,6316.223,19589.662,23557.513,32428.788,5008.516,14880.121,21571.393,27604.35,4.205,6.015,7.101,7.463,9.536,18.646,6.865,7.345,7.633,7.729,9.731,25.267,1.0,1.0,1.0,1.0,1.0,1.0,1.0,1.0,1.0,1.0,1.0,1.0,W11_10u_eu,eu,
aster,KAS,2,1788517158,1,0.02988,26.773762,21,19,0,3293.01291,14807.40858,29276.3001,0,2280.51808,7956.514,10250.38816,13.387,13.387,14.985,20.416,25.268,42.416,15.584,16.292,21.473,27.47,40.888,262.474,1.0,1.0,1.0,1.0,1.0,1.0,1.0,1.0,1.0,1.0,1.0,1.0,W11_10u_eu,eu,
aster,LDO,2,1788517158,1,0.3914,10.219724,69,31,1018.2936,10946.6559,15161.5633,16018.0778,999.7548,11582.2988,11769.6186,12259.5133,5.11,5.11,11.165,13.247,15.415,173.627,5.11,5.114,8.177,10.941,14.413,191.551,1.0,1.0,1.0,1.0,1.0,1.0,1.0,1.0,1.0,1.0,1.0,0.7063,W11_10u_eu,eu,
aster,MAGMA,2,1788517158,1,0.252325,6.737343,107,154,2342.22492,4163.10643,9212.54255,16872.97678,2058.58319,5765.51159,8169.89005,17380.5821,8.179,8.746,9.17,15.521,29.239,93.175,3.369,5.086,7.82,13.192,27.655,93.197,1.0,1.0,1.0,1.0,1.0,1.0,1.0,1.0,1.0,1.0,1.0,1.0,W11_10u_eu,eu,
aster,MORPHO,2,1788517158,1,2.49705,6.808033,27,18,4401.66362,4501.8983,5312.2637,5898.04636,999.90937,2678.31805,2678.31805,4775.45372,3.404,3.404,4.374,9.726,101.283,209.924,3.404,3.411,13.499,43.24,133.652,251.807,1.0,1.0,1.0,1.0,1.0,1.0,1.0,1.0,1.0,1.0,1.0,1.0,W11_10u_eu,eu,
aster,ONDO,2,1788517159,1,0.36385,8.245156,129,198,15966.32632,25255.60479,47727.92093,58961.46062,2528.73546,13396.90548,19092.96923,22021.82287,5.801,6.336,6.657,7.17,8.395,12.01,6.418,8.019,8.979,10.683,13.1,37.814,1.0,1.0,1.0,1.0,1.0,1.0,1.0,1.0,1.0,1.0,1.0,1.0,W11_10u_eu,eu,
aster,RIVER,2,1788517159,1,1.272,15.72327,94,153,2616.8619,9159.9278,20907.1627,26254.2303,1467.3871,7651.5883,29131.1005,41947.8555,7.862,7.862,7.862,11.605,17.349,32.717,7.862,7.862,11.112,15.797,21.548,28.558,1.0,1.0,1.0,1.0,1.0,1.0,1.0,1.0,1.0,1.0,1.0,1.0,W11_10u_eu,eu,
aster,KITE,2,1788517158,1,0.135015,6.665926,88,64,1165.46091,8367.3737,12854.27758,18217.44367,3168.83905,7021.08907,12533.24481,12637.59811,4.78,5.201,8.78,10.401,15.822,78.35,4.503,4.659,5.208,9.264,17.136,141.347,1.0,1.0,1.0,1.0,1.0,1.0,1.0,1.0,1.0,1.0,1.0,1.0,W11_10u_eu,eu,
aster,SPX,2,1788517159,1,0.6516,33.763045,23,13,0,9.7575,348.923,833.4511,0,1479.6709,1484.9037,1484.9037,54.314,72.882,248.33,470.027,1228.419,2135.58,16.882,16.882,133.049,472.703,1250.166,1250.166,1.0,1.0,1.0,1.0,1.0,0.4979,1.0,1.0,1.0,1.0,0.935,0.374,W11_10u_eu,eu,
aster,TAO,2,1788517159,1,228.35,1.751697,121,103,15294.08581,112656.50162,135332.1101,166901.72296,12275.71282,50051.99949,90105.39383,123559.23856,0.876,1.478,2.151,3.305,4.779,8.224,1.693,3.087,4.872,5.651,7.024,10.883,1.0,1.0,1.0,1.0,1.0,1.0,1.0,1.0,1.0,1.0,1.0,1.0,W11_10u_eu,eu,
aster,USELESS,2,1788517159,1,0.24564,12.212995,82,120,202.52925,1675.30375,6970.03059,10314.43817,1170.78217,2808.65448,6751.12275,11960.37102,13.127,15.52,20.601,27.02,39.982,333.889,8.893,8.925,13.416,21.19,38.02,240.583,1.0,1.0,1.0,1.0,1.0,1.0,1.0,1.0,1.0,1.0,1.0,1.0,W11_10u_eu,eu,
aster,POWER,2,1788517159,1,0.087385,42.341363,43,27,0,225.22613,1235.11691,2594.26464,0,135.76222,235.78582,414.39986,24.539,25.716,42.234,321.623,651.302,956.926,61.56,90.712,173.618,540.943,820.851,820.851,1.0,1.0,1.0,1.0,1.0,0.4276,1.0,1.0,1.0,1.0,0.8993,0.3597,W11_10u_eu,eu,
aster,WIF,2,1788517159,1,0.20805,14.419611,38,21,3797.97957,11928.62894,17333.31783,17928.15735,1195.98408,9774.01984,13424.0246,19265.17162,7.21,7.21,7.21,9.507,13.165,51.815,7.21,7.21,12.227,14.525,15.906,67.247,1.0,1.0,1.0,1.0,1.0,1.0,1.0,1.0,1.0,1.0,1.0,1.0,W11_10u_eu,eu,
aster,XMR,2,1788517159,1,556.095,0.179825,375,229,2680.831,23104.53166,63477.47723,117098.28499,5651.45168,28977.02789,65661.06466,121958.92189,6.544,7.729,8.618,10.653,14.51,18.56,0.09,0.86,2.885,5.173,8.444,11.373,1.0,1.0,1.0,1.0,1.0,1.0,1.0,1.0,1.0,1.0,1.0,1.0,W11_10u_eu,eu,
aster,UAI,2,1788517159,1,0.38745,18.066847,101,142,936.3949,4420.268,10608.1408,34968.7838,1213.0384,5565.7484,11605.8742,21506.7743,9.033,9.195,15.062,19.869,27.828,54.527,9.033,9.033,12.913,18.258,24.525,56.153,1.0,1.0,1.0,1.0,1.0,1.0,1.0,1.0,1.0,1.0,1.0,1.0,W11_10u_eu,eu,
aster,ZEN,2,1788517159,1,6.215,22.526146,42,44,0,13441.8443,14291.8966,16165.1881,0,4627.3384,5015.438,6618.9662,11.263,11.263,15.339,18.932,20.729,177.316,11.263,14.183,18.164,20.956,134.061,725.827,1.0,1.0,1.0,1.0,1.0,1.0,1.0,1.0,1.0,1.0,1.0,0.8644,W11_10u_eu,eu,
aster,ZRO,2,1788517159,1,1.1095,7.210455,126,238,1519.6899,3156.84293,5643.38376,6966.37958,999.90891,9326.08724,9939.73475,11219.4274,6.248,8.071,10.675,20.649,102.442,535.675,3.605,3.61,12.377,15.652,18.986,314.676,1.0,1.0,1.0,1.0,1.0,1.0,1.0,1.0,1.0,1.0,1.0,1.0,W11_10u_eu,eu,
binance,AR,2,1788517159,1,2.6155,3.823361,854,1000,2518.1257,13772.4863,36983.9597,132260.7431,4067.6457,19155.2486,43280.8624,81813.8143,3.857,4.796,7.558,10.454,14.396,23.774,1.912,3.181,5.606,8.297,12.028,20.117,1.0,1.0,1.0,1.0,1.0,1.0,1.0,1.0,1.0,1.0,1.0,1.0,W11_10u_eu,eu,
binance,FET,2,1788517159,1,0.15655,6.387736,596,1000,27323.5654,85570.8623,201988.7531,406863.1098,27046.9415,76095.3498,150405.0571,253373.6297,3.194,3.194,3.886,6.734,8.158,9.012,3.194,3.194,3.194,3.194,4.775,7.659,1.0,1.0,1.0,1.0,1.0,1.0,1.0,1.0,1.0,1.0,1.0,1.0,W11_10u_eu,eu,
aster,龙虾,2,1788517159,1,0.077631,24.990017,239,40,0,609.918916,7801.091048,19900.554653,0,2085.915524,8359.73686,15035.006109,13.961,19.647,24.606,31.568,40.051,71.821,12.495,12.495,14.863,22.927,37.668,147.897,1.0,1.0,1.0,1.0,1.0,1.0,1.0,1.0,1.0,1.0,1.0,1.0,W11_10u_eu,eu,
binance,FIL,2,1788517159,1,0.77035,1.298111,1000,1000,96013.75498,227026.89235,465204.15016,1063476.17884,64270.81507,227627.02088,471809.91646,932810.416977,0.649,0.649,1.066,1.507,2.348,3.571,0.649,0.649,0.649,1.116,1.951,3.627,1.0,1.0,1.0,1.0,1.0,1.0,1.0,1.0,1.0,1.0,1.0,1.0,W11_10u_eu,eu,
binance,KAS,2,1788517159,1,0.029865,3.348401,458,933,2590.14186,15802.66247,34641.31964,76481.15139,2734.01863,11940.21162,51966.50147,89360.0125,2.586,3.895,6.581,9.261,12.164,20.604,4.877,5.185,7.097,9.253,12.901,22.648,1.0,1.0,1.0,1.0,1.0,1.0,1.0,1.0,1.0,1.0,1.0,1.0,W11_10u_eu,eu,
binance,KITE,2,1788517159,1,0.134955,0.740988,1000,1000,2354.65773,13594.58072,44879.64315,86182.45473,1203.18919,5320.89272,16225.0076,46765.19915,3.42,4.573,6.662,9.576,14.379,22.09,3.87,5.534,9.53,15.037,21.81,39.243,1.0,1.0,1.0,1.0,1.0,1.0,1.0,1.0,1.0,1.0,1.0,1.0,W11_10u_eu,eu,
binance,MAGMA,2,1788517159,1,0.25238,1.584912,1000,1000,1403.26434,7237.43526,11727.42965,27324.54791,869.68468,8308.06453,11896.7911,23460.96136,4.14,6.001,8.427,11.081,19.018,53.2,3.786,6.261,10.705,14.718,20.705,53.243,1.0,1.0,1.0,1.0,1.0,1.0,1.0,1.0,1.0,1.0,1.0,1.0,W11_10u_eu,eu,
binance,LDO,2,1788517159,1,0.39145,2.554605,1000,1000,7175.4412,83321.8944,186751.3776,355966.3105,9957.1934,68975.2303,133035.7918,269937.4668,3.548,3.69,4.398,5.392,7.777,11.349,1.277,1.277,2.495,4.441,6.591,11.125,1.0,1.0,1.0,1.0,1.0,1.0,1.0,1.0,1.0,1.0,1.0,1.0,W11_10u_eu,eu,
binance,ONDO,2,1788517159,1,0.36375,2.749141,1000,1000,95343.3238,310921.35136,556494.48624,1117313.50794,73019.29545,236717.27269,515431.7159,905609.3495,1.375,1.375,1.375,1.375,1.712,3.159,1.375,1.375,1.375,2.639,3.381,4.075,1.0,1.0,1.0,1.0,1.0,1.0,1.0,1.0,1.0,1.0,1.0,1.0,W11_10u_eu,eu,
binance,POWER,2,1788517159,1,0.087405,5.720497,989,1000,248.05767,735.59513,3128.52992,16872.61261,243.04526,1956.974,4492.21808,8208.07854,11.848,18.59,28.808,41.522,53.908,87.46,9.59,11.939,18.71,31.557,63.034,126.487,1.0,1.0,1.0,1.0,1.0,1.0,1.0,1.0,1.0,1.0,1.0,1.0,W11_10u_eu,eu,
binance,RUNE,2,1788517159,1,0.48465,2.063345,560,1000,3457.6373,17662.158,68097.9046,171923.4169,3631.5423,19504.3077,54109.2756,131421.3388,3.014,4.086,5.551,8.054,11.268,18.801,2.941,3.683,5.739,8.095,12.026,19.289,1.0,1.0,1.0,1.0,1.0,1.0,1.0,1.0,1.0,1.0,1.0,1.0,W11_10u_eu,eu,
binance,RIVER,2,1788517159,1,1.2725,7.858546,451,1000,3608.1552,14837.0624,28724.4614,67917.4334,768.3828,16539.2381,33513.5989,68456.3517,3.929,3.929,3.929,6.115,8.951,20.345,3.929,5.752,9.373,10.581,12.444,19.613,1.0,1.0,1.0,1.0,1.0,1.0,1.0,1.0,1.0,1.0,1.0,1.0,W11_10u_eu,eu,
binance,TAO,2,1788517159,1,228.135,0.438337,1000,1000,78873.2282,296041.05672,920888.44009,2018688.26824,84233.63068,342315.54065,882721.73275,1729589.23961,0.219,0.219,0.614,0.877,1.721,3.253,0.219,0.346,1.016,1.823,2.82,4.378,1.0,1.0,1.0,1.0,1.0,1.0,1.0,1.0,1.0,1.0,1.0,1.0,W11_10u_eu,eu,
binance,UAI,2,1788517159,1,0.38685,2.584981,1000,1000,1187.1595,8812.6145,16058.1751,45039.1313,882.9261,4920.6547,9238.0756,21567.8046,5.45,6.867,10.251,12.915,17.825,38.895,4.452,6.58,12.03,17.343,27.405,62.303,1.0,1.0,1.0,1.0,1.0,1.0,1.0,1.0,1.0,1.0,1.0,1.0,W11_10u_eu,eu,
binance,USELESS,2,1788517159,1,0.246255,4.466914,1000,1000,1384.12935,6065.49857,21090.43152,59413.02223,5805.3651,20689.43877,36488.92762,98077.85459,5.302,5.526,9.629,13.438,19.6,33.455,3.488,4.948,6.575,7.631,10.704,18.579,1.0,1.0,1.0,1.0,1.0,1.0,1.0,1.0,1.0,1.0,1.0,1.0,W11_10u_eu,eu,
binance,XMR,2,1788517159,1,556.265,0.17977,1000,1000,11695.59261,102260.14481,199833.82226,809849.52829,10448.59129,65782.93705,250304.57853,456910.11559,2.162,2.957,3.982,4.993,6.647,10.48,1.443,1.955,3.294,4.898,7.059,10.66,1.0,1.0,1.0,1.0,1.0,1.0,1.0,1.0,1.0,1.0,1.0,1.0,W11_10u_eu,eu,
binance,ZEC,2,1788517159,1,992.195,0.100787,1000,1000,220587.56623,853531.09944,1935684.27967,3987318.18839,311730.23595,1118082.26629,2419264.66459,4889799.87685,0.05,0.05,0.05,0.05,0.206,0.614,0.122,0.398,0.864,1.151,1.489,2.096,1.0,1.0,1.0,1.0,1.0,1.0,1.0,1.0,1.0,1.0,1.0,1.0,W11_10u_eu,eu,
binance,ZEN,2,1788517159,1,6.2125,1.609658,1000,1000,3194.7438,23040.4516,49385.7732,172963.826,7876.4025,31958.0545,57940.1634,116107.1746,3.788,4.711,6.367,8.19,10.12,16.266,1.582,2.016,3.566,5.246,7.441,12.437,1.0,1.0,1.0,1.0,1.0,1.0,1.0,1.0,1.0,1.0,1.0,1.0,W11_10u_eu,eu,
binance,ZRO,2,1788517159,1,1.1092,3.606203,1000,1000,5887.61836,15942.62992,42903.00255,107589.95589,5943.5469,36035.63698,52080.32952,121243.55157,1.88,2.659,4.107,6.248,9.651,18.496,1.803,2.11,4.452,6.808,9.574,14.699,1.0,1.0,1.0,1.0,1.0,1.0,1.0,1.0,1.0,1.0,1.0,1.0,W11_10u_eu,eu,
binance,WIF,2,1788517159,1,0.20805,4.806537,792,1000,7950.13667,46518.66244,128602.88671,365543.49251,14376.15838,49874.86955,116249.62862,287177.06839,2.403,2.403,4.053,5.632,7.404,11.387,2.403,2.403,2.403,2.485,4.847,8.565,1.0,1.0,1.0,1.0,1.0,1.0,1.0,1.0,1.0,1.0,1.0,1.0,W11_10u_eu,eu,
binance,龙虾,2,1788517159,1,0.077365,6.592171,1000,1000,1233.906658,5180.240402,13806.944737,33756.801953,1831.224619,7147.324454,16627.417617,80653.548704,5.898,7.118,11.375,15.173,22.234,44.825,3.296,3.666,6.893,11.757,18.198,35.577,1.0,1.0,1.0,1.0,1.0,1.0,1.0,1.0,1.0,1.0,1.0,1.0,W11_10u_eu,eu,
bitget,AR,2,1788517159,1,2.6145,3.824823,100,100,4003.7801,11954.4645,39115.8632,85995.0413,2694.4817,15142.0095,51515.0336,85702.5973,5.357,5.547,7.046,9.064,12.667,27.204,5.369,5.553,7.542,10.866,15.047,22.209,1.0,1.0,1.0,1.0,1.0,1.0,1.0,1.0,1.0,1.0,1.0,1.0,W11_10u_eu,eu,
bitget,FET,2,1788517159,1,0.15655,6.387736,100,100,11410.4656,32446.1582,127801.6549,287077.066,15525.1951,58203.0983,114665.5399,266954.5857,3.51,6.546,8.367,8.974,9.278,13.117,3.194,3.194,3.194,5.166,7.374,11.123,1.0,1.0,1.0,1.0,1.0,1.0,1.0,1.0,1.0,1.0,1.0,1.0,W11_10u_eu,eu,
bitget,BTW,2,1788517159,1,0.449453,6.830533,100,100,621.960494,4840.910392,9067.243104,16542.953476,767.60873,5821.488941,8873.494787,18276.638506,8.246,9.215,12.986,18.199,28.288,44.117,3.606,6.721,12.035,17.091,28.931,50.391,1.0,1.0,1.0,1.0,1.0,0.6647,1.0,1.0,1.0,1.0,1.0,0.737,W11_10u_eu,eu,
bitget,FIL,2,1788517159,1,0.77025,1.29828,100,100,102061.3222,224396.31753,580653.82819,1225233.86268,59664.20148,319501.19619,751624.98588,1357876.26046,1.039,1.493,1.812,3.173,5.585,7.297,1.81,1.975,2.737,3.328,3.936,5.477,1.0,1.0,1.0,1.0,1.0,1.0,1.0,1.0,1.0,1.0,1.0,1.0,W11_10u_eu,eu,
bitget,KAS,2,1788517159,1,0.02986,6.697924,100,100,345.09178,22127.58462,46397.68307,96667.2577,3239.90192,36564.35888,65622.82913,106510.82663,6.697,9.686,13.522,15.379,17.737,21.37,3.349,4.144,5.676,7.367,9.846,13.257,1.0,1.0,1.0,1.0,1.0,1.0,1.0,1.0,1.0,1.0,1.0,1.0,W11_10u_eu,eu,
bitget,KITE,2,1788517159,1,0.134915,15.565356,100,100,787.14816,4348.66486,23061.38632,68373.246,1631.11694,8637.15373,12882.69248,41943.88165,7.783,8.486,11.583,16.559,22.918,31.606,8.641,8.953,10.933,14.143,18.679,46.466,1.0,1.0,1.0,1.0,1.0,1.0,1.0,1.0,1.0,1.0,1.0,1.0,W11_10u_eu,eu,
bitget,LDO,2,1788517159,1,0.391,5.11509,100,100,658.6851,29838.25638,88902.45868,156696.68602,3150.7165,18916.21742,81202.12043,128638.9479,5.249,7.333,9.76,11.274,12.814,15.694,2.952,4.033,5.357,7.462,10.235,19.049,1.0,1.0,1.0,1.0,1.0,1.0,1.0,1.0,1.0,1.0,1.0,1.0,W11_10u_eu,eu,
bitget,MAGMA,2,1788517159,1,0.252725,8.309427,100,100,194.7243,4236.75062,16872.42914,50925.40118,2187.59134,10810.65138,23425.50233,54634.75909,10.353,12.94,15.363,20.359,27.824,42.482,6.501,7.504,8.853,13.633,16.686,30.74,1.0,1.0,1.0,1.0,1.0,1.0,1.0,1.0,1.0,1.0,1.0,1.0,W11_10u_eu,eu,
bitget,ONDO,2,1788517159,1,0.36375,2.749141,100,100,321711.46441,728068.84212,1172555.94474,1977027.87839,202404.97612,557229.8264,1099148.53549,1979494.27014,2.141,3.132,3.727,3.925,4.025,4.084,1.375,1.375,2.181,3.153,3.638,3.929,1.0,1.0,1.0,1.0,1.0,1.0,1.0,1.0,1.0,1.0,1.0,1.0,W11_10u_eu,eu,
bitget,POWER,2,1788517159,1,0.087795,10.251153,100,100,180.19705,1625.56951,7879.32226,24187.58261,236.60645,3579.81792,7789.88869,15100.78379,12.951,16.978,21.838,27.476,38.789,66.556,10.4,13.458,17.109,21.483,35.32,79.455,1.0,1.0,1.0,1.0,1.0,1.0,1.0,1.0,1.0,1.0,1.0,1.0,W11_10u_eu,eu,
bitget,RIVER,2,1788517159,1,1.2725,7.858546,100,100,45.792,12947.779,30613.981,53422.098,68.742,13406.904,27339.466,49980.337,11.068,11.428,11.644,11.716,14.437,22.51,10.708,11.248,11.572,11.68,14.825,22.459,1.0,1.0,1.0,1.0,1.0,1.0,1.0,1.0,1.0,1.0,1.0,1.0,W11_10u_eu,eu,
bitget,RUNE,2,1788517159,1,0.48455,2.063771,100,100,1808.11684,10285.22532,24921.0991,52887.20282,2058.09407,7956.73137,25175.71617,56533.2056,4.197,4.678,7.523,12.289,15.947,28.829,3.519,5.359,7.937,12.172,17.585,33.976,1.0,1.0,1.0,1.0,1.0,1.0,1.0,1.0,1.0,1.0,1.0,1.0,W11_10u_eu,eu,
bitget,TAO,2,1788517159,1,228.24,2.628812,100,100,19240.79877,209052.70086,491679.64368,494598.07042,54117.67425,392317.8657,693456.4496,1016138.23174,1.623,1.802,2.844,4.041,5.765,7.909,1.505,2.131,2.951,3.447,4.079,5.459,1.0,1.0,1.0,1.0,1.0,1.0,1.0,1.0,1.0,1.0,1.0,1.0,W11_10u_eu,eu,
bitget,UAI,2,1788517159,1,0.386615,10.604865,100,100,88.87308,3714.1033,7566.18172,27922.84184,84.33766,2527.3541,9033.80525,14497.09422,14.147,16.555,20.025,23.735,35.228,54.004,14.229,17.569,21.639,26.288,37.594,88.792,1.0,1.0,1.0,1.0,1.0,1.0,1.0,1.0,1.0,1.0,1.0,1.0,W11_10u_eu,eu,
bitget,USELESS,2,1788517159,1,0.24601,15.446527,100,100,441.2469,5667.12066,15964.44368,49881.07915,1895.74096,4132.55547,12289.33669,43045.46588,8.246,10.809,13.878,16.911,23.345,39.371,8.131,8.74,11.193,17.133,25.47,47.291,1.0,1.0,1.0,1.0,1.0,1.0,1.0,1.0,1.0,1.0,1.0,1.0,W11_10u_eu,eu,
bitget,WIF,2,1788517159,1,0.20825,4.801921,100,100,4065.94247,25066.06314,133626.3616,412899.52148,10445.08436,54351.0133,221039.99258,414595.70672,5.926,6.564,6.947,7.969,10.242,15.582,2.401,2.401,2.401,4.521,5.862,10.102,1.0,1.0,1.0,1.0,1.0,1.0,1.0,1.0,1.0,1.0,1.0,1.0,W11_10u_eu,eu,
bitget,XMR,2,1788517159,1,556.385,4.852755,100,100,8139.8469,45289.2548,163791.605,388459.518,4059.3373,43743.0369,195749.4423,345686.4652,3.163,3.334,3.517,5.119,8.178,14.014,4.883,6.223,7.609,8.746,11.004,12.87,1.0,1.0,1.0,1.0,1.0,1.0,1.0,1.0,1.0,1.0,1.0,1.0,W11_10u_eu,eu,
bitget,ZRO,2,1788517159,1,1.10945,2.704043,100,100,1035.4633,5803.713,41084.3443,161213.555,1079.0946,34633.4117,95105.8067,164050.5109,5.507,7.287,11.791,15.867,21.814,31.54,5.153,6.407,10.691,12.958,14.497,17.452,1.0,1.0,1.0,1.0,1.0,1.0,1.0,1.0,1.0,1.0,1.0,1.0,W11_10u_eu,eu,
bybit,AR,2,1788517159,1,2.615,7.648184,200,200,237.2626,2455.6181,7637.9108,18657.304,361.6459,2539.1569,12879.892,16238.3383,9.612,12.095,16.635,23.322,35.584,71.207,8.238,10.696,17.431,22.073,31.907,66.146,1.0,1.0,1.0,1.0,1.0,1.0,1.0,1.0,1.0,1.0,1.0,1.0,W11_10u_eu,eu,
bybit,FIL,2,1788517159,1,0.77045,1.297943,200,200,10150.67432,41048.19857,261291.65993,532634.70818,19191.74126,58628.19274,270164.36864,536006.28483,1.77,1.859,3.362,5.278,7.016,10.274,2.383,2.814,4.066,5.224,6.277,8.543,1.0,1.0,1.0,1.0,1.0,1.0,1.0,1.0,1.0,1.0,1.0,1.0,W11_10u_eu,eu,
bybit,BTW,2,1788517159,1,0.44823,10.262588,200,200,537.5327,2407.4881,4215.7505,7677.9642,53.818,1845.5739,4072.1357,6321.4012,6.165,9.653,16.85,31.217,61.664,127.32,12.806,15.054,20.728,34.138,76.603,81.799,1.0,1.0,1.0,1.0,1.0,0.7686,1.0,1.0,1.0,1.0,1.0,0.4244,W11_10u_eu,eu,
bybit,KITE,2,1788517160,1,0.13495,5.928122,200,200,183.92917,1697.70493,4130.27214,8949.56051,86.25861,1190.82053,3287.77681,6126.68725,9.774,12.238,19.913,34.115,60.839,136.52,12.068,15.914,24.382,40.687,79.418,210.676,1.0,1.0,1.0,1.0,1.0,1.0,1.0,1.0,1.0,1.0,1.0,1.0,W11_10u_eu,eu,
bybit,LDO,2,1788517160,1,0.39115,2.556564,200,200,4668.55629,27867.12297,210323.78726,389911.18605,4299.31163,27891.15317,213437.48985,357691.91069,3.695,3.939,5.74,7.512,10.275,15.838,3.346,3.59,5.094,7.381,9.756,16.172,1.0,1.0,1.0,1.0,1.0,1.0,1.0,1.0,1.0,1.0,1.0,1.0,W11_10u_eu,eu,
bybit,KAS,2,1788517160,1,0.029835,3.351768,200,200,2902.6299,13536.2866,40053.0086,127543.5892,1308.9201,14244.6425,41426.3634,136159.5425,4.338,5.096,7.066,9.452,13.286,21.347,1.676,3.97,8.214,9.998,13.384,21.341,1.0,1.0,1.0,1.0,1.0,1.0,1.0,1.0,1.0,1.0,1.0,1.0,W11_10u_eu,eu,
bybit,MAGMA,2,1788517160,1,0.2525,7.920792,200,200,466.567,1754.9765,5408.6974,12861.4519,145.2878,1241.2165,4211.9583,12799.6346,6.897,9.974,19.442,29.568,53.883,107.444,10.934,13.961,23.06,33.282,59.553,137.347,1.0,1.0,1.0,1.0,1.0,1.0,1.0,1.0,1.0,1.0,1.0,1.0,W11_10u_eu,eu,
bybit,ONDO,2,1788517160,1,0.36365,2.749897,200,200,95362.7653,257910.2544,523875.834,845441.8168,61357.5885,202063.8296,414313.3902,853374.4453,1.375,1.375,1.375,1.951,3.038,4.39,1.375,1.375,2.414,3.27,3.697,4.534,1.0,1.0,1.0,1.0,1.0,1.0,1.0,1.0,1.0,1.0,1.0,1.0,W11_10u_eu,eu,
bybit,POWER,2,1788517160,1,0.087525,17.137961,200,200,326.60575,996.17245,1736.10736,8031.78708,42.66389,932.96649,2413.60059,5670.22406,10.411,14.436,33.123,50.357,78.432,277.247,15.027,18.772,29.614,49.709,97.88,131.977,1.0,1.0,1.0,1.0,1.0,1.0,1.0,1.0,1.0,1.0,1.0,0.4661,W11_10u_eu,eu,
bybit,RIVER,2,1788517160,1,1.2725,7.858546,200,200,10.4304,1818.8694,4193.2707,8526.6275,331.3619,2464.5815,6091.7927,11126.1576,11.624,13.542,19.337,29.761,55.68,133.825,6.582,9.185,14.185,22.65,44.111,117.48,1.0,1.0,1.0,1.0,1.0,1.0,1.0,1.0,1.0,1.0,1.0,1.0,W11_10u_eu,eu,
bybit,RUNE,2,1788517160,1,0.4851,4.122861,200,200,67.3294,1163.06311,31541.28036,127974.55647,104.34535,2123.33702,37018.82772,138996.03153,14.0,17.666,27.28,36.316,40.834,44.07,9.369,11.384,18.714,28.086,37.749,43.577,1.0,1.0,1.0,1.0,1.0,1.0,1.0,1.0,1.0,1.0,1.0,1.0,W11_10u_eu,eu,
bybit,TAO,2,1788517160,1,228.195,0.438222,200,200,42395.51158,202493.74278,521835.54355,1116675.33019,33415.9611,176333.44668,508708.2829,1016720.9496,0.812,1.396,2.032,2.44,3.178,5.282,1.076,1.389,1.947,2.838,3.624,5.164,1.0,1.0,1.0,1.0,1.0,1.0,1.0,1.0,1.0,1.0,1.0,1.0,W11_10u_eu,eu,
bybit,UAI,2,1788517160,1,0.38685,2.584981,200,200,490.2826,1119.3603,2762.25,6287.8169,273.6617,1191.3677,2986.9959,5127.5104,5.084,10.708,23.916,46.193,82.405,175.886,9.288,13.621,25.893,45.539,92.348,235.198,1.0,1.0,1.0,1.0,1.0,1.0,1.0,1.0,1.0,1.0,1.0,1.0,W11_10u_eu,eu,
bybit,USELESS,2,1788517160,1,0.24626,9.745797,200,200,422.73149,35105.39825,48776.64103,94244.40939,894.18682,10559.44393,25891.76661,64842.24223,8.426,9.393,10.849,13.011,17.653,21.673,5.299,6.172,9.2,12.176,16.516,29.011,1.0,1.0,1.0,1.0,1.0,1.0,1.0,1.0,1.0,1.0,1.0,1.0,W11_10u_eu,eu,
bybit,WIF,2,1788517160,1,0.20785,4.811162,200,200,8243.5296,55304.3108,134362.2501,248189.3532,6864.3581,43156.8766,111453.3785,232307.8615,4.731,5.974,6.72,6.968,7.935,12.094,2.406,2.406,3.657,5.437,7.837,11.955,1.0,1.0,1.0,1.0,1.0,1.0,1.0,1.0,1.0,1.0,1.0,1.0,W11_10u_eu,eu,
bybit,XMR,2,1788517160,1,556.395,3.055383,200,200,11904.4009,141436.2514,310350.68,310350.68,3914.3886,64352.1412,265330.0275,270173.062,2.162,2.564,2.805,3.705,6.235,9.771,4.121,5.018,6.566,8.187,9.714,13.696,1.0,1.0,1.0,1.0,1.0,1.0,1.0,1.0,1.0,1.0,1.0,1.0,W11_10u_eu,eu,
bybit,ZEN,2,1788517160,1,6.2045,11.282134,200,200,686.3852,1967.8672,5850.7367,10525.5682,104.9368,3891.7001,8792.0375,12114.0936,5.747,8.485,16.911,30.388,48.352,111.681,10.066,12.657,17.757,22.774,35.55,73.985,1.0,1.0,1.0,1.0,1.0,1.0,1.0,1.0,1.0,1.0,1.0,1.0,W11_10u_eu,eu,
bybit,ZRO,2,1788517160,1,1.1089,3.607178,200,200,1251.34737,8506.39214,24394.68445,73648.52381,1548.03944,17898.07432,27399.97208,109039.34493,5.731,6.858,9.627,11.509,16.102,28.074,5.027,6.154,8.781,10.563,12.194,20.841,1.0,1.0,1.0,1.0,1.0,1.0,1.0,1.0,1.0,1.0,1.0,1.0,W11_10u_eu,eu,
dydx,FIL,2,1788517160,1,0.77065,50.606631,54,76,0,0,8700.3803,8700.3803,0,0,23736.6279,35346.5238,25.303,25.303,25.303,35.62,49.181,87.561,25.303,25.303,25.303,28.037,29.914,38.882,1.0,1.0,1.0,1.0,1.0,1.0,1.0,1.0,1.0,1.0,1.0,1.0,W11_10u_eu,eu,
dydx,MORPHO,2,1788517160,1,2.4965,92.128981,12,6,0,0,998.97,998.97,0,0,1000.692,1000.692,46.064,46.064,1176.051,1580.415,1782.597,1903.906,46.064,48.328,1180.102,1606.474,1819.66,1947.572,1.0,1.0,1.0,1.0,1.0,1.0,1.0,1.0,1.0,1.0,1.0,1.0,W11_10u_eu,eu,
dydx,ICP,2,1788517160,1,2.55725,44.970183,88,77,0,3.06176,7102.95164,21431.16765,0,7100.0226,36778.1976,65178.08,33.757,33.791,33.812,33.819,41.124,58.926,22.485,22.485,22.485,22.485,23.853,27.205,1.0,1.0,1.0,1.0,1.0,1.0,1.0,1.0,1.0,1.0,1.0,1.0,W11_10u_eu,eu,
dydx,LDO,2,1788517160,1,0.39125,53.674121,48,46,0,0,18063.212,23863.3304,0,0,7986.5247,13786.4209,26.837,26.837,26.837,26.837,26.837,39.865,26.837,26.837,26.837,31.147,37.754,75.73,1.0,1.0,1.0,1.0,1.0,1.0,1.0,1.0,1.0,1.0,1.0,1.0,W11_10u_eu,eu,
dydx,ONDO,2,1788517160,1,0.36525,30.116359,95,54,0,7.294,8389.9866,24629.9696,0,7100.178,21300.1064,49699.9992,25.85,28.3,31.854,33.039,37.626,53.024,15.058,15.058,15.058,15.058,23.027,42.105,1.0,1.0,1.0,1.0,1.0,1.0,1.0,1.0,1.0,1.0,1.0,1.0,W11_10u_eu,eu,
dydx,TAO,2,1788517160,1,228.66,41.983731,77,69,0,15434.0952,46301.4475,1381891.5706,0,57199.7966,71400.1158,2815886.7084,20.992,20.992,20.992,20.992,20.992,25.661,20.992,20.992,20.992,20.992,21.502,22.245,1.0,1.0,1.0,1.0,1.0,1.0,1.0,1.0,1.0,1.0,1.0,1.0,W11_10u_eu,eu,
dydx,SPX,2,1788517160,1,0.65275,1199.540406,49,32,0,0,0,0,0,0,0,0,618.978,620.098,620.77,620.994,621.106,621.173,663.077,668.957,672.485,673.661,674.249,674.602,1.0,1.0,1.0,1.0,1.0,1.0,1.0,1.0,1.0,1.0,1.0,1.0,W11_10u_eu,eu,
dydx,RUNE,2,1788517160,1,0.48625,71.979434,50,46,0,0,11700.2028,27300.3372,0,0,11699.934,27299.817,35.99,35.99,35.99,37.329,39.744,62.997,35.99,35.99,35.99,36.448,37.247,59.68,1.0,1.0,1.0,1.0,1.0,1.0,1.0,1.0,1.0,1.0,1.0,1.0,W11_10u_eu,eu,
dydx,WIF,2,1788517160,1,0.20804,49.029033,43,38,0,14806.02032,23894.32476,38094.37914,0,14878.7912,36178.70007,64578.75345,24.515,24.515,24.515,24.515,24.515,28.614,24.515,24.515,24.515,24.515,24.515,26.857,1.0,1.0,1.0,1.0,1.0,1.0,1.0,1.0,1.0,1.0,1.0,1.0,W11_10u_eu,eu,
dydx,ZEC,2,1788517160,1,994.64,45.644655,100,75,0,992.37,20705.192,2345075.019,0,1128247.859,2361304.986,12168367.901,22.822,22.904,31.964,34.984,36.494,43.971,22.822,22.822,22.822,22.822,22.822,23.042,1.0,1.0,1.0,1.0,1.0,1.0,1.0,1.0,1.0,1.0,1.0,1.0,W11_10u_eu,eu,
dydx,XMR,2,1788517160,1,543.355,151.834436,61,40,0,0,0,997.5755,0,0,0,98.5464,75.917,75.917,186.069,231.05,254.707,268.9,472.501,541.622,583.094,596.918,603.83,607.978,1.0,1.0,1.0,1.0,1.0,1.0,1.0,1.0,1.0,1.0,1.0,1.0,W11_10u_eu,eu,
dydx,ZEN,2,1788517161,1,6.212,99.806825,24,21,0,0,1001.322,1001.322,0,0,998.88,998.88,49.903,49.903,1130.878,1519.238,1713.418,1829.926,49.903,53.378,823.186,1123.924,1274.293,1364.514,1.0,1.0,1.0,1.0,1.0,1.0,1.0,1.0,1.0,1.0,1.0,1.0,W11_10u_eu,eu,
hl,ONDO,2,1788517161,1,0.3641,1.098599,20,20,26683.45813,26683.45813,26683.45813,26683.45813,47875.74741,47875.74741,47875.74741,47875.74741,1.008,1.362,2.251,3.23,3.998,5.293,0.604,1.032,1.54,1.731,1.861,3.253,1.0,1.0,1.0,1.0,1.0,1.0,1.0,1.0,1.0,1.0,1.0,1.0,W11_10u_eu,eu,
okx,USELESS,2,1788517161,1,0.2453,4.076641,400,400,360.63875,1054.08606,2550.51921,6364.04677,262.66036,1175.71218,2819.03284,6314.6781,7.497,13.086,26.781,48.709,81.894,119.691,9.43,12.986,24.739,43.264,84.447,115.098,1.0,1.0,1.0,1.0,1.0,0.7235,1.0,1.0,1.0,1.0,1.0,0.6139,W11_10u_eu,eu,
dydx,ZRO,2,1788517161,1,1.111,72.007201,28,27,0,0,8700.204,20299.704,0,0,2900.115,8699.579,36.004,36.004,36.004,39.765,49.206,117.851,36.004,36.004,36.004,43.601,56.051,135.651,1.0,1.0,1.0,1.0,1.0,1.0,1.0,1.0,1.0,1.0,1.0,1.0,W11_10u_eu,eu,
aster,AR,3,1788517206,1,2.6155,19.116804,17,11,999.9951,1277.0222,11507.7074,12633.3803,999.8142,10044.6411,10323.1536,14984.0959,9.558,9.558,19.748,27.757,32.039,272.62,9.558,9.567,14.512,19.65,22.251,70.755,1.0,1.0,1.0,1.0,1.0,0.6291,1.0,1.0,1.0,1.0,1.0,0.6088,W11_10u_eu,eu,
aster,FIL,3,1788517206,1,0.7715,12.961763,19,21,1361.4318,16758.1978,26276.0851,33328.9368,5550.5256,8449.5848,10501.0957,15599.2374,6.481,6.481,12.379,15.911,17.677,24.338,6.481,6.481,6.481,6.481,15.142,120.763,1.0,1.0,1.0,1.0,1.0,1.0,1.0,1.0,1.0,1.0,1.0,1.0,W11_10u_eu,eu,
aster,FET,3,1788517206,1,0.1567,25.526484,34,42,0,14553.8416,16510.8871,30694.9765,0,10777.3747,12153.775,13326.5553,12.763,12.763,15.233,17.189,18.167,30.605,12.763,12.763,12.763,13.084,16.115,188.018,1.0,1.0,1.0,1.0,1.0,1.0,1.0,1.0,1.0,1.0,1.0,1.0,W11_10u_eu,eu,
aster,BTW,3,1788517206,1,0.448865,10.470854,241,270,999.99627,3975.60646,14737.85978,33906.96562,7296.36476,10042.60393,14007.39512,35998.09746,5.235,5.235,11.694,18.211,28.839,54.799,5.507,6.51,7.672,8.459,11.293,45.864,1.0,1.0,1.0,1.0,1.0,1.0,1.0,1.0,1.0,1.0,1.0,1.0,W11_10u_eu,eu,
aster,ICP,3,1788517206,1,2.558,7.818608,97,113,3123.613,21900.309,25872.695,34742.325,309.712,4095.755,8218.894,12346.795,4.199,6.009,7.095,10.025,12.831,17.381,8.348,11.177,17.388,21.538,33.719,106.938,1.0,1.0,1.0,1.0,1.0,1.0,1.0,1.0,1.0,1.0,1.0,1.0,W11_10u_eu,eu,
aster,KITE,3,1788517206,1,0.135135,8.140008,89,54,1841.19595,9587.02922,13464.93455,19083.11444,3066.06586,7573.38368,12687.75602,12687.75602,4.07,4.45,7.221,9.131,13.261,70.469,4.07,4.07,4.859,9.162,16.891,135.202,1.0,1.0,1.0,1.0,1.0,1.0,1.0,1.0,1.0,1.0,1.0,1.0,W11_10u_eu,eu,
aster,KAS,3,1788517206,1,0.0299,33.444816,20,18,0,2846.0184,14360.40352,28829.29504,0,841.38535,6520.41061,8814.28477,16.722,16.722,16.722,23.91,28.678,47.847,16.722,18.328,26.09,29.767,55.969,304.291,1.0,1.0,1.0,1.0,1.0,1.0,1.0,1.0,1.0,1.0,1.0,1.0,W11_10u_eu,eu,
aster,MAGMA,3,1788517206,1,0.250895,8.370035,76,182,680.9628,3096.02045,5071.48334,13793.14304,1096.0397,5783.35182,8275.27755,14215.89922,6.352,8.588,14.131,23.0,40.285,118.588,4.849,5.399,8.999,13.759,27.638,96.95,1.0,1.0,1.0,1.0,1.0,1.0,1.0,1.0,1.0,1.0,1.0,1.0,W11_10u_eu,eu,
aster,MORPHO,3,1788517206,1,2.49865,9.204971,25,18,2657.05021,2857.33439,3296.31443,3760.92338,999.92,2660.9259,4618.57946,5309.35402,4.602,4.602,4.737,67.44,149.482,250.972,4.602,4.61,13.25,32.56,120.535,237.773,1.0,1.0,1.0,1.0,1.0,1.0,1.0,1.0,1.0,1.0,1.0,1.0,W11_10u_eu,eu,
aster,ONDO,3,1788517206,1,0.3642,10.982976,130,197,18447.02177,26049.18496,41711.68116,62800.96723,2337.37566,13877.18614,21391.99479,33512.82964,5.491,5.491,5.491,5.491,6.36,9.615,7.167,7.702,8.204,10.481,13.316,31.132,1.0,1.0,1.0,1.0,1.0,1.0,1.0,1.0,1.0,1.0,1.0,1.0,W11_10u_eu,eu,
aster,LDO,3,1788517206,1,0.39145,12.773023,71,30,999.9072,10928.8914,15024.8734,18300.1514,2568.7686,12506.9825,15187.7804,16349.9918,6.387,6.387,12.515,14.56,16.342,132.236,6.387,6.387,6.387,10.116,12.083,160.067,1.0,1.0,1.0,1.0,1.0,1.0,1.0,1.0,1.0,1.0,1.0,0.8695,W11_10u_eu,eu,
aster,POWER,3,1788517206,1,0.08737,38.914959,42,27,0,225.22613,1240.48971,2998.70055,0,1015.84179,1215.91601,1289.44611,23.455,24.89,42.329,251.016,594.945,923.474,20.585,20.593,151.686,488.477,801.176,801.176,1.0,1.0,1.0,1.0,1.0,0.4439,1.0,1.0,1.0,1.0,0.9362,0.3745,W11_10u_eu,eu,
aster,RIVER,3,1788517206,1,1.273,15.710919,95,152,2022.0984,6622.5299,20842.9074,24727.7667,2580.7418,9320.1182,33018.8873,41588.3551,7.855,7.855,9.352,13.177,21.016,37.452,7.855,7.855,7.855,11.66,16.798,25.648,1.0,1.0,1.0,1.0,1.0,1.0,1.0,1.0,1.0,1.0,1.0,1.0,W11_10u_eu,eu,
aster,SPX,3,1788517206,1,0.6507,12.294452,27,16,1009.9127,9992.2325,11470.4267,14462.2473,999.4385,2478.2026,11151.7881,16366.2431,6.147,6.147,11.659,18.124,21.356,749.669,6.147,6.169,17.253,22.458,25.161,513.244,1.0,1.0,1.0,1.0,1.0,1.0,1.0,1.0,1.0,1.0,1.0,0.9664,W11_10u_eu,eu,
aster,TAO,3,1788517206,1,228.57,0.875005,125,99,4031.01645,50767.27858,134083.28931,166639.62565,16913.93205,52491.41105,83561.90735,112498.25095,5.283,5.693,6.037,7.2,9.286,13.157,0.438,1.099,2.259,2.841,4.17,7.51,1.0,1.0,1.0,1.0,1.0,1.0,1.0,1.0,1.0,1.0,1.0,1.0,W11_10u_eu,eu,
aster,UAI,3,1788517206,1,0.3899,20.518082,125,118,0,3305.7271,11497.69,27714.1543,0,4457.6646,13390.0393,22548.0333,14.707,17.42,19.95,24.072,30.959,55.024,10.259,10.259,12.162,16.136,26.82,54.05,1.0,1.0,1.0,1.0,1.0,1.0,1.0,1.0,1.0,1.0,1.0,1.0,W11_10u_eu,eu,
aster,WIF,3,1788517206,1,0.20845,14.391941,39,21,1046.52003,9178.08206,11420.17491,13806.08643,2891.21686,15756.60034,16155.41922,25254.40115,7.196,7.196,12.771,14.781,17.634,90.946,7.196,7.196,7.196,9.221,11.747,34.414,1.0,1.0,1.0,1.0,1.0,1.0,1.0,1.0,1.0,1.0,1.0,1.0,W11_10u_eu,eu,
aster,USELESS,3,1788517206,1,0.24442,34.367073,88,114,0,3423.31105,6814.0555,13720.35024,0,2135.04158,3186.40918,8593.34392,17.855,20.588,22.284,27.716,40.576,252.484,17.184,17.184,23.412,36.806,62.89,339.007,1.0,1.0,1.0,1.0,1.0,1.0,1.0,1.0,1.0,1.0,1.0,1.0,W11_10u_eu,eu,
aster,XMR,3,1788517206,1,555.53,6.480298,377,228,2986.13211,8820.14785,62698.04858,117121.56882,2965.71389,29021.30254,64198.98188,120495.66593,4.533,5.309,6.598,9.071,14.633,21.326,3.24,4.166,6.237,8.23,11.142,13.666,1.0,1.0,1.0,1.0,1.0,1.0,1.0,1.0,1.0,1.0,1.0,1.0,W11_10u_eu,eu,
aster,ZEN,3,1788517206,1,6.214,25.74831,40,42,0,2035.1655,13588.2126,15429.521,0,4626.7967,4682.8817,6502.2261,12.874,12.874,17.457,23.212,26.089,200.475,12.874,16.531,20.101,23.697,139.337,731.242,1.0,1.0,1.0,1.0,1.0,1.0,1.0,1.0,1.0,1.0,1.0,0.8596,W11_10u_eu,eu,
aster,ZRO,3,1788517206,1,1.11,5.405405,130,235,638.62393,2969.34435,13517.89965,14840.94327,1127.80077,8936.46485,14451.791,15252.08434,5.346,8.468,11.914,20.016,25.324,217.017,2.703,2.705,9.904,12.609,16.76,203.468,1.0,1.0,1.0,1.0,1.0,1.0,1.0,1.0,1.0,1.0,1.0,1.0,W11_10u_eu,eu,
aster,龙虾,3,1788517206,1,0.07738,20.289349,231,53,0,4156.818998,8799.440856,15623.42486,0,1086.872877,7308.308301,15677.813465,10.145,10.145,11.92,17.734,30.583,155.695,14.788,18.757,24.872,31.379,43.175,92.298,1.0,1.0,1.0,1.0,1.0,1.0,1.0,1.0,1.0,1.0,1.0,1.0,W11_10u_eu,eu,
binance,AR,3,1788517206,1,2.6155,3.823361,853,1000,2035.5935,10712.3827,29377.2245,112429.0769,7946.6416,23615.6418,47688.9168,84608.2331,2.465,4.1,7.91,11.27,16.413,26.854,2.467,4.101,5.227,7.393,9.263,16.919,1.0,1.0,1.0,1.0,1.0,1.0,1.0,1.0,1.0,1.0,1.0,1.0,W11_10u_eu,eu,
binance,FIL,3,1788517206,1,0.77085,1.297269,1000,1000,75560.90688,228505.43211,436127.01244,1060908.41967,94361.87039,235434.32102,486296.127,946282.873307,0.649,0.649,0.757,1.474,2.403,3.936,0.649,1.287,1.905,2.574,2.942,4.284,1.0,1.0,1.0,1.0,1.0,1.0,1.0,1.0,1.0,1.0,1.0,1.0,W11_10u_eu,eu,
binance,FET,3,1788517206,1,0.15665,6.383658,597,1000,39365.039,92039.0087,181790.4645,409429.383,22066.3256,59218.754,136625.3774,226672.1222,3.192,3.192,3.192,3.192,4.443,7.522,3.192,3.192,4.004,6.79,8.183,9.773,1.0,1.0,1.0,1.0,1.0,1.0,1.0,1.0,1.0,1.0,1.0,1.0,W11_10u_eu,eu,
binance,KAS,3,1788517206,1,0.02989,6.691201,458,931,774.73629,13223.30429,31172.99546,76540.70216,2181.57562,16745.2441,52063.79643,86737.05711,3.742,5.969,9.586,11.994,15.564,24.495,4.299,5.495,6.641,8.55,12.158,20.253,1.0,1.0,1.0,1.0,1.0,1.0,1.0,1.0,1.0,1.0,1.0,1.0,W11_10u_eu,eu,
binance,KITE,3,1788517206,1,0.135075,0.740329,1000,1000,3165.02128,15174.95996,47434.06067,88647.1162,1408.41818,7556.97339,17608.8029,51652.03068,2.69,4.046,5.832,8.796,13.36,21.786,2.916,4.43,8.827,13.903,19.467,36.775,1.0,1.0,1.0,1.0,1.0,1.0,1.0,1.0,1.0,1.0,1.0,1.0,W11_10u_eu,eu,
binance,LDO,3,1788517207,1,0.39145,2.554605,1000,1000,5758.8851,62525.0201,167246.8245,387396.0042,12034.3039,60335.9998,138624.8127,270236.1346,2.842,3.337,4.794,6.719,9.328,13.161,2.206,3.019,3.507,4.022,5.974,9.384,1.0,1.0,1.0,1.0,1.0,1.0,1.0,1.0,1.0,1.0,1.0,1.0,W11_10u_eu,eu,
binance,MAGMA,3,1788517207,1,0.250875,0.398605,1000,1000,2628.92498,5773.48752,13472.16169,25750.82759,920.95159,4911.15419,11241.5265,23932.80266,3.426,4.959,7.513,12.324,21.436,51.075,3.411,5.755,10.016,15.095,24.791,54.401,1.0,1.0,1.0,1.0,1.0,1.0,1.0,1.0,1.0,1.0,1.0,1.0,W11_10u_eu,eu,
binance,ONDO,3,1788517207,1,0.36415,2.746121,1000,1000,92430.21611,270166.11031,574923.93036,1112860.50918,76408.43837,261210.76303,517475.78733,924320.23097,1.373,1.373,1.373,1.373,1.962,3.404,1.993,3.056,3.694,3.907,4.013,5.367,1.0,1.0,1.0,1.0,1.0,1.0,1.0,1.0,1.0,1.0,1.0,1.0,W11_10u_eu,eu,
binance,POWER,3,1788517207,1,0.08737,9.156461,983,1000,101.9815,946.66092,3235.8677,17570.84712,44.14575,1661.14755,3916.99366,7977.04664,11.471,16.961,26.468,38.721,50.551,87.248,14.401,16.493,22.532,35.419,66.823,130.379,1.0,1.0,1.0,1.0,1.0,1.0,1.0,1.0,1.0,1.0,1.0,1.0,W11_10u_eu,eu,
binance,RIVER,3,1788517207,1,1.2735,7.852375,452,1000,2190.5784,15558.8716,30199.7081,70487.3695,1035.762,15127.8797,29825.5644,64942.3438,3.926,3.926,4.895,8.337,11.699,21.325,3.926,3.926,8.527,10.153,13.002,21.068,1.0,1.0,1.0,1.0,1.0,1.0,1.0,1.0,1.0,1.0,1.0,1.0,W11_10u_eu,eu,
binance,RUNE,3,1788517207,1,0.48485,2.062494,562,1000,4261.6071,19122.4541,65451.3711,159531.8747,4672.6964,23455.5446,59039.8445,140646.2001,1.372,2.233,4.46,7.069,11.06,18.707,2.674,3.856,5.051,6.962,10.341,16.741,1.0,1.0,1.0,1.0,1.0,1.0,1.0,1.0,1.0,1.0,1.0,1.0,W11_10u_eu,eu,
binance,TAO,3,1788517207,1,228.365,0.437895,1000,1000,64105.43326,259692.29984,852197.07309,1759295.65868,51888.69023,236325.01764,775259.58346,1680187.08188,0.219,0.23,0.512,0.929,1.401,2.697,1.382,1.457,1.673,1.989,2.962,4.059,1.0,1.0,1.0,1.0,1.0,1.0,1.0,1.0,1.0,1.0,1.0,1.0,W11_10u_eu,eu,
binance,UAI,3,1788517207,1,0.38905,2.570364,1000,1000,337.0744,5505.5783,11065.58,33052.9695,1349.0908,6830.9926,12620.5153,29517.1247,8.403,10.42,13.741,17.449,26.994,47.304,1.33,3.466,8.621,13.289,20.305,48.122,1.0,1.0,1.0,1.0,1.0,1.0,1.0,1.0,1.0,1.0,1.0,1.0,W11_10u_eu,eu,
binance,USELESS,3,1788517207,1,0.244125,5.325141,1000,1000,2953.49766,12560.2134,30266.26518,81395.37101,4152.91539,16306.15261,33023.06438,92326.70048,6.463,7.43,8.692,9.326,11.702,23.532,2.663,2.663,3.182,5.498,10.441,21.198,1.0,1.0,1.0,1.0,1.0,1.0,1.0,1.0,1.0,1.0,1.0,1.0,W11_10u_eu,eu,
binance,WIF,3,1788517207,1,0.20855,4.795013,795,1000,10325.76298,40751.66914,95648.31496,290567.14542,10648.81841,51234.28491,130852.20016,281661.49406,2.398,2.398,3.602,5.397,6.295,10.682,2.398,2.398,3.958,5.575,6.384,9.68,1.0,1.0,1.0,1.0,1.0,1.0,1.0,1.0,1.0,1.0,1.0,1.0,W11_10u_eu,eu,
binance,XMR,3,1788517207,1,555.795,0.179922,1000,1000,7448.12827,57445.61977,254578.6797,636352.03662,11322.03526,67102.70557,249682.75765,450916.39471,1.664,2.218,3.597,4.647,7.279,11.705,2.326,2.91,4.121,5.095,6.42,9.795,1.0,1.0,1.0,1.0,1.0,1.0,1.0,1.0,1.0,1.0,1.0,1.0,W11_10u_eu,eu,
binance,ZEC,3,1788517207,1,993.135,0.100691,1000,1000,234990.67395,785482.33535,1730370.71927,4023153.70058,602268.5234,1303382.40655,2716362.12451,4586970.89886,0.05,0.05,0.05,0.585,1.131,1.967,0.05,0.05,0.1,0.232,0.377,1.056,1.0,1.0,1.0,1.0,1.0,1.0,1.0,1.0,1.0,1.0,1.0,1.0,W11_10u_eu,eu,
binance,ZEN,3,1788517207,1,6.2135,1.609399,1000,1000,1212.7436,14791.5323,42887.8625,157944.152,9960.3735,32419.6692,60346.9271,116581.5864,3.972,5.64,8.634,11.266,13.994,23.103,0.805,0.805,2.23,4.31,6.395,11.5,1.0,1.0,1.0,1.0,1.0,1.0,1.0,1.0,1.0,1.0,1.0,1.0,W11_10u_eu,eu,
binance,ZRO,3,1788517207,1,1.10945,0.901348,1000,1000,4178.85341,16010.75296,43873.84778,172706.96063,6028.75357,29767.578,50829.72883,189489.35966,1.416,2.346,3.949,6.442,10.409,19.289,0.928,2.243,4.269,5.889,8.43,13.179,1.0,1.0,1.0,1.0,1.0,1.0,1.0,1.0,1.0,1.0,1.0,1.0,W11_10u_eu,eu,
binance,龙虾,3,1788517207,1,0.077062,7.137157,1000,1000,1182.768885,8815.891482,13730.061699,31327.631685,1662.102192,10350.420792,22430.10771,58872.520949,6.472,7.976,11.22,15.79,19.971,44.803,3.856,4.685,8.014,12.239,17.755,29.643,1.0,1.0,1.0,1.0,1.0,1.0,1.0,1.0,1.0,1.0,1.0,1.0,W11_10u_eu,eu,
bitget,AR,3,1788517207,1,2.614,7.651109,100,100,1774.1317,9788.2018,40498.7261,96799.0147,818.2268,26884.4259,61476.2687,93355.3226,3.826,4.426,7.47,11.33,16.652,31.199,6.491,7.769,10.423,12.862,15.479,18.689,1.0,1.0,1.0,1.0,1.0,1.0,1.0,1.0,1.0,1.0,1.0,1.0,W11_10u_eu,eu,
bitget,BTW,3,1788517207,1,0.449585,7.006454,100,100,199.941941,5733.700074,9162.325219,16951.318803,798.681748,5356.430134,8350.449823,17954.711181,9.249,11.079,12.977,16.11,26.884,45.334,7.802,10.121,14.595,17.449,30.219,52.231,1.0,1.0,1.0,1.0,1.0,0.6812,1.0,1.0,1.0,1.0,1.0,0.7195,W11_10u_eu,eu,
bitget,FET,3,1788517207,1,0.15675,6.379585,100,100,9698.4694,29437.2021,109389.3318,276051.3468,29556.3568,59634.3477,141217.811,267654.9216,8.073,8.821,9.27,9.42,9.681,14.045,3.19,3.19,3.19,5.187,7.378,8.693,1.0,1.0,1.0,1.0,1.0,1.0,1.0,1.0,1.0,1.0,1.0,1.0,W11_10u_eu,eu,
bitget,FIL,3,1788517207,1,0.77065,1.297606,100,100,38743.31706,212064.62668,591143.23927,1119071.0209,129660.05509,218452.38449,640926.70485,1309091.66993,0.649,1.033,1.581,2.632,4.598,6.889,3.185,3.214,3.232,3.728,4.135,4.379,1.0,1.0,1.0,1.0,1.0,1.0,1.0,1.0,1.0,1.0,1.0,1.0,W11_10u_eu,eu,
bitget,KAS,3,1788517207,1,0.02988,6.69344,100,100,416.55423,15689.9492,42103.48121,92911.19685,2534.49955,34273.56822,64922.73696,105903.01397,6.509,9.46,13.37,16.104,19.232,23.095,3.626,5.16,6.08,8.038,10.031,13.051,1.0,1.0,1.0,1.0,1.0,1.0,1.0,1.0,1.0,1.0,1.0,1.0,W11_10u_eu,eu,
bitget,KITE,3,1788517207,1,0.13503,5.924609,100,100,1164.25109,10961.09486,29882.36184,70011.02609,532.01999,8938.35255,13670.8825,47065.56371,5.159,6.289,9.605,13.952,18.455,29.049,7.529,9.687,13.711,16.677,19.507,42.919,1.0,1.0,1.0,1.0,1.0,1.0,1.0,1.0,1.0,1.0,1.0,1.0,W11_10u_eu,eu,
bitget,MAGMA,3,1788517207,1,0.251055,7.568063,100,100,694.82212,11879.17438,17868.02778,51069.72697,286.3785,4691.86627,21620.6629,56590.82181,8.19,9.096,9.976,14.24,17.34,34.894,8.715,10.83,12.715,17.648,24.629,35.459,1.0,1.0,1.0,1.0,1.0,1.0,1.0,1.0,1.0,1.0,1.0,1.0,W11_10u_eu,eu,
bitget,LDO,3,1788517207,1,0.3909,5.116398,100,100,672.20921,30518.47755,87220.1404,156914.02076,1546.44098,12649.21854,76165.15407,133423.24987,6.38,7.865,9.286,10.919,13.243,17.13,5.875,6.775,8.293,10.851,14.281,21.661,1.0,1.0,1.0,1.0,1.0,1.0,1.0,1.0,1.0,1.0,1.0,1.0,W11_10u_eu,eu,
bitget,ONDO,3,1788517207,1,0.36405,2.746875,100,100,212989.46686,543749.12097,1096834.18672,1879593.42988,146107.21096,427077.47774,993217.66844,1782948.35717,1.373,1.373,1.373,1.373,1.373,2.967,4.029,4.075,4.102,4.894,5.881,6.473,1.0,1.0,1.0,1.0,1.0,1.0,1.0,1.0,1.0,1.0,1.0,1.0,W11_10u_eu,eu,
bitget,POWER,3,1788517207,1,0.087745,10.256995,100,100,144.13824,3336.10071,8717.48121,26531.90808,108.0063,2633.71746,8842.87183,15534.39597,12.156,13.201,17.146,22.895,34.143,61.589,12.803,17.241,21.061,24.804,35.4,77.971,1.0,1.0,1.0,1.0,1.0,1.0,1.0,1.0,1.0,1.0,1.0,1.0,W11_10u_eu,eu,
bitget,RIVER,3,1788517207,1,1.273,15.710919,100,100,5869.008,19390.736,37131.906,60455.424,5250.154,21494.418,31140.832,51059.991,7.855,7.855,7.855,7.855,11.097,19.581,7.855,7.855,7.855,7.855,11.59,19.144,1.0,1.0,1.0,1.0,1.0,1.0,1.0,1.0,1.0,1.0,1.0,1.0,W11_10u_eu,eu,
bitget,RUNE,3,1788517207,1,0.48475,2.062919,100,100,1865.13367,10623.4995,24408.0918,53117.62922,2801.06738,8452.12547,25671.84409,56168.6518,4.419,6.402,9.307,14.599,19.161,32.157,2.68,2.887,5.239,9.057,14.804,30.57,1.0,1.0,1.0,1.0,1.0,1.0,1.0,1.0,1.0,1.0,1.0,1.0,W11_10u_eu,eu,
bitget,TAO,3,1788517207,1,228.47,2.626165,100,100,18781.15432,130218.18529,399590.17102,399590.17102,265396.18543,702382.67359,1191076.52614,1343232.72243,1.593,1.805,2.573,3.668,4.639,7.787,1.645,2.213,2.724,2.894,3.107,3.344,1.0,1.0,1.0,1.0,1.0,1.0,1.0,1.0,1.0,1.0,1.0,1.0,W11_10u_eu,eu,
bitget,UAI,3,1788517207,1,0.388655,4.888654,100,100,90.49204,897.372,13309.26891,24317.33247,141.93412,411.7479,6587.65186,14206.22744,15.181,18.405,22.751,27.054,34.549,57.387,15.611,20.783,25.6,29.572,43.24,92.687,1.0,1.0,1.0,1.0,1.0,1.0,1.0,1.0,1.0,1.0,1.0,1.0,W11_10u_eu,eu,
bitget,USELESS,3,1788517207,1,0.244215,11.874782,100,100,980.60944,4385.50958,18792.1522,48308.45408,118.03857,7648.16621,16632.07652,48881.08738,8.546,9.1,9.914,15.118,24.324,40.561,9.533,10.417,13.041,14.425,19.043,39.762,1.0,1.0,1.0,1.0,1.0,1.0,1.0,1.0,1.0,1.0,1.0,1.0,W11_10u_eu,eu,
bitget,WIF,3,1788517207,1,0.20865,4.792715,100,100,12736.97301,35598.14898,122792.86305,313540.58885,1623.74046,33701.29052,109853.64104,341721.4532,2.396,2.396,2.396,4.687,5.938,10.354,6.917,7.053,8.817,10.399,11.705,14.747,1.0,1.0,1.0,1.0,1.0,1.0,1.0,1.0,1.0,1.0,1.0,1.0,W11_10u_eu,eu,
bitget,XMR,3,1788517207,1,555.97,7.914096,100,100,5234.287,44320.8266,166854.6886,456722.5036,14238.7021,77736.0308,198128.5149,351446.1305,3.957,3.957,4.014,5.498,8.561,14.841,3.985,4.773,5.687,6.4,7.4,9.656,1.0,1.0,1.0,1.0,1.0,1.0,1.0,1.0,1.0,1.0,1.0,1.0,W11_10u_eu,eu,
bitget,ZRO,3,1788517207,1,1.10975,4.505519,100,100,562.2729,4930.9244,47303.7363,159839.5581,1105.9431,26593.3869,97372.233,173606.0757,6.222,8.704,13.575,17.456,23.005,28.015,4.37,5.325,8.873,10.702,12.289,15.564,1.0,1.0,1.0,1.0,1.0,1.0,1.0,1.0,1.0,1.0,1.0,1.0,W11_10u_eu,eu,
bybit,BTW,3,1788517207,1,0.448535,11.37035,200,200,233.0304,1661.3623,3534.331,6758.9407,53.855,1936.7224,3323.0513,7178.6008,10.151,12.807,20.55,34.802,71.789,103.965,12.203,14.841,20.771,36.625,77.083,83.362,1.0,1.0,1.0,1.0,1.0,0.556,1.0,1.0,1.0,1.0,1.0,0.4292,W11_10u_eu,eu,
bybit,AR,3,1788517207,1,2.6145,3.824823,200,200,327.0598,2476.28,5347.2571,11598.1644,467.8617,1654.8666,5913.314,17895.5228,10.135,12.303,18.695,27.39,43.637,85.144,8.653,11.268,20.409,27.081,49.504,86.887,1.0,1.0,1.0,1.0,1.0,1.0,1.0,1.0,1.0,1.0,1.0,1.0,W11_10u_eu,eu,
bybit,FIL,3,1788517207,1,0.77085,1.297269,200,200,10557.74154,46795.7177,337399.05121,426052.7344,22608.21281,56344.82704,251256.64782,322996.75357,1.592,1.769,3.007,4.927,6.748,10.074,1.475,2.133,2.799,3.662,4.779,7.333,1.0,1.0,1.0,1.0,1.0,1.0,1.0,1.0,1.0,1.0,1.0,1.0,W11_10u_eu,eu,
bybit,KAS,3,1788517207,1,0.029865,3.348401,200,200,2065.4441,11111.3167,39486.638,127803.533,3974.6034,17133.1879,43469.043,128379.87,4.677,6.194,8.08,10.644,14.524,23.048,4.995,6.683,7.696,8.722,11.556,19.623,1.0,1.0,1.0,1.0,1.0,1.0,1.0,1.0,1.0,1.0,1.0,1.0,W11_10u_eu,eu,
bybit,KITE,3,1788517207,1,0.135025,12.590261,200,200,953.32489,2797.23203,4343.01368,9240.58189,175.81286,1158.43651,3308.29128,5962.04508,8.853,9.561,13.279,28.773,56.093,134.355,12.374,15.839,24.694,41.014,79.672,204.375,1.0,1.0,1.0,1.0,1.0,1.0,1.0,1.0,1.0,1.0,1.0,1.0,W11_10u_eu,eu,
bybit,LDO,3,1788517207,1,0.39115,2.556564,200,200,1851.4958,22029.56872,220029.19549,395867.0142,5187.35315,24848.15711,197806.57996,379586.75131,4.015,6.186,8.505,10.479,13.091,18.793,1.294,2.564,3.933,6.164,8.787,15.397,1.0,1.0,1.0,1.0,1.0,1.0,1.0,1.0,1.0,1.0,1.0,1.0,W11_10u_eu,eu,
bybit,MAGMA,3,1788517207,1,0.251,7.968127,200,200,390.9994,1737.1344,8213.1489,16026.2516,396.0807,1325.4149,3632.2991,13710.353,8.79,11.532,19.669,27.509,39.931,89.694,7.564,11.582,23.025,36.057,59.861,142.929,1.0,1.0,1.0,1.0,1.0,1.0,1.0,1.0,1.0,1.0,1.0,1.0,W11_10u_eu,eu,
bybit,ONDO,3,1788517207,1,0.36405,2.746875,200,200,87096.3729,232088.2813,494981.7683,887934.2881,47938.1164,215303.6602,476947.232,823781.5965,1.373,1.373,1.373,1.373,2.029,3.609,1.373,1.373,2.79,3.455,4.144,5.778,1.0,1.0,1.0,1.0,1.0,1.0,1.0,1.0,1.0,1.0,1.0,1.0,W11_10u_eu,eu,
bybit,POWER,3,1788517207,1,0.08755,15.990862,200,200,112.4118,679.39923,1503.357,7760.07339,187.00021,1195.57111,2560.12367,5845.13232,14.531,21.076,39.284,55.528,85.215,283.314,10.719,14.641,25.867,46.03,92.435,128.198,1.0,1.0,1.0,1.0,1.0,1.0,1.0,1.0,1.0,1.0,1.0,0.4739,W11_10u_eu,eu,
bybit,RIVER,3,1788517207,1,1.2725,7.858546,200,200,194.1072,2034.2746,4408.549,8745.6872,5.6012,2131.3594,5899.5945,10937.286,8.736,10.262,17.083,27.619,53.295,131.429,11.7,12.69,18.034,24.926,46.182,119.07,1.0,1.0,1.0,1.0,1.0,1.0,1.0,1.0,1.0,1.0,1.0,1.0,W11_10u_eu,eu,
bybit,RUNE,3,1788517207,1,0.4851,8.245723,200,200,116.34613,1405.81838,32963.13523,127552.44046,74.70487,2366.65861,37024.04352,139001.24733,11.289,15.551,24.027,34.28,39.815,43.545,11.188,13.953,18.373,27.892,37.653,43.538,1.0,1.0,1.0,1.0,1.0,1.0,1.0,1.0,1.0,1.0,1.0,1.0,W11_10u_eu,eu,
bybit,UAI,3,1788517207,1,0.38885,2.571686,200,200,88.5887,874.9181,2673.8822,4861.2925,431.389,1300.4856,3351.9197,6539.0237,13.727,18.991,30.429,50.023,88.614,196.237,4.679,10.595,23.35,40.834,77.511,222.708,1.0,1.0,1.0,1.0,1.0,1.0,1.0,1.0,1.0,1.0,1.0,1.0,W11_10u_eu,eu,
bybit,TAO,3,1788517207,1,228.425,0.43778,200,200,24567.04103,192604.36472,526629.28098,759207.0634,35411.51491,164096.37799,348065.87729,645554.91653,0.219,0.224,1.252,2.145,3.399,6.229,1.061,1.496,2.196,2.875,3.799,5.525,1.0,1.0,1.0,1.0,1.0,1.0,1.0,1.0,1.0,1.0,1.0,1.0,W11_10u_eu,eu,
bybit,USELESS,3,1788517207,1,0.244415,5.318822,200,200,2100.1002,12521.27898,27127.76576,52851.90383,771.66792,16447.30872,27652.18785,85885.50538,4.339,4.855,7.118,9.025,12.836,25.329,3.469,6.051,11.923,14.414,18.752,26.109,1.0,1.0,1.0,1.0,1.0,1.0,1.0,1.0,1.0,1.0,1.0,1.0,W11_10u_eu,eu,
bybit,XMR,3,1788517207,1,555.93,4.31709,200,200,11617.905,64751.0368,279211.1148,302668.4398,5813.9723,75789.0777,217300.5544,217300.5544,2.159,2.193,2.28,2.406,5.206,11.12,3.554,4.568,5.987,7.435,9.139,11.842,1.0,1.0,1.0,1.0,1.0,1.0,1.0,1.0,1.0,1.0,1.0,1.0,W11_10u_eu,eu,
bybit,ZEN,3,1788517207,1,6.2095,8.052178,200,200,416.9676,1817.0379,5948.3126,11010.6049,612.736,4079.8101,8949.8716,24968.5767,7.948,11.753,20.611,33.474,50.318,116.902,7.597,9.494,14.212,19.686,32.56,71.031,1.0,1.0,1.0,1.0,1.0,1.0,1.0,1.0,1.0,1.0,1.0,1.0,W11_10u_eu,eu,
bybit,WIF,3,1788517207,1,0.20835,4.799616,200,200,6325.5171,44979.6725,132648.958,244386.522,11985.076,57700.2895,126081.6884,241095.9433,2.4,3.188,5.595,6.397,8.56,12.129,2.4,2.4,4.179,5.689,6.444,10.391,1.0,1.0,1.0,1.0,1.0,1.0,1.0,1.0,1.0,1.0,1.0,1.0,W11_10u_eu,eu,
bybit,ZRO,3,1788517207,1,1.1091,1.803264,200,200,954.77175,7784.03505,22131.49111,68671.35668,2914.8725,18465.74504,30058.27933,142994.5221,5.761,7.661,10.533,12.063,17.329,31.949,0.902,2.365,5.647,8.381,10.413,18.625,1.0,1.0,1.0,1.0,1.0,1.0,1.0,1.0,1.0,1.0,1.0,1.0,W11_10u_eu,eu,
dydx,ICP,3,1788517207,1,2.5574,46.140612,92,80,0,3.06176,7103.04636,21421.9428,0,5157.61593,12257.49529,26457.46153,32.787,32.816,32.834,32.84,39.922,56.773,23.07,23.07,23.07,23.07,25.917,40.516,1.0,1.0,1.0,1.0,1.0,1.0,1.0,1.0,1.0,1.0,1.0,1.0,W11_10u_eu,eu,
dydx,LDO,3,1788517207,1,0.39115,69.027227,53,55,0,0,18047.7754,23847.6919,0,0,7984.1887,13784.3787,34.514,34.514,34.514,34.514,34.514,46.438,34.514,34.514,34.514,34.514,40.478,79.919,1.0,1.0,1.0,1.0,1.0,1.0,1.0,1.0,1.0,1.0,1.0,1.0,W11_10u_eu,eu,
dydx,FIL,3,1788517207,1,0.7717,36.28353,62,80,0,14958.177,17858.0906,23658.1553,0,17915.0463,23736.0284,35346.435,18.142,18.142,18.142,18.144,19.439,36.447,18.142,18.142,18.142,18.142,18.142,27.975,1.0,1.0,1.0,1.0,1.0,1.0,1.0,1.0,1.0,1.0,1.0,1.0,W11_10u_eu,eu,
dydx,MORPHO,3,1788517207,1,2.4995,100.020004,12,6,0,0,0,999.774,0,0,0,999.776,50.01,50.01,1182.455,1588.427,1791.413,1913.204,50.01,52.943,1174.012,1596.208,1807.306,1933.964,1.0,1.0,1.0,1.0,1.0,1.0,1.0,1.0,1.0,1.0,1.0,1.0,W11_10u_eu,eu,
dydx,ONDO,3,1788517208,1,0.365,16.438356,100,59,7.294,7982.6811,23596.4025,53164.2,501.1916,501.1916,501.1916,21801.2357,16.318,16.378,16.414,16.426,21.707,36.41,8.219,30.103,43.274,47.664,51.194,61.905,1.0,1.0,1.0,1.0,1.0,1.0,1.0,1.0,1.0,1.0,1.0,1.0,W11_10u_eu,eu,
dydx,RUNE,3,1788517208,1,0.48655,67.824478,55,49,0,0,11700.0285,27300.022,0,0,11700.334,27300.2091,33.912,33.912,33.912,37.039,42.669,66.742,33.912,33.912,33.912,34.37,35.169,57.583,1.0,1.0,1.0,1.0,1.0,1.0,1.0,1.0,1.0,1.0,1.0,1.0,W11_10u_eu,eu,
dydx,SPX,3,1788517208,1,0.64965,1202.185792,51,33,0,0,0,0,0,0,0,0,641.092,643.412,644.804,645.268,645.5,645.64,641.371,645.091,647.323,648.067,648.439,648.662,1.0,1.0,1.0,1.0,1.0,1.0,1.0,1.0,1.0,1.0,1.0,1.0,W11_10u_eu,eu,
dydx,TAO,3,1788517208,1,228.79,49.827353,76,69,0,8343.7232,46305.5763,124805.3727,0,50099.1048,71399.7856,2231391.434,24.914,24.914,24.914,24.914,24.985,29.032,24.914,24.914,24.914,24.914,24.914,24.914,1.0,1.0,1.0,1.0,1.0,1.0,1.0,1.0,1.0,1.0,1.0,1.0,W11_10u_eu,eu,
dydx,WIF,3,1788517208,1,0.208395,49.42537,48,44,0,14830.99072,23922.7216,38122.77956,0,4968.08871,22009.22148,36209.14326,24.713,24.713,24.713,24.713,24.713,31.259,24.713,24.713,24.713,24.725,25.439,30.244,1.0,1.0,1.0,1.0,1.0,1.0,1.0,1.0,1.0,1.0,1.0,1.0,W11_10u_eu,eu,
dydx,XMR,3,1788517208,1,543.345,152.205321,72,50,0,0,0,997.5385,0,0,0,98.5464,76.103,76.103,190.33,228.736,247.939,259.46,435.421,528.977,585.11,603.821,613.177,618.79,1.0,1.0,1.0,1.0,1.0,1.0,1.0,1.0,1.0,1.0,1.0,1.0,W11_10u_eu,eu,
dydx,ZEC,3,1788517208,1,994.975,33.669188,100,72,0,993.3,12380.945,2172533.111,0,1038021.82,2172276.536,12005624.854,16.835,16.99,35.41,41.55,44.62,48.823,16.835,16.835,16.835,16.835,17.33,18.842,1.0,1.0,1.0,1.0,1.0,1.0,1.0,1.0,1.0,1.0,1.0,1.0,W11_10u_eu,eu,
hl,ONDO,3,1788517208,1,0.364505,0.823034,20,20,36328.34085,42882.49671,42882.49671,42882.49671,39049.05273,39049.05273,39049.05273,39049.05273,1.169,1.564,2.314,2.872,3.525,5.501,0.466,0.576,1.556,2.355,2.755,3.698,1.0,1.0,1.0,1.0,1.0,1.0,1.0,1.0,1.0,1.0,1.0,1.0,W11_10u_eu,eu,
dydx,ZEN,3,1788517208,1,6.2095,114.340929,25,22,0,0,0,1000.188,0,0,0,999.2,57.17,57.17,1025.597,1369.953,1542.131,1645.438,57.17,60.614,827.686,1128.474,1278.868,1369.104,1.0,1.0,1.0,1.0,1.0,1.0,1.0,1.0,1.0,1.0,1.0,1.0,W11_10u_eu,eu,
okx,USELESS,3,1788517208,1,0.242885,5.352327,400,400,531.08294,1292.53551,2873.95581,5793.27677,104.77221,805.6015,2238.85144,5682.3823,6.455,11.354,23.336,44.54,83.39,117.575,15.313,19.421,32.524,52.117,89.36,127.478,1.0,1.0,1.0,1.0,1.0,0.6835,1.0,1.0,1.0,1.0,1.0,0.7329,W11_10u_eu,eu,
dydx,ZRO,3,1788517208,1,1.111,72.007201,33,30,0,0,8700.204,20300.34,0,0,2900.115,8699.579,36.004,36.004,36.004,39.765,48.069,101.373,36.004,36.004,36.004,43.601,56.051,118.815,1.0,1.0,1.0,1.0,1.0,1.0,1.0,1.0,1.0,1.0,1.0,1.0,W11_10u_eu,eu,
aster,AR,1,1788860435,1,2.9405,17.003911,16,10,300.2636,3246.6671,11685.3162,13218.2875,999.7371,9940.446,11303.899,12899.5924,9.859,10.881,15.453,19.968,22.737,221.669,8.502,8.513,14.713,18.409,20.311,69.016,1.0,1.0,1.0,1.0,1.0,0.6004,1.0,1.0,1.0,1.0,1.0,0.527,W14_02u_asia,eu,
aster,BTW,1,1788860435,1,0.45066,12.426219,296,242,1918.08336,12961.5579,18749.18082,43187.9043,2810.43861,12583.29478,21237.22645,27701.61773,6.213,6.269,8.376,13.304,16.54,34.423,6.961,7.031,8.274,11.201,17.321,31.142,1.0,1.0,1.0,1.0,1.0,1.0,1.0,1.0,1.0,1.0,1.0,1.0,W14_02u_asia,eu,
aster,FET,1,1788860435,1,0.18515,16.203079,49,58,13656.7,23118.4673,25739.8968,29815.3978,999.8788,11531.4524,30499.3656,35959.9667,8.102,8.102,8.102,8.102,8.102,12.29,8.102,8.107,11.344,12.423,14.407,31.109,1.0,1.0,1.0,1.0,1.0,1.0,1.0,1.0,1.0,1.0,1.0,1.0,W14_02u_asia,eu,
aster,FIL,1,1788860435,1,0.8485,11.785504,25,22,1306.9376,18698.3886,23740.7727,29732.229,1156.5078,6926.1378,13320.9195,16424.292,5.893,5.893,11.513,14.596,16.137,22.692,5.893,5.893,12.229,14.954,19.952,55.739,1.0,1.0,1.0,1.0,1.0,1.0,1.0,1.0,1.0,1.0,1.0,1.0,W14_02u_asia,eu,
aster,ICP,1,1788860435,1,3.101,6.449532,148,77,988.521,21246.461,29301.442,35051.037,595.784,12099.272,15765.041,20397.661,4.99,7.119,12.084,14.104,16.422,21.42,5.994,9.139,12.116,14.137,16.743,53.764,1.0,1.0,1.0,1.0,1.0,1.0,1.0,1.0,1.0,1.0,1.0,1.0,W14_02u_asia,eu,
aster,KAS,1,1788860436,1,0.034575,26.030369,32,23,0,3020.16645,15830.16773,15900.26855,0,4335.31156,8566.2192,12063.68163,13.015,13.015,13.015,22.159,29.156,102.528,13.015,13.015,13.046,17.7,33.269,205.917,1.0,1.0,1.0,1.0,1.0,1.0,1.0,1.0,1.0,1.0,1.0,1.0,W14_02u_asia,eu,
aster,KITE,1,1788860436,1,0.11899,6.723254,56,17,476.75025,10626.61477,15213.33569,18586.12711,1500.62523,4526.97759,7542.11855,7542.11855,6.076,8.659,12.365,15.427,17.49,200.189,3.362,4.202,7.48,14.085,49.834,355.195,1.0,1.0,1.0,1.0,1.0,1.0,1.0,1.0,1.0,1.0,1.0,0.7008,W14_02u_asia,eu,
aster,LDO,1,1788860436,1,0.3939,20.309723,46,28,0,15387.8631,17269.8373,18549.6456,0,6766.4506,7597.8163,10240.4955,10.155,10.155,13.128,15.45,16.61,142.571,10.155,10.155,10.196,14.212,31.285,242.224,1.0,1.0,1.0,1.0,1.0,1.0,1.0,1.0,1.0,1.0,1.0,0.655,W14_02u_asia,eu,
aster,MAGMA,1,1788860436,1,0.236055,10.590752,99,146,897.71365,2773.035,8764.44364,17904.30741,1427.66728,7626.95549,12310.27377,24686.11222,5.295,6.005,13.142,21.695,33.255,88.91,7.342,8.013,10.81,15.563,22.324,55.755,1.0,1.0,1.0,1.0,1.0,1.0,1.0,1.0,1.0,1.0,1.0,1.0,W14_02u_asia,eu,
aster,ONDO,1,1788860436,1,0.3815,5.242464,120,159,13207.55085,18508.72439,31529.86674,33886.93957,26981.25027,38684.75628,43343.95258,56487.7103,4.269,4.756,5.271,6.567,7.216,15.194,2.621,2.621,2.621,2.621,2.621,2.621,1.0,1.0,1.0,1.0,1.0,1.0,1.0,1.0,1.0,1.0,1.0,1.0,W14_02u_asia,eu,
aster,MORPHO,1,1788860436,1,2.4156,15.731081,26,23,2630.38691,4230.74891,5217.32093,5438.42288,4056.61935,5672.34487,6421.33791,7455.22554,7.866,7.866,8.097,15.693,145.533,280.214,7.904,8.299,8.536,10.574,82.383,212.956,1.0,1.0,1.0,1.0,1.0,1.0,1.0,1.0,1.0,1.0,1.0,1.0,W14_02u_asia,eu,
aster,POWER,1,1788860436,1,0.087745,21.653655,37,26,0,1225.89602,1395.9691,1576.32775,0,1573.34532,1673.41269,1852.0351,11.679,11.823,106.41,231.871,663.139,894.077,10.827,10.827,58.602,206.696,593.961,663.427,1.0,1.0,1.0,1.0,1.0,0.413,1.0,1.0,1.0,1.0,1.0,0.4124,W14_02u_asia,eu,
aster,RIVER,1,1788860436,1,1.2615,7.927071,64,122,1533.5021,6780.4966,21615.5945,30172.3454,1114.8508,8321.4812,22506.3999,31893.6487,3.964,3.964,7.026,9.945,17.452,31.763,3.964,3.964,8.357,10.124,15.785,27.498,1.0,1.0,1.0,1.0,1.0,1.0,1.0,1.0,1.0,1.0,1.0,1.0,W14_02u_asia,eu,
aster,TAO,1,1788860436,1,255.01,2.352849,174,97,18305.82378,72206.83151,107430.01522,161900.94441,20405.31739,61031.71013,120382.87975,150245.9794,1.176,1.176,2.263,3.137,4.327,7.169,2.274,2.509,2.651,2.699,3.755,7.124,1.0,1.0,1.0,1.0,1.0,1.0,1.0,1.0,1.0,1.0,1.0,1.0,W14_02u_asia,eu,
aster,SPX,1,1788860436,1,0.5389,22.267582,24,13,0,4420.8921,17550.4685,17568.1433,0,476.918,5290.0801,6417.4167,11.134,11.134,11.971,15.532,21.683,421.234,12.01,20.85,26.154,27.922,153.874,824.504,1.0,1.0,1.0,1.0,1.0,1.0,1.0,1.0,1.0,1.0,1.0,0.4744,W14_02u_asia,eu,
aster,UAI,1,1788860436,1,0.7151,13.984058,103,122,304.377,8966.5776,31753.034,43028.3539,1175.0552,3779.5272,15806.3055,33811.3638,9.483,10.335,12.493,16.032,19.998,34.23,6.992,6.995,11.486,16.666,22.452,43.303,1.0,1.0,1.0,1.0,1.0,1.0,1.0,1.0,1.0,1.0,1.0,1.0,W14_02u_asia,eu,
aster,USELESS,1,1788860436,1,0.244465,17.58943,80,57,4852.25713,25933.08239,42303.51927,62681.37416,300.22236,12316.3037,24949.53423,41143.7976,8.795,8.795,8.795,8.868,10.74,14.59,10.583,12.143,15.095,17.705,20.251,33.31,1.0,1.0,1.0,1.0,1.0,1.0,1.0,1.0,1.0,1.0,1.0,1.0,W14_02u_asia,eu,
aster,WIF,1,1788860436,1,0.2215,18.058691,32,31,662.21812,8603.51512,8603.51512,15684.4484,1833.39249,13263.85639,17765.4656,24655.47219,9.029,10.552,12.973,15.516,26.081,96.155,9.029,9.029,11.425,14.742,16.4,43.606,1.0,1.0,1.0,1.0,1.0,1.0,1.0,1.0,1.0,1.0,1.0,1.0,W14_02u_asia,eu,
aster,XMR,1,1788860436,1,519.735,4.810144,317,308,15303.19439,52891.6174,100648.4912,150997.10967,8203.27956,48093.94169,88205.56909,139241.37197,3.07,4.084,4.798,5.536,6.857,9.339,3.15,3.451,3.632,4.927,7.038,10.571,1.0,1.0,1.0,1.0,1.0,1.0,1.0,1.0,1.0,1.0,1.0,1.0,W14_02u_asia,eu,
aster,ZEN,1,1788860436,1,7.0015,24.280511,24,21,0,13841.8198,15306.4966,16898.2582,0,4820.8293,5313.1836,6772.2299,12.14,12.14,14.522,18.33,20.234,161.185,12.345,14.385,20.1,22.764,157.771,343.828,1.0,1.0,1.0,1.0,1.0,1.0,1.0,1.0,1.0,1.0,1.0,0.4057,W14_02u_asia,eu,
aster,龙虾,1,1788860436,1,0.057389,28.750904,149,113,0,1491.620973,19645.012094,38122.7636,0,1618.351108,8862.953045,19612.349665,14.488,14.519,19.026,24.063,28.873,38.863,17.879,20.483,24.205,30.387,38.975,144.412,1.0,1.0,1.0,1.0,1.0,1.0,1.0,1.0,1.0,1.0,1.0,1.0,W14_02u_asia,eu,
aster,ZRO,1,1788860436,1,1.1314,8.838607,196,242,501.55634,3466.34113,6725.54989,11141.52977,727.45839,2049.99668,2314.667,3697.11846,6.621,10.253,15.758,20.993,38.531,166.211,4.541,7.515,21.042,71.069,164.456,288.649,1.0,1.0,1.0,1.0,1.0,1.0,1.0,1.0,1.0,1.0,1.0,1.0,W14_02u_asia,eu,
binance,AR,1,1788860436,1,2.9405,3.400782,907,1000,2446.5499,17853.2181,58160.526,129419.3629,5338.5789,22755.7237,48196.9089,84987.4644,4.263,4.791,7.088,9.956,13.647,19.757,1.7,2.6,4.878,6.69,9.38,15.763,1.0,1.0,1.0,1.0,1.0,1.0,1.0,1.0,1.0,1.0,1.0,1.0,W14_02u_asia,eu,
binance,FET,1,1788860436,1,0.18515,5.401026,835,1000,39779.0029,120492.5733,208420.9335,486842.0284,23661.4756,139163.5376,209097.5168,340606.2201,2.701,2.701,2.701,2.701,3.914,6.426,2.701,2.701,4.246,6.174,7.138,8.009,1.0,1.0,1.0,1.0,1.0,1.0,1.0,1.0,1.0,1.0,1.0,1.0,W14_02u_asia,eu,
binance,FIL,1,1788860436,1,0.84815,1.179037,1000,1000,38659.05441,184330.48063,431951.21557,1052524.94695,46529.78277,195843.32761,382400.38433,913847.872,0.876,1.322,2.28,3.135,3.859,5.267,0.59,0.59,0.86,1.601,2.739,4.932,1.0,1.0,1.0,1.0,1.0,1.0,1.0,1.0,1.0,1.0,1.0,1.0,W14_02u_asia,eu,
binance,KITE,1,1788860436,1,0.118875,0.84122,1000,1000,1295.43998,11067.9806,41089.88455,104447.12362,8288.53401,29173.56255,49615.17887,80518.87232,3.472,5.033,9.228,12.748,16.112,22.852,0.421,1.236,3.495,5.164,7.475,12.65,1.0,1.0,1.0,1.0,1.0,1.0,1.0,1.0,1.0,1.0,1.0,1.0,W14_02u_asia,eu,
binance,KAS,1,1788860436,1,0.034575,2.892263,677,1000,903.34021,10256.43864,27596.99558,84105.90726,4288.09906,15898.78705,27687.66462,62152.34268,5.239,6.513,9.75,12.047,16.159,28.713,1.446,1.446,1.446,3.11,8.825,21.621,1.0,1.0,1.0,1.0,1.0,1.0,1.0,1.0,1.0,1.0,1.0,1.0,W14_02u_asia,eu,
binance,LDO,1,1788860436,1,0.39375,2.539683,1000,1000,12178.6128,95142.0969,213159.5858,405801.0081,12958.3181,78772.4884,160874.8235,311184.9433,1.618,2.714,3.371,4.637,6.006,9.895,1.27,1.774,2.995,4.44,6.44,9.134,1.0,1.0,1.0,1.0,1.0,1.0,1.0,1.0,1.0,1.0,1.0,1.0,W14_02u_asia,eu,
binance,MAGMA,1,1788860436,1,0.23577,3.393137,1000,1000,1156.71189,3776.81491,6435.32409,17599.806,460.26224,4900.34017,9067.84814,20054.1069,4.816,5.589,10.791,19.03,36.366,70.209,6.348,9.446,13.307,16.765,28.621,68.178,1.0,1.0,1.0,1.0,1.0,1.0,1.0,1.0,1.0,1.0,1.0,1.0,W14_02u_asia,eu,
binance,POWER,1,1788860436,1,0.087745,5.69833,929,1000,1955.93965,4769.46471,12133.01625,28171.54822,227.04537,2988.06382,11207.75488,27195.56905,5.786,6.027,7.902,13.09,23.473,50.894,9.76,11.683,15.105,21.083,30.674,51.784,1.0,1.0,1.0,1.0,1.0,1.0,1.0,1.0,1.0,1.0,1.0,1.0,W14_02u_asia,eu,
binance,ONDO,1,1788860436,1,0.38145,2.621576,1000,1000,115474.72634,377802.3587,666535.33909,1299948.91371,141640.67468,360845.93221,614188.93177,1224048.96748,1.311,1.311,1.311,1.78,2.856,3.502,1.311,1.311,1.311,1.311,1.311,1.311,1.0,1.0,1.0,1.0,1.0,1.0,1.0,1.0,1.0,1.0,1.0,1.0,W14_02u_asia,eu,
binance,RIVER,1,1788860436,1,1.2615,7.927071,527,1000,1794.1508,10777.5188,44072.6617,101007.9411,3020.9756,15484.3025,33840.5734,84380.3885,3.964,3.964,6.199,9.045,14.429,24.05,3.964,3.964,3.964,7.103,10.893,20.386,1.0,1.0,1.0,1.0,1.0,1.0,1.0,1.0,1.0,1.0,1.0,1.0,W14_02u_asia,eu,
binance,RUNE,1,1788860436,1,0.48515,2.061218,591,1000,4668.9907,13058.1894,28302.7708,108543.2903,4508.3331,21543.1261,53391.379,118242.6718,2.785,3.969,5.895,7.72,11.585,23.736,1.592,2.485,4.14,6.611,9.569,16.42,1.0,1.0,1.0,1.0,1.0,1.0,1.0,1.0,1.0,1.0,1.0,1.0,W14_02u_asia,eu,
binance,UAI,1,1788860436,1,0.715,2.797203,1000,1000,6348.5995,15724.5669,31480.9639,70159.7453,3722.6295,16050.4342,33035.3311,68589.7696,3.042,3.619,5.321,7.131,9.929,20.457,2.662,3.66,5.442,7.833,11.092,19.552,1.0,1.0,1.0,1.0,1.0,1.0,1.0,1.0,1.0,1.0,1.0,1.0,W14_02u_asia,eu,
binance,TAO,1,1788860436,1,254.735,0.392565,1000,1000,58373.72524,209048.21383,736418.40532,1813922.4942,72589.1848,232352.48896,779560.80818,1815805.13942,0.196,0.196,1.281,2.01,2.678,4.158,0.196,0.196,0.348,0.754,1.455,3.231,1.0,1.0,1.0,1.0,1.0,1.0,1.0,1.0,1.0,1.0,1.0,1.0,W14_02u_asia,eu,
binance,USELESS,1,1788860436,1,0.244495,2.045032,1000,1000,15400.39619,28385.03873,68570.9635,131560.5506,7661.38358,27165.09824,60750.82111,121815.28075,1.885,2.827,4.142,5.439,6.502,10.828,2.453,2.743,3.167,4.508,6.989,12.727,1.0,1.0,1.0,1.0,1.0,1.0,1.0,1.0,1.0,1.0,1.0,1.0,W14_02u_asia,eu,
binance,WIF,1,1788860436,1,0.22155,4.513654,892,1000,11189.12907,59677.64511,172917.35373,400896.87113,7551.16996,68241.94248,132115.68143,349098.01728,2.257,2.257,2.257,2.257,3.899,9.061,2.257,2.257,2.874,4.822,6.904,10.314,1.0,1.0,1.0,1.0,1.0,1.0,1.0,1.0,1.0,1.0,1.0,1.0,W14_02u_asia,eu,
binance,XMR,1,1788860436,1,519.905,0.192343,1000,1000,10321.25628,109725.11825,309063.64009,729935.58318,31605.26731,147978.54305,319812.35994,435759.20738,0.499,1.671,3.188,3.98,5.812,10.305,0.096,0.096,0.183,1.648,3.766,6.29,1.0,1.0,1.0,1.0,1.0,1.0,1.0,1.0,1.0,1.0,1.0,1.0,W14_02u_asia,eu,
binance,ZEC,1,1788860436,1,1136.205,0.088012,1000,1000,407790.08519,1067978.13173,3251572.66232,5686771.54019,257211.09045,733081.54904,2121166.56501,4821400.63092,0.044,0.044,0.044,0.155,0.606,1.23,0.044,0.044,0.044,0.044,0.222,0.898,1.0,1.0,1.0,1.0,1.0,1.0,1.0,1.0,1.0,1.0,1.0,1.0,W14_02u_asia,eu,
binance,ZEN,1,1788860436,1,6.9985,4.286633,1000,1000,7501.8198,44571.1979,129133.1467,304501.5287,6427.4111,27363.6044,83200.3877,189373.0402,2.884,3.924,5.279,6.289,8.304,13.095,2.338,2.955,4.46,5.732,8.187,13.109,1.0,1.0,1.0,1.0,1.0,1.0,1.0,1.0,1.0,1.0,1.0,1.0,W14_02u_asia,eu,
binance,ZRO,1,1788860436,1,1.12975,0.885152,1000,1000,6557.32848,30263.72829,101140.88237,190568.69054,6118.54233,29409.31227,73265.36995,146599.04005,1.879,2.488,4.037,6.068,8.342,13.943,1.361,2.672,4.466,6.191,9.422,15.117,1.0,1.0,1.0,1.0,1.0,1.0,1.0,1.0,1.0,1.0,1.0,1.0,W14_02u_asia,eu,
binance,龙虾,1,1788860436,1,0.057239,4.89177,1000,1000,638.64452,2714.745475,5787.253086,22239.617694,480.194276,3920.09816,7428.00784,15465.725035,3.957,7.568,13.876,24.226,41.048,67.395,6.493,9.468,12.813,18.543,34.197,80.187,1.0,1.0,1.0,1.0,1.0,1.0,1.0,1.0,1.0,1.0,1.0,1.0,W14_02u_asia,eu,
bitget,AR,1,1788860436,1,2.9385,3.403097,100,100,1276.2189,12717.7634,50683.9781,111688.459,1337.0707,18783.9861,54292.8984,89683.0541,4.781,6.175,9.793,13.473,17.216,21.827,4.785,6.488,9.638,12.476,15.28,19.394,1.0,1.0,1.0,1.0,1.0,1.0,1.0,1.0,1.0,1.0,1.0,1.0,W14_02u_asia,eu,
bitget,BTW,1,1788860436,1,0.451143,7.070937,100,100,1059.69627,6774.426107,11190.733579,22754.2142,86.673229,2365.158494,9631.608902,19968.618069,3.576,4.331,9.055,13.061,21.833,55.309,13.183,15.641,18.859,24.141,32.543,70.209,1.0,1.0,1.0,1.0,1.0,1.0,1.0,1.0,1.0,1.0,1.0,1.0,W14_02u_asia,eu,
bitget,FET,1,1788860436,1,0.18495,5.406867,100,100,19121.6422,83164.4245,137533.0447,298912.4965,7616.8054,51797.0196,111004.3534,271752.1717,2.703,2.703,2.703,4.381,6.246,8.633,6.918,7.514,7.872,7.991,9.343,11.945,1.0,1.0,1.0,1.0,1.0,1.0,1.0,1.0,1.0,1.0,1.0,1.0,W14_02u_asia,eu,
bitget,FIL,1,1788860436,1,0.84825,1.178898,100,100,36897.8308,337740.62251,552981.38382,1402657.27321,62986.61677,203252.37805,532939.0619,1245655.36859,1.845,2.396,2.909,4.09,4.946,6.718,1.745,2.38,3.45,4.378,5.122,6.765,1.0,1.0,1.0,1.0,1.0,1.0,1.0,1.0,1.0,1.0,1.0,1.0,W14_02u_asia,eu,
bitget,KAS,1,1788860436,1,0.03455,5.788712,100,100,2249.78831,30334.49446,51447.06345,113396.95611,3230.13854,13471.98342,44633.73792,74901.23463,5.21,6.794,8.215,10.674,13.517,17.13,4.227,6.124,7.659,9.382,12.995,22.031,1.0,1.0,1.0,1.0,1.0,1.0,1.0,1.0,1.0,1.0,1.0,1.0,W14_02u_asia,eu,
bitget,KITE,1,1788860436,1,0.118905,9.251083,100,100,1035.79432,14916.12196,43664.91329,89800.42296,636.78352,27459.6563,50748.10511,76393.3273,5.803,6.683,11.632,15.287,17.525,23.116,5.471,7.884,10.53,11.783,12.794,16.442,1.0,1.0,1.0,1.0,1.0,1.0,1.0,1.0,1.0,1.0,1.0,1.0,W14_02u_asia,eu,
bitget,LDO,1,1788860436,1,0.3937,5.08001,100,100,2072.95738,19306.9328,61607.84464,133287.41702,2444.92235,19262.96542,69414.80435,126511.17901,4.853,5.112,7.049,8.605,11.085,18.663,4.853,5.598,6.869,8.514,10.056,17.195,1.0,1.0,1.0,1.0,1.0,1.0,1.0,1.0,1.0,1.0,1.0,1.0,W14_02u_asia,eu,
bitget,MAGMA,1,1788860436,1,0.236345,5.500434,100,100,243.28277,3769.02854,22264.30904,49210.88017,407.72793,10448.78816,20668.14112,39828.89217,9.688,12.711,15.627,19.641,25.907,37.188,7.302,8.834,10.326,13.549,17.194,32.345,1.0,1.0,1.0,1.0,1.0,1.0,1.0,1.0,1.0,1.0,1.0,1.0,W14_02u_asia,eu,
bitget,POWER,1,1788860436,1,0.08805,9.085747,100,100,594.39812,2416.29076,14296.47063,35957.92815,5705.45513,11771.6735,24062.08645,42311.74344,4.543,9.497,15.538,22.552,30.524,47.175,6.398,6.606,6.864,7.69,12.637,28.183,1.0,1.0,1.0,1.0,1.0,1.0,1.0,1.0,1.0,1.0,1.0,1.0,W14_02u_asia,eu,
bitget,ONDO,1,1788860436,1,0.38145,2.621576,100,100,92220.80527,416587.96248,1086430.2798,1823985.25503,175058.51965,614384.13315,1066974.18692,1862223.56803,1.311,1.311,1.311,1.311,1.311,1.311,1.311,1.311,1.311,1.311,2.353,3.3,1.0,1.0,1.0,1.0,1.0,1.0,1.0,1.0,1.0,1.0,1.0,1.0,W14_02u_asia,eu,
bitget,RIVER,1,1788860436,1,1.2605,7.93336,100,100,2018.52,11163.562,28233.423,51197.033,52.962,8958.431,21785.132,40747.761,3.967,3.967,5.492,8.696,13.473,25.184,11.06,11.48,11.732,14.725,18.118,30.922,1.0,1.0,1.0,1.0,1.0,1.0,1.0,1.0,1.0,1.0,1.0,1.0,W14_02u_asia,eu,
bitget,RUNE,1,1788860436,1,0.48495,6.186205,100,100,2265.89158,10837.94465,24438.51688,59845.7069,2599.07708,13096.10387,28105.08965,59948.53782,3.526,4.341,6.249,10.389,16.696,28.891,4.371,5.909,7.931,10.425,13.777,25.201,1.0,1.0,1.0,1.0,1.0,1.0,1.0,1.0,1.0,1.0,1.0,1.0,W14_02u_asia,eu,
bitget,TAO,1,1788860436,1,254.745,2.747846,100,100,69946.27781,355654.71186,1270589.78935,1874507.04036,20413.47418,106946.32166,373446.66847,384577.25667,1.374,1.374,1.852,2.589,3.829,5.448,2.115,2.318,2.86,3.806,4.779,7.075,1.0,1.0,1.0,1.0,1.0,1.0,1.0,1.0,1.0,1.0,1.0,1.0,W14_02u_asia,eu,
bitget,UAI,1,1788860436,1,0.713965,4.622075,100,100,4801.23714,14741.42311,28637.35893,45402.26467,232.88683,4506.47951,16523.23127,34745.72991,6.59,7.591,8.745,9.362,11.308,22.049,9.696,12.682,14.784,18.344,25.763,39.892,1.0,1.0,1.0,1.0,1.0,1.0,1.0,1.0,1.0,1.0,1.0,1.0,W14_02u_asia,eu,
bitget,USELESS,1,1788860436,1,0.244575,5.315343,100,100,2970.21178,11141.2457,29448.40062,77671.41044,1881.06625,10129.99187,37826.19899,75277.20469,4.06,5.408,6.926,9.113,13.878,24.358,3.226,3.987,6.687,10.09,14.574,23.516,1.0,1.0,1.0,1.0,1.0,1.0,1.0,1.0,1.0,1.0,1.0,1.0,W14_02u_asia,eu,
bitget,WIF,1,1788860436,1,0.22135,4.517732,100,100,8721.23998,55711.81614,234043.69085,500186.8433,3570.04016,37761.23457,189897.75988,382769.98086,2.259,2.919,5.234,6.005,6.966,9.563,6.169,6.473,6.655,8.01,10.919,15.712,1.0,1.0,1.0,1.0,1.0,1.0,1.0,1.0,1.0,1.0,1.0,1.0,W14_02u_asia,eu,
bitget,XMR,1,1788860436,1,520.18,6.151717,100,100,10349.9723,143104.1344,446805.354,662040.7862,23785.352,270628.9749,374433.5542,502113.8574,3.076,3.076,3.076,3.775,6.482,9.367,4.519,5.39,6.273,6.981,7.336,7.888,1.0,1.0,1.0,1.0,1.0,1.0,1.0,1.0,1.0,1.0,1.0,1.0,W14_02u_asia,eu,
bitget,ZRO,1,1788860436,1,1.13005,4.424583,100,100,3523.466,21974.8737,84119.4093,167351.1709,1016.5372,20433.9242,88980.0916,178154.3476,3.033,3.065,5.348,8.243,12.069,17.06,3.932,6.075,9.596,12.161,16.67,21.367,1.0,1.0,1.0,1.0,1.0,1.0,1.0,1.0,1.0,1.0,1.0,1.0,W14_02u_asia,eu,
bybit,BTW,1,1788860436,1,0.45002,5.333096,200,200,107.9239,1716.3554,8657.1551,15851.587,936.6324,3587.3352,8062.728,15137.8487,12.176,13.421,18.872,25.573,35.794,72.265,5.81,6.609,11.796,18.002,31.724,71.102,1.0,1.0,1.0,1.0,1.0,0.8171,1.0,1.0,1.0,1.0,1.0,0.791,W14_02u_asia,eu,
bybit,KAS,1,1788860436,1,0.034505,2.898131,200,200,2711.7133,18250.172,37234.8126,94311.8528,453.6296,7394.9908,15588.9269,43812.9824,3.961,5.184,6.421,8.158,11.121,19.078,5.623,8.505,12.394,15.276,21.166,39.541,1.0,1.0,1.0,1.0,1.0,1.0,1.0,1.0,1.0,1.0,1.0,1.0,W14_02u_asia,eu,
bybit,FIL,1,1788860436,1,0.84815,1.179037,200,200,10902.31779,33813.67739,230303.91738,467756.31973,10830.26976,34625.22459,212551.36424,443774.90248,2.239,2.733,4.715,6.014,6.97,10.193,2.525,3.134,4.949,6.306,7.573,10.487,1.0,1.0,1.0,1.0,1.0,1.0,1.0,1.0,1.0,1.0,1.0,1.0,W14_02u_asia,eu,
bybit,AR,1,1788860436,1,2.938,6.807352,200,200,93.9539,2137.1757,8874.9795,13963.2937,361.6003,3891.9841,11496.47,18875.5142,10.033,12.425,18.891,24.0,32.552,73.264,7.357,10.966,16.246,22.156,33.683,68.611,1.0,1.0,1.0,1.0,1.0,1.0,1.0,1.0,1.0,1.0,1.0,1.0,W14_02u_asia,eu,
bybit,KITE,1,1788860437,1,0.118905,7.569068,200,200,355.06316,2275.61454,4528.36591,7182.92109,833.10676,2310.58296,4831.77785,8749.62829,7.715,10.469,16.499,27.776,66.18,207.747,5.959,7.334,14.902,26.236,56.557,245.7,1.0,1.0,1.0,1.0,1.0,1.0,1.0,1.0,1.0,1.0,1.0,1.0,W14_02u_asia,eu,
bybit,LDO,1,1788860437,1,0.3934,5.083884,200,200,2911.93291,21464.4471,221579.38768,402630.4668,3406.73131,32634.97408,214625.06425,387984.23292,4.644,4.864,5.718,7.771,10.635,17.723,2.542,3.614,5.602,7.425,10.165,15.526,1.0,1.0,1.0,1.0,1.0,1.0,1.0,1.0,1.0,1.0,1.0,1.0,W14_02u_asia,eu,
bybit,MAGMA,1,1788860437,1,0.236,8.474576,200,200,402.7976,1290.6796,3174.2594,5928.168,3384.7082,3714.5031,5039.8743,8511.8037,8.272,10.845,20.884,39.013,80.53,199.287,7.719,8.097,8.323,15.941,50.588,226.136,1.0,1.0,1.0,1.0,1.0,1.0,1.0,1.0,1.0,1.0,1.0,1.0,W14_02u_asia,eu,
bybit,ONDO,1,1788860437,1,0.38135,2.622263,200,200,88843.237,280000.2474,510395.0829,742662.4727,68875.4254,277999.2631,506995.4697,1181706.6764,1.311,1.311,1.311,1.311,1.311,2.331,1.311,1.311,1.311,1.311,1.883,3.113,1.0,1.0,1.0,1.0,1.0,1.0,1.0,1.0,1.0,1.0,1.0,1.0,W14_02u_asia,eu,
bybit,POWER,1,1788860437,1,0.087915,12.512086,200,200,614.98122,1760.5517,3596.21169,7641.63194,636.49367,1931.4241,4448.38338,7847.45177,8.263,10.243,19.016,33.835,68.17,175.421,6.256,9.147,16.591,29.884,61.015,136.495,1.0,1.0,1.0,1.0,1.0,0.7272,1.0,1.0,1.0,1.0,1.0,0.6821,W14_02u_asia,eu,
bybit,RIVER,1,1788860437,1,1.2605,7.93336,200,200,91.476,989.0872,3825.0045,7291.8009,305.9186,1328.663,4625.08,9463.5072,11.333,15.658,24.87,35.629,70.409,189.526,7.048,10.862,20.543,30.074,55.268,164.888,1.0,1.0,1.0,1.0,1.0,1.0,1.0,1.0,1.0,1.0,1.0,1.0,W14_02u_asia,eu,
bybit,RUNE,1,1788860437,1,0.48515,6.183655,200,200,399.77491,2157.89527,35193.17647,139307.97382,454.87433,1940.72118,34598.37672,133075.82072,7.901,11.811,18.855,31.183,38.735,43.726,7.777,11.687,19.956,31.624,37.97,42.379,1.0,1.0,1.0,1.0,1.0,1.0,1.0,1.0,1.0,1.0,1.0,1.0,W14_02u_asia,eu,
bybit,TAO,1,1788860437,1,254.945,0.392241,200,200,26581.56185,190259.68258,832281.88638,1136059.9948,36269.78302,186521.08401,663666.83587,1105847.91997,1.298,2.168,3.008,3.543,4.627,6.533,0.196,0.52,1.519,2.539,3.907,5.772,1.0,1.0,1.0,1.0,1.0,1.0,1.0,1.0,1.0,1.0,1.0,1.0,W14_02u_asia,eu,
bybit,UAI,1,1788860437,1,0.71485,6.994474,200,200,422.1535,4067.9877,9485.9143,18317.3981,853.9656,4998.1567,10740.5128,15475.8458,8.084,9.789,13.025,18.635,30.632,72.66,4.064,5.91,11.743,17.061,25.208,81.297,1.0,1.0,1.0,1.0,1.0,1.0,1.0,1.0,1.0,1.0,1.0,1.0,W14_02u_asia,eu,
bybit,USELESS,1,1788860437,1,0.24453,5.725269,200,200,3314.84382,17183.86202,48253.59296,129742.41784,3741.54861,16614.55355,53159.01891,171861.07872,4.763,5.448,6.105,8.563,11.955,19.381,4.122,4.51,6.113,8.299,11.842,20.369,1.0,1.0,1.0,1.0,1.0,1.0,1.0,1.0,1.0,1.0,1.0,1.0,W14_02u_asia,eu,
bybit,WIF,1,1788860437,1,0.22135,4.517732,200,200,1926.9618,44315.0088,109316.2049,193837.3252,11586.3166,60975.5602,109039.503,190460.3743,5.005,5.891,7.456,9.375,11.863,15.798,2.259,2.259,4.497,5.637,6.207,10.065,1.0,1.0,1.0,1.0,1.0,1.0,1.0,1.0,1.0,1.0,1.0,1.0,W14_02u_asia,eu,
bybit,ZEN,1,1788860437,1,6.994,5.719188,200,200,717.8446,5128.2855,14361.9337,23319.01,718.6756,3966.691,14592.3682,20427.0124,5.427,7.212,11.756,16.957,24.347,48.579,4.545,7.005,12.894,18.73,25.328,54.765,1.0,1.0,1.0,1.0,1.0,1.0,1.0,1.0,1.0,1.0,1.0,1.0,W14_02u_asia,eu,
bybit,XMR,1,1788860437,1,520.285,2.114226,200,200,5204.3545,39871.9661,249880.1195,249880.1195,10631.0906,98522.6466,258660.5686,258660.5686,3.167,3.868,5.29,6.985,9.258,13.868,2.341,2.66,3.34,4.001,6.264,10.286,1.0,1.0,1.0,1.0,1.0,1.0,1.0,1.0,1.0,1.0,1.0,1.0,W14_02u_asia,eu,
bybit,ZRO,1,1788860437,1,1.13005,0.884917,200,200,4001.65301,16596.68698,51134.90644,121640.02674,2191.43577,24931.26947,45617.92803,101005.23765,2.841,2.969,4.37,7.095,9.498,19.301,0.954,2.425,5.5,8.628,11.279,14.794,1.0,1.0,1.0,1.0,1.0,1.0,1.0,1.0,1.0,1.0,1.0,1.0,W14_02u_asia,eu,
dydx,ICP,1,1788860437,1,3.0997,43.875214,54,72,0,15556.04984,22656.17261,37355.8041,0,22724.32217,36924.3948,65324.5124,21.938,21.938,21.938,21.938,21.938,27.64,21.938,21.938,21.938,21.938,21.938,24.711,1.0,1.0,1.0,1.0,1.0,1.0,1.0,1.0,1.0,1.0,1.0,1.0,W14_02u_asia,eu,
dydx,LDO,1,1788860437,1,0.39345,63.540475,55,48,0,0,17470.2016,23270.3758,0,0,17570.3959,23370.3309,31.77,31.77,31.77,31.77,31.77,45.767,31.77,31.77,31.77,33.915,35.384,47.925,1.0,1.0,1.0,1.0,1.0,1.0,1.0,1.0,1.0,1.0,1.0,1.0,W14_02u_asia,eu,
dydx,FIL,1,1788860437,1,0.84865,50.668709,63,77,0,0,23435.1887,35073.652,0,0,17709.7428,23509.6229,25.334,25.334,25.334,25.334,25.334,34.339,25.334,25.334,25.334,25.334,25.334,37.216,1.0,1.0,1.0,1.0,1.0,1.0,1.0,1.0,1.0,1.0,1.0,1.0,W14_02u_asia,eu,
dydx,MORPHO,1,1788860437,1,1.577,14901.712112,1,2,0,0,0,0,0,0,0,0,7450.856,7450.856,7450.856,7450.856,7450.856,7450.856,7469.88,7469.88,7469.88,7469.88,7469.88,7469.88,1.0,1.0,1.0,1.0,1.0,1.0,0.1135,0.0568,0.0227,0.0114,0.0057,0.0023,W14_02u_asia,eu,
dydx,SPX,1,1788860437,0,,,,,,,,,,,,,,,,,,,,,,,,,,,,,,,,,,,,,W14_02u_asia,eu,dydx SPX: empty snapshot
dydx,ONDO,1,1788860437,1,0.3828,88.819227,83,56,0,0,7099.893,21299.925,0,0,21300.1465,49700.1601,44.41,44.41,44.41,44.41,46.658,57.146,44.41,44.41,44.41,44.41,44.41,51.942,1.0,1.0,1.0,1.0,1.0,1.0,1.0,1.0,1.0,1.0,1.0,1.0,W14_02u_asia,eu,
dydx,RUNE,1,1788860437,1,0.48645,55.504163,49,53,0,0,11700.3054,27300.2394,0,0,11699.7426,27299.8206,27.752,27.752,27.752,28.648,30.256,51.943,27.752,27.752,27.752,32.319,40.314,67.064,1.0,1.0,1.0,1.0,1.0,1.0,1.0,1.0,1.0,1.0,1.0,1.0,W14_02u_asia,eu,
dydx,TAO,1,1788860437,1,254.83,31.393478,65,74,0,8332.5825,75095.7778,103496.7974,0,1154.0426,67058.3804,298020.4388,15.697,15.697,15.697,15.697,19.981,32.95,17.201,18.773,24.142,26.787,28.287,35.331,1.0,1.0,1.0,1.0,1.0,1.0,1.0,1.0,1.0,1.0,1.0,1.0,W14_02u_asia,eu,
dydx,XMR,1,1788860437,1,522.91,108.622899,78,100,0,0,0,1297.473,0,0,0,8110.2492,65.125,73.105,192.031,256.177,288.25,307.494,54.311,54.311,62.519,67.691,93.071,147.037,1.0,1.0,1.0,1.0,1.0,1.0,1.0,1.0,1.0,1.0,1.0,1.0,W14_02u_asia,eu,
dydx,WIF,1,1788860437,1,0.22145,53.285166,55,50,0,0,36719.09096,65119.16063,0,0,22601.42494,36801.52414,26.643,26.643,26.643,26.643,26.643,28.998,26.643,26.643,26.643,26.643,26.643,29.386,1.0,1.0,1.0,1.0,1.0,1.0,1.0,1.0,1.0,1.0,1.0,1.0,W14_02u_asia,eu,
dydx,ZEC,1,1788860437,1,1139.305,55.209097,100,84,0,0,9193.771,3945944.726,0,0,2977387.554,4640748.505,27.605,28.576,34.576,36.576,38.572,48.936,27.605,27.605,27.605,27.605,27.605,27.605,1.0,1.0,1.0,1.0,1.0,1.0,1.0,1.0,1.0,1.0,1.0,1.0,W14_02u_asia,eu,
dydx,ZEN,1,1788860438,1,7.006,97.059663,34,27,0,0,996.996,996.996,0,0,999.68,999.68,48.53,48.53,429.356,560.096,625.466,664.688,48.53,51.41,435.515,564.603,629.147,667.874,1.0,1.0,1.0,1.0,1.0,1.0,1.0,1.0,1.0,1.0,1.0,1.0,W14_02u_asia,eu,
hl,ONDO,1,1788860438,1,0.38198,1.047175,20,20,43633.22526,50014.26812,50014.26812,50014.26812,41666.07829,41666.07829,41666.07829,41666.07829,0.524,0.679,1.055,1.677,2.148,3.741,0.524,0.524,0.736,0.892,1.666,4.235,1.0,1.0,1.0,1.0,1.0,1.0,1.0,1.0,1.0,1.0,1.0,1.0,W14_02u_asia,eu,
okx,USELESS,1,1788860438,1,0.24423,3.275601,400,400,949.14353,2814.16693,6303.05337,14888.67222,617.32718,3732.21304,8819.68807,17816.33251,5.102,7.183,13.005,22.895,37.822,83.364,5.774,8.231,12.284,19.174,31.144,73.624,1.0,1.0,1.0,1.0,1.0,0.9475,1.0,1.0,1.0,1.0,1.0,1.0,W14_02u_asia,eu,
dydx,ZRO,1,1788860438,1,1.1325,61.810155,38,25,0,0,8700.577,20300.935,0,0,2900.208,8699.996,30.905,30.905,30.905,34.597,43.88,232.846,30.905,30.905,30.905,42.077,56.846,286.49,1.0,1.0,1.0,1.0,1.0,1.0,1.0,1.0,1.0,1.0,1.0,1.0,W14_02u_asia,eu,
aster,FIL,2,1788860483,1,0.8485,11.785504,25,22,1299.8144,17049.3559,24084.916,30076.8775,1306.5261,9078.5011,13468.3268,19455.9913,5.893,5.893,11.547,14.613,16.145,23.147,5.893,5.893,11.523,14.6,17.242,52.884,1.0,1.0,1.0,1.0,1.0,1.0,1.0,1.0,1.0,1.0,1.0,1.0,W14_02u_asia,eu,
aster,AR,2,1788860483,1,2.939,20.415107,16,10,0,10457.6,11695.2098,13772.5452,0,2429.2978,10230.5059,12888.2645,10.208,10.208,11.922,15.745,18.08,212.495,10.208,10.215,14.596,20.908,24.129,73.197,1.0,1.0,1.0,1.0,1.0,0.6225,1.0,1.0,1.0,1.0,1.0,0.5263,W14_02u_asia,eu,
aster,BTW,2,1788860483,1,0.45081,15.08396,296,240,1829.86554,4938.37461,18622.41543,43060.95659,983.99469,7107.81759,20962.33069,43534.72578,9.149,9.455,11.047,15.198,20.884,37.881,7.542,7.974,11.686,14.441,19.824,31.837,1.0,1.0,1.0,1.0,1.0,1.0,1.0,1.0,1.0,1.0,1.0,1.0,W14_02u_asia,eu,
aster,ICP,2,1788860483,1,3.096,6.459948,143,82,996.328,18641.983,22863.798,29040.088,433.72,9659.037,16337.876,20472.574,3.78,5.88,10.104,12.402,16.564,25.682,7.32,11.35,14.23,16.442,19.021,50.688,1.0,1.0,1.0,1.0,1.0,1.0,1.0,1.0,1.0,1.0,1.0,1.0,W14_02u_asia,eu,
aster,KAS,2,1788860483,1,0.0346,11.560694,37,23,1538.22214,4532.71349,17320.37726,18033.80648,1412.46138,2063.85582,8232.74691,11302.47159,5.78,5.78,11.335,17.182,21.597,80.791,5.78,5.78,13.837,24.582,42.884,221.452,1.0,1.0,1.0,1.0,1.0,1.0,1.0,1.0,1.0,1.0,1.0,1.0,W14_02u_asia,eu,
aster,FET,2,1788860483,1,0.1853,21.586616,50,57,0,11770.9899,14354.868,18996.1855,0,30008.2078,49917.4631,54437.0094,10.793,10.793,13.184,14.687,15.439,58.871,10.793,10.793,10.793,10.793,10.793,10.793,1.0,1.0,1.0,1.0,1.0,1.0,1.0,1.0,1.0,1.0,1.0,1.0,W14_02u_asia,eu,
aster,KITE,2,1788860483,1,0.11903,6.720995,59,16,476.55372,10784.32395,15102.5537,18835.20324,1501.01036,4530.95322,6791.87246,6791.87246,6.076,8.418,11.579,14.191,16.462,194.289,3.36,4.2,7.973,15.009,68.792,368.745,1.0,1.0,1.0,1.0,1.0,1.0,1.0,1.0,1.0,1.0,1.0,0.6708,W14_02u_asia,eu,
aster,LDO,2,1788860483,1,0.3945,20.278834,47,29,0,18342.8991,20041.8381,22031.4027,0,6598.0063,6922.9579,9177.2649,10.139,10.139,10.139,10.669,13.717,64.088,10.139,12.417,14.092,15.657,44.308,250.343,1.0,1.0,1.0,1.0,1.0,1.0,1.0,1.0,1.0,1.0,1.0,0.613,W14_02u_asia,eu,
aster,MORPHO,2,1788860483,1,2.41605,18.625442,25,22,1536.14232,3136.63702,5523.0957,5716.14456,477.13059,2083.33139,2144.25411,3544.98064,9.313,9.313,11.862,21.223,141.98,278.643,9.795,14.728,23.391,100.956,180.886,308.137,1.0,1.0,1.0,1.0,1.0,1.0,1.0,1.0,1.0,1.0,1.0,1.0,W14_02u_asia,eu,
aster,MAGMA,2,1788860483,1,0.236095,12.283191,102,144,897.78975,2952.44543,8554.88201,18174.51404,543.70566,5326.99046,12222.48627,24598.77832,6.142,6.63,13.483,21.689,32.721,87.306,8.16,9.716,12.257,16.026,23.775,55.784,1.0,1.0,1.0,1.0,1.0,1.0,1.0,1.0,1.0,1.0,1.0,1.0,W14_02u_asia,eu,
aster,ONDO,2,1788860483,1,0.38185,7.856488,121,155,12402.17355,17562.75589,31420.36278,42507.31874,12187.42908,22614.96562,25276.3116,37857.59147,3.928,3.928,3.928,3.928,4.001,14.629,3.928,3.928,3.928,3.928,4.147,14.496,1.0,1.0,1.0,1.0,1.0,1.0,1.0,1.0,1.0,1.0,1.0,1.0,W14_02u_asia,eu,
aster,POWER,2,1788860483,1,0.087825,39.851978,37,23,0,1125.8378,2136.4165,2532.32738,0,226.43537,401.58065,590.95027,20.777,20.921,37.717,224.233,896.452,896.452,38.358,120.589,282.355,622.298,825.063,825.063,1.0,1.0,1.0,1.0,0.9933,0.3973,1.0,1.0,1.0,1.0,0.789,0.3156,W14_02u_asia,eu,
aster,SPX,2,1788860483,1,0.5389,25.978846,22,13,0,2752.6101,15051.1721,26742.8639,0,509.922,5314.5481,6441.8847,12.989,12.989,13.931,21.049,25.37,39.516,12.989,21.185,26.859,29.202,153.702,823.495,1.0,1.0,1.0,1.0,1.0,1.0,1.0,1.0,1.0,1.0,1.0,0.4754,W14_02u_asia,eu,
aster,RIVER,2,1788860483,1,1.261,15.860428,63,122,1532.286,7876.4918,20956.5349,26770.932,1595.2942,7900.6478,22417.6383,31243.7237,7.93,7.93,10.996,13.428,19.65,35.643,7.93,7.93,10.804,13.332,20.047,31.787,1.0,1.0,1.0,1.0,1.0,1.0,1.0,1.0,1.0,1.0,1.0,1.0,W14_02u_asia,eu,
aster,TAO,2,1788860483,1,255.1,3.136025,173,99,13236.13215,70675.6078,102553.0031,160781.74816,21932.9541,69400.19302,112399.61441,142259.25881,1.568,1.568,2.808,4.759,6.499,9.336,1.842,1.901,2.068,2.277,3.339,6.04,1.0,1.0,1.0,1.0,1.0,1.0,1.0,1.0,1.0,1.0,1.0,1.0,W14_02u_asia,eu,
aster,UAI,2,1788860483,1,0.71465,15.39215,96,125,204.9318,4911.2147,30156.5171,47671.4437,197.409,6286.0382,14712.8532,24216.1559,10.443,11.868,14.668,18.713,24.634,38.506,9.667,10.859,13.653,16.932,21.658,47.815,1.0,1.0,1.0,1.0,1.0,1.0,1.0,1.0,1.0,1.0,1.0,1.0,W14_02u_asia,eu,
aster,USELESS,2,1788860483,1,0.244975,24.9005,77,52,0,12978.92695,30490.49284,39444.30496,0,2079.67214,9321.01601,26558.57346,12.45,12.45,12.814,13.04,16.076,28.265,15.887,18.659,21.239,23.836,29.208,56.141,1.0,1.0,1.0,1.0,1.0,1.0,1.0,1.0,1.0,1.0,1.0,1.0,W14_02u_asia,eu,
aster,XMR,2,1788860483,1,520.39,4.611926,324,306,15556.73619,50174.30198,104345.19881,154479.29931,11536.63422,38551.62001,93762.97804,143611.23464,3.656,4.518,5.551,6.276,7.767,9.875,2.306,2.306,2.306,3.153,4.695,8.79,1.0,1.0,1.0,1.0,1.0,1.0,1.0,1.0,1.0,1.0,1.0,1.0,W14_02u_asia,eu,
aster,WIF,2,1788860483,1,0.2214,18.066847,34,32,661.91888,5643.9966,8509.9028,14684.01007,1710.55256,13805.0246,18417.85396,18423.84459,9.033,10.558,13.918,18.251,30.567,98.037,9.033,9.033,11.873,14.97,16.519,47.698,1.0,1.0,1.0,1.0,1.0,1.0,1.0,1.0,1.0,1.0,1.0,1.0,W14_02u_asia,eu,
aster,ZEN,2,1788860483,1,7.016,22.805017,28,22,0,2186.8651,14996.2529,17113.0122,0,5070.7232,5336.1618,7521.6242,11.403,12.023,14.498,20.077,22.866,165.506,11.537,15.253,19.784,21.295,108.999,318.345,1.0,1.0,1.0,1.0,1.0,1.0,1.0,1.0,1.0,1.0,1.0,0.4358,W14_02u_asia,eu,
aster,ZRO,2,1788860483,1,1.13225,13.247958,199,235,250.37885,1691.41762,5074.21706,9360.74996,787.58145,4813.05914,5449.80571,6622.23582,9.268,11.583,19.993,30.743,53.02,188.699,6.624,8.362,13.148,15.815,81.872,238.372,1.0,1.0,1.0,1.0,1.0,1.0,1.0,1.0,1.0,1.0,1.0,1.0,W14_02u_asia,eu,
aster,龙虾,2,1788860483,1,0.056913,29.342775,144,115,0,191.647228,11349.407063,31346.130197,0,2615.02892,8278.872495,21779.124907,23.597,25.723,30.312,33.289,36.511,51.865,14.671,14.671,18.871,27.395,37.53,76.489,1.0,1.0,1.0,1.0,1.0,1.0,1.0,1.0,1.0,1.0,1.0,1.0,W14_02u_asia,eu,
binance,AR,2,1788860483,1,2.9395,3.401939,904,1000,2462.4594,19427.9259,61920.5675,135300.4629,3201.9982,16095.4378,46056.8213,82958.2854,4.019,4.782,7.064,9.637,12.942,18.673,1.701,2.95,5.853,8.404,12.624,19.958,1.0,1.0,1.0,1.0,1.0,1.0,1.0,1.0,1.0,1.0,1.0,1.0,W14_02u_asia,eu,
binance,FET,2,1788860483,1,0.18525,5.398111,836,1000,35971.9315,125749.9659,222705.4785,478839.8443,38779.9227,118369.3539,194135.0757,326906.6378,2.699,2.699,2.699,2.699,3.317,6.185,2.699,4.29,6.574,7.336,7.716,7.945,1.0,1.0,1.0,1.0,1.0,1.0,1.0,1.0,1.0,1.0,1.0,1.0,W14_02u_asia,eu,
binance,KAS,2,1788860484,0,,,,,,,,,,,,,,,,,,,,,,,,,,,,,,,,,,,,,W14_02u_asia,eu,"binance KAS: {'code': -1003, 'msg': 'Way too many requests; IP(8.212.10.159) banned until 178"
binance,FIL,2,1788860484,1,0.84815,1.179037,1000,1000,39952.07783,180624.83738,439732.39937,1075376.96148,51213.40459,189003.56747,372511.19472,902390.90314,2.147,2.547,3.025,3.576,4.242,5.484,0.59,0.59,0.921,1.498,2.331,4.301,1.0,1.0,1.0,1.0,1.0,1.0,1.0,1.0,1.0,1.0,1.0,1.0,W14_02u_asia,eu,
binance,KITE,2,1788860484,1,0.118925,0.840866,1000,1000,1627.81287,14635.54582,41414.55575,88261.47678,9390.99506,30732.54649,50281.82278,80708.82923,3.113,4.684,8.15,11.662,15.583,23.323,0.42,1.222,3.858,5.454,7.027,13.462,1.0,1.0,1.0,1.0,1.0,1.0,1.0,1.0,1.0,1.0,1.0,1.0,W14_02u_asia,eu,
binance,MAGMA,2,1788860484,1,0.23585,0.847997,1000,1000,1353.15915,3946.38178,7513.83248,18795.86424,797.34478,4574.78583,10083.33399,20086.62146,6.167,7.607,11.635,17.237,33.238,67.968,3.621,6.268,10.757,15.521,28.308,66.973,1.0,1.0,1.0,1.0,1.0,1.0,1.0,1.0,1.0,1.0,1.0,1.0,W14_02u_asia,eu,
binance,LDO,2,1788860484,1,0.39425,2.536462,1000,1000,15326.1151,64895.5919,163091.7181,367437.5614,10653.2215,76719.8232,160346.9333,310018.5564,1.268,1.268,1.268,2.228,3.985,8.09,3.129,3.467,4.214,5.278,6.715,9.715,1.0,1.0,1.0,1.0,1.0,1.0,1.0,1.0,1.0,1.0,1.0,1.0,W14_02u_asia,eu,
binance,ONDO,2,1788860484,1,0.38185,2.618829,1000,1000,159031.23173,418478.30768,670693.78774,1301763.50992,133428.27485,307772.6721,571759.4193,1174462.54286,1.309,1.309,1.309,1.309,1.309,1.991,1.309,1.309,1.309,1.309,1.309,2.83,1.0,1.0,1.0,1.0,1.0,1.0,1.0,1.0,1.0,1.0,1.0,1.0,W14_02u_asia,eu,
binance,RIVER,2,1788860484,1,1.2605,7.93336,527,1000,2341.836,13170.6011,34513.9243,97121.8426,359.8894,11776.7831,30382.6239,81670.2122,3.967,3.967,4.466,8.183,11.686,21.902,6.192,9.046,10.758,11.329,15.226,24.093,1.0,1.0,1.0,1.0,1.0,1.0,1.0,1.0,1.0,1.0,1.0,1.0,W14_02u_asia,eu,
binance,POWER,2,1788860484,1,0.08779,4.556328,935,1000,292.72727,2525.28814,9957.61289,25842.88329,3905.24116,8378.49479,16328.04255,32213.90988,8.092,11.528,15.15,22.251,32.413,59.263,6.293,7.703,8.549,9.081,14.976,36.678,1.0,1.0,1.0,1.0,1.0,1.0,1.0,1.0,1.0,1.0,1.0,1.0,W14_02u_asia,eu,
binance,RUNE,2,1788860484,1,0.48525,2.060793,597,1000,3557.683,12441.14,29030.8262,103919.8349,5773.2617,24194.0978,55860.6613,117434.0882,3.534,4.343,6.452,8.456,12.115,24.056,2.817,3.298,4.917,6.822,9.17,15.822,1.0,1.0,1.0,1.0,1.0,1.0,1.0,1.0,1.0,1.0,1.0,1.0,W14_02u_asia,eu,
binance,TAO,2,1788860484,0,,,,,,,,,,,,,,,,,,,,,,,,,,,,,,,,,,,,,W14_02u_asia,eu,"binance TAO: {'code': -1003, 'msg': 'Way too many requests; IP(8.212.10.159) banned until 178"
binance,UAI,2,1788860484,1,0.7145,2.79916,1000,1000,3053.7739,16443.9292,33113.5193,72257.2739,4359.8956,17440.1993,31465.8135,65024.1345,2.979,3.864,6.392,8.701,11.62,21.332,2.531,2.952,4.849,7.206,11.097,20.724,1.0,1.0,1.0,1.0,1.0,1.0,1.0,1.0,1.0,1.0,1.0,1.0,W14_02u_asia,eu,
binance,USELESS,2,1788860484,1,0.244815,0.408472,1000,1000,8945.18599,28491.57819,67777.63321,126069.68874,7326.77164,30371.63723,66668.15127,139467.89251,1.911,2.826,4.065,5.659,7.282,13.59,0.497,1.083,2.747,4.325,7.121,12.901,1.0,1.0,1.0,1.0,1.0,1.0,1.0,1.0,1.0,1.0,1.0,1.0,W14_02u_asia,eu,
binance,XMR,2,1788860484,1,520.505,0.192121,1000,1000,8980.75702,43284.61702,319744.74125,809335.20793,18168.26926,84017.29965,300193.80696,442128.63087,0.715,1.241,3.276,5.111,7.358,12.343,0.096,0.621,2.022,3.427,5.098,7.809,1.0,1.0,1.0,1.0,1.0,1.0,1.0,1.0,1.0,1.0,1.0,1.0,W14_02u_asia,eu,
binance,WIF,2,1788860484,1,0.22155,4.513654,892,1000,7183.1182,51034.65928,137324.99573,403706.39443,13423.13252,71140.3495,162032.13235,307203.05459,2.257,2.398,5.021,5.896,7.603,12.296,2.257,2.257,2.257,2.257,4.283,8.193,1.0,1.0,1.0,1.0,1.0,1.0,1.0,1.0,1.0,1.0,1.0,1.0,W14_02u_asia,eu,
binance,ZEC,2,1788860484,1,1139.625,0.087748,1000,1000,216454.65802,832689.98119,1999430.80794,4440812.80539,437950.05939,1189587.43924,3090672.82631,6127382.72073,0.044,0.067,0.292,0.492,0.663,1.089,0.044,0.044,0.044,0.111,0.548,1.166,1.0,1.0,1.0,1.0,1.0,1.0,1.0,1.0,1.0,1.0,1.0,1.0,W14_02u_asia,eu,
binance,ZEN,2,1788860484,1,7.013,2.851847,1000,1000,9585.1334,21722.2914,97617.8352,246017.4614,6216.4595,35360.9543,90963.7317,186821.781,1.426,2.048,4.469,5.806,7.713,15.445,2.348,2.6,3.954,6.268,8.927,12.731,1.0,1.0,1.0,1.0,1.0,1.0,1.0,1.0,1.0,1.0,1.0,1.0,W14_02u_asia,eu,
binance,ZRO,2,1788860484,1,1.13115,0.884056,1000,1000,4438.10895,23761.06588,77297.33268,176195.69038,11483.74392,39597.71437,78235.29793,217595.33261,2.698,3.316,4.963,6.935,9.155,15.685,2.339,2.716,2.963,4.432,6.518,11.044,1.0,1.0,1.0,1.0,1.0,1.0,1.0,1.0,1.0,1.0,1.0,1.0,W14_02u_asia,eu,
binance,龙虾,2,1788860484,1,0.056802,5.105409,1000,1000,998.267533,3723.510011,6528.950489,30253.167546,748.298241,3057.538719,7469.806889,15664.362619,4.19,5.489,11.632,19.862,35.971,59.119,5.148,6.998,12.171,20.345,34.768,81.155,1.0,1.0,1.0,1.0,1.0,1.0,1.0,1.0,1.0,1.0,1.0,1.0,W14_02u_asia,eu,
bitget,BTW,2,1788860484,1,0.451558,8.924647,100,100,88.44255,3701.563827,10383.122875,22857.004108,293.305121,5203.55928,9936.209405,21497.119953,10.536,10.914,13.694,19.752,27.929,58.526,9.02,9.521,10.003,14.075,23.599,60.971,1.0,1.0,1.0,1.0,1.0,1.0,1.0,1.0,1.0,1.0,1.0,1.0,W14_02u_asia,eu,
bitget,AR,2,1788860484,1,2.9375,3.404255,100,100,1358.519,7008.7693,40821.1138,112550.7842,1279.555,17309.351,52462.7607,88424.446,4.788,6.501,9.4,13.294,18.609,29.155,4.784,6.241,9.871,13.714,17.226,21.932,1.0,1.0,1.0,1.0,1.0,1.0,1.0,1.0,1.0,1.0,1.0,1.0,W14_02u_asia,eu,
bitget,FET,2,1788860484,1,0.18515,5.401026,100,100,9405.4601,48070.7751,127112.4673,297747.1036,23125.145,81403.3471,120798.3029,284997.0911,6.9,7.501,7.861,7.981,8.358,12.296,2.701,2.701,2.701,2.701,3.545,6.687,1.0,1.0,1.0,1.0,1.0,1.0,1.0,1.0,1.0,1.0,1.0,1.0,W14_02u_asia,eu,
bitget,FIL,2,1788860484,1,0.8482,2.357934,100,100,89161.06152,321834.96105,549645.73868,1321534.97801,143882.91891,383639.56309,614026.20085,1289536.03356,2.12,2.647,3.184,4.416,5.467,6.898,1.179,1.179,1.179,1.179,1.179,1.528,1.0,1.0,1.0,1.0,1.0,1.0,1.0,1.0,1.0,1.0,1.0,1.0,W14_02u_asia,eu,
bitget,KAS,2,1788860484,1,0.03459,5.782018,100,100,1581.50154,18456.14956,54064.7035,106173.84428,960.84332,16286.81668,39650.44695,77875.4696,4.725,6.24,8.761,10.551,14.416,20.58,6.593,7.748,10.038,11.721,13.437,20.67,1.0,1.0,1.0,1.0,1.0,1.0,1.0,1.0,1.0,1.0,1.0,1.0,W14_02u_asia,eu,
bitget,LDO,2,1788860484,1,0.3942,5.073567,100,100,2265.47889,26757.13412,47142.87592,129780.86209,5256.52622,51379.09335,92695.42146,141946.5207,4.487,6.01,7.207,8.677,10.452,14.061,3.32,4.197,5.445,6.528,8.576,13.514,1.0,1.0,1.0,1.0,1.0,1.0,1.0,1.0,1.0,1.0,1.0,1.0,W14_02u_asia,eu,
bitget,KITE,2,1788860484,1,0.118985,9.244863,100,100,674.73056,3136.23863,43768.0449,90458.46031,8507.96506,25172.42533,42811.56427,72920.24417,6.925,9.269,14.368,19.46,22.902,28.495,4.959,5.631,6.035,6.169,7.227,10.439,1.0,1.0,1.0,1.0,1.0,1.0,1.0,1.0,1.0,1.0,1.0,1.0,W14_02u_asia,eu,
bitget,MAGMA,2,1788860484,1,0.236295,5.501598,100,100,315.0231,7461.37937,25827.35562,54348.78942,1705.23774,11614.23247,21877.65069,41038.40174,7.777,10.414,14.176,18.758,23.998,34.454,7.074,8.51,10.003,13.183,17.696,31.667,1.0,1.0,1.0,1.0,1.0,1.0,1.0,1.0,1.0,1.0,1.0,1.0,W14_02u_asia,eu,
bitget,ONDO,2,1788860484,1,0.38195,2.618144,100,100,114433.21252,347465.74344,947277.32773,1870278.1558,274583.89517,561385.69462,1155860.60876,1892412.78991,1.552,2.74,3.452,3.69,5.003,5.928,1.309,1.309,1.309,1.801,2.864,3.502,1.0,1.0,1.0,1.0,1.0,1.0,1.0,1.0,1.0,1.0,1.0,1.0,W14_02u_asia,eu,
bitget,POWER,2,1788860484,1,0.08808,6.811989,100,100,676.03344,2586.21384,13700.52847,32818.49146,1994.83775,9666.90728,16140.89198,37229.91281,6.015,10.205,17.461,24.77,33.504,49.495,3.406,3.406,5.488,11.062,16.791,38.201,1.0,1.0,1.0,1.0,1.0,1.0,1.0,1.0,1.0,1.0,1.0,1.0,W14_02u_asia,eu,
bitget,RIVER,2,1788860484,1,1.26,15.873016,100,100,4067.829,17951.157,36326.065,51890.582,2822.118,13378.124,27245.087,44071.44,7.937,7.937,7.937,9.411,12.642,21.716,7.937,7.937,7.937,11.397,15.397,26.657,1.0,1.0,1.0,1.0,1.0,1.0,1.0,1.0,1.0,1.0,1.0,1.0,W14_02u_asia,eu,
bitget,TAO,2,1788860484,1,254.835,2.746875,100,100,49799.92319,200531.24799,1108728.95,1711718.9135,21731.20329,164480.00342,371835.83096,799037.67958,1.448,1.607,2.012,2.946,4.224,5.915,2.007,2.2,2.675,3.514,4.523,7.045,1.0,1.0,1.0,1.0,1.0,1.0,1.0,1.0,1.0,1.0,1.0,1.0,W14_02u_asia,eu,
bitget,RUNE,2,1788860484,1,0.4851,4.122861,100,100,2677.72756,11112.01845,27964.19118,55035.0886,2175.77517,12978.09987,27198.24825,59514.38874,2.061,2.504,5.328,9.431,13.211,26.748,2.062,3.614,6.017,8.162,11.791,23.17,1.0,1.0,1.0,1.0,1.0,1.0,1.0,1.0,1.0,1.0,1.0,1.0,W14_02u_asia,eu,
bitget,UAI,2,1788860484,1,0.714595,4.618,100,100,2067.29377,12634.64506,29394.61477,48187.72994,240.24535,3854.82217,20200.82795,31211.17391,5.647,6.413,8.02,10.661,13.267,24.267,9.481,13.668,16.991,21.413,27.434,38.572,1.0,1.0,1.0,1.0,1.0,1.0,1.0,1.0,1.0,1.0,1.0,1.0,W14_02u_asia,eu,
bitget,USELESS,2,1788860484,1,0.244985,3.673694,100,100,2047.54242,12919.37251,29449.75028,85087.28954,1639.76094,9416.23917,37025.37832,73773.55389,3.527,4.48,6.967,9.921,13.804,24.248,3.55,3.956,6.715,10.658,15.552,26.703,1.0,1.0,1.0,1.0,1.0,1.0,1.0,1.0,1.0,1.0,1.0,1.0,W14_02u_asia,eu,
bitget,WIF,2,1788860484,1,0.2213,9.037506,100,100,11705.09894,98515.36718,295271.61535,530625.91036,3771.49813,29928.99788,219764.21551,394577.99787,4.519,4.519,4.519,4.928,6.983,11.338,4.519,6.113,7.868,9.566,12.709,17.774,1.0,1.0,1.0,1.0,1.0,1.0,1.0,1.0,1.0,1.0,1.0,1.0,W14_02u_asia,eu,
bitget,XMR,2,1788860484,1,520.725,8.641797,100,100,7347.5373,143794.0035,413273.5588,769808.6083,4074.9589,185894.0836,373645.2754,482376.1985,4.321,4.543,5.985,6.679,7.965,9.696,5.157,5.315,6.082,7.85,9.926,11.298,1.0,1.0,1.0,1.0,1.0,1.0,1.0,1.0,1.0,1.0,1.0,1.0,W14_02u_asia,eu,
bitget,ZRO,2,1788860484,1,1.13155,6.186205,100,100,1054.0209,14422.5916,47647.4298,165468.7287,3324.7767,17716.2451,74667.4592,172269.6983,3.574,5.33,9.426,12.265,17.616,23.866,4.476,5.656,7.132,9.536,14.145,20.323,1.0,1.0,1.0,1.0,1.0,1.0,1.0,1.0,1.0,1.0,1.0,1.0,W14_02u_asia,eu,
bybit,AR,2,1788860484,1,2.9365,10.216244,200,200,435.4296,6273.5289,12639.697,17457.6557,595.302,2074.3818,9301.6064,16258.5676,8.471,10.888,15.852,18.993,23.593,61.818,5.726,9.69,17.455,23.522,35.517,71.683,1.0,1.0,1.0,1.0,1.0,1.0,1.0,1.0,1.0,1.0,1.0,1.0,W14_02u_asia,eu,
bybit,BTW,2,1788860484,1,0.44998,10.667141,200,200,202.3287,2573.9237,10075.9477,16715.2337,67.5334,2357.6829,6982.113,14219.9819,10.76,11.936,17.072,22.255,30.085,68.119,14.076,15.794,18.64,25.093,38.124,81.715,1.0,1.0,1.0,1.0,1.0,0.8467,1.0,1.0,1.0,1.0,1.0,0.7954,W14_02u_asia,eu,
bybit,FIL,2,1788860484,1,0.84805,1.179176,200,200,11470.09855,34185.02334,215686.16874,447455.25422,9902.46383,32174.23068,235639.86163,463124.31097,1.971,2.46,4.682,6.244,7.544,10.386,2.416,3.034,5.117,6.514,7.691,10.664,1.0,1.0,1.0,1.0,1.0,1.0,1.0,1.0,1.0,1.0,1.0,1.0,W14_02u_asia,eu,
bybit,KAS,2,1788860484,1,0.034555,2.893937,200,200,2446.732,14264.5502,40914.7567,66279.2017,659.9568,8885.4841,16542.865,190997.1917,3.633,4.42,6.169,8.921,13.3,23.349,3.727,6.466,8.808,11.881,17.282,34.992,1.0,1.0,1.0,1.0,1.0,1.0,1.0,1.0,1.0,1.0,1.0,1.0,W14_02u_asia,eu,
bybit,KITE,2,1788860484,1,0.118935,5.885568,200,200,626.50268,2451.26067,5013.97402,7875.30868,873.89504,2577.18759,4851.47968,8557.66613,5.706,8.493,14.694,25.127,59.899,194.178,3.751,5.711,13.485,25.178,56.355,246.533,1.0,1.0,1.0,1.0,1.0,1.0,1.0,1.0,1.0,1.0,1.0,1.0,W14_02u_asia,eu,
bybit,LDO,2,1788860484,1,0.3938,5.07872,200,200,846.88825,16641.97778,59851.91727,235858.57208,2564.03139,24780.17001,67292.5034,254296.78648,6.093,7.243,9.274,12.687,16.125,20.922,4.699,4.889,5.794,8.385,11.306,16.485,1.0,1.0,1.0,1.0,1.0,1.0,1.0,1.0,1.0,1.0,1.0,1.0,W14_02u_asia,eu,
bybit,MAGMA,2,1788860484,1,0.236,8.474576,200,200,447.8982,1227.7851,3195.1205,6323.9159,3395.3502,3725.1451,4960.2422,8440.2442,6.634,10.538,21.108,38.983,75.837,196.056,7.979,8.227,8.375,16.048,51.32,228.145,1.0,1.0,1.0,1.0,1.0,1.0,1.0,1.0,1.0,1.0,1.0,1.0,W14_02u_asia,eu,
bybit,ONDO,2,1788860484,1,0.38185,2.618829,200,200,74678.4904,275390.0011,494482.1732,808314.6248,121795.9826,291237.2572,509731.8407,1164346.3229,1.309,1.309,1.309,1.309,2.484,4.153,1.309,1.309,1.309,1.309,1.309,2.79,1.0,1.0,1.0,1.0,1.0,1.0,1.0,1.0,1.0,1.0,1.0,1.0,W14_02u_asia,eu,
bybit,RIVER,2,1788860484,1,1.2605,7.93336,200,200,109.998,1498.0548,4075.7417,7464.8187,374.517,1394.0268,4666.833,9697.2306,11.717,15.775,21.382,31.929,67.049,186.082,5.96,10.266,20.193,29.958,54.027,162.69,1.0,1.0,1.0,1.0,1.0,1.0,1.0,1.0,1.0,1.0,1.0,1.0,W14_02u_asia,eu,
bybit,POWER,2,1788860484,1,0.087945,12.507817,200,200,686.74109,1744.13243,3638.11924,7912.45185,295.39123,1919.70883,4389.70494,7309.54586,9.119,10.353,20.379,35.539,66.762,138.054,9.804,10.983,19.28,32.724,64.943,136.696,1.0,1.0,1.0,1.0,1.0,0.6447,1.0,1.0,1.0,1.0,1.0,0.6766,W14_02u_asia,eu,
bybit,RUNE,2,1788860484,1,0.48525,6.18238,200,200,188.587,1992.82886,5640.02411,67141.45477,444.00173,1970.94203,30918.39145,69516.26467,10.894,14.695,20.99,32.526,41.265,46.974,8.03,11.266,18.943,31.965,39.167,44.066,1.0,1.0,1.0,1.0,1.0,1.0,1.0,1.0,1.0,1.0,1.0,1.0,W14_02u_asia,eu,
bybit,TAO,2,1788860484,1,255.015,0.392134,200,200,29298.38006,211441.05968,683494.14456,987083.72722,35663.89769,202294.21285,695368.54825,1116778.58521,0.993,1.479,2.425,3.443,4.75,6.577,0.333,0.728,1.379,2.117,3.251,5.819,1.0,1.0,1.0,1.0,1.0,1.0,1.0,1.0,1.0,1.0,1.0,1.0,W14_02u_asia,eu,
bybit,USELESS,2,1788860484,1,0.24489,7.350239,200,200,3817.50644,19330.24967,44307.45568,92949.56056,2548.02342,17067.77257,67854.99694,138365.87582,3.675,4.036,4.866,7.278,10.867,18.814,5.492,6.013,7.428,9.044,11.75,20.424,1.0,1.0,1.0,1.0,1.0,1.0,1.0,1.0,1.0,1.0,1.0,1.0,W14_02u_asia,eu,
bybit,UAI,2,1788860484,1,0.71405,7.002311,200,200,1567.5297,4093.633,9623.2608,19466.5843,1077.4191,3416.6554,10161.5954,16222.6971,6.409,7.204,9.755,16.447,28.204,70.842,3.558,5.618,11.332,19.504,29.285,82.672,1.0,1.0,1.0,1.0,1.0,1.0,1.0,1.0,1.0,1.0,1.0,1.0,W14_02u_asia,eu,
bybit,WIF,2,1788860484,1,0.22125,4.519774,200,200,6053.7489,62689.1752,134538.5135,219402.4041,3833.3607,58066.9669,110648.0255,192159.9292,2.26,2.26,4.887,5.833,8.089,11.597,3.174,4.977,6.058,7.476,9.388,14.709,1.0,1.0,1.0,1.0,1.0,1.0,1.0,1.0,1.0,1.0,1.0,1.0,W14_02u_asia,eu,
bybit,XMR,2,1788860484,1,520.9,1.535803,200,200,5814.4509,76744.0963,248419.3689,248823.6111,13964.4583,92433.5761,230547.0436,230547.0436,2.65,3.591,4.689,6.417,8.904,13.229,2.532,3.017,3.46,4.742,6.086,9.172,1.0,1.0,1.0,1.0,1.0,1.0,1.0,1.0,1.0,1.0,1.0,1.0,W14_02u_asia,eu,
bybit,ZEN,2,1788860484,1,7.009,5.706948,200,200,764.8028,4778.1059,13584.6302,23421.6011,779.3179,5115.969,16320.8347,33506.5005,6.299,8.676,12.248,17.787,25.422,52.254,7.304,8.93,14.635,19.311,23.377,50.008,1.0,1.0,1.0,1.0,1.0,1.0,1.0,1.0,1.0,1.0,1.0,1.0,W14_02u_asia,eu,
bybit,ZRO,2,1788860484,1,1.13125,2.651934,200,200,4389.69334,18988.13069,57207.3656,116794.82936,5161.77388,27489.56634,49110.86693,140580.56503,1.326,1.326,1.326,3.828,7.794,17.059,2.887,3.874,4.838,5.361,8.818,15.039,1.0,1.0,1.0,1.0,1.0,1.0,1.0,1.0,1.0,1.0,1.0,1.0,W14_02u_asia,eu,
dydx,FIL,2,1788860484,1,0.84875,45.949926,57,75,0,17640.1951,23440.0633,23478.7861,0,9872.3735,12772.2407,18572.6407,22.975,22.975,22.975,22.975,22.975,33.83,22.975,22.975,22.975,22.975,23.01,49.679,1.0,1.0,1.0,1.0,1.0,1.0,1.0,1.0,1.0,1.0,1.0,1.0,W14_02u_asia,eu,
dydx,MORPHO,2,1788860484,1,1.577,14901.712112,1,2,0,0,0,0,0,0,0,0,7450.856,7450.856,7450.856,7450.856,7450.856,7450.856,7469.88,7469.88,7469.88,7469.88,7469.88,7469.88,1.0,1.0,1.0,1.0,1.0,1.0,0.1135,0.0568,0.0227,0.0114,0.0057,0.0023,W14_02u_asia,eu,
dydx,LDO,2,1788860484,1,0.3938,66.023362,64,52,0,0,17481.211,23281.1129,0,0,17580.3625,23380.4873,33.012,33.012,33.012,33.012,33.012,43.341,33.012,33.012,33.012,33.074,34.313,48.66,1.0,1.0,1.0,1.0,1.0,1.0,1.0,1.0,1.0,1.0,1.0,1.0,W14_02u_asia,eu,
dydx,ONDO,2,1788860485,1,0.3829,94.019326,83,56,0,0,21299.763,49699.6604,0,0,7100.0232,21299.9782,47.01,47.01,47.01,47.01,47.758,56.013,47.01,47.01,47.01,47.01,49.308,60.194,1.0,1.0,1.0,1.0,1.0,1.0,1.0,1.0,1.0,1.0,1.0,1.0,W14_02u_asia,eu,
dydx,RUNE,2,1788860485,1,0.48655,59.60333,50,52,0,0,11699.974,27299.908,0,0,3900.096,27299.9552,29.802,29.802,29.802,30.249,31.053,53.343,29.802,29.802,29.802,34.371,42.363,68.012,1.0,1.0,1.0,1.0,1.0,1.0,1.0,1.0,1.0,1.0,1.0,1.0,W14_02u_asia,eu,
dydx,TAO,2,1788860485,1,255.095,10.584292,79,83,7100.636,7100.636,29634.6517,124797.786,847.5746,9862.7633,83725.9697,1980235.1596,5.292,5.292,5.292,5.292,11.081,20.062,6.792,8.362,13.101,15.273,16.592,26.041,1.0,1.0,1.0,1.0,1.0,1.0,1.0,1.0,1.0,1.0,1.0,1.0,W14_02u_asia,eu,
dydx,SPX,2,1788860485,0,,,,,,,,,,,,,,,,,,,,,,,,,,,,,,,,,,,,,W14_02u_asia,eu,dydx SPX: empty snapshot
dydx,ICP,2,1788860484,1,3.098,36.797934,54,71,0,5184.24095,22645.56187,37345.39261,0,22710.45912,36910.48644,65310.60076,18.399,18.399,18.399,18.399,21.812,33.594,18.399,18.399,18.399,18.399,18.399,20.329,1.0,1.0,1.0,1.0,1.0,1.0,1.0,1.0,1.0,1.0,1.0,1.0,W14_02u_asia,eu,
dydx,WIF,2,1788860485,1,0.22152,48.754063,63,54,0,5142.42558,22526.08368,36726.13678,0,15502.89684,36802.7545,65202.68806,24.377,24.377,24.377,24.377,25.033,31.333,24.377,24.377,24.377,24.377,24.377,26.227,1.0,1.0,1.0,1.0,1.0,1.0,1.0,1.0,1.0,1.0,1.0,1.0,W14_02u_asia,eu,
dydx,XMR,2,1788860485,1,523.055,103.048437,78,100,0,0,0,1298.8156,0,0,0,8110.2492,59.86,66.016,181.684,244.315,275.631,294.42,51.524,51.524,59.727,64.898,93.67,156.136,1.0,1.0,1.0,1.0,1.0,1.0,1.0,1.0,1.0,1.0,1.0,1.0,W14_02u_asia,eu,
hl,ONDO,2,1788860486,1,0.382345,0.261544,20,20,37292.39635,46767.80537,46767.80537,46767.80537,36041.51939,40839.74277,40839.74277,40839.74277,0.131,0.131,0.322,0.992,1.607,3.05,0.223,0.827,1.875,2.821,3.545,5.407,1.0,1.0,1.0,1.0,1.0,1.0,1.0,1.0,1.0,1.0,1.0,1.0,W14_02u_asia,eu,
dydx,ZEC,2,1788860486,1,1141.66,35.737435,100,75,0,911.696,20576.165,2510732.043,0,1198534.052,2493543.591,14885347.633,17.869,19.455,29.487,32.831,35.479,44.951,17.869,17.869,17.869,17.869,17.869,20.172,1.0,1.0,1.0,1.0,1.0,1.0,1.0,1.0,1.0,1.0,1.0,1.0,W14_02u_asia,eu,
dydx,ZRO,2,1788860486,1,1.133,88.261253,38,25,0,0,2900.088,20299.988,0,0,2899.624,8699.412,44.131,44.131,44.131,47.815,55.931,234.678,44.131,44.131,44.131,47.861,57.526,253.748,1.0,1.0,1.0,1.0,1.0,1.0,1.0,1.0,1.0,1.0,1.0,1.0,W14_02u_asia,eu,
okx,USELESS,2,1788860486,1,0.244705,2.860587,400,400,755.42675,2954.70234,6592.45003,14485.09958,686.11945,4185.91515,8030.91593,18213.84106,5.071,7.411,13.757,23.424,39.017,83.079,5.784,7.937,11.056,17.699,32.745,77.206,1.0,1.0,1.0,1.0,1.0,0.9082,1.0,1.0,1.0,1.0,1.0,1.0,W14_02u_asia,eu,
dydx,ZEN,2,1788860486,1,7.0185,101.161217,28,27,0,0,0,998.569,0,0,0,1001.668,50.581,50.581,431.836,562.502,627.835,667.035,50.581,52.388,432.702,560.798,624.846,663.274,1.0,1.0,1.0,1.0,1.0,1.0,1.0,1.0,1.0,1.0,1.0,1.0,W14_02u_asia,eu,
aster,FET,3,1788860531,1,0.1854,21.574973,51,57,0,16309.594,19812.2622,22602.2769,0,23674.5496,28983.4307,35585.1636,10.787,10.787,10.787,10.787,13.3,35.711,10.787,10.787,10.787,10.787,10.787,12.989,1.0,1.0,1.0,1.0,1.0,1.0,1.0,1.0,1.0,1.0,1.0,1.0,W14_02u_asia,eu,
aster,AR,3,1788860531,1,2.941,20.401224,15,9,0,10567.3601,11456.5129,12991.0137,0,9994.6252,11358.0782,12953.7716,10.201,10.201,14.893,19.162,21.482,222.637,10.201,10.201,17.989,20.895,22.358,69.988,1.0,1.0,1.0,1.0,1.0,0.5912,1.0,1.0,1.0,1.0,1.0,0.5291,W14_02u_asia,eu,
aster,FIL,3,1788860531,1,0.849,23.557126,25,21,0,18960.7567,24003.1408,29995.1023,0,10256.3714,12867.0403,62732.5348,11.779,11.779,11.779,14.95,19.253,27.077,11.779,11.779,14.163,18.86,21.209,56.712,1.0,1.0,1.0,1.0,1.0,1.0,1.0,1.0,1.0,1.0,1.0,1.0,W14_02u_asia,eu,
aster,BTW,3,1788860531,1,0.45131,9.749396,308,226,826.35709,5509.91476,17350.80057,44280.95888,3953.8139,10160.90051,22127.11716,44966.36002,4.875,6.397,11.441,16.736,24.907,41.671,5.062,5.079,5.916,7.507,13.733,26.552,1.0,1.0,1.0,1.0,1.0,1.0,1.0,1.0,1.0,1.0,1.0,1.0,W14_02u_asia,eu,
aster,ICP,3,1788860531,1,3.098,6.455778,145,81,990.659,18188.962,22597.541,28769.918,434.0,8023.977,12708.949,17459.155,4.996,7.122,10.596,13.973,16.67,26.363,7.312,10.112,15.171,17.699,21.309,83.042,1.0,1.0,1.0,1.0,1.0,1.0,1.0,1.0,1.0,1.0,1.0,1.0,W14_02u_asia,eu,
aster,KAS,3,1788860531,1,0.034645,20.204936,40,21,0,3039.4502,15710.92441,19150.68423,0,543.67836,7074.33462,7520.36813,10.102,10.102,10.102,19.143,26.168,85.671,10.102,18.015,23.659,30.783,58.101,249.507,1.0,1.0,1.0,1.0,1.0,1.0,1.0,1.0,1.0,1.0,1.0,1.0,W14_02u_asia,eu,
aster,KITE,3,1788860531,1,0.119095,7.556992,59,16,1225.89903,11777.14772,16088.69914,18726.0285,1500.93936,3897.08862,6911.73986,7665.73642,6.176,7.076,10.003,13.713,16.23,195.355,3.778,4.618,8.487,16.043,151.968,391.78,1.0,1.0,1.0,1.0,1.0,1.0,1.0,1.0,1.0,1.0,1.0,0.6055,W14_02u_asia,eu,
aster,LDO,3,1788860531,1,0.3945,20.278834,46,29,0,15391.2782,17643.841,19571.3554,0,7005.1058,7904.7068,9561.5104,10.139,10.139,14.098,17.188,18.734,96.126,12.622,12.731,14.218,16.315,33.416,245.498,1.0,1.0,1.0,1.0,1.0,1.0,1.0,1.0,1.0,1.0,1.0,0.6283,W14_02u_asia,eu,
aster,MAGMA,3,1788860531,1,0.235985,13.98394,100,145,1077.1914,3132.90957,12722.09184,17995.28536,349.07685,4643.12535,10749.30744,19950.11313,6.992,7.104,11.539,19.201,29.985,85.097,9.244,11.903,15.664,19.075,26.373,60.617,1.0,1.0,1.0,1.0,1.0,1.0,1.0,1.0,1.0,1.0,1.0,1.0,W14_02u_asia,eu,
aster,MORPHO,3,1788860531,1,2.4137,21.543688,25,22,0,3121.4456,4344.43895,5480.85325,0,2132.68384,2132.68384,2638.414,10.772,10.772,13.036,25.04,145.858,275.603,10.772,16.652,28.897,145.13,210.774,337.833,1.0,1.0,1.0,1.0,1.0,1.0,1.0,1.0,1.0,1.0,1.0,1.0,W14_02u_asia,eu,
aster,POWER,3,1788860531,1,0.08774,43.309779,34,26,0,225.78002,395.8531,576.21175,0,999.93996,1296.36149,2654.70273,37.627,114.849,265.253,617.366,1114.607,1114.607,21.655,21.665,42.829,223.894,608.763,663.908,1.0,1.0,1.0,1.0,0.7851,0.3141,1.0,1.0,1.0,1.0,1.0,0.4021,W14_02u_asia,eu,
aster,RIVER,3,1788860531,1,1.26,15.873016,62,123,1531.0699,7835.6245,22150.1545,27959.4764,3695.991,9035.2147,23546.8637,32369.7408,7.937,7.937,11.009,13.441,19.796,34.862,7.937,7.937,7.937,10.011,16.594,29.576,1.0,1.0,1.0,1.0,1.0,1.0,1.0,1.0,1.0,1.0,1.0,1.0,W14_02u_asia,eu,
aster,TAO,3,1788860531,1,255.225,4.309923,172,102,19235.96375,63649.48398,108325.94267,145156.72433,25849.57067,62894.37206,117105.8462,146945.15515,2.155,2.155,2.99,3.842,5.082,7.755,2.155,2.155,2.417,2.742,3.479,5.843,1.0,1.0,1.0,1.0,1.0,1.0,1.0,1.0,1.0,1.0,1.0,1.0,W14_02u_asia,eu,
aster,ONDO,3,1788860531,1,0.3817,5.239717,116,162,20950.69126,28419.57752,39181.58605,50323.01892,10078.30773,18364.34512,31948.97304,45433.98272,4.267,4.753,5.045,5.142,5.191,7.305,2.62,2.62,2.927,4.083,4.691,15.612,1.0,1.0,1.0,1.0,1.0,1.0,1.0,1.0,1.0,1.0,1.0,1.0,W14_02u_asia,eu,
aster,UAI,3,1788860531,1,0.71465,15.39215,95,126,996.1695,8265.0921,17538.0175,50707.0389,726.013,7497.7685,14884.4667,31767.316,7.696,7.705,12.167,15.96,20.817,36.213,8.765,9.481,15.463,19.276,22.893,45.91,1.0,1.0,1.0,1.0,1.0,1.0,1.0,1.0,1.0,1.0,1.0,1.0,W14_02u_asia,eu,
aster,USELESS,3,1788860531,1,0.24601,15.446527,78,64,27.03763,9224.45997,28863.36142,47509.58776,1540.01757,7723.75224,25765.61608,43957.35241,12.389,12.495,12.559,12.69,16.028,26.871,7.723,7.723,10.895,15.974,19.921,31.691,1.0,1.0,1.0,1.0,1.0,1.0,1.0,1.0,1.0,1.0,1.0,1.0,W14_02u_asia,eu,
aster,WIF,3,1788860531,1,0.2214,18.066847,32,30,661.91888,4495.78268,8075.32604,13851.361,2879.04936,14973.53803,19368.74444,27140.11381,9.033,12.082,15.673,17.767,32.009,101.642,9.033,9.033,9.033,10.952,12.251,27.037,1.0,1.0,1.0,1.0,1.0,1.0,1.0,1.0,1.0,1.0,1.0,1.0,W14_02u_asia,eu,
aster,SPX,3,1788860531,1,0.5393,22.251066,22,13,0,2753.773,15509.5147,16387.7652,0,5281.8977,5281.8977,6409.2343,11.126,11.126,14.915,23.381,28.379,646.58,11.643,16.947,20.723,22.414,147.504,817.937,1.0,1.0,1.0,1.0,1.0,1.0,1.0,1.0,1.0,1.0,1.0,0.4744,W14_02u_asia,eu,
aster,XMR,3,1788860531,1,520.25,1.537722,315,310,26240.19555,52403.73894,98081.91626,147563.3935,16044.43168,44400.72971,102615.66195,153264.76868,4.95,5.358,5.603,6.272,7.076,7.889,0.769,0.769,0.769,1.62,3.248,7.692,1.0,1.0,1.0,1.0,1.0,1.0,1.0,1.0,1.0,1.0,1.0,1.0,W14_02u_asia,eu,
aster,ZEN,3,1788860531,1,7.034,25.589991,29,22,0,14990.6772,20200.4039,29746.8236,0,5076.4658,5236.7522,6772.0696,12.795,12.795,12.795,16.631,20.4,35.94,13.066,15.774,20.331,22.25,140.5,328.059,1.0,1.0,1.0,1.0,1.0,1.0,1.0,1.0,1.0,1.0,1.0,0.4063,W14_02u_asia,eu,
aster,ZRO,3,1788860531,1,1.1339,10.582944,208,243,375.28272,3213.91608,7842.888,11561.13724,727.71246,5625.584,6022.25219,7969.16165,7.933,11.678,16.482,23.031,38.585,153.951,5.332,7.476,12.78,14.768,58.415,211.71,1.0,1.0,1.0,1.0,1.0,1.0,1.0,1.0,1.0,1.0,1.0,1.0,W14_02u_asia,eu,
aster,龙虾,3,1788860531,1,0.056693,25.752738,145,118,0,2774.8081,13616.810319,37818.515925,0,2604.48112,11062.114239,21668.228001,12.989,13.021,16.352,22.688,29.003,47.522,12.876,12.876,17.279,23.636,29.353,64.565,1.0,1.0,1.0,1.0,1.0,1.0,1.0,1.0,1.0,1.0,1.0,1.0,W14_02u_asia,eu,
binance,AR,3,1788860531,1,2.9415,3.399626,905,1000,1862.1257,15433.3014,54201.7088,129684.725,5059.7925,21710.9779,50243.9802,88397.6175,4.867,5.807,8.288,10.978,14.352,20.667,1.7,2.263,4.725,6.612,9.76,16.59,1.0,1.0,1.0,1.0,1.0,1.0,1.0,1.0,1.0,1.0,1.0,1.0,W14_02u_asia,eu,
binance,FET,3,1788860531,1,0.18535,5.395198,835,1000,32697.4982,119683.0544,213233.2268,469237.4745,30401.8695,131344.8782,200912.8239,348966.8948,2.698,2.698,2.698,2.698,3.21,6.14,2.698,3.418,6.223,7.158,7.625,7.906,1.0,1.0,1.0,1.0,1.0,1.0,1.0,1.0,1.0,1.0,1.0,1.0,W14_02u_asia,eu,
binance,FIL,3,1788860531,1,0.84845,1.17862,1000,1000,64465.51119,210006.04631,425833.29738,1017005.10952,43758.05203,197726.44724,403625.74655,885697.58531,0.589,0.656,1.323,1.815,2.654,3.962,1.419,1.593,1.876,2.412,2.969,4.49,1.0,1.0,1.0,1.0,1.0,1.0,1.0,1.0,1.0,1.0,1.0,1.0,W14_02u_asia,eu,
binance,KAS,3,1788860532,1,0.034645,2.886419,673,1000,1322.28927,13072.99516,26844.84127,82979.05935,999.76196,12746.57692,25954.98808,58054.0663,2.046,3.97,7.647,10.318,13.944,25.786,5.493,6.357,8.604,10.585,14.77,27.307,1.0,1.0,1.0,1.0,1.0,1.0,1.0,1.0,1.0,1.0,1.0,1.0,W14_02u_asia,eu,
binance,KITE,3,1788860532,1,0.118985,0.840442,1000,1000,1359.19842,21724.11622,51040.83167,85815.67526,6156.98663,20043.78076,38967.86244,73733.30415,3.179,4.7,8.151,10.871,14.029,18.895,1.824,2.803,5.312,6.555,9.014,17.087,1.0,1.0,1.0,1.0,1.0,1.0,1.0,1.0,1.0,1.0,1.0,1.0,W14_02u_asia,eu,
binance,LDO,3,1788860532,1,0.39435,2.535818,1000,1000,11351.2606,57935.9831,151999.685,365302.1246,13060.9246,86555.226,164827.4878,311401.9532,3.006,3.405,4.008,5.174,6.785,10.91,1.268,2.456,3.265,4.165,6.019,9.029,1.0,1.0,1.0,1.0,1.0,1.0,1.0,1.0,1.0,1.0,1.0,1.0,W14_02u_asia,eu,
binance,MAGMA,3,1788860532,1,0.23576,3.393281,1000,1000,436.85525,3100.12302,6409.9524,16745.85294,443.01276,3805.51918,8777.24791,20699.29517,6.218,9.386,14.596,23.324,39.795,70.971,6.367,9.379,13.902,18.998,31.882,68.348,1.0,1.0,1.0,1.0,1.0,1.0,1.0,1.0,1.0,1.0,1.0,1.0,W14_02u_asia,eu,
binance,ONDO,3,1788860532,1,0.38165,2.620202,1000,1000,141560.46824,313001.54275,578629.98201,1228463.18718,117409.97422,347581.91092,611300.40086,1196211.82882,1.31,1.31,1.31,1.31,1.31,1.408,1.31,1.31,2.586,3.258,3.594,3.796,1.0,1.0,1.0,1.0,1.0,1.0,1.0,1.0,1.0,1.0,1.0,1.0,W14_02u_asia,eu,
binance,POWER,3,1788860532,1,0.087805,3.416662,936,1000,1726.84318,4762.45469,12939.92375,28409.04387,706.70417,4438.19433,12351.12726,27553.36289,4.422,4.773,8.5,14.282,25.21,51.201,6.532,8.525,13.925,18.085,27.058,48.337,1.0,1.0,1.0,1.0,1.0,1.0,1.0,1.0,1.0,1.0,1.0,1.0,W14_02u_asia,eu,
binance,RIVER,3,1788860532,1,1.2595,7.939659,525,1000,2337.7112,14815.6777,40859.2138,103250.9696,1009.386,12888.6442,31372.2512,80320.4992,3.97,3.97,4.482,8.196,11.003,20.659,3.97,3.97,8.705,10.307,14.008,23.344,1.0,1.0,1.0,1.0,1.0,1.0,1.0,1.0,1.0,1.0,1.0,1.0,W14_02u_asia,eu,
binance,RUNE,3,1788860532,1,0.4853,4.121162,597,1000,3838.7409,14633.9109,30441.3865,106972.5628,4398.1424,21696.5379,53130.2661,113611.438,2.791,3.496,5.213,7.205,11.103,22.772,2.061,3.025,4.872,6.807,10.364,17.452,1.0,1.0,1.0,1.0,1.0,1.0,1.0,1.0,1.0,1.0,1.0,1.0,W14_02u_asia,eu,
binance,TAO,3,1788860532,1,254.965,0.392211,1000,1000,68452.24549,222365.39294,774043.67434,1857649.43858,74080.05033,255088.72337,828444.35588,1527565.31532,0.196,0.196,0.414,0.88,1.417,2.891,0.196,0.196,1.168,1.923,2.62,3.662,1.0,1.0,1.0,1.0,1.0,1.0,1.0,1.0,1.0,1.0,1.0,1.0,W14_02u_asia,eu,
binance,UAI,3,1788860532,1,0.71415,1.400266,1000,1000,2724.8792,15558.2393,31663.2941,71904.0557,3051.2749,11391.8692,29628.05,64496.0981,2.351,3.741,6.157,8.602,11.11,20.906,2.405,3.141,5.417,8.401,13.519,24.313,1.0,1.0,1.0,1.0,1.0,1.0,1.0,1.0,1.0,1.0,1.0,1.0,W14_02u_asia,eu,
binance,USELESS,3,1788860532,1,0.246015,2.032396,1000,1000,6723.73567,25182.1501,64331.52251,118266.39832,6091.29778,23694.1373,65873.37513,132813.74562,1.614,2.064,3.289,5.365,8.129,14.815,1.803,2.908,4.47,5.991,8.395,15.365,1.0,1.0,1.0,1.0,1.0,1.0,1.0,1.0,1.0,1.0,1.0,1.0,W14_02u_asia,eu,
binance,WIF,3,1788860532,1,0.22145,4.515692,891,1000,5252.85735,64402.41712,145463.26542,432644.2925,15258.04308,65003.87035,153582.94072,362643.35788,2.258,4.198,5.743,6.258,8.658,11.914,2.258,2.258,2.258,2.258,3.335,7.537,1.0,1.0,1.0,1.0,1.0,1.0,1.0,1.0,1.0,1.0,1.0,1.0,W14_02u_asia,eu,
binance,XMR,3,1788860532,1,520.355,0.192176,1000,1000,10917.61526,59676.0385,338146.34611,838262.6428,14393.84389,78826.50833,301461.11491,435300.14546,0.298,1.49,3.139,4.558,5.847,9.782,0.096,0.697,2.609,4.031,5.918,9.135,1.0,1.0,1.0,1.0,1.0,1.0,1.0,1.0,1.0,1.0,1.0,1.0,W14_02u_asia,eu,
binance,ZEC,3,1788860532,1,1140.075,0.087714,1000,1000,310965.58131,823754.9001,2220509.35349,4708923.62355,378647.90543,1035280.66428,3089170.96512,5729756.16222,0.044,0.044,0.044,0.044,0.044,0.113,0.044,0.063,0.211,0.434,0.586,0.735,1.0,1.0,1.0,1.0,1.0,1.0,1.0,1.0,1.0,1.0,1.0,1.0,W14_02u_asia,eu,
binance,ZEN,3,1788860532,1,7.0305,1.422374,1000,1000,6847.27,25271.5439,59744.5343,203104.4495,2998.5634,35917.9895,94727.9772,178514.2618,2.06,2.808,4.072,5.041,7.737,14.433,3.606,4.7,6.821,8.603,10.951,15.197,1.0,1.0,1.0,1.0,1.0,1.0,1.0,1.0,1.0,1.0,1.0,1.0,W14_02u_asia,eu,
binance,ZRO,3,1788860532,1,1.13245,0.883041,1000,1000,5742.41262,26570.42367,78113.80417,179594.59102,5157.50267,31317.10383,71341.60277,154368.63326,2.748,3.361,4.265,6.346,9.007,14.747,1.456,2.07,4.291,6.253,9.305,14.542,1.0,1.0,1.0,1.0,1.0,1.0,1.0,1.0,1.0,1.0,1.0,1.0,W14_02u_asia,eu,
binance,龙虾,3,1788860532,1,0.056562,7.42548,1000,1000,794.945731,3863.3828,10750.525057,33599.608971,294.492006,3891.415494,8987.420731,16763.265536,6.251,8.418,12.786,18.771,27.136,52.471,8.638,10.485,13.264,18.72,32.056,78.777,1.0,1.0,1.0,1.0,1.0,1.0,1.0,1.0,1.0,1.0,1.0,1.0,W14_02u_asia,eu,
bitget,AR,3,1788860532,1,2.94,6.802721,100,100,545.0147,46758.0102,68966.2732,122033.0397,1275.7736,31370.6833,62489.1017,110246.6578,6.489,8.192,10.014,11.81,13.174,15.474,3.401,5.085,7.782,9.178,11.392,15.387,1.0,1.0,1.0,1.0,1.0,1.0,1.0,1.0,1.0,1.0,1.0,1.0,W14_02u_asia,eu,
bitget,FET,3,1788860532,1,0.18525,5.398111,100,100,6998.5067,57213.0259,126139.4106,301148.926,17407.989,67936.1327,131725.225,270406.3821,6.881,7.489,7.854,7.976,9.654,12.073,2.699,2.699,2.699,4.101,6.099,8.94,1.0,1.0,1.0,1.0,1.0,1.0,1.0,1.0,1.0,1.0,1.0,1.0,W14_02u_asia,eu,
bitget,FIL,3,1788860532,1,0.84865,1.178342,100,100,12552.76957,312310.44525,620783.82264,1284198.80532,216579.92522,320175.19589,558246.36585,1337845.13241,1.269,1.889,2.59,3.801,6.09,8.72,1.643,2.576,3.505,3.814,3.969,4.062,1.0,1.0,1.0,1.0,1.0,1.0,1.0,1.0,1.0,1.0,1.0,1.0,W14_02u_asia,eu,
bitget,BTW,3,1788860532,1,0.451719,3.298507,100,100,2211.713845,5910.756325,11185.995837,22421.620568,156.843559,3893.098733,10061.988105,20701.201124,5.718,6.332,8.533,12.959,22.9,56.02,10.485,13.255,15.993,19.487,28.227,65.902,1.0,1.0,1.0,1.0,1.0,1.0,1.0,1.0,1.0,1.0,1.0,1.0,W14_02u_asia,eu,
bitget,KITE,3,1788860532,1,0.11905,10.079798,100,100,527.49504,37954.24131,55189.82231,90766.72167,655.32319,19967.46452,35281.8534,62441.73773,6.938,9.222,11.976,13.448,14.797,17.273,6.014,8.075,10.487,11.544,12.072,16.612,1.0,1.0,1.0,1.0,1.0,1.0,1.0,1.0,1.0,1.0,1.0,1.0,W14_02u_asia,eu,
bitget,LDO,3,1788860532,1,0.39425,7.609385,100,100,4618.26001,19404.82757,53419.82003,131741.62183,8404.02999,34881.83104,83797.21771,130949.40017,3.805,4.611,6.124,7.693,10.517,18.806,3.805,4.395,5.563,6.346,8.018,13.357,1.0,1.0,1.0,1.0,1.0,1.0,1.0,1.0,1.0,1.0,1.0,1.0,W14_02u_asia,eu,
bitget,MAGMA,3,1788860532,1,0.23622,5.08001,100,100,312.56774,4617.91086,26442.55565,50953.05776,1654.04246,15400.3368,23249.27422,43391.6739,7.773,11.635,17.432,20.782,25.614,34.12,6.502,8.119,9.233,10.782,14.135,28.937,1.0,1.0,1.0,1.0,1.0,1.0,1.0,1.0,1.0,1.0,1.0,1.0,W14_02u_asia,eu,
bitget,ONDO,3,1788860532,1,0.38175,2.619515,100,100,91825.93631,434804.17665,1063817.99746,1836871.41802,210154.38494,394124.32127,985312.74893,1823005.98163,2.713,3.321,3.686,3.808,3.868,3.905,1.31,1.31,1.31,1.566,2.747,3.457,1.0,1.0,1.0,1.0,1.0,1.0,1.0,1.0,1.0,1.0,1.0,1.0,W14_02u_asia,eu,
bitget,POWER,3,1788860532,1,0.08809,9.081621,100,100,683.42879,3547.44719,14661.76182,36750.02805,314.2536,10900.82953,15442.77369,36531.79452,7.116,10.199,15.775,22.004,31.798,47.922,8.693,10.59,13.242,15.568,18.161,37.398,1.0,1.0,1.0,1.0,1.0,1.0,1.0,1.0,1.0,1.0,1.0,1.0,W14_02u_asia,eu,
bitget,KAS,3,1788860532,1,0.03463,5.775339,100,100,2159.90266,12623.9905,48929.87456,101519.43676,2362.86604,18722.43799,45147.368,94903.16479,5.175,5.475,7.126,9.959,13.73,23.835,4.775,6.482,7.951,9.751,11.931,18.777,1.0,1.0,1.0,1.0,1.0,1.0,1.0,1.0,1.0,1.0,1.0,1.0,W14_02u_asia,eu,
bitget,RIVER,3,1788860532,1,1.259,15.885624,100,100,4153.916,15988.96,33023.76,50387.346,2653.56,12295.716,26283.08,44815.077,7.943,7.943,7.943,9.282,12.584,22.129,7.943,7.943,7.943,11.674,16.306,27.993,1.0,1.0,1.0,1.0,1.0,1.0,1.0,1.0,1.0,1.0,1.0,1.0,W14_02u_asia,eu,
bitget,RUNE,3,1788860532,1,0.4851,4.122861,100,100,2502.23162,10515.64812,29956.43133,57566.60525,1460.72308,9412.95239,21383.78693,53549.40311,2.061,2.553,5.66,9.681,16.397,27.766,2.061,2.406,7.372,12.706,17.402,30.644,1.0,1.0,1.0,1.0,1.0,1.0,1.0,1.0,1.0,1.0,1.0,1.0,W14_02u_asia,eu,
bitget,TAO,3,1788860532,1,255.02,3.137009,100,100,19511.53148,335464.88244,876684.45864,1378449.94832,31685.67044,178503.58875,302252.69756,640505.14056,2.314,2.65,2.989,3.774,5.341,8.156,1.752,1.896,2.559,3.556,4.397,6.062,1.0,1.0,1.0,1.0,1.0,1.0,1.0,1.0,1.0,1.0,1.0,1.0,W14_02u_asia,eu,
bitget,WIF,3,1788860532,1,0.22125,4.519774,100,100,4329.65609,136271.10442,272254.51119,549255.20171,4400.0038,34413.19572,191627.54487,374861.35564,4.82,5.8,6.388,7.187,9.243,12.44,2.26,4.232,5.761,6.815,10.061,16.481,1.0,1.0,1.0,1.0,1.0,1.0,1.0,1.0,1.0,1.0,1.0,1.0,W14_02u_asia,eu,
bitget,XMR,3,1788860532,1,520.605,7.875453,100,100,5515.5871,100144.7745,432784.7266,693328.9274,12192.1594,134277.3149,354461.5638,434031.8336,3.938,4.228,4.745,4.918,7.722,12.065,4.022,4.608,5.599,7.101,8.009,10.195,1.0,1.0,1.0,1.0,1.0,1.0,1.0,1.0,1.0,1.0,1.0,1.0,W14_02u_asia,eu,
bitget,UAI,3,1788860532,1,0.713695,4.623824,100,100,6353.25164,11007.5757,27940.24849,61250.53989,259.22219,4854.48678,18407.59872,29820.30438,4.468,4.651,6.402,7.65,11.837,23.071,9.17,12.756,17.043,19.272,25.973,38.832,1.0,1.0,1.0,1.0,1.0,1.0,1.0,1.0,1.0,1.0,1.0,1.0,W14_02u_asia,eu,
bitget,USELESS,3,1788860532,1,0.246105,6.907621,100,100,2233.39474,37207.67717,47050.12621,99606.87867,4177.18795,9773.09809,27982.45959,75531.34362,3.685,5.597,8.05,10.745,12.233,13.304,3.845,4.056,6.867,8.718,15.717,29.983,1.0,1.0,1.0,1.0,1.0,1.0,1.0,1.0,1.0,1.0,1.0,1.0,W14_02u_asia,eu,
bybit,AR,3,1788860532,1,2.9385,10.20929,200,200,522.0426,2369.5367,12338.854,17445.6435,334.0635,3717.3272,11819.3938,17701.1562,8.072,10.199,15.679,21.502,27.317,65.326,8.957,11.722,15.645,21.09,31.754,68.07,1.0,1.0,1.0,1.0,1.0,1.0,1.0,1.0,1.0,1.0,1.0,1.0,W14_02u_asia,eu,
bitget,ZRO,3,1788860532,1,1.13265,6.180197,100,100,3115.4484,21085.8292,64417.8571,168001.8925,1089.1643,21639.1988,90496.0175,174228.5722,3.09,3.405,4.533,7.726,13.463,19.998,4.527,6.056,9.693,12.104,15.003,19.397,1.0,1.0,1.0,1.0,1.0,1.0,1.0,1.0,1.0,1.0,1.0,1.0,W14_02u_asia,eu,
bybit,BTW,3,1788860532,1,0.450395,10.879339,200,200,148.5369,2436.829,10001.5,16578.7484,180.2927,3293.7989,9162.406,13513.7107,10.921,11.955,17.85,24.635,33.127,73.541,10.727,13.387,16.731,21.253,33.348,87.332,1.0,1.0,1.0,1.0,1.0,0.8819,1.0,1.0,1.0,1.0,1.0,0.8637,W14_02u_asia,eu,
bybit,KAS,3,1788860532,1,0.034595,8.671773,200,200,2336.3553,13231.6958,39264.5619,92803.4745,839.5208,8588.4466,17688.5747,75407.5617,4.932,6.079,6.955,9.105,13.456,23.671,6.942,7.55,9.09,11.737,17.297,35.142,1.0,1.0,1.0,1.0,1.0,1.0,1.0,1.0,1.0,1.0,1.0,1.0,W14_02u_asia,eu,
bybit,KITE,3,1788860532,1,0.119025,9.241756,200,200,380.73773,2686.65532,4855.5464,7644.82644,270.96502,2362.28029,5167.52963,8329.06168,7.803,10.648,15.666,25.799,62.82,200.577,8.921,11.335,17.128,26.449,56.161,239.964,1.0,1.0,1.0,1.0,1.0,1.0,1.0,1.0,1.0,1.0,1.0,1.0,W14_02u_asia,eu,
bybit,LDO,3,1788860532,1,0.39385,7.617113,200,200,1667.91565,16627.6065,208791.12196,399834.73308,3798.20805,29367.68586,226294.81854,383465.4911,5.258,6.654,8.837,10.299,14.563,20.824,3.859,5.103,6.255,8.182,11.133,15.955,1.0,1.0,1.0,1.0,1.0,1.0,1.0,1.0,1.0,1.0,1.0,1.0,W14_02u_asia,eu,
bybit,FIL,3,1788860532,1,0.84875,1.178203,200,200,8790.07087,34835.16821,330361.127,575243.64127,6133.4833,37286.22324,251549.37904,458949.67542,2.331,2.668,5.101,6.717,7.919,10.748,2.026,2.678,3.987,6.135,7.942,10.163,1.0,1.0,1.0,1.0,1.0,1.0,1.0,1.0,1.0,1.0,1.0,1.0,W14_02u_asia,eu,
bybit,MAGMA,3,1788860532,1,0.23595,12.714558,200,200,160.1082,1398.7396,3020.8,6425.6572,64.2192,3776.3538,5018.7653,8494.5133,9.772,13.966,23.037,41.0,75.947,192.337,10.051,10.323,10.487,18.055,52.853,229.32,1.0,1.0,1.0,1.0,1.0,1.0,1.0,1.0,1.0,1.0,1.0,1.0,W14_02u_asia,eu,
bybit,ONDO,3,1788860532,1,0.38155,2.620888,200,200,87524.3691,226184.0161,436541.7903,673946.6453,77304.6743,279316.8529,473711.1137,1198962.1869,1.31,1.31,1.31,1.31,1.878,3.333,1.31,1.31,1.31,1.31,1.97,3.147,1.0,1.0,1.0,1.0,1.0,1.0,1.0,1.0,1.0,1.0,1.0,1.0,W14_02u_asia,eu,
bybit,POWER,3,1788860532,1,0.08796,13.642565,200,200,359.77162,1423.37424,4017.22103,8337.32137,180.19153,2134.15025,4549.50982,7437.04434,8.051,9.815,19.322,33.705,63.009,134.315,9.569,10.571,17.073,29.95,61.761,134.768,1.0,1.0,1.0,1.0,1.0,0.6548,1.0,1.0,1.0,1.0,1.0,0.6835,W14_02u_asia,eu,
bybit,RIVER,3,1788860532,1,1.2595,7.939659,200,200,71.6371,1808.3744,4134.214,7902.7123,375.354,1474.2442,4724.5858,9756.6878,10.771,14.279,19.808,30.336,65.599,180.183,5.951,10.773,19.483,29.074,54.517,163.679,1.0,1.0,1.0,1.0,1.0,1.0,1.0,1.0,1.0,1.0,1.0,1.0,W14_02u_asia,eu,
bybit,RUNE,3,1788860532,1,0.48525,6.18238,200,200,412.43203,1947.42851,34527.32089,139896.7611,351.53823,1709.57784,5272.52482,142271.32355,8.41,11.968,19.366,31.059,37.683,42.179,9.017,12.175,20.357,32.819,41.565,47.174,1.0,1.0,1.0,1.0,1.0,1.0,1.0,1.0,1.0,1.0,1.0,1.0,W14_02u_asia,eu,
bybit,TAO,3,1788860532,1,255.125,0.391965,200,200,42994.96661,222837.55488,677064.76073,994688.95129,23182.3454,166331.90739,664403.42952,933655.63001,0.196,0.463,0.976,1.864,2.783,4.965,1.987,2.585,3.392,4.319,5.68,7.765,1.0,1.0,1.0,1.0,1.0,1.0,1.0,1.0,1.0,1.0,1.0,1.0,W14_02u_asia,eu,
bybit,UAI,3,1788860532,1,0.714,5.602241,200,200,1133.2729,3658.5176,9477.7258,19444.9078,809.4594,3897.067,11069.8714,17820.9515,4.184,4.315,10.236,17.521,28.842,68.776,4.953,7.114,11.391,17.609,27.776,79.492,1.0,1.0,1.0,1.0,1.0,1.0,1.0,1.0,1.0,1.0,1.0,1.0,W14_02u_asia,eu,
bybit,WIF,3,1788860532,1,0.22115,4.521818,200,200,4760.0781,76929.9655,131289.9269,228154.2881,5693.1145,53082.4471,108636.6302,183436.6867,3.181,4.982,6.062,6.637,8.971,13.07,2.261,2.261,4.815,5.799,8.24,13.358,1.0,1.0,1.0,1.0,1.0,1.0,1.0,1.0,1.0,1.0,1.0,1.0,W14_02u_asia,eu,
bybit,USELESS,3,1788860532,1,0.245815,2.84767,200,200,8280.29003,24248.03663,50491.76807,90111.20344,1942.00794,12923.79313,40875.82437,112019.5666,1.838,2.186,3.468,4.832,7.082,13.961,4.727,5.593,7.665,10.588,13.646,22.954,1.0,1.0,1.0,1.0,1.0,1.0,1.0,1.0,1.0,1.0,1.0,1.0,W14_02u_asia,eu,
bybit,XMR,3,1788860532,1,520.715,0.192044,200,200,6036.4472,78427.8925,249689.2925,249689.2925,10898.2317,82160.2946,220259.183,220259.183,1.036,1.184,3.433,5.668,8.379,12.72,0.096,0.096,0.096,0.864,4.02,9.092,1.0,1.0,1.0,1.0,1.0,1.0,1.0,1.0,1.0,1.0,1.0,1.0,W14_02u_asia,eu,
bybit,ZEN,3,1788860532,1,7.026,2.84657,200,200,770.1843,4762.8571,14967.9882,21368.852,800.1534,3589.8749,15119.2503,21773.7481,5.963,8.481,12.968,18.204,25.884,53.861,5.923,8.228,13.465,19.08,24.1,48.729,1.0,1.0,1.0,1.0,1.0,1.0,1.0,1.0,1.0,1.0,1.0,1.0,W14_02u_asia,eu,
bybit,ZRO,3,1788860532,1,1.1326,1.765848,200,200,3171.74193,15094.61519,42643.37905,86284.35944,2511.54734,24639.96241,47373.20704,71758.09949,3.443,4.832,7.037,8.696,10.461,20.106,2.314,4.192,6.331,9.464,12.004,15.139,1.0,1.0,1.0,1.0,1.0,1.0,1.0,1.0,1.0,1.0,1.0,1.0,W14_02u_asia,eu,
dydx,MORPHO,3,1788860532,1,1.577,14901.712112,1,2,0,0,0,0,0,0,0,0,7450.856,7450.856,7450.856,7450.856,7450.856,7450.856,7469.88,7469.88,7469.88,7469.88,7469.88,7469.88,1.0,1.0,1.0,1.0,1.0,1.0,0.1135,0.0568,0.0227,0.0114,0.0057,0.0023,W14_02u_asia,eu,
dydx,LDO,3,1788860532,1,0.39425,53.265694,63,42,0,0,7769.038,13568.8534,0,0,2899.9208,8700.0456,26.633,26.633,26.633,26.872,37.424,79.944,26.633,26.633,26.633,38.395,54.616,102.954,1.0,1.0,1.0,1.0,1.0,1.0,1.0,1.0,1.0,1.0,1.0,1.0,W14_02u_asia,eu,
dydx,ICP,3,1788860532,1,3.0972,33.578716,50,70,0,10367.7852,17467.66115,32167.48613,0,22705.5836,36905.45236,65305.38682,16.789,16.789,16.789,16.789,16.789,34.619,16.789,16.789,16.789,16.789,16.789,20.335,1.0,1.0,1.0,1.0,1.0,1.0,1.0,1.0,1.0,1.0,1.0,1.0,W14_02u_asia,eu,
dydx,FIL,3,1788860532,1,0.849,40.047114,65,82,0,17648.9167,23449.1552,35087.791,0,14808.1349,17708.0033,23508.3893,20.024,20.024,20.024,20.024,20.024,31.15,20.024,20.024,20.024,20.024,20.024,33.733,1.0,1.0,1.0,1.0,1.0,1.0,1.0,1.0,1.0,1.0,1.0,1.0,W14_02u_asia,eu,
dydx,ONDO,3,1788860533,1,0.3828,78.369906,96,56,0,0,21300.2685,49700.356,0,0,7099.9425,21299.8321,39.185,39.185,39.185,39.185,39.935,48.224,39.185,39.185,39.185,39.185,43.009,56.099,1.0,1.0,1.0,1.0,1.0,1.0,1.0,1.0,1.0,1.0,1.0,1.0,W14_02u_asia,eu,
dydx,SPX,3,1788860533,0,,,,,,,,,,,,,,,,,,,,,,,,,,,,,,,,,,,,,W14_02u_asia,eu,dydx SPX: empty snapshot
dydx,WIF,3,1788860533,1,0.221495,49.211043,57,54,0,5141.72745,12241.66509,26441.60629,0,10334.40772,24534.33892,52934.4253,24.606,24.606,24.606,24.606,30.512,47.145,24.606,24.606,24.606,24.606,24.606,36.056,1.0,1.0,1.0,1.0,1.0,1.0,1.0,1.0,1.0,1.0,1.0,1.0,W14_02u_asia,eu,
dydx,XMR,3,1788860533,1,523.1,101.319059,71,98,0,0,0,1428.6899,0,0,0,8110.2492,54.246,65.07,170.021,238.901,273.341,294.005,50.66,50.66,58.861,64.032,92.792,155.259,1.0,1.0,1.0,1.0,1.0,1.0,1.0,1.0,1.0,1.0,1.0,1.0,W14_02u_asia,eu,
dydx,TAO,3,1788860533,1,255.25,10.969638,77,83,7099.7113,7099.7113,29632.7203,124795.4819,600.2585,9015.6182,82881.673,1004772.86,5.485,5.485,5.485,5.485,11.272,20.075,6.699,10.858,15.156,16.589,18.794,27.263,1.0,1.0,1.0,1.0,1.0,1.0,1.0,1.0,1.0,1.0,1.0,1.0,W14_02u_asia,eu,
dydx,RUNE,3,1788860533,1,0.4868,49.301561,53,57,0,3899.8536,11699.7765,27299.5586,0,3900.096,11700.135,27299.9552,24.651,24.651,24.651,26.891,30.906,55.112,24.651,24.651,24.651,29.209,37.201,62.83,1.0,1.0,1.0,1.0,1.0,1.0,1.0,1.0,1.0,1.0,1.0,1.0,W14_02u_asia,eu,
hl,ONDO,3,1788860534,1,0.382165,1.308335,20,20,35007.6779,57203.85267,57203.85267,57203.85267,52927.33428,52927.33428,52927.33428,52927.33428,0.723,0.819,1.173,1.635,1.929,3.575,0.706,0.811,1.014,1.734,2.347,4.748,1.0,1.0,1.0,1.0,1.0,1.0,1.0,1.0,1.0,1.0,1.0,1.0,W14_02u_asia,eu,
okx,USELESS,3,1788860534,1,0.2458,1.627339,400,400,446.07616,3150.09912,6953.72799,12902.93258,1106.83378,2673.13879,7733.12905,12666.91277,7.024,9.611,14.818,21.83,37.943,76.285,4.458,6.369,12.409,23.924,38.84,92.925,1.0,1.0,1.0,1.0,1.0,0.7548,1.0,1.0,1.0,1.0,1.0,1.0,W14_02u_asia,eu,
dydx,ZEN,3,1788860534,1,7.0355,92.388601,38,32,0,0,1001.429,1001.429,0,0,996.588,996.588,46.194,46.194,429.235,561.075,626.995,666.547,46.194,50.535,432.042,560.346,624.498,662.99,1.0,1.0,1.0,1.0,1.0,1.0,1.0,1.0,1.0,1.0,1.0,1.0,W14_02u_asia,eu,
dydx,ZRO,3,1788860534,1,1.136,88.028169,48,26,0,0,2899.884,8700.174,0,0,8700.125,20299.736,44.014,44.014,44.014,47.689,56.888,238.144,44.014,44.014,44.014,44.014,51.081,256.83,1.0,1.0,1.0,1.0,1.0,1.0,1.0,1.0,1.0,1.0,1.0,1.0,W14_02u_asia,eu,
dydx,ZEC,3,1788860534,1,1142.32,36.417116,100,74,0,912.192,20591.599,1611774.996,0,19798.12,1628070.694,3856142.986,18.209,19.453,27.373,30.013,32.523,43.811,18.209,18.209,18.209,18.209,18.209,21.565,1.0,1.0,1.0,1.0,1.0,1.0,1.0,1.0,1.0,1.0,1.0,1.0,W14_02u_asia,eu,
