coin,short_venue,long_venue,long_leg_n,hours,days,pos_frac,median_spread_apr,mean_spread_apr,p25_spread_apr,slope_apr_pts_day,short_leg_median_apr,long_leg_median_apr,rt_stress_pct,net_apr_30d_pct,net_apr_14d_pct,breakeven_days,short_venue_reachable,long_venue_reachable
CASHCAT,hl,Crypto.com,1097,1196,49.8,0.799,603.5,224.7,43.5,24.133,57.7,-109.8,0.39,598.8,593.3,0.2,untested,reachable
COTI,bitget,Variational,584,799,33.3,0.64,344.9,207.3,-143.2,-17.058,11.4,-333.5,0.42,339.8,334.0,0.4,untested,blocked
COTI,bitget,Crypto.com,584,1433,59.7,0.735,316.5,411.9,-63.9,-2.629,10.9,-361.1,0.42,311.4,305.6,0.5,untested,reachable
CELR,bitget,Crypto.com,180,1433,59.7,0.817,294.2,263.1,70.4,-2.258,10.9,-284.5,0.42,289.0,283.2,0.5,untested,reachable
COTI,bitget,Kraken,584,1433,59.7,0.816,239.0,278.4,63.5,2.849,10.9,-344.2,0.42,233.9,228.1,0.6,untested,reachable
XAG,bybit,Bitfinex,540,169,7.0,0.74,234.6,154.3,0.0,-40.039,5.9,-216.9,0.41,229.6,223.9,0.6,untested,untested
INJ,dydx,Extended,1000,1000,41.7,0.794,201.5,134.9,8.7,-0.757,0.0,-201.5,0.4,196.6,191.1,0.7,untested,blocked
KAITO,binance,Kraken,164,1437,59.9,0.868,197.5,110.1,91.7,3.018,10.9,-186.5,0.4,192.6,187.0,0.7,untested,reachable
BIO,binance,Kraken,235,1437,59.9,0.834,182.5,63.8,68.4,3.597,10.9,-171.6,0.4,177.6,172.1,0.8,untested,reachable
AIXBT,binance,Kraken,277,1437,59.9,0.9,177.2,122.1,96.1,0.308,10.9,-169.2,0.4,172.3,166.7,0.8,untested,reachable
DATAIP,binance,Crypto.com,360,1337,55.7,0.836,153.6,173.5,46.5,-4.889,-31.2,-201.1,0.4,148.7,143.2,1.0,untested,reachable
MSTR,bybit,Kraken,270,1417,59.0,0.701,148.9,98.9,-19.2,1.393,0.0,-147.6,0.41,143.9,138.2,1.0,untested,reachable
MEW,binance,Kraken,326,1437,59.9,0.897,147.5,101.5,71.1,-0.498,10.9,-137.0,0.4,142.7,137.1,1.0,untested,reachable
LINEA,okx,Crypto.com,183,1437,59.9,0.816,146.3,78.5,28.4,1.932,10.9,-135.4,0.4,141.5,135.9,1.0,untested,reachable
APE,bitget,Extended,112,1017,42.4,0.764,143.2,95.8,10.1,-0.856,10.9,-132.3,0.42,138.1,132.3,1.1,untested,blocked
CELR,bitget,Kraken,180,1433,59.7,0.902,138.4,48.2,71.1,-0.207,10.9,-128.2,0.42,133.3,127.5,1.1,untested,reachable
AAVE,hl,HTX,2156,1419,59.1,0.935,136.8,116.8,108.9,-0.735,10.9,-125.9,0.39,132.1,126.7,1.0,untested,reachable
LIT,dydx,Coinbase,1000,178,7.4,0.983,132.7,120.1,63.9,-4.209,0.0,-120.0,0.4,127.8,122.3,1.1,untested,blocked
COTI,bitget,KuCoin,584,856,35.7,0.602,132.7,97.7,-113.9,5.096,11.4,-302.2,0.42,127.6,121.8,1.2,untested,reachable
CRV,hl,Crypto.com,2156,1426,59.4,0.905,132.0,105.9,102.0,0.252,10.9,-121.1,0.39,127.3,121.9,1.1,untested,reachable
AAVE,aster,WhiteBIT,270,1417,59.0,0.927,129.6,104.3,49.6,2.134,10.9,-118.7,0.38,125.0,119.7,1.1,untested,reachable
ALGO,dydx,Crypto.com,822,1440,60.0,0.883,128.0,85.8,35.8,1.684,88.5,39.0,0.4,123.2,117.6,1.1,untested,reachable
KAIA,binance,Kraken,334,1437,59.9,0.946,120.9,116.3,68.2,-1.959,10.9,-118.1,0.4,116.0,110.5,1.2,untested,reachable
ALGO,dydx,Kraken,822,1440,60.0,0.847,118.6,120.9,21.4,3.719,88.5,-54.6,0.4,113.7,108.1,1.2,untested,reachable
ACE,aster,HTX,1035,175,7.3,0.737,111.0,90.2,-1.6,13.645,-206.2,-294.1,0.38,106.3,101.0,1.3,untested,reachable
CKB,bitget,Kraken,180,1433,59.7,0.819,108.4,87.3,30.9,-2.242,10.9,-97.4,0.42,103.3,97.4,1.4,untested,reachable
MINA,okx,Kraken,315,1437,59.9,0.948,106.4,12.4,58.9,0.16,10.9,-102.8,0.4,101.5,95.9,1.4,untested,reachable
HOME,bitget,Crypto.com,341,617,25.7,0.616,105.8,106.7,-158.4,-4.997,-218.8,-313.0,0.42,100.7,94.9,1.4,untested,reachable
CHIP,binance,KuCoin,157,1153,48.0,0.822,102.7,76.0,26.3,-0.448,10.9,-91.8,0.4,97.8,92.3,1.4,untested,reachable
DASH,bybit,Extended,270,1001,41.7,0.73,102.1,72.3,-0.4,-0.839,10.9,-91.1,0.41,97.1,91.4,1.5,untested,blocked
AXS,binance,Coinbase,174,1282,53.4,0.976,100.3,85.0,78.1,0.639,10.9,-89.4,0.4,95.4,89.9,1.5,untested,blocked
GRAM,hl,CoinEx,1464,1419,59.1,0.734,99.8,54.2,-8.4,4.451,10.9,-88.8,0.39,95.0,89.6,1.4,untested,blocked
ALGO,dydx,CoinEx,822,1433,59.7,0.942,98.5,100.3,21.4,2.694,91.6,-10.0,0.4,93.7,88.1,1.5,untested,blocked
JTO,okx,Extended,164,1017,42.4,0.909,95.9,78.3,95.9,-2.01,10.9,-85.0,0.4,91.1,85.5,1.5,untested,blocked
XAG,GRVT,okx,91,1433,59.7,0.841,95.3,57.1,12.8,0.401,95.3,0.0,0.4,90.4,84.8,1.5,blocked,untested
ICP,hl,Crypto.com,686,1440,60.0,0.82,92.7,50.4,39.7,0.725,10.9,-81.7,0.39,88.0,82.5,1.5,untested,reachable
ALGO,dydx,Coinbase,822,1440,60.0,0.891,92.6,95.6,11.4,3.0,88.5,-10.5,0.4,87.8,82.2,1.6,untested,blocked
ALGO,dydx,Deribit,822,617,25.7,0.733,92.2,262.0,-1.5,1.331,1.4,-78.7,0.4,87.3,81.8,1.6,untested,untested
ALGO,dydx,Deribit,822,617,25.7,0.733,92.2,262.0,-1.5,1.331,1.4,-78.7,0.4,87.3,81.8,1.6,untested,untested
ALGO,dydx,MEXC,822,1433,59.7,0.87,90.7,95.3,13.9,2.809,91.6,-8.3,0.4,85.9,80.3,1.6,untested,blocked
ALGO,dydx,KuCoin,822,1433,59.7,0.833,87.7,85.0,16.5,2.616,91.6,10.9,0.4,82.8,77.3,1.7,untested,reachable
INJ,Crypto.com,okx,102,1433,59.7,0.839,87.1,56.8,18.9,1.001,78.7,-8.4,0.4,82.2,76.7,1.7,reachable,untested
ETC,okx,Crypto.com,105,1433,59.7,0.943,84.6,60.9,36.6,0.356,7.9,-76.6,0.4,79.7,74.1,1.7,untested,reachable
UNITREE,edgeX,okx,43,337,14.0,0.822,84.0,60.9,25.0,6.757,27.5,-66.6,0.4,79.2,73.6,1.7,blocked,untested
ALGO,dydx,Bitunix,822,1433,59.7,0.732,82.3,81.8,-1.5,2.895,91.6,7.5,0.4,77.5,71.9,1.8,untested,blocked
ALGO,dydx,BingX,822,1433,59.7,0.743,81.5,81.2,-1.1,2.784,91.6,10.9,0.4,76.6,71.0,1.8,untested,reachable
ALGO,dydx,HTX,822,1433,59.7,0.711,80.7,80.1,-6.1,2.813,91.6,10.9,0.4,75.8,70.2,1.8,untested,reachable
ALGO,dydx,WhiteBIT,822,1433,59.7,0.717,80.7,80.5,-5.3,2.778,91.6,10.9,0.4,75.8,70.2,1.8,untested,reachable
CRV,hl,Deribit,2156,171,7.1,1.0,78.2,84.6,69.1,4.424,10.9,-67.2,0.39,73.4,68.0,1.8,untested,untested
GRT,bitget,Kraken,164,1433,59.7,0.804,78.2,75.8,16.8,-1.953,10.9,-69.8,0.42,73.1,67.3,2.0,untested,reachable
KSM,binance,Kraken,172,1433,59.7,0.796,75.4,-140.2,14.5,-13.541,10.9,-69.1,0.4,70.5,65.0,1.9,untested,reachable
ACE,aster,Kraken,1035,1035,43.1,0.614,74.0,-47.0,-140.9,-9.455,-173.3,-142.2,0.38,69.4,64.1,1.9,untested,reachable
KAITO,binance,Backpack,164,1437,59.9,0.688,71.1,45.8,0.0,0.246,10.9,-60.1,0.4,66.2,60.6,2.1,untested,reachable
ICP,bitget,Extended,270,1001,41.7,0.867,69.6,52.2,45.7,-1.019,10.9,-58.7,0.42,64.5,58.7,2.2,untested,blocked
MSFT,binance,edgeX,275,1417,59.0,0.822,69.3,42.0,18.4,0.842,0.0,-69.3,0.4,64.5,58.9,2.1,untested,blocked
2Z,binance,Backpack,157,1437,59.9,0.671,68.6,32.8,0.0,1.854,10.9,-57.7,0.4,63.8,58.2,2.1,untested,reachable
BTW,aster,HTX,2160,1423,59.3,0.77,68.5,55.8,6.8,-0.624,95.2,10.9,0.38,63.9,58.6,2.0,untested,reachable
2Z,binance,Lighter,157,1437,59.9,0.976,67.9,39.8,0.4,0.614,10.9,-56.9,0.4,63.0,57.5,2.2,untested,blocked
DOT,aster,Extended,270,1417,59.0,0.665,66.3,39.6,-0.4,0.721,10.9,-58.7,0.38,61.7,56.4,2.1,untested,blocked
AXS,dydx,Extended,505,85,3.5,0.859,66.1,81.5,30.2,25.236,10.9,-55.2,0.4,61.3,55.7,2.2,untested,blocked
MET,dydx,Crypto.com,548,548,22.8,0.73,66.1,72.4,-5.1,-1.959,10.9,-55.1,0.4,61.2,55.7,2.2,untested,reachable
GRT,bitget,Crypto.com,164,1433,59.7,0.967,65.7,60.8,35.5,-0.7,10.9,-55.4,0.42,60.6,54.7,2.3,untested,reachable
CASHCAT,hl,HTX,1097,625,26.0,0.638,64.5,199.4,0.0,1.844,72.3,10.9,0.39,59.7,54.3,2.2,untested,reachable
AKE,aster,HTX,1440,1141,47.5,0.82,64.2,89.7,18.4,-2.954,51.2,10.9,0.38,59.6,54.3,2.2,untested,reachable
AAPL,okx,edgeX,105,1433,59.7,0.62,63.6,29.1,-28.0,1.091,0.0,-55.2,0.4,58.8,53.2,2.3,untested,blocked
ALGO,dydx,Variational,822,185,7.7,1.0,63.4,77.0,42.7,2.577,63.7,2.9,0.4,58.5,52.9,2.3,untested,blocked
AXS,binance,Kraken,174,1437,59.9,0.85,63.3,45.2,23.6,1.394,10.9,-52.3,0.4,58.4,52.8,2.3,untested,reachable
ETC,okx,Bitfinex,105,1073,44.7,0.851,62.5,38.2,10.9,0.447,7.9,-54.6,0.4,57.6,52.1,2.3,untested,untested
BMT,aster,Crypto.com,1440,1440,60.0,0.685,61.3,41.9,-26.3,-4.599,10.9,-61.2,0.38,56.7,51.4,2.3,untested,reachable
MSFT,binance,BingX,275,761,31.7,0.979,61.0,41.9,10.9,-0.668,0.0,-61.0,0.4,56.2,50.6,2.4,untested,reachable
GRAM,bybit,Crypto.com,427,1421,59.2,0.849,60.3,41.0,18.4,0.86,10.9,-49.3,0.41,55.3,49.6,2.5,untested,reachable
ETHFI,binance,Extended,539,1001,41.7,0.836,60.0,48.1,47.7,-1.203,10.9,-49.1,0.4,55.1,49.6,2.4,untested,blocked
EIGEN,binance,Crypto.com,152,1437,59.9,0.829,59.2,38.4,38.4,0.796,10.9,-48.2,0.4,54.3,48.8,2.5,untested,reachable
CASHCAT,hl,Variational,1097,625,26.0,0.982,56.8,197.3,0.0,1.533,72.3,10.9,0.39,52.1,46.6,2.5,untested,blocked
ALGO,dydx,LBank,822,185,7.7,0.989,56.0,72.6,38.3,2.901,63.7,10.9,0.4,51.2,45.6,2.6,untested,blocked
NVDA,Crypto.com,binance,279,1417,59.0,0.871,55.7,33.9,5.0,0.755,55.7,0.0,0.4,50.9,45.3,2.6,reachable,untested
CASHCAT,aster,MEXC,1321,1319,55.0,0.633,54.8,105.9,-32.9,-0.535,30.4,10.9,0.38,50.1,44.8,2.5,untested,blocked
AXS,dydx,Crypto.com,505,505,21.0,0.85,54.6,58.8,19.2,-3.148,10.9,-43.6,0.4,49.7,44.1,2.7,untested,reachable
CRO,Crypto.com,dydx,1156,1440,60.0,0.676,53.8,-10.9,-75.2,-0.182,37.9,0.0,0.4,48.9,43.3,2.7,reachable,untested
BNB,dydx,Kraken,1000,178,7.4,0.961,52.9,51.3,37.5,1.203,48.4,-7.2,0.4,48.1,42.5,2.8,untested,reachable
DATA,bitget,CoinEx,360,1377,57.4,0.712,52.9,41.8,-22.1,-1.249,10.9,-56.4,0.42,47.8,41.9,2.9,untested,blocked
SAMSUNG,bitget,Crypto.com,417,1417,59.0,0.565,51.8,-9.1,-196.1,6.801,0.0,-49.2,0.42,46.7,40.8,3.0,untested,reachable
MSTR,Nado,okx,105,1297,54.0,0.672,51.6,25.9,0.0,1.283,54.6,0.0,0.4,46.7,41.2,2.8,reachable,untested
MRVL,bybit,Extended,270,1281,53.4,0.607,51.6,53.1,-9.0,3.141,0.0,-31.5,0.41,46.6,40.9,2.9,untested,blocked
CHZ,aster,Bitfinex,912,801,33.4,0.999,50.7,40.6,31.8,-0.498,10.9,-39.8,0.38,46.1,40.8,2.7,untested,untested
ATOM,aster,Crypto.com,270,1417,59.0,0.946,50.1,38.2,25.0,0.419,10.9,-40.7,0.38,45.5,40.2,2.8,untested,reachable
CASHCAT,aster,BingX,1321,1307,54.5,0.64,49.7,85.2,-32.9,-0.643,28.5,10.9,0.38,45.1,39.8,2.8,untested,reachable
HYPE,dydx,Crypto.com,1000,178,7.4,0.978,49.2,53.3,32.1,-4.114,0.0,-46.6,0.4,44.4,38.8,3.0,untested,reachable
ETHFI,okx,KuCoin,171,1153,48.0,0.68,49.1,30.9,0.0,0.185,10.9,-38.1,0.4,44.2,38.6,3.0,untested,reachable
BNB,dydx,Bitfinex,1000,171,7.1,0.988,48.9,45.5,33.9,1.704,48.9,0.0,0.4,44.1,38.5,3.0,untested,untested
BNB,dydx,CoinEx,1000,171,7.1,0.988,48.7,44.8,33.9,1.954,48.9,0.0,0.4,43.9,38.3,3.0,untested,blocked
CKB,binance,Crypto.com,180,1433,59.7,0.547,48.7,23.4,-284.4,9.437,10.9,-37.7,0.4,43.8,38.2,3.0,untested,reachable
BCH,hl,Lighter,589,1440,60.0,0.832,48.6,26.5,0.4,0.579,10.9,-37.7,0.39,43.9,38.5,2.9,untested,blocked
NBIS,Coinbase,okx,121,1433,59.7,0.823,48.2,34.5,9.8,0.341,49.9,0.0,0.4,43.3,37.8,3.0,blocked,untested
QCOM,binance,edgeX,138,873,36.4,0.656,47.8,17.6,-29.7,0.677,0.0,-47.8,0.4,42.9,37.4,3.1,untested,blocked
BNB,dydx,MEXC,1000,171,7.1,0.982,47.3,43.8,33.9,2.08,48.9,0.0,0.4,42.4,36.9,3.1,untested,blocked
BNB,dydx,LBank,1000,171,7.1,0.982,47.3,43.7,33.8,2.085,48.9,0.0,0.4,42.4,36.9,3.1,untested,blocked
CHIP,binance,Nado,157,1437,59.9,0.891,47.1,34.3,33.8,0.168,10.9,-36.2,0.4,42.3,36.7,3.1,untested,reachable
ETH,WhiteBIT,dydx,1000,171,7.1,0.971,46.2,46.3,32.7,4.481,30.9,0.4,0.4,41.4,35.8,3.2,reachable,untested
BNB,dydx,Variational,1000,171,7.1,0.936,45.3,42.1,33.1,3.488,48.9,2.7,0.4,40.5,34.9,3.2,untested,blocked
LTC,dydx,Crypto.com,1000,178,7.4,1.0,44.7,51.3,30.8,5.088,22.1,-19.0,0.4,39.8,34.2,3.3,untested,reachable
BNB,dydx,Coinbase,1000,178,7.4,0.994,44.6,44.0,31.3,2.947,48.4,0.4,0.4,39.8,34.2,3.3,untested,blocked
BNB,dydx,GRVT,1000,171,7.1,0.982,44.6,42.1,33.1,2.097,48.9,0.0,0.4,39.7,34.1,3.3,untested,blocked
BNB,dydx,WhiteBIT,1000,171,7.1,0.936,44.5,40.2,28.7,4.492,48.9,10.9,0.4,39.6,34.0,3.3,untested,reachable
JTO,okx,Kraken,164,1437,59.9,0.86,44.5,32.8,20.8,0.367,10.9,-33.5,0.4,39.6,34.0,3.3,untested,reachable
2Z,binance,Coinbase,157,1437,59.9,0.859,44.2,39.7,44.2,-0.725,10.9,-33.3,0.4,39.4,33.8,3.3,untested,blocked
GRT,bitget,CoinEx,164,1433,59.7,0.994,43.8,46.4,16.3,-0.324,10.9,-33.9,0.42,38.7,32.9,3.5,untested,blocked
H,GRVT,bitget,298,1437,59.9,0.71,43.6,44.3,0.0,-0.672,57.4,10.9,0.42,38.5,32.6,3.5,blocked,untested
BNB,bitget,Lighter,270,1417,59.0,0.776,43.5,27.8,0.4,0.428,10.6,-38.5,0.42,38.4,32.5,3.5,untested,blocked
BNB,dydx,HTX,1000,171,7.1,0.936,42.9,40.3,26.6,4.352,48.9,10.9,0.4,38.0,32.5,3.4,untested,reachable
CL,aster,Crypto.com,540,1421,59.2,0.639,42.8,134.9,-5.0,5.501,0.0,-43.8,0.38,38.2,32.9,3.2,untested,reachable
H,binance,Variational,298,801,33.4,0.96,42.7,35.8,13.8,-0.165,58.9,10.9,0.4,37.9,32.3,3.4,untested,blocked
BNB,dydx,Nado,1000,178,7.4,0.938,41.6,38.7,27.4,3.043,48.4,10.9,0.4,36.7,31.2,3.5,untested,reachable
HBAR,bitget,Extended,270,1001,41.7,0.873,41.6,32.1,28.8,-0.72,10.9,-30.7,0.42,36.5,30.7,3.7,untested,blocked
CHZ,aster,Kraken,912,1440,60.0,0.856,41.6,38.3,23.3,0.859,10.9,-30.6,0.38,37.0,31.7,3.3,untested,reachable
CBRS,bitget,tradeXYZ,270,1417,59.0,0.745,41.4,44.6,-0.3,1.191,0.0,-31.7,0.42,36.3,30.4,3.7,untested,blocked
BNB,dydx,BingX,1000,171,7.1,0.936,41.0,37.0,27.4,2.782,48.9,10.9,0.4,36.1,30.5,3.6,untested,reachable
XPD,bitget,KuCoin,297,1153,48.0,0.636,40.7,35.5,-10.9,-0.549,53.2,10.9,0.42,35.6,29.8,3.8,untested,reachable
ESP,bybit,Crypto.com,276,1437,59.9,0.689,40.6,25.0,-25.2,1.297,10.9,-57.9,0.41,35.6,29.9,3.7,untested,reachable
BNB,dydx,Extended,1000,178,7.4,0.916,39.8,37.0,24.2,0.523,48.4,11.4,0.4,34.9,29.4,3.7,untested,blocked
CASHCAT,aster,LBank,1321,787,32.8,0.584,39.8,86.7,-32.9,6.299,10.9,10.9,0.38,35.2,29.9,3.5,untested,blocked
WDC,edgeX,binance,161,425,17.7,0.784,39.6,21.4,4.8,0.858,39.6,0.0,0.4,34.8,29.2,3.7,blocked,untested
XPD,Crypto.com,binance,297,1437,59.9,0.843,39.5,46.5,5.0,0.825,55.7,0.0,0.4,34.6,29.0,3.7,reachable,untested
HOME,aster,LBank,1364,801,33.4,0.708,38.7,47.0,0.0,-0.937,-166.7,-227.7,0.38,34.0,28.8,3.6,untested,blocked
FARTCOIN,Backpack,binance,141,1437,59.9,0.809,38.3,38.2,38.3,-0.485,49.3,10.9,0.4,33.4,27.9,3.8,reachable,untested
BNB,dydx,edgeX,1000,175,7.3,0.937,38.0,44.4,22.1,3.001,48.7,10.9,0.4,33.1,27.6,3.8,untested,blocked
BTW,MEXC,bitget,533,1421,59.2,0.831,37.2,54.8,14.9,0.893,69.9,10.9,0.42,32.1,26.3,4.1,blocked,untested
AXS,GRVT,hl,697,1437,59.9,0.653,36.1,20.5,0.0,0.374,10.9,-25.1,0.39,31.3,25.9,3.9,blocked,untested
LTC,WhiteBIT,dydx,1000,171,7.1,0.667,35.2,31.5,-8.9,33.822,68.0,22.4,0.4,30.3,24.7,4.2,reachable,untested
ETHFI,okx,Orderly,171,1437,59.9,0.936,35.2,23.9,10.9,0.454,10.9,-24.3,0.4,30.3,24.8,4.1,untested,reachable
BTW,KuCoin,bitget,533,737,30.7,0.68,34.6,42.0,0.0,-1.897,72.3,25.6,0.42,29.5,23.7,4.4,reachable,untested
AVAX,bitget,Extended,270,1417,59.0,0.789,34.5,26.0,5.7,0.356,9.4,-31.5,0.42,29.4,23.5,4.4,untested,blocked
BNB,dydx,Bitunix,1000,171,7.1,0.877,34.2,29.1,18.9,2.313,48.9,10.9,0.4,29.3,23.8,4.3,untested,blocked
BNB,dydx,Bitunix,1000,171,7.1,0.877,34.2,29.1,18.9,2.313,48.9,10.9,0.4,29.3,23.8,4.3,untested,blocked
BNB,dydx,Bitunix,1000,171,7.1,0.877,34.2,29.1,18.9,2.313,48.9,10.9,0.4,29.3,23.8,4.3,untested,blocked
MANA,bitget,Crypto.com,139,1433,59.7,0.952,34.0,34.9,5.6,-0.409,10.9,-25.3,0.42,28.9,23.0,4.5,untested,reachable
AERO,okx,Bitunix,199,1437,59.9,0.683,33.9,19.9,0.0,0.398,-3.7,-37.6,0.4,29.0,23.5,4.3,untested,blocked
GRAM,aster,Backpack,1466,178,7.4,0.815,33.6,36.3,6.2,-8.135,10.9,-17.6,0.38,29.0,23.7,4.1,untested,reachable
APE,bitget,Kraken,112,1433,59.7,0.843,33.6,24.0,10.0,0.325,10.9,-22.7,0.42,28.5,22.7,4.6,untested,reachable
AVAX,bitget,Crypto.com,270,1417,59.0,0.91,33.2,27.4,21.8,0.085,9.4,-27.2,0.42,28.0,22.2,4.6,untested,reachable
HBAR,bitget,Variational,270,169,7.0,1.0,32.9,29.2,23.1,-1.584,10.9,-22.0,0.42,27.8,22.0,4.7,untested,blocked
AERO,okx,MEXC,199,1437,59.9,0.685,32.7,21.3,0.0,0.438,-3.7,-40.7,0.4,27.9,22.3,4.5,untested,blocked
CL,aster,Variational,540,785,32.7,0.638,32.3,23.6,0.0,-0.84,0.0,-32.3,0.38,27.7,22.4,4.3,untested,blocked
DOT,aster,MEXC,270,1417,59.0,0.865,32.3,22.0,7.1,0.227,10.9,-23.3,0.38,27.7,22.4,4.3,untested,blocked
CC,okx,Crypto.com,212,1437,59.9,0.842,32.3,38.1,21.5,0.982,10.9,-21.4,0.4,27.5,21.9,4.5,untested,reachable
BCH,hl,Crypto.com,589,1440,60.0,0.939,32.1,35.2,32.1,-0.627,10.9,-21.1,0.39,27.3,21.9,4.4,untested,reachable
LIT,hl,CoinEx,1000,260,10.8,0.892,31.8,33.9,10.9,-6.762,10.9,-12.6,0.39,27.1,21.6,4.5,untested,blocked
BOME,binance,CoinEx,214,1433,59.7,0.911,31.7,21.5,10.9,0.508,10.9,-20.7,0.4,26.8,21.3,4.6,untested,blocked
2Z,binance,KuCoin,157,1153,48.0,0.739,31.3,22.6,0.0,-0.114,10.9,-20.4,0.4,26.5,20.9,4.7,untested,reachable
MANA,bitget,Kraken,139,1433,59.7,0.696,31.3,25.2,-8.4,0.761,10.9,-23.6,0.42,26.2,20.3,4.9,untested,reachable
BOME,binance,Kraken,214,1437,59.9,0.916,31.2,43.6,31.2,-0.335,10.9,-20.2,0.4,26.3,20.8,4.7,untested,reachable
SNDK,Crypto.com,aster,54,176,7.3,0.869,30.8,43.2,5.0,5.105,41.9,0.0,0.38,26.1,20.9,4.5,reachable,untested
AKE,aster,BingX,1440,1437,59.9,0.768,30.8,55.3,2.2,-0.192,45.6,8.8,0.38,26.2,20.9,4.5,untested,reachable
CASHCAT,hl,edgeX,1097,1049,43.7,0.564,30.4,119.2,0.0,2.925,45.1,14.2,0.39,25.6,20.2,4.7,untested,blocked
GRAM,hl,edgeX,1464,1423,59.3,0.654,30.2,24.4,0.0,0.496,10.9,-19.2,0.39,25.4,20.0,4.7,untested,blocked
AAVE,dydx,Crypto.com,1000,178,7.4,0.91,30.1,33.3,11.9,-6.106,0.0,-30.1,0.4,25.3,19.7,4.8,untested,reachable
JTO,binance,Crypto.com,539,1421,59.2,0.983,30.0,34.8,21.3,-0.239,4.3,-19.1,0.4,25.2,19.6,4.9,untested,reachable
ENA,okx,Crypto.com,552,1421,59.2,0.915,29.9,23.5,17.2,-0.239,10.9,-19.0,0.4,25.1,19.5,4.9,untested,reachable
TBT,edgeX,binance,111,873,36.4,0.632,29.8,66.0,-33.6,-2.953,-5.3,0.0,0.4,24.9,19.3,4.9,blocked,untested
LYN,binance,KuCoin,360,1153,48.0,0.736,29.8,41.6,0.0,0.424,49.6,10.9,0.4,25.0,19.4,4.9,untested,reachable
GALA,aster,Kraken,145,1433,59.7,0.78,29.7,25.2,3.5,0.013,10.9,-18.8,0.38,25.1,19.8,4.7,untested,reachable
SHOP,binance,edgeX,48,353,14.7,0.603,29.6,20.3,-44.0,-0.841,0.0,-20.2,0.4,24.7,19.2,4.9,untested,blocked
0G,bitget,Lighter,540,1421,59.2,0.95,29.3,24.4,0.4,0.646,10.9,-23.7,0.42,24.2,18.4,5.2,untested,blocked
ATOM,aster,Coinbase,270,1417,59.0,0.827,29.3,20.2,5.7,0.066,10.9,-21.9,0.38,24.7,19.4,4.7,untested,blocked
JUP,dydx,Kraken,1000,178,7.4,0.798,29.2,25.0,7.2,8.065,0.0,-24.0,0.4,24.4,18.8,5.0,untested,reachable
XPT,okx,BingX,128,777,32.4,0.793,29.1,15.5,10.9,1.112,7.2,-21.9,0.4,24.2,18.6,5.0,untested,reachable
LTC,dydx,Variational,1000,171,7.1,1.0,29.0,38.9,19.1,2.854,22.4,-6.6,0.4,24.1,18.5,5.0,untested,blocked
CHZ,aster,LBank,912,801,33.4,0.758,29.0,20.5,2.9,-0.618,10.9,-18.0,0.38,24.4,19.1,4.8,untested,blocked
MANA,bitget,Variational,139,801,33.4,0.94,28.9,19.6,6.5,0.687,10.9,-18.0,0.42,23.8,18.0,5.3,untested,blocked
HYPE,dydx,Backpack,1000,178,7.4,0.77,28.7,31.2,2.6,1.209,0.0,-24.8,0.4,23.8,18.3,5.1,untested,reachable
AAVE,dydx,CoinEx,1000,171,7.1,0.953,28.4,27.0,19.0,3.486,0.0,-28.4,0.4,23.6,18.0,5.1,untested,blocked
CRV,aster,Variational,270,169,7.0,1.0,28.4,27.3,21.5,1.528,10.9,-17.4,0.38,23.8,18.5,4.9,untested,blocked
AKE,aster,Variational,1440,801,33.4,0.813,28.2,31.0,0.0,0.757,46.7,10.9,0.38,23.6,18.3,4.9,untested,blocked
TSM,binance,edgeX,120,1433,59.7,0.651,28.1,5.9,-35.3,0.756,0.0,-28.1,0.4,23.2,17.6,5.2,untested,blocked
LTC,dydx,Kraken,1000,178,7.4,0.876,28.0,29.7,10.4,1.976,22.1,2.5,0.4,23.2,17.6,5.2,untested,reachable
LTC,dydx,Kraken,1000,178,7.4,0.876,28.0,29.7,10.4,1.976,22.1,2.5,0.4,23.2,17.6,5.2,untested,reachable
LIT,hl,Orderly,1000,264,11.0,0.917,27.7,32.1,6.3,-3.023,10.9,-17.3,0.39,22.9,17.5,5.1,untested,reachable
JUP,dydx,CoinEx,1000,171,7.1,0.895,27.5,31.8,12.1,1.907,0.0,-16.8,0.4,22.7,17.1,5.3,untested,blocked
BTW,aster,BingX,2160,1423,59.3,0.67,27.3,41.3,-15.1,-0.456,95.2,51.9,0.38,22.6,17.4,5.1,untested,reachable
ICP,hl,Coinbase,686,1440,60.0,0.797,26.7,19.8,3.9,0.966,10.9,-15.8,0.39,22.0,16.6,5.3,untested,blocked
JUP,okx,Pacifica,130,1437,59.9,0.786,26.6,17.5,5.9,0.059,10.9,-15.7,0.4,21.7,16.2,5.5,untested,blocked
INJ,aster,Orderly,270,1417,59.0,0.954,26.4,21.5,13.2,-0.234,10.9,-23.8,0.38,21.8,16.5,5.3,untested,reachable
CHZ,aster,MEXC,912,1433,59.7,0.777,26.4,18.7,3.1,0.047,10.9,-18.0,0.38,21.8,16.5,5.3,untested,blocked
H,MEXC,bitget,298,1437,59.9,0.683,26.3,43.1,0.0,0.88,41.0,10.9,0.42,21.2,15.3,5.8,blocked,untested
APE,bitget,Bitfinex,112,801,33.4,1.0,26.1,25.1,26.1,-0.08,10.9,-15.1,0.42,21.0,15.1,5.9,untested,untested
MERL,bybit,LBank,137,801,33.4,0.569,25.9,18.4,0.0,-0.112,36.8,10.9,0.41,20.9,15.2,5.8,untested,blocked
JASMY,bitget,Bitfinex,150,801,33.4,0.89,25.8,83.1,10.9,2.629,10.9,-20.4,0.42,20.7,14.8,5.9,untested,untested
LINK,Crypto.com,okx,69,1433,59.7,0.797,25.7,15.1,7.5,0.099,23.2,-2.5,0.4,20.8,15.3,5.7,reachable,untested
AIXBT,binance,Crypto.com,277,1437,59.9,0.781,25.6,44.1,16.2,0.078,10.9,-14.7,0.4,20.7,15.2,5.7,untested,reachable
AAPL,okx,Nado,105,1433,59.7,0.774,25.5,14.6,1.2,0.186,0.0,8.4,0.4,20.7,15.1,5.7,untested,reachable
SOXL,Coinbase,binance,270,1121,46.7,0.806,25.4,20.7,8.8,-0.141,25.4,0.0,0.4,20.5,15.0,5.7,blocked,untested
SAMSUNG,LBank,okx,145,801,33.4,0.566,25.2,13.8,0.0,-0.57,0.0,-0.0,0.4,20.4,14.8,5.8,blocked,untested
MEGA,binance,Crypto.com,145,1437,59.9,0.927,25.2,32.0,25.2,0.212,10.9,-14.3,0.4,20.4,14.8,5.8,untested,reachable
ATOM,aster,MEXC,270,1417,59.0,0.989,25.1,22.1,17.0,-0.134,10.9,-14.1,0.38,20.5,15.2,5.5,untested,blocked
EIGEN,binance,Coinbase,152,1437,59.9,0.864,25.0,18.6,15.8,0.435,10.9,-14.0,0.4,20.1,14.5,5.8,untested,blocked
XAG,Bitunix,okx,91,1433,59.7,0.648,24.6,9.1,-4.9,0.251,24.6,0.0,0.4,19.8,14.2,5.9,blocked,untested
APT,bybit,Crypto.com,270,1417,59.0,0.929,24.6,42.7,15.4,-0.588,7.0,-13.6,0.41,19.6,13.9,6.1,untested,reachable
DOT,aster,Deribit,270,465,19.4,0.725,24.2,21.7,-3.5,2.175,10.9,-13.2,0.38,19.6,14.3,5.7,untested,untested
DOT,aster,Deribit,270,465,19.4,0.725,24.2,21.7,-3.5,2.175,10.9,-13.2,0.38,19.6,14.3,5.7,untested,untested
BIO,bybit,CoinEx,235,1433,59.7,0.835,24.1,15.4,10.9,0.349,10.9,-17.6,0.41,19.1,13.4,6.2,untested,blocked
ADA,aster,Kraken,270,1417,59.0,0.867,23.9,18.2,9.4,0.349,10.9,-18.7,0.38,19.3,14.0,5.8,untested,reachable
ADA,aster,KuCoin,270,1417,59.0,0.819,23.8,19.2,3.8,0.389,10.9,-23.1,0.38,19.2,13.9,5.8,untested,reachable
MAGMA,aster,Variational,2160,787,32.8,0.934,23.8,40.5,0.0,-0.252,46.3,10.9,0.38,19.2,13.9,5.8,untested,blocked
H,binance,KuCoin,298,1153,48.0,0.729,23.6,40.0,0.0,1.139,46.6,10.9,0.4,18.7,13.1,6.2,untested,reachable
ATOM,aster,Bitunix,270,1417,59.0,0.881,23.4,16.5,8.6,0.258,10.9,-14.8,0.38,18.8,13.5,5.9,untested,blocked
AXS,binance,Orderly,174,1437,59.9,0.897,23.3,16.7,10.2,0.206,10.9,-12.3,0.4,18.4,12.9,6.3,untested,reachable
INX,aster,LBank,1269,801,33.4,0.582,23.3,29.6,0.0,-0.545,42.9,10.9,0.38,18.7,13.4,5.9,untested,blocked
TSLA,Crypto.com,binance,270,1417,59.0,0.825,23.2,14.9,5.0,1.002,23.2,0.0,0.4,18.3,12.8,6.3,reachable,untested
GALA,aster,Crypto.com,145,1433,59.7,0.957,23.2,26.1,20.2,-0.205,10.9,-12.3,0.38,18.6,13.3,6.0,untested,reachable
LTC,dydx,Coinbase,1000,178,7.4,0.994,23.1,34.3,13.6,3.946,22.1,-2.6,0.4,18.2,12.7,6.3,untested,blocked
XAG,edgeX,okx,91,1433,59.7,0.731,23.0,9.5,-0.9,0.221,23.0,0.0,0.4,18.2,12.6,6.3,blocked,untested
LIT,binance,KuCoin,539,1137,47.4,0.795,22.8,17.6,9.2,-0.439,10.9,-11.8,0.4,17.9,12.3,6.4,untested,reachable
CHZ,aster,CoinEx,912,1433,59.7,0.957,22.8,22.5,10.9,0.081,10.9,-11.8,0.38,18.1,12.9,6.1,untested,blocked
HYPE,Coinbase,dydx,1000,178,7.4,0.949,22.3,19.6,15.8,3.787,24.5,0.0,0.4,17.5,11.9,6.5,blocked,untested
XAG,Orderly,dydx,1000,999,41.6,0.989,22.3,18.4,10.9,-0.047,22.3,0.0,0.4,17.5,11.9,6.5,reachable,untested
ZHIPU,tradeXYZ,bybit,106,841,35.0,0.65,22.2,24.3,-36.3,0.608,55.1,0.0,0.41,17.3,11.6,6.7,blocked,untested
LTC,dydx,CoinEx,1000,171,7.1,0.965,22.1,31.0,9.9,4.114,22.4,0.0,0.4,17.3,11.7,6.6,untested,blocked
AERO,aster,KuCoin,2160,1139,47.5,0.633,22.0,11.4,0.0,0.699,10.9,-22.1,0.38,17.4,12.1,6.3,untested,reachable
XAG,WhiteBIT,binance,539,1421,59.2,0.879,21.9,14.2,10.3,-0.166,21.9,0.0,0.4,17.0,11.5,6.7,reachable,untested
BZ,bybit,WhiteBIT,270,1417,59.0,0.763,21.9,14.2,11.0,0.033,0.0,-21.9,0.41,16.9,11.2,6.8,untested,reachable
BTW,aster,edgeX,2160,1423,59.3,0.623,21.9,13.4,-25.8,-2.242,95.2,69.4,0.38,17.3,12.0,6.3,untested,blocked
MEGA,binance,Bitunix,145,1437,59.9,0.662,21.9,13.5,0.0,0.163,10.9,-10.9,0.4,17.0,11.5,6.7,untested,blocked
AKE,aster,Extended,1440,203,8.5,0.645,21.7,39.2,-0.4,2.756,37.9,11.4,0.38,17.0,11.7,6.4,untested,blocked
KSM,bybit,Variational,172,801,33.4,1.0,21.7,28.5,8.1,-1.277,10.9,-10.7,0.41,16.7,11.0,6.9,untested,blocked
NBIS,aster,WhiteBIT,270,1417,59.0,0.791,21.5,85.7,10.9,2.597,0.0,-16.6,0.38,16.8,11.6,6.5,untested,reachable
MEGA,binance,Nado,145,1437,59.9,0.998,21.2,19.3,18.2,0.036,10.9,-10.3,0.4,16.4,10.8,6.9,untested,reachable
APT,aster,Variational,270,169,7.0,1.0,21.1,21.6,18.2,0.616,10.9,-11.4,0.38,16.5,11.2,6.6,untested,blocked
ORCL,okx,Crypto.com,151,1433,59.7,0.567,20.8,40.1,-5.0,0.331,0.0,-2.8,0.4,16.0,10.4,7.0,untested,reachable
XPD,bitget,HTX,297,1437,59.9,0.557,20.6,38.4,0.0,0.427,19.5,0.0,0.42,15.5,9.6,7.4,untested,reachable
HYPE,dydx,Orderly,1000,175,7.3,0.634,20.5,20.5,-9.5,-0.72,0.0,-20.1,0.4,15.6,10.1,7.1,untested,reachable
LYN,BingX,aster,1440,1437,59.9,0.633,20.2,25.3,-1.4,0.191,66.4,24.0,0.38,15.6,10.3,6.9,reachable,untested
NVDA,Coinbase,binance,279,1417,59.0,0.859,20.1,13.7,7.0,-0.12,20.1,0.0,0.4,15.3,9.7,7.2,blocked,untested
MINA,okx,CoinEx,315,1433,59.7,0.947,19.9,28.5,10.9,0.084,10.9,-15.7,0.4,15.1,9.5,7.3,untested,blocked
AVAX,bitget,Lighter,270,1417,59.0,0.886,19.9,16.0,4.8,0.033,9.4,-14.9,0.42,14.8,9.0,7.7,untested,blocked
APE,aster,KuCoin,112,1433,59.7,0.681,19.8,25.8,0.0,0.641,10.9,-8.9,0.38,15.2,9.9,7.0,untested,reachable
LTC,dydx,Nado,1000,178,7.4,0.865,19.7,29.5,3.9,5.064,22.1,3.8,0.4,14.8,9.3,7.4,untested,reachable
AAVE,ApeX,okx,69,1433,59.7,0.933,19.5,14.7,9.4,0.077,10.9,-8.5,0.4,14.6,9.0,7.5,blocked,untested
LTC,dydx,Extended,1000,178,7.4,0.86,19.5,28.2,5.7,5.234,22.1,9.2,0.4,14.7,9.1,7.5,untested,blocked
BTW,aster,Bitunix,2160,1423,59.3,0.614,19.5,14.7,-23.3,-2.137,95.2,69.4,0.38,14.9,9.6,7.1,untested,blocked
LDO,okx,Backpack,73,1433,59.7,0.759,19.5,14.8,3.6,0.426,10.9,-8.5,0.4,14.6,9.0,7.5,untested,reachable
AVAX,aster,Variational,270,169,7.0,1.0,19.5,19.7,17.6,0.467,10.9,-8.5,0.38,14.8,9.6,7.1,untested,blocked
AVAX,bitget,Kraken,270,1417,59.0,0.902,19.4,16.1,11.5,0.215,9.4,-13.4,0.42,14.3,8.5,7.9,untested,reachable
CRV,dydx,Extended,1000,178,7.4,0.719,19.3,28.7,-2.6,3.245,0.0,-19.3,0.4,14.4,8.8,7.6,untested,blocked
AKE,aster,Bitunix,1440,1437,59.9,0.615,19.3,63.2,0.0,-1.499,45.6,10.9,0.38,14.7,9.4,7.2,untested,blocked
ETHFI,binance,Kraken,539,1421,59.2,0.852,19.2,25.2,13.0,0.042,10.9,-8.3,0.4,14.3,8.8,7.6,untested,reachable
LINK,aster,Pacifica,270,1417,59.0,0.724,19.1,12.9,0.0,0.167,10.9,-8.1,0.38,14.5,9.2,7.3,untested,blocked
ATOM,aster,CoinEx,270,1417,59.0,0.949,19.1,22.3,13.1,-0.468,10.9,-8.2,0.38,14.5,9.2,7.3,untested,blocked
ADA,bybit,Deribit,270,385,16.0,0.855,18.9,21.5,6.1,-0.538,8.4,-11.2,0.41,14.0,8.3,7.9,untested,untested
ADA,bybit,Deribit,270,385,16.0,0.855,18.9,21.5,6.1,-0.538,8.4,-11.2,0.41,14.0,8.3,7.9,untested,untested
CRV,okx,Coinbase,276,1417,59.0,0.896,18.8,13.4,7.9,0.281,10.9,-7.9,0.4,14.0,8.4,7.8,untested,blocked
INJ,BingX,okx,102,1433,59.7,0.939,18.7,14.3,9.9,-0.022,10.3,-8.4,0.4,13.9,8.3,7.8,reachable,untested
ETH,okx,Nado,63,1433,59.7,0.75,18.5,11.1,0.0,0.148,7.6,-11.0,0.4,13.6,8.1,7.9,untested,reachable
DOS,aster,Bitunix,509,507,21.1,0.598,18.4,24.5,0.0,-1.347,-1.3,-39.2,0.38,13.8,8.5,7.5,untested,blocked
DOT,bitget,Coinbase,270,1417,59.0,0.82,18.0,15.0,6.6,0.007,10.9,-7.0,0.42,12.8,7.0,8.5,untested,blocked
ENA,Coinbase,dydx,1000,178,7.4,0.843,17.8,17.5,7.4,-2.918,27.6,8.6,0.4,13.0,7.4,8.2,blocked,untested
EIGEN,okx,Nado,152,189,7.9,0.984,17.7,24.5,1.5,1.008,10.9,-7.0,0.4,12.8,7.2,8.3,untested,reachable
DOS,aster,LBank,509,507,21.1,0.578,17.7,21.5,0.0,-0.475,-1.3,-34.0,0.38,13.1,7.8,7.8,untested,blocked
ENA,bybit,Kraken,540,1421,59.2,0.73,17.6,9.2,-1.7,0.189,10.9,-6.6,0.41,12.6,6.9,8.5,untested,reachable
ADA,aster,Lighter,270,1417,59.0,0.874,17.6,13.7,4.8,0.003,10.9,-8.8,0.38,12.9,7.6,7.9,untested,blocked
AKE,aster,LBank,1440,801,33.4,0.652,17.5,30.6,0.0,-0.5,46.7,17.7,0.38,12.9,7.6,7.9,untested,blocked
APT,aster,Kraken,270,1417,59.0,0.85,17.5,14.6,8.5,0.187,10.9,-6.6,0.38,12.9,7.6,7.9,untested,reachable
MEW,binance,Variational,326,801,33.4,0.995,17.5,25.6,0.0,0.342,10.9,-6.8,0.4,12.6,7.1,8.3,untested,blocked
KAITO,bitget,Bitfinex,164,185,7.7,0.697,17.4,29.6,-17.7,-3.28,10.9,-17.9,0.42,12.3,6.5,8.8,untested,untested
LTC,dydx,Lighter,1000,178,7.4,0.86,17.2,29.7,5.3,5.451,22.1,8.8,0.4,12.4,6.8,8.5,untested,blocked
ADA,aster,MEXC,270,1417,59.0,0.825,17.2,14.6,3.9,0.288,10.9,-14.9,0.38,12.6,7.3,8.1,untested,blocked
ATOM,aster,LBank,270,169,7.0,1.0,17.1,16.3,12.2,-0.527,1.9,-14.6,0.38,12.5,7.2,8.1,untested,blocked
AAPL,okx,tradeXYZ,105,1433,59.7,0.701,17.0,9.0,-3.5,0.22,0.0,5.5,0.4,12.1,6.6,8.6,untested,blocked
ESP,bybit,KuCoin,276,1153,48.0,0.572,16.8,-7.3,0.0,0.703,-24.2,-71.2,0.41,11.8,6.1,8.9,untested,reachable
AAVE,Backpack,okx,69,1433,59.7,0.882,16.6,11.5,9.1,-0.115,8.0,-8.5,0.4,11.7,6.1,8.8,reachable,untested
INJ,dydx,Coinbase,1000,1000,41.7,0.896,16.6,15.4,15.1,0.388,0.0,-16.6,0.4,11.8,6.2,8.8,untested,blocked
LTC,dydx,MEXC,1000,171,7.1,0.801,16.4,24.2,1.6,4.342,22.4,10.9,0.4,11.6,6.0,8.9,untested,blocked
UNITREE,aster,LBank,119,601,25.0,0.574,16.4,-3.8,0.0,-0.309,0.0,-10.9,0.38,11.8,6.5,8.4,untested,blocked
LTC,dydx,LBank,1000,171,7.1,0.801,16.3,24.1,1.6,4.321,22.4,10.9,0.4,11.4,5.9,8.9,untested,blocked
JASMY,bybit,Variational,150,801,33.4,0.99,16.3,23.5,12.4,0.392,10.9,-6.0,0.41,11.3,5.6,9.2,untested,blocked
AAVE,aster,Lighter,270,1417,59.0,0.934,16.2,9.9,0.4,0.095,10.9,-5.3,0.38,11.6,6.3,8.6,untested,blocked
AXS,binance,Lighter,174,1437,59.9,0.765,16.2,7.8,0.4,0.789,10.9,-5.3,0.4,11.3,5.8,9.0,untested,blocked
CBRS,bitget,KuCoin,270,1417,59.0,0.598,16.1,14.0,-10.9,0.757,0.0,-10.8,0.42,11.0,5.1,9.5,untested,reachable
DASH,bybit,Kraken,270,1417,59.0,0.747,15.7,14.3,-0.7,0.243,10.9,-4.7,0.41,10.7,5.0,9.5,untested,reachable
BOME,bitget,Crypto.com,214,1437,59.9,0.523,15.6,22.5,-49.7,-1.903,10.9,-4.6,0.42,10.5,4.6,9.8,untested,reachable
ATOM,aster,KuCoin,270,1417,59.0,0.814,15.3,12.2,5.8,-0.16,10.9,-4.4,0.38,10.7,5.4,9.0,untested,reachable
AVAX,hl,Coinbase,2156,1426,59.4,0.877,15.3,12.9,7.4,-0.156,10.9,-7.0,0.39,10.6,5.2,9.3,untested,blocked
ICP,bybit,Variational,270,169,7.0,1.0,15.2,16.2,10.0,-0.323,10.9,-4.2,0.41,10.2,4.5,9.9,untested,blocked
ICP,hl,MEXC,686,1433,59.7,0.831,15.1,9.8,4.1,0.095,10.9,-4.2,0.39,10.4,4.9,9.4,untested,blocked
AAPL,okx,KuCoin,105,1433,59.7,0.553,15.1,6.7,-10.9,0.372,0.0,10.9,0.4,10.2,4.7,9.7,untested,reachable
BCH,hl,Deribit,589,1433,59.7,0.913,15.1,16.6,15.1,0.184,10.9,-4.2,0.39,10.4,5.0,9.4,untested,untested
XLE,tradeXYZ,bitget,90,713,29.7,0.854,15.0,13.9,5.5,0.208,15.0,0.0,0.42,9.9,4.1,10.2,blocked,untested
BMT,aster,BingX,1440,529,22.0,0.652,15.0,8.4,-7.8,2.963,-16.0,-42.7,0.38,10.4,5.1,9.2,untested,reachable
LINK,hl,Deribit,2156,353,14.7,0.887,14.8,17.7,5.5,-0.084,10.9,-3.8,0.39,10.0,4.6,9.6,untested,untested
LINK,hl,Deribit,2156,353,14.7,0.887,14.8,17.7,5.5,-0.084,10.9,-3.8,0.39,10.0,4.6,9.6,untested,untested
INJ,aster,Bitunix,270,1417,59.0,0.886,14.8,12.5,7.3,-0.194,10.9,-9.4,0.38,10.2,4.9,9.4,untested,blocked
SNXX,okx,edgeX,150,833,34.7,0.553,14.8,10.8,-55.6,-1.724,0.0,1.9,0.4,9.9,4.3,9.9,untested,blocked
CHZ,aster,Bitunix,912,1433,59.7,0.69,14.8,12.3,0.0,0.424,10.9,-5.7,0.38,10.2,4.9,9.4,untested,blocked
KMNO,okx,Backpack,360,1437,59.9,0.553,14.8,31.9,0.0,1.426,10.9,-8.4,0.4,9.9,4.4,9.9,untested,reachable
LINK,hl,Kraken,2156,1426,59.4,0.862,14.7,13.6,6.9,0.264,10.9,-3.7,0.39,9.9,4.5,9.7,untested,reachable
APT,aster,LBank,270,169,7.0,0.953,14.7,13.6,10.2,0.388,10.9,-3.7,0.38,10.0,4.8,9.5,untested,blocked
AAVE,BingX,okx,69,1433,59.7,0.804,14.5,9.1,2.2,0.202,6.0,-8.5,0.4,9.7,4.1,10.0,reachable,untested
ADA,aster,Coinbase,270,1417,59.0,0.858,14.5,10.0,5.8,0.272,10.9,-3.5,0.38,9.8,4.5,9.6,untested,blocked
HOME,aster,Bitunix,1364,1437,59.9,0.614,14.2,23.3,-18.9,0.54,-70.0,-94.3,0.38,9.6,4.3,9.8,untested,blocked
ATOM,dydx,Variational,1000,171,7.1,0.673,14.2,8.7,-3.3,-1.44,0.0,-14.2,0.4,9.4,3.8,10.3,untested,blocked
GRAM,okx,MEXC,204,1437,59.9,0.602,14.2,10.0,0.0,0.016,10.9,-3.3,0.4,9.4,3.8,10.3,untested,blocked
ESP,bitget,LBank,276,801,33.4,0.714,14.2,10.0,0.0,-0.135,-48.6,-62.9,0.42,9.1,3.3,10.8,untested,blocked
AERO,okx,CoinEx,199,1433,59.7,0.841,14.1,8.6,10.9,0.338,-3.7,-14.9,0.4,9.2,3.6,10.4,untested,blocked
BCH,hl,Nado,589,1440,60.0,0.908,14.1,9.6,5.8,0.08,10.9,-3.2,0.39,9.4,3.9,10.1,untested,reachable
PENG,bybit,edgeX,98,777,32.4,0.562,14.0,8.0,-49.7,-0.142,0.0,-7.7,0.41,9.0,3.3,10.7,untested,blocked
BMT,aster,LBank,1440,801,33.4,0.64,13.8,21.9,0.0,1.138,-0.5,-26.3,0.38,9.2,3.9,10.0,untested,blocked
AAVE,hl,Variational,2156,171,7.1,0.982,13.7,12.9,10.1,0.542,10.9,-3.5,0.39,8.9,3.5,10.4,untested,blocked
ALGO,dydx,Extended,822,1018,42.4,0.97,13.7,40.9,13.7,-0.351,167.0,153.3,0.4,8.8,3.3,10.7,untested,blocked
LINK,aster,Variational,270,169,7.0,1.0,13.6,14.2,10.2,-0.739,10.9,-2.7,0.38,9.0,3.7,10.2,untested,blocked
LINK,Nado,okx,69,1433,59.7,0.916,13.5,9.8,4.7,0.061,11.0,-2.5,0.4,8.6,3.1,10.8,reachable,untested
LTC,dydx,GRVT,1000,171,7.1,0.778,13.5,22.9,0.9,4.02,22.4,10.9,0.4,8.6,3.0,10.8,untested,blocked
ETC,binance,Kraken,270,1417,59.0,0.789,13.3,11.9,2.2,-0.089,8.7,-2.4,0.4,8.5,2.9,11.0,untested,reachable
KAIA,binance,CoinEx,334,1433,59.7,0.835,13.3,22.3,10.9,0.25,10.9,-2.3,0.4,8.4,2.8,11.0,untested,blocked
PEP,bybit,Bitunix,102,281,11.7,1.0,13.3,13.3,13.3,0.0,0.0,-13.3,0.41,8.3,2.6,11.3,untested,blocked
BTC,hl,Bitunix,2156,1419,59.1,0.92,13.2,10.8,4.8,0.021,10.9,-4.5,0.39,8.4,3.0,10.8,untested,blocked
BTC,hl,Bitunix,2156,1419,59.1,0.92,13.2,10.8,4.8,0.021,10.9,-4.5,0.39,8.4,3.0,10.8,untested,blocked
BTC,hl,Bitunix,2156,1419,59.1,0.92,13.2,10.8,4.8,0.021,10.9,-4.5,0.39,8.4,3.0,10.8,untested,blocked
AAPL,okx,Kraken,105,1433,59.7,0.562,13.1,-13.2,-33.1,0.956,0.0,22.7,0.4,8.3,2.7,11.1,untested,reachable
MAGMA,aster,Bitunix,2160,1423,59.3,0.621,13.1,23.9,0.0,0.045,38.2,11.5,0.38,8.5,3.2,10.6,untested,blocked
MERL,bybit,Variational,137,801,33.4,0.95,13.1,6.9,0.0,0.066,36.8,11.7,0.41,8.1,2.4,11.4,untested,blocked
ACE,bybit,LBank,589,785,32.7,0.541,12.9,-211.0,-255.0,-1.958,-163.7,-71.4,0.41,7.9,2.2,11.6,untested,blocked
LDO,okx,BingX,73,1433,59.7,0.715,12.9,8.7,0.0,0.041,10.9,-2.0,0.4,8.1,2.5,11.3,untested,reachable
BOME,binance,KuCoin,214,1153,48.0,0.729,12.9,9.2,0.0,0.083,10.9,-2.0,0.4,8.1,2.5,11.3,untested,reachable
QQQ,bitget,Crypto.com,270,1417,59.0,0.551,12.8,7.1,-5.0,0.41,0.0,-2.1,0.42,7.7,1.9,11.9,untested,reachable
LTC,dydx,Bitunix,1000,171,7.1,0.836,12.7,23.5,2.6,2.155,22.4,10.9,0.4,7.8,2.3,11.5,untested,blocked
LTC,dydx,Bitunix,1000,171,7.1,0.836,12.7,23.5,2.6,2.155,22.4,10.9,0.4,7.8,2.3,11.5,untested,blocked
LTC,dydx,Bitunix,1000,171,7.1,0.836,12.7,23.5,2.6,2.155,22.4,10.9,0.4,7.8,2.3,11.5,untested,blocked
LDO,okx,Extended,73,1433,59.7,0.717,12.7,7.8,-0.4,0.154,10.9,-1.8,0.4,7.8,2.3,11.5,untested,blocked
AAVE,aster,MEXC,270,1417,59.0,0.892,12.6,9.2,5.9,0.027,10.9,-1.6,0.38,8.0,2.7,11.0,untested,blocked
BIO,binance,Orderly,235,1437,59.9,0.981,12.6,19.8,12.6,-0.39,10.9,-2.1,0.4,7.8,2.2,11.6,untested,reachable
KAITO,binance,Crypto.com,164,1437,59.9,0.793,12.5,5.6,12.0,0.827,10.9,-1.5,0.4,7.6,2.1,11.7,untested,reachable
KAITO,bitget,LBank,164,189,7.9,0.783,12.5,16.3,0.9,3.443,10.9,-18.2,0.42,7.4,1.5,12.3,untested,blocked
COTI,aster,Bitunix,176,176,7.3,0.83,12.4,33.2,4.4,7.309,-180.4,-194.3,0.38,7.8,2.5,11.1,untested,blocked
MAGMA,aster,MEXC,2160,1423,59.3,0.617,12.4,23.6,0.0,0.099,38.2,12.0,0.38,7.8,2.5,11.2,untested,blocked
KIOXIA,okx,Extended,180,321,13.4,0.539,12.3,16.7,-47.3,1.663,7.4,5.3,0.4,7.4,1.8,11.9,untested,blocked
ETH,hl,Bitfinex,2156,171,7.1,0.994,12.2,15.5,10.9,-0.974,10.9,-4.4,0.39,7.5,2.1,11.6,untested,untested
ETH,hl,Bitfinex,2156,171,7.1,0.994,12.2,15.5,10.9,-0.974,10.9,-4.4,0.39,7.5,2.1,11.6,untested,untested
LTC,dydx,BingX,1000,171,7.1,0.766,12.2,21.7,0.8,3.456,22.4,10.9,0.4,7.3,1.7,12.0,untested,reachable
AKE,aster,KuCoin,1440,1153,48.0,0.577,12.2,31.3,-18.3,-1.756,51.8,28.5,0.38,7.6,2.3,11.4,untested,reachable
JUP,bybit,Orderly,540,1421,59.2,0.899,12.1,9.6,7.2,-0.096,10.9,-1.1,0.41,7.1,1.4,12.4,untested,reachable
LTC,dydx,Bitfinex,1000,171,7.1,0.614,11.9,30.2,-15.1,-0.056,22.4,13.9,0.4,7.1,1.5,12.2,untested,untested
LTC,dydx,Bitfinex,1000,171,7.1,0.614,11.9,30.2,-15.1,-0.056,22.4,13.9,0.4,7.1,1.5,12.2,untested,untested
LDO,dydx,Kraken,1000,178,7.4,0.629,11.8,11.2,-16.9,-1.69,0.0,-11.8,0.4,6.9,1.3,12.4,untested,reachable
LINK,Orderly,okx,69,1433,59.7,0.782,11.7,7.7,2.1,0.037,9.2,-2.5,0.4,6.8,1.3,12.5,reachable,untested
BCH,hl,KuCoin,589,1433,59.7,0.758,11.7,6.7,0.5,0.11,10.9,-0.8,0.39,7.0,1.5,12.1,untested,reachable
LTC,dydx,HTX,1000,171,7.1,0.76,11.5,21.5,0.3,3.317,22.4,10.9,0.4,6.6,1.1,12.7,untested,reachable
BTC,Extended,dydx,1000,178,7.4,0.961,11.4,10.5,8.8,-0.175,11.4,0.0,0.4,6.5,1.0,12.8,blocked,untested
BNB,Orderly,okx,73,1433,59.7,0.883,11.4,9.5,6.9,0.03,11.0,-0.4,0.4,6.5,1.0,12.8,reachable,untested
LIT,Extended,dydx,1000,178,7.4,0.809,11.4,-21.6,11.4,20.736,11.4,0.0,0.4,6.5,1.0,12.8,blocked,untested
LIT,GRVT,binance,539,1421,59.2,0.774,11.4,13.5,10.5,-0.194,22.3,10.9,0.4,6.5,1.0,12.8,blocked,untested
SNDK,Coinbase,aster,54,176,7.3,0.778,11.4,12.1,1.8,2.32,18.4,0.0,0.38,6.8,1.5,12.2,blocked,untested
AAVE,Extended,dydx,1000,178,7.4,0.966,11.4,10.4,11.4,-0.146,11.4,0.0,0.4,6.5,1.0,12.8,blocked,untested
JUP,Extended,dydx,1000,178,7.4,0.871,11.4,1.0,8.5,5.802,11.4,0.0,0.4,6.5,1.0,12.8,blocked,untested
ADA,Extended,dydx,1000,178,7.4,0.854,11.4,7.3,5.3,0.557,11.4,0.0,0.4,6.5,1.0,12.8,blocked,untested
BTC,dydx,edgeX,1000,175,7.3,0.703,11.4,4.6,-8.2,2.77,0.0,-11.3,0.4,6.5,0.9,12.8,untested,blocked
LTC,dydx,edgeX,1000,175,7.3,0.76,11.4,41.4,0.3,6.158,22.3,10.9,0.4,6.5,1.0,12.8,untested,blocked
AXS,dydx,Bitunix,505,502,20.9,0.725,11.4,12.4,0.0,-0.665,10.9,-0.4,0.4,6.5,1.0,12.8,untested,blocked
AXS,dydx,MEXC,505,502,20.9,0.685,11.4,12.6,0.0,-0.75,10.9,-0.4,0.4,6.5,1.0,12.8,untested,blocked
BNB,ApeX,okx,73,1433,59.7,0.855,11.3,9.4,6.9,0.029,10.9,-0.4,0.4,6.5,0.9,12.9,blocked,untested
BNB,Backpack,okx,73,1433,59.7,0.881,11.3,9.6,11.3,-0.145,10.9,-0.4,0.4,6.5,0.9,12.9,reachable,untested
BNB,Pacifica,okx,73,1433,59.7,0.856,11.3,9.3,6.5,0.016,10.9,-0.4,0.4,6.5,0.9,12.9,blocked,untested
BNB,BitMEX,okx,73,1425,59.4,0.857,11.3,9.4,7.4,0.027,10.9,-0.4,0.4,6.5,0.9,12.9,reachable,untested
BNB,BitMEX,okx,73,1425,59.4,0.857,11.3,9.4,7.4,0.027,10.9,-0.4,0.4,6.5,0.9,12.9,reachable,untested
HBAR,hl,Deribit,644,185,7.7,0.995,11.3,19.3,9.4,4.347,10.9,-0.3,0.39,6.5,1.1,12.6,untested,untested
LINK,KuCoin,okx,69,1433,59.7,0.787,11.2,6.9,1.5,0.048,8.7,-2.5,0.4,6.3,0.7,13.1,reachable,untested
LINK,aster,MEXC,270,1417,59.0,0.893,11.2,8.8,7.2,0.065,10.9,-0.2,0.38,6.5,1.3,12.4,untested,blocked
ETHFI,okx,Bitunix,171,1437,59.9,0.585,11.2,4.0,0.0,0.254,10.9,-0.3,0.4,6.4,0.8,13.0,untested,blocked
INJ,bitget,Variational,270,169,7.0,1.0,11.2,11.5,3.1,0.91,10.9,-0.3,0.42,6.1,0.3,13.6,untested,blocked
ESP,bitget,MEXC,276,1437,59.9,0.615,11.2,6.4,0.0,0.222,-27.8,-34.6,0.42,6.1,0.2,13.7,untested,blocked
TSLA,Orderly,bybit,270,1417,59.0,0.887,11.0,4.5,10.9,0.064,11.0,0.0,0.41,6.0,0.3,13.7,reachable,untested
CL,Orderly,okx,258,1437,59.9,0.891,11.0,24.3,10.9,0.62,10.9,0.0,0.4,6.1,0.6,13.3,reachable,untested
AVAX,hl,Deribit,2156,361,15.0,0.92,11.0,8.8,10.2,-0.111,10.9,-0.0,0.39,6.2,0.8,13.0,untested,untested
AVAX,hl,Deribit,2156,361,15.0,0.92,11.0,8.8,10.2,-0.111,10.9,-0.0,0.39,6.2,0.8,13.0,untested,untested
BTC,Backpack,dydx,1000,178,7.4,1.0,10.9,11.4,10.9,-0.222,10.9,0.0,0.4,6.1,0.5,13.3,reachable,untested
BTC,Pacifica,dydx,1000,178,7.4,0.972,10.9,10.4,9.8,-0.142,10.9,0.0,0.4,6.1,0.5,13.3,blocked,untested
BTC,BitMEX,dydx,1000,175,7.3,1.0,10.9,11.4,10.9,-0.245,10.9,0.0,0.4,6.1,0.5,13.3,reachable,untested
BTC,BitMEX,dydx,1000,175,7.3,1.0,10.9,11.4,10.9,-0.245,10.9,0.0,0.4,6.1,0.5,13.3,reachable,untested
HYPE,BitMEX,dydx,1000,175,7.3,0.891,10.9,6.0,9.5,1.604,10.9,0.0,0.4,6.1,0.5,13.3,reachable,untested
HYPE,WhiteBIT,dydx,1000,175,7.3,0.891,10.9,6.0,9.5,1.604,10.9,0.0,0.4,6.1,0.5,13.3,reachable,untested
HYPE,KuCoin,dydx,1000,175,7.3,0.891,10.9,5.1,6.1,1.281,10.9,0.0,0.4,6.1,0.5,13.3,reachable,untested
XAG,Pacifica,binance,539,1421,59.2,0.75,10.9,4.1,0.1,-0.019,10.9,0.0,0.4,6.1,0.5,13.3,blocked,untested
XAG,KuCoin,binance,539,1137,47.4,0.729,10.9,2.8,-1.8,0.12,10.9,0.0,0.4,6.1,0.5,13.3,reachable,untested
TSLA,Pacifica,binance,270,1417,59.0,0.855,10.9,7.2,10.1,-0.017,10.9,0.0,0.4,6.1,0.5,13.3,blocked,untested
XAU,Pacifica,binance,539,1421,59.2,0.718,10.9,2.9,-1.3,0.267,10.9,0.0,0.4,6.1,0.5,13.3,blocked,untested
XAU,Orderly,binance,539,1421,59.2,0.825,10.9,6.5,6.1,0.053,10.9,0.0,0.4,6.1,0.5,13.3,reachable,untested
LIT,ApeX,dydx,1000,178,7.4,0.837,10.9,-21.2,10.9,20.636,10.9,0.0,0.4,6.1,0.5,13.3,blocked,untested
LIT,Backpack,dydx,1000,178,7.4,0.865,10.9,-17.4,10.9,20.282,10.9,0.0,0.4,6.1,0.5,13.3,reachable,untested
LIT,Nado,dydx,1000,178,7.4,0.86,10.9,-20.1,10.9,21.202,10.9,0.0,0.4,6.1,0.5,13.3,reachable,untested
SNDK,Pacifica,binance,270,793,33.0,0.791,10.9,11.9,10.9,-0.516,10.9,0.0,0.4,6.1,0.5,13.3,blocked,untested
DOGE,ApeX,dydx,1000,178,7.4,0.949,10.9,9.4,10.9,-0.03,10.9,0.0,0.4,6.1,0.5,13.3,blocked,untested
DOGE,Backpack,dydx,1000,178,7.4,0.899,10.9,6.3,10.9,1.263,10.9,0.0,0.4,6.1,0.5,13.3,reachable,untested
DOGE,BingX,dydx,1000,171,7.1,0.947,10.9,7.9,8.0,-0.117,10.9,0.0,0.4,6.1,0.5,13.3,reachable,untested
JUP,GRVT,dydx,1000,175,7.3,0.897,10.9,2.4,9.5,5.309,10.9,0.0,0.4,6.1,0.5,13.3,blocked,untested
CRV,Pacifica,dydx,1000,178,7.4,1.0,10.9,11.0,10.9,-0.031,10.9,0.0,0.4,6.1,0.5,13.3,blocked,untested
ZHIPU,Nado,binance,139,1105,46.0,0.681,10.9,-18.5,-0.0,0.947,10.9,0.0,0.4,6.1,0.5,13.3,reachable,untested
CRCL,WhiteBIT,binance,270,1417,59.0,0.796,10.9,11.6,4.7,-0.372,10.9,0.0,0.4,6.1,0.5,13.3,reachable,untested
HBAR,ApeX,dydx,1000,1000,41.7,0.933,10.9,3.5,10.9,-0.359,10.9,0.0,0.4,6.1,0.5,13.3,blocked,untested
PENG,Nado,binance,129,793,33.0,0.97,10.9,11.7,10.9,0.106,10.9,0.0,0.4,6.1,0.5,13.3,reachable,untested
SKHYNIX,Pacifica,binance,421,1417,59.0,0.555,10.9,10.4,-53.0,-1.124,10.9,0.0,0.4,6.1,0.5,13.3,blocked,untested
SKHYNIX,WhiteBIT,binance,421,1417,59.0,0.598,10.9,-7.6,-37.3,0.764,10.9,0.0,0.4,6.1,0.5,13.3,reachable,untested
SNXX,BingX,binance,162,761,31.7,0.8,10.9,16.8,2.8,0.752,10.9,0.0,0.4,6.1,0.5,13.3,reachable,untested
BTC,hl,CoinEx,2156,1419,59.1,0.936,10.9,8.9,7.7,-0.011,10.9,0.0,0.39,6.2,0.8,13.0,untested,blocked
BTC,hl,CoinEx,2156,1419,59.1,0.936,10.9,8.9,7.7,-0.011,10.9,0.0,0.39,6.2,0.8,13.0,untested,blocked
HYPE,bybit,Bitfinex,270,169,7.0,0.805,10.9,8.2,2.6,-1.088,10.9,0.0,0.41,6.0,0.3,13.7,untested,untested
ETH,hl,CoinEx,2156,1419,59.1,0.948,10.9,9.1,9.4,-0.023,10.9,0.0,0.39,6.2,0.8,13.0,untested,blocked
ETH,hl,CoinEx,2156,1419,59.1,0.948,10.9,9.1,9.4,-0.023,10.9,0.0,0.39,6.2,0.8,13.0,untested,blocked
LINK,hl,CoinEx,2156,1419,59.1,0.932,10.9,12.0,10.9,0.158,10.9,0.0,0.39,6.2,0.8,13.0,untested,blocked
LINK,okx,Bitfinex,69,185,7.7,0.87,10.9,13.9,5.3,0.279,10.5,0.0,0.4,6.1,0.5,13.3,untested,untested
ENA,bybit,CoinEx,540,1417,59.0,0.706,10.9,2.2,-4.2,0.124,10.9,0.0,0.41,6.0,0.3,13.7,untested,blocked
ENA,binance,Bitfinex,539,169,7.0,0.686,10.9,7.2,-2.7,1.658,10.3,0.0,0.4,6.1,0.5,13.3,untested,untested
ENA,bitget,Deribit,540,169,7.0,1.0,10.9,12.9,10.9,2.086,10.9,0.0,0.42,5.8,0.0,14.0,untested,untested
FARTCOIN,binance,CoinEx,141,1433,59.7,0.86,10.9,7.4,10.9,0.002,10.9,0.0,0.4,6.1,0.5,13.3,untested,blocked
AAVE,bitget,Bitfinex,270,1417,59.0,0.791,10.9,5.2,1.1,0.022,10.6,0.0,0.42,5.8,0.0,14.0,untested,untested
DOGE,bitget,CoinEx,270,1417,59.0,0.921,10.9,7.8,6.4,0.102,10.9,0.0,0.42,5.8,0.0,14.0,untested,blocked
DOGE,hl,Bitfinex,2156,171,7.1,0.953,10.9,9.1,10.9,-0.066,10.9,0.0,0.39,6.2,0.8,13.0,untested,untested
MSTR,binance,WhiteBIT,270,1417,59.0,0.927,10.9,21.6,10.9,-0.305,0.0,-10.9,0.4,6.1,0.5,13.3,untested,reachable
CRV,okx,CoinEx,276,1417,59.0,0.864,10.9,7.6,6.2,0.066,10.9,0.0,0.4,6.1,0.5,13.3,untested,blocked
CRV,bybit,Bitfinex,270,169,7.0,0.763,10.9,11.2,2.5,0.662,10.9,0.0,0.41,6.0,0.3,13.7,untested,untested
ETHFI,binance,CoinEx,539,1417,59.0,0.831,10.9,7.2,4.8,0.301,10.9,0.0,0.4,6.1,0.5,13.3,untested,blocked
INJ,bitget,CoinEx,270,1417,59.0,0.74,10.9,6.0,-1.4,-0.121,9.6,-2.9,0.42,5.8,0.0,14.0,untested,blocked
INJ,okx,Bitfinex,102,185,7.7,0.914,10.9,12.3,8.6,1.163,10.9,0.0,0.4,6.1,0.5,13.3,untested,untested
NVDA,binance,BingX,279,169,7.0,0.858,10.9,8.2,5.5,-0.939,0.0,-10.9,0.4,6.1,0.5,13.3,untested,reachable
ADA,okx,CoinEx,277,1417,59.0,0.757,10.9,5.9,0.1,0.05,10.3,-0.3,0.4,6.1,0.5,13.3,untested,blocked
ADA,okx,Bitfinex,277,169,7.0,0.905,10.9,8.4,8.7,-0.863,10.9,0.0,0.4,6.1,0.5,13.3,untested,untested
AXS,binance,Bitfinex,174,185,7.7,0.914,10.9,11.7,4.9,4.112,10.9,0.0,0.4,6.1,0.5,13.3,untested,untested
EIGEN,binance,CoinEx,152,1433,59.7,0.958,10.9,10.6,10.9,0.092,10.9,0.0,0.4,6.1,0.5,13.3,untested,blocked
NBIS,binance,BingX,270,761,31.7,0.715,10.9,3.7,-2.1,-0.286,0.0,-10.9,0.4,6.1,0.5,13.3,untested,reachable
RKLB,binance,WhiteBIT,270,1417,59.0,0.859,10.9,13.3,10.9,-0.473,0.0,-10.9,0.4,6.1,0.5,13.3,untested,reachable
DOT,bitget,CoinEx,270,1417,59.0,0.932,10.9,10.8,10.9,0.093,10.9,0.0,0.42,5.8,0.0,14.0,untested,blocked
DOT,bybit,Bitfinex,270,169,7.0,0.858,10.9,6.5,2.8,0.236,10.9,0.0,0.41,6.0,0.3,13.7,untested,untested
HBAR,bitget,CoinEx,270,1417,59.0,0.819,10.9,6.2,4.1,0.002,10.9,0.0,0.42,5.8,0.0,14.0,untested,blocked
HBAR,binance,Bitfinex,270,169,7.0,0.905,10.9,14.8,10.2,4.517,10.9,0.0,0.4,6.1,0.5,13.3,untested,untested
ICP,bybit,CoinEx,270,1417,59.0,0.746,10.9,5.0,-0.0,0.08,10.9,0.0,0.41,6.0,0.3,13.7,untested,blocked
ICP,binance,Bitfinex,270,169,7.0,0.905,10.9,10.6,9.2,0.167,10.9,0.0,0.4,6.1,0.5,13.3,untested,untested
JTO,bybit,Bitfinex,540,169,7.0,0.811,10.9,11.9,2.0,0.292,10.9,0.0,0.41,6.0,0.3,13.7,untested,untested
LDO,okx,CoinEx,73,1433,59.7,0.944,10.9,11.0,10.9,0.175,10.9,0.0,0.4,6.1,0.5,13.3,untested,blocked
LDO,binance,Bitfinex,270,169,7.0,0.858,10.9,16.8,6.6,-3.182,7.5,0.0,0.4,6.1,0.5,13.3,untested,untested
MSFT,binance,WhiteBIT,275,1417,59.0,0.588,10.9,47.4,-10.9,2.384,0.0,-10.9,0.4,6.1,0.5,13.3,untested,reachable
SHOP,binance,BingX,48,377,15.7,0.912,10.9,14.4,5.5,-0.27,0.0,-10.9,0.4,6.1,0.5,13.3,untested,reachable
SOXL,binance,WhiteBIT,270,1417,59.0,0.61,10.9,4.5,-10.9,-0.117,0.0,-10.9,0.4,6.1,0.5,13.3,untested,reachable
TSM,binance,WhiteBIT,120,1433,59.7,0.872,10.9,14.1,10.9,-0.381,0.0,-10.9,0.4,6.1,0.5,13.3,untested,reachable
USO,okx,BingX,180,785,32.7,0.582,10.9,2.7,-4.4,0.612,0.0,-10.9,0.4,6.1,0.5,13.3,untested,reachable
XLE,bitget,WhiteBIT,90,713,29.7,0.742,10.9,5.7,-10.9,0.934,0.0,-10.9,0.42,5.8,0.0,14.0,untested,reachable
AMZN,binance,BingX,270,761,31.7,0.79,10.9,7.4,3.2,-0.214,0.0,-10.9,0.4,6.1,0.5,13.3,untested,reachable
APE,binance,CoinEx,112,1433,59.7,0.816,10.9,13.9,4.3,0.4,2.9,0.0,0.4,6.1,0.5,13.3,untested,blocked
APT,bitget,Bitfinex,270,169,7.0,0.811,10.9,10.3,8.0,-0.561,10.7,0.0,0.42,5.8,0.0,14.0,untested,untested
AVAX,hl,CoinEx,2156,1419,59.1,0.782,10.9,6.3,1.6,0.023,10.9,0.0,0.39,6.2,0.8,13.0,untested,blocked
AVAX,bitget,Bitfinex,270,169,7.0,0.905,10.9,8.8,5.5,-1.206,10.9,0.0,0.42,5.8,0.0,14.0,untested,untested
BCH,hl,CoinEx,589,1433,59.7,0.9,10.9,9.6,10.9,0.219,10.9,0.0,0.39,6.2,0.8,13.0,untested,blocked
BNC,binance,BingX,165,777,32.4,0.69,10.9,39.5,-5.4,-2.303,0.0,-10.9,0.4,6.1,0.5,13.3,untested,reachable
COAI,binance,GRVT,360,1437,59.9,1.0,10.9,12.1,10.9,0.034,10.9,0.0,0.4,6.1,0.5,13.3,untested,blocked
ETC,binance,CoinEx,270,1417,59.0,0.893,10.9,9.8,5.7,0.037,8.7,0.0,0.4,6.1,0.5,13.3,untested,blocked
GALA,bybit,CoinEx,144,1433,59.7,0.771,10.9,1.2,3.6,0.374,10.9,0.0,0.41,6.0,0.3,13.7,untested,blocked
GALA,bybit,Bitfinex,144,801,33.4,0.91,10.9,13.0,10.9,-0.129,10.9,0.0,0.41,6.0,0.3,13.7,untested,untested
HNT,bybit,CoinEx,180,1433,59.7,0.812,10.9,55.4,10.9,2.097,10.9,-1.3,0.41,6.0,0.3,13.7,untested,blocked
KAITO,binance,CoinEx,164,1433,59.7,0.913,10.9,18.9,10.9,-0.529,10.9,0.0,0.4,6.1,0.5,13.3,untested,blocked
KMNO,binance,CoinEx,360,1433,59.7,0.64,10.9,-0.0,-18.7,-0.839,10.9,0.0,0.4,6.1,0.5,13.3,untested,blocked
KSM,bybit,CoinEx,172,1433,59.7,0.653,10.9,1.0,-12.8,0.04,10.9,0.0,0.41,6.0,0.3,13.7,untested,blocked
LINEA,binance,Orderly,183,537,22.4,0.993,10.9,36.7,10.9,1.777,10.9,0.0,0.4,6.1,0.5,13.3,untested,reachable
MAGMA,aster,BingX,2160,1423,59.3,0.612,10.9,18.0,0.0,0.625,38.2,10.9,0.38,6.3,1.0,12.7,untested,reachable
MERL,bybit,Orderly,137,1433,59.7,0.718,10.9,15.0,0.0,0.38,10.9,10.9,0.41,6.0,0.3,13.7,untested,reachable
MEW,binance,CoinEx,326,1433,59.7,0.869,10.9,20.9,10.9,0.514,10.9,0.0,0.4,6.1,0.5,13.3,untested,blocked
MRVL,bybit,WhiteBIT,270,1417,59.0,0.56,10.9,-15.6,-10.9,1.213,0.0,10.9,0.41,6.0,0.3,13.7,untested,reachable
QQQ,bitget,WhiteBIT,270,1417,59.0,0.622,10.9,6.6,-10.9,0.378,0.0,10.9,0.42,5.8,0.0,14.0,untested,reachable
QQQ,binance,BingX,279,761,31.7,0.979,10.9,11.1,10.9,0.367,0.0,-10.9,0.4,6.1,0.5,13.3,untested,reachable
ETH,Orderly,dydx,1000,171,7.1,0.912,10.8,16.5,6.9,-3.887,10.9,0.4,0.4,6.0,0.4,13.5,reachable,untested
JUP,ApeX,dydx,1000,178,7.4,0.826,10.8,-0.9,6.6,5.488,10.9,0.0,0.4,6.0,0.4,13.5,blocked,untested
MANA,bitget,LBank,139,801,33.4,0.679,10.8,16.9,0.0,0.191,10.9,-2.4,0.42,5.7,-0.2,14.2,untested,blocked
LINK,aster,BingX,270,1417,59.0,0.779,10.7,7.4,2.4,0.086,10.9,0.2,0.38,6.1,0.8,12.9,untested,reachable
ETHFI,binance,BingX,539,1421,59.2,0.811,10.7,8.2,2.2,-0.089,10.9,0.2,0.4,5.9,0.3,13.6,untested,reachable
ETHFI,okx,MEXC,171,1437,59.9,0.585,10.7,3.7,0.0,0.248,10.9,0.2,0.4,5.9,0.3,13.6,untested,blocked
HBAR,hl,KuCoin,644,1433,59.7,0.667,10.7,6.6,0.0,0.107,10.9,0.2,0.39,6.0,0.6,13.3,untested,reachable
ETHFI,dydx,Variational,1000,175,7.3,0.777,10.6,17.8,1.1,-2.637,17.7,10.9,0.4,5.8,0.2,13.7,untested,blocked
AVAX,Orderly,dydx,1000,171,7.1,0.953,10.5,9.5,10.1,0.726,10.5,0.0,0.4,5.7,0.1,13.8,reachable,untested
LTC,hl,Deribit,2156,329,13.7,0.866,10.5,8.2,5.9,-0.642,10.9,0.4,0.39,5.8,0.3,13.5,untested,untested
LTC,hl,Deribit,2156,329,13.7,0.866,10.5,8.2,5.9,-0.642,10.9,0.4,0.39,5.8,0.3,13.5,untested,untested
AAVE,hl,KuCoin,2156,1419,59.1,0.788,10.5,9.9,2.6,0.2,10.9,0.4,0.39,5.8,0.3,13.5,untested,reachable
ETH,BitMEX,dydx,1000,175,7.3,0.92,10.4,16.3,6.7,-3.907,10.9,0.5,0.4,5.5,-0.0,14.0,reachable,untested
ETH,BitMEX,dydx,1000,175,7.3,0.92,10.4,16.3,6.7,-3.907,10.9,0.5,0.4,5.5,-0.0,14.0,reachable,untested
JELLYJELLY,aster,LBank,1440,801,33.4,0.591,10.4,22.2,0.0,-0.056,29.8,10.9,0.38,5.7,0.4,13.4,untested,blocked
ETHFI,dydx,LBank,1000,175,7.3,0.806,10.3,15.9,1.4,-3.414,17.7,10.9,0.4,5.5,-0.1,14.1,untested,blocked
COTI,aster,MEXC,176,176,7.3,0.898,10.3,33.6,4.9,6.646,-180.4,-194.0,0.38,5.7,0.4,13.5,untested,blocked
ETH,BingX,dydx,1000,171,7.1,0.854,10.2,14.6,3.2,-5.068,10.9,0.4,0.4,5.3,-0.2,14.3,reachable,untested
JUP,Backpack,dydx,1000,178,7.4,0.725,10.2,-5.3,-7.0,6.871,10.9,0.0,0.4,5.3,-0.2,14.3,reachable,untested
ICP,hl,Bitunix,686,1433,59.7,0.828,10.2,7.2,3.6,0.04,10.9,0.8,0.39,5.4,-0.0,14.0,untested,blocked
ETH,Pacifica,dydx,1000,178,7.4,0.893,10.1,15.6,5.4,-3.859,10.9,0.6,0.4,5.3,-0.3,14.4,blocked,untested
BCH,bitget,Variational,73,185,7.7,1.0,10.1,10.2,0.0,1.716,10.9,0.8,0.42,5.0,-0.8,15.1,untested,blocked
SNDK,WhiteBIT,aster,54,169,7.0,0.568,10.0,-0.0,-10.9,-3.916,10.9,0.0,0.38,5.3,0.1,13.9,reachable,untested
TBT,bitget,Bitunix,108,849,35.4,0.962,10.0,67.8,5.9,-2.164,0.0,-10.0,0.42,4.9,-0.9,15.3,untested,blocked
UNITREE,aster,Bitunix,119,309,12.9,0.832,10.0,13.4,0.6,-2.284,0.0,-11.9,0.38,5.4,0.1,13.8,untested,blocked
QQQ,binance,Nado,279,1417,59.0,0.745,10.0,7.4,-0.2,-0.018,0.0,-10.0,0.4,5.1,-0.5,14.7,untested,reachable
LINK,WhiteBIT,okx,69,1433,59.7,0.737,9.9,5.5,0.0,0.06,7.4,-2.5,0.4,5.0,-0.5,14.7,reachable,untested
ETH,hl,Coinbase,2156,1426,59.4,0.938,9.9,7.9,6.6,-0.031,10.9,0.9,0.39,5.1,-0.3,14.4,untested,blocked
CRO,bybit,Variational,144,801,33.4,1.0,9.9,8.4,0.0,-0.42,10.9,1.0,0.41,4.9,-0.8,15.1,untested,blocked
HBAR,hl,Bitunix,644,1437,59.9,0.766,9.9,7.4,2.3,0.11,10.9,1.0,0.39,5.2,-0.2,14.3,untested,blocked
HBAR,hl,Bitunix,644,1437,59.9,0.766,9.9,7.4,2.3,0.11,10.9,1.0,0.39,5.2,-0.2,14.3,untested,blocked
SKHY,okx,tradeXYZ,137,1281,53.4,0.619,9.9,8.4,-5.5,-0.394,0.0,-7.9,0.4,5.0,-0.5,14.8,untested,blocked
AVAX,dydx,Backpack,1000,178,7.4,0.809,9.9,12.5,3.0,0.273,0.0,-9.9,0.4,5.1,-0.5,14.7,untested,reachable
AVAX,bitget,Nado,270,1417,59.0,0.854,9.9,8.3,2.0,-0.028,9.4,-3.9,0.42,4.8,-1.0,15.5,untested,reachable
BTC,GRVT,dydx,1000,171,7.1,0.795,9.7,7.3,5.6,1.601,10.2,0.0,0.4,4.9,-0.7,15.0,blocked,untested
DOGE,bitget,Deribit,270,361,15.0,0.823,9.7,8.2,3.3,0.819,9.5,-1.0,0.42,4.6,-1.2,15.7,untested,untested
DOGE,bitget,Deribit,270,361,15.0,0.823,9.7,8.2,3.3,0.819,9.5,-1.0,0.42,4.6,-1.2,15.7,untested,untested
LDO,okx,MEXC,73,1433,59.7,0.765,9.7,6.0,0.5,0.117,10.9,1.2,0.4,4.9,-0.7,15.0,untested,blocked
CRV,dydx,Lighter,1000,178,7.4,0.657,9.6,8.9,-6.1,1.108,0.0,-9.6,0.4,4.8,-0.8,15.2,untested,blocked
ESP,bitget,BingX,276,1437,59.9,0.638,9.6,4.0,-2.0,0.704,-27.8,-42.3,0.42,4.5,-1.3,15.9,untested,reachable
ETH,Backpack,dydx,1000,178,7.4,0.921,9.5,15.1,5.9,-3.492,10.9,0.6,0.4,4.6,-0.9,15.4,reachable,untested
LINK,Coinbase,okx,69,1433,59.7,0.83,9.5,6.4,4.5,0.048,7.0,-2.5,0.4,4.7,-0.9,15.3,blocked,untested
CC,Backpack,binance,540,1421,59.2,0.588,9.5,5.1,0.0,0.049,10.9,3.3,0.4,4.6,-0.9,15.4,reachable,untested
APE,aster,Bitunix,112,1433,59.7,0.71,9.5,6.4,0.0,0.097,10.9,1.5,0.38,4.8,-0.4,14.7,untested,blocked
AAVE,hl,Kraken,2156,1426,59.4,0.798,9.4,10.9,3.6,0.163,10.9,1.6,0.39,4.6,-0.8,15.2,untested,reachable
JASMY,bitget,Kraken,150,1433,59.7,0.542,9.4,13.1,-9.5,0.228,10.9,-1.2,0.42,4.3,-1.6,16.4,untested,reachable
GRAM,hl,Bitunix,1464,1423,59.3,0.613,9.3,6.5,0.0,0.637,10.9,2.6,0.39,4.6,-0.8,15.3,untested,blocked
XLE,binance,Crypto.com,180,1433,59.7,0.558,9.3,66.0,-5.0,-3.228,0.0,-5.8,0.4,4.4,-1.1,15.7,untested,reachable
GALA,bybit,Variational,144,801,33.4,0.99,9.3,8.0,3.9,0.36,10.9,1.7,0.41,4.3,-1.4,16.1,untested,blocked
BTC,hl,Deribit,2156,1426,59.4,0.864,9.2,6.3,3.1,0.024,10.9,1.4,0.39,4.5,-1.0,15.5,untested,untested
BTC,hl,Deribit,2156,1426,59.4,0.864,9.2,6.3,3.1,0.024,10.9,1.4,0.39,4.5,-1.0,15.5,untested,untested
BTC,hl,Deribit,2156,1426,59.4,0.864,9.2,6.3,3.1,0.024,10.9,1.4,0.39,4.5,-1.0,15.5,untested,untested
EUR,dydx,tradeXYZ,1317,1440,60.0,0.598,9.2,-55.5,-102.9,-3.197,10.9,0.0,0.4,4.3,-1.2,15.9,untested,blocked
HYPE,Pacifica,dydx,1000,178,7.4,0.697,9.1,0.2,-1.9,0.124,10.9,0.0,0.4,4.2,-1.4,16.1,blocked,untested
LDO,okx,Bitunix,73,1433,59.7,0.804,9.1,6.5,1.9,0.055,10.9,1.9,0.4,4.2,-1.3,16.1,untested,blocked
SKHYNIX,okx,Bitunix,164,1433,59.7,0.645,9.1,1.2,-23.6,-0.181,0.0,-4.7,0.4,4.3,-1.3,16.0,untested,blocked
CHZ,aster,KuCoin,912,1433,59.7,0.544,9.1,23.4,0.0,0.936,10.9,-5.4,0.38,4.5,-0.8,15.3,untested,reachable
MANA,okx,CoinEx,139,1433,59.7,0.587,9.1,2.0,-9.4,1.015,10.9,1.9,0.4,4.2,-1.4,16.1,untested,blocked
MERL,bybit,Coinbase,137,1433,59.7,0.557,9.1,2.7,-28.5,0.371,10.9,22.8,0.41,4.1,-1.6,16.5,untested,blocked
AMZN,binance,Coinbase,270,1417,59.0,0.629,8.8,5.3,-7.9,0.603,0.0,-4.4,0.4,3.9,-1.7,16.7,untested,blocked
XPT,GRVT,binance,539,1421,59.2,0.622,8.5,15.3,0.0,-0.719,8.5,0.0,0.4,3.7,-1.9,17.1,blocked,untested
ETH,dydx,ApeX,1000,178,7.4,0.736,8.5,3.8,-0.3,2.993,0.6,-8.9,0.4,3.6,-2.0,17.2,untested,blocked
CRO,bybit,LBank,144,801,33.4,0.66,8.5,10.4,0.0,-0.852,10.9,2.5,0.41,3.5,-2.2,17.6,untested,blocked
MANA,bitget,Bitunix,139,1433,59.7,0.687,8.5,9.5,0.0,0.088,10.9,0.7,0.42,3.4,-2.5,18.1,untested,blocked
ETH,Extended,dydx,1000,178,7.4,0.831,8.4,10.8,3.7,-2.194,9.6,0.6,0.4,3.6,-2.0,17.3,blocked,untested
AAVE,hl,Deribit,2156,171,7.1,0.936,8.4,7.8,4.9,1.355,10.9,2.3,0.39,3.7,-1.7,16.9,untested,untested
SAMSUNG,bybit,KuCoin,269,737,30.7,0.506,8.4,28.6,-10.9,1.57,0.0,-3.9,0.41,3.4,-2.3,17.9,untested,reachable
APE,bitget,LBank,112,801,33.4,0.8,8.4,7.3,8.4,-0.105,10.9,2.5,0.42,3.3,-2.5,18.2,untested,blocked
KAITO,bitget,Variational,164,189,7.9,0.868,8.4,19.4,0.0,1.397,10.9,-6.7,0.42,3.3,-2.6,18.3,untested,blocked
BNB,KuCoin,okx,73,1433,59.7,0.793,8.3,6.0,3.1,0.02,7.9,-0.4,0.4,3.4,-2.2,17.6,reachable,untested
LINK,hl,Extended,2156,1426,59.4,0.689,8.3,7.6,-0.4,0.169,10.9,2.6,0.39,3.6,-1.8,17.1,untested,blocked
BOME,binance,Coinbase,214,1437,59.9,0.862,8.3,12.0,8.3,0.01,10.9,2.6,0.4,3.5,-2.1,17.5,untested,blocked
AMZN,binance,Nado,270,1417,59.0,0.794,8.2,7.5,2.8,0.011,0.0,-8.2,0.4,3.3,-2.3,17.9,untested,reachable
APE,bitget,MEXC,112,1433,59.7,0.693,8.2,5.1,0.0,0.112,10.9,2.7,0.42,3.1,-2.7,18.7,untested,blocked
ZHIPU,aster,Bitunix,214,985,41.0,0.894,8.1,18.3,4.0,-0.655,0.0,-6.4,0.38,3.5,-1.8,17.1,untested,blocked
GRT,bitget,Bitunix,164,1433,59.7,0.664,8.1,9.4,0.0,-0.077,10.9,1.4,0.42,2.9,-2.9,19.0,untested,blocked
HYPE,GRVT,bybit,270,1417,59.0,0.856,8.0,9.7,4.6,-0.143,15.5,5.8,0.41,3.0,-2.7,18.8,blocked,untested
DOT,bitget,Bitunix,270,1417,59.0,0.638,8.0,3.6,0.0,0.104,10.9,3.0,0.42,2.9,-3.0,19.2,untested,blocked
DOT,bitget,Bitunix,270,1417,59.0,0.638,8.0,3.6,0.0,0.104,10.9,3.0,0.42,2.9,-3.0,19.2,untested,blocked
DRAM,okx,Bitunix,119,1433,59.7,0.759,8.0,3.5,1.0,0.034,0.0,-3.3,0.4,3.1,-2.4,18.2,untested,blocked
DOGE,bitget,Orderly,270,1417,59.0,0.898,7.9,5.7,3.3,0.058,10.9,3.0,0.42,2.8,-3.0,19.3,untested,reachable
AXS,binance,CoinEx,174,1433,59.7,0.71,7.9,-0.5,-5.4,0.481,10.9,3.1,0.4,3.0,-2.6,18.6,untested,blocked
HBAR,bitget,Orderly,270,1417,59.0,0.865,7.9,5.1,1.4,-0.103,10.9,3.0,0.42,2.8,-3.0,19.3,untested,reachable
AAPL,okx,Coinbase,105,1433,59.7,0.684,7.9,2.1,-3.5,-0.124,0.0,14.0,0.4,3.0,-2.6,18.6,untested,blocked
CBRS,bitget,Coinbase,270,1417,59.0,0.568,7.9,9.6,-16.6,0.892,0.0,-1.8,0.42,2.8,-3.1,19.4,untested,blocked
ESP,bitget,Bitunix,276,1437,59.9,0.612,7.9,6.3,0.0,0.145,-27.8,-31.2,0.42,2.8,-3.0,19.4,untested,blocked
CRCL,binance,Kraken,270,1417,59.0,0.545,7.7,-17.4,-47.1,0.848,0.0,-5.7,0.4,2.8,-2.7,19.0,untested,reachable
MANA,bitget,MEXC,139,1433,59.7,0.687,7.7,12.5,0.0,0.259,10.9,0.8,0.42,2.6,-3.3,20.0,untested,blocked
DOGE,KuCoin,dydx,1000,171,7.1,0.877,7.6,4.9,3.1,0.42,8.3,0.0,0.4,2.7,-2.9,19.3,reachable,untested
ENA,dydx,Bitunix,1000,175,7.3,0.72,7.6,12.0,-1.9,-0.626,8.3,5.3,0.4,2.7,-2.8,19.2,untested,blocked
ENA,dydx,Bitunix,1000,175,7.3,0.72,7.6,12.0,-1.9,-0.626,8.3,5.3,0.4,2.7,-2.8,19.2,untested,blocked
DOT,bitget,KuCoin,270,1417,59.0,0.655,7.6,4.6,0.0,0.142,10.9,3.4,0.42,2.4,-3.4,20.3,untested,reachable
BNB,hl,Deribit,2156,385,16.0,0.587,7.5,1.0,-8.7,-1.988,10.9,0.0,0.39,2.8,-2.6,18.9,untested,untested
BNB,hl,Deribit,2156,385,16.0,0.587,7.5,1.0,-8.7,-1.988,10.9,0.0,0.39,2.8,-2.6,18.9,untested,untested
ICP,hl,Orderly,686,481,20.0,0.811,7.5,3.4,2.6,0.125,10.9,2.0,0.39,2.8,-2.6,18.9,untested,reachable
COTI,aster,BingX,176,176,7.3,0.517,7.5,-72.9,-146.6,-11.238,-180.4,-142.4,0.38,2.9,-2.4,18.4,untested,reachable
ETHFI,binance,Coinbase,539,1421,59.2,0.871,7.4,15.5,5.7,0.193,10.9,3.5,0.4,2.6,-3.0,19.6,untested,blocked
INJ,bitget,LBank,270,169,7.0,0.805,7.4,8.2,1.4,1.992,10.9,3.6,0.42,2.3,-3.6,20.8,untested,blocked
EUR,dydx,Extended,1317,1440,60.0,0.595,7.4,-57.0,-104.2,-3.126,10.9,3.5,0.4,2.6,-3.0,19.6,untested,blocked
HYPE,MEXC,dydx,1000,175,7.3,0.743,7.3,1.9,0.0,1.481,10.9,0.0,0.4,2.5,-3.1,19.9,blocked,untested
SNDK,binance,Nado,270,1417,59.0,0.631,7.3,1.3,-12.4,0.049,0.0,-7.3,0.4,2.4,-3.2,20.1,untested,reachable
AVAX,aster,LBank,270,169,7.0,0.953,7.3,6.9,4.4,0.652,10.9,3.6,0.38,2.7,-2.6,18.9,untested,blocked
LINK,BitMEX,bybit,270,357,14.9,0.776,7.2,7.6,1.9,0.019,10.9,3.8,0.41,2.2,-3.5,20.8,reachable,untested
LINK,BitMEX,bybit,270,357,14.9,0.776,7.2,7.6,1.9,0.019,10.9,3.8,0.41,2.2,-3.5,20.8,reachable,untested
LINK,BitMEX,bybit,270,357,14.9,0.776,7.2,7.6,1.9,0.019,10.9,3.8,0.41,2.2,-3.5,20.8,reachable,untested
EVAA,BingX,bitget,360,1437,59.9,0.535,7.2,10.8,0.0,1.14,22.1,10.9,0.42,2.1,-3.7,21.2,reachable,untested
XPT,okx,Bitfinex,128,753,31.4,0.616,7.2,-57.6,0.0,-4.057,7.2,0.0,0.4,2.3,-3.3,20.4,untested,untested
BCH,hl,Bitunix,589,1433,59.7,0.763,7.2,4.5,2.4,0.119,10.9,3.8,0.39,2.5,-3.0,19.8,untested,blocked
BCH,hl,Bitunix,589,1433,59.7,0.763,7.2,4.5,2.4,0.119,10.9,3.8,0.39,2.5,-3.0,19.8,untested,blocked
BCH,hl,Bitunix,589,1433,59.7,0.763,7.2,4.5,2.4,0.119,10.9,3.8,0.39,2.5,-3.0,19.8,untested,blocked
HBAR,bitget,MEXC,270,1417,59.0,0.757,7.1,4.4,0.3,-0.041,10.9,3.8,0.42,2.0,-3.8,21.5,untested,blocked
JTO,okx,BingX,164,1437,59.9,0.618,7.0,3.6,0.0,0.021,10.9,3.9,0.4,2.1,-3.4,20.8,untested,reachable
KAITO,binance,BingX,164,1437,59.9,0.716,7.0,4.1,0.0,-0.305,10.9,3.9,0.4,2.1,-3.4,20.8,untested,reachable
TSLA,tradeXYZ,binance,270,1417,59.0,0.809,6.9,4.6,4.1,-0.074,6.9,0.0,0.4,2.0,-3.5,21.2,blocked,untested
AAVE,hl,Orderly,2156,1419,59.1,0.856,6.9,7.7,3.7,0.179,10.9,4.0,0.39,2.2,-3.2,20.5,untested,reachable
DOGE,bitget,Kraken,270,1417,59.0,0.805,6.8,4.3,1.8,0.068,10.9,4.1,0.42,1.7,-4.1,22.5,untested,reachable
JTO,hl,LBank,660,189,7.9,0.704,6.8,8.5,0.0,-1.519,10.9,6.8,0.39,2.0,-3.4,21.0,untested,blocked
SNXX,okx,Bitunix,150,969,40.4,0.818,6.8,13.1,1.2,-1.384,0.0,-2.8,0.4,1.9,-3.6,21.5,untested,blocked
ETH,hl,HTX,2156,1419,59.1,0.814,6.7,5.8,2.2,-0.14,10.9,4.2,0.39,2.0,-3.5,21.2,untested,reachable
ETH,hl,HTX,2156,1419,59.1,0.814,6.7,5.8,2.2,-0.14,10.9,4.2,0.39,2.0,-3.5,21.2,untested,reachable
ADA,aster,LBank,270,169,7.0,0.953,6.7,7.8,5.7,0.584,10.9,4.2,0.38,2.1,-3.2,20.7,untested,blocked
BTC,hl,Coinbase,2156,1426,59.4,0.84,6.6,5.1,3.8,-0.001,10.9,4.4,0.39,1.8,-3.6,21.7,untested,blocked
HBAR,bitget,Kraken,270,1417,59.0,0.746,6.5,6.0,-0.1,-0.097,10.9,4.5,0.42,1.4,-4.5,23.7,untested,reachable
JASMY,bybit,CoinEx,150,1433,59.7,0.569,6.3,-4.5,-18.3,0.008,10.9,0.3,0.41,1.3,-4.4,23.8,untested,blocked
LTC,ApeX,bybit,270,1417,59.0,0.797,6.2,7.5,1.7,-0.064,10.9,4.8,0.41,1.2,-4.5,24.3,blocked,untested
INX,aster,KuCoin,1269,1153,48.0,0.532,6.2,25.8,0.0,0.437,23.1,10.9,0.38,1.6,-3.7,22.2,untested,reachable
BTC,WhiteBIT,bybit,270,1417,59.0,0.762,6.1,4.7,0.5,-0.081,10.9,4.4,0.41,1.2,-4.5,24.4,reachable,untested
EUR,MEXC,dydx,1317,1437,59.9,0.637,6.1,55.1,-23.9,3.467,9.2,10.9,0.4,1.3,-4.3,23.8,blocked,untested
QQQ,Coinbase,binance,279,1417,59.0,0.825,6.1,7.2,2.9,-0.061,6.1,0.0,0.4,1.3,-4.3,23.8,blocked,untested
AMZN,bitget,Bitunix,270,1417,59.0,0.796,6.1,4.8,0.9,0.267,0.0,-4.9,0.42,1.0,-4.9,25.2,untested,blocked
LTC,Backpack,bybit,270,1417,59.0,0.785,6.0,7.3,1.5,-0.056,10.9,4.8,0.41,1.0,-4.7,24.8,reachable,untested
LINK,dydx,GRVT,1000,171,7.1,0.673,6.0,9.7,-1.5,0.928,4.1,1.9,0.4,1.2,-4.4,24.2,untested,blocked
TSLA,LBank,bybit,270,169,7.0,0.568,5.9,6.0,0.0,-4.029,6.7,0.0,0.41,0.9,-4.8,25.4,blocked,untested
SAMSUNG,Bitunix,okx,145,1433,59.7,0.514,5.9,38.2,-17.0,0.126,-6.3,0.0,0.4,1.1,-4.5,24.6,blocked,untested
BTC,Orderly,bybit,270,1417,59.0,0.813,5.8,3.4,0.0,0.07,11.0,4.4,0.41,0.8,-4.9,25.8,reachable,untested
SHAZ,bybit,Bitunix,168,993,41.4,0.799,5.8,32.2,2.8,-1.265,0.0,-5.7,0.41,0.8,-4.9,25.9,untested,blocked
ADA,aster,BingX,270,1417,59.0,0.649,5.8,3.9,0.0,0.14,10.9,-0.5,0.38,1.2,-4.1,23.8,untested,reachable
PAYP,aster,Bitunix,180,1433,59.7,0.916,5.8,12.6,0.9,0.043,0.0,-5.8,0.38,1.2,-4.1,24.0,untested,blocked
CL,bybit,Bitunix,466,1421,59.2,0.856,5.7,8.5,0.4,0.215,0.0,-6.2,0.41,0.7,-5.0,26.3,untested,blocked
DOGE,bitget,Coinbase,270,1417,59.0,0.897,5.7,5.3,4.1,0.002,10.9,5.3,0.42,0.6,-5.3,26.9,untested,blocked
BTC,BingX,dydx,1000,171,7.1,0.982,5.6,6.4,3.4,-0.372,5.3,0.0,0.4,0.7,-4.8,26.1,reachable,untested
ENA,okx,Orderly,552,1421,59.2,0.679,5.6,2.8,-3.1,0.211,10.9,5.3,0.4,0.7,-4.8,26.1,untested,reachable
AAVE,hl,Bitunix,2156,1419,59.1,0.67,5.6,5.3,0.0,0.185,10.9,5.3,0.39,0.9,-4.6,25.4,untested,blocked
AAVE,hl,Bitunix,2156,1419,59.1,0.67,5.6,5.3,0.0,0.185,10.9,5.3,0.39,0.9,-4.6,25.4,untested,blocked
AAVE,hl,Bitunix,2156,1419,59.1,0.67,5.6,5.3,0.0,0.185,10.9,5.3,0.39,0.9,-4.6,25.4,untested,blocked
BZ,bybit,Bitunix,270,1417,59.0,0.732,5.6,12.3,-1.5,0.473,0.0,-6.6,0.41,0.6,-5.1,26.7,untested,blocked
SAMSUNGEM,bybit,Bitunix,57,449,18.7,0.822,5.6,-1.6,0.5,0.253,0.0,-5.6,0.41,0.7,-5.0,26.5,untested,blocked
APT,aster,Backpack,270,1417,59.0,0.628,5.6,4.8,0.0,0.114,10.9,4.8,0.38,1.0,-4.3,24.7,untested,reachable
AVAX,bitget,MEXC,270,1417,59.0,0.807,5.6,5.2,0.5,0.085,9.4,0.4,0.42,0.5,-5.4,27.5,untested,blocked
SOXL,tradeXYZ,binance,270,617,25.7,0.728,5.5,4.0,-2.3,0.244,5.5,0.0,0.4,0.6,-5.0,26.7,blocked,untested
TSM,tradeXYZ,binance,120,1433,59.7,0.891,5.5,7.2,5.5,-0.043,5.5,0.0,0.4,0.6,-5.0,26.7,blocked,untested
WDC,tradeXYZ,binance,161,1433,59.7,0.681,5.5,5.7,-4.6,0.008,5.5,0.0,0.4,0.6,-5.0,26.7,blocked,untested
BTC,hl,Kraken,2156,1426,59.4,0.745,5.5,3.3,-0.1,-0.018,10.9,5.4,0.39,0.8,-4.6,25.7,untested,reachable
BTC,hl,Kraken,2156,1426,59.4,0.745,5.5,3.3,-0.1,-0.018,10.9,5.4,0.39,0.8,-4.6,25.7,untested,reachable
EWT,bybit,BingX,180,745,31.0,0.538,5.5,-0.7,-10.9,-0.226,0.0,-5.5,0.41,0.5,-5.2,27.3,untested,reachable
QQQ,bybit,Bitunix,270,1417,59.0,0.797,5.5,6.6,0.3,0.004,0.0,-1.8,0.41,0.5,-5.2,27.4,untested,blocked
LDO,dydx,Crypto.com,1000,178,7.4,0.545,5.4,7.2,-13.2,2.404,0.0,-5.4,0.4,0.6,-5.0,26.8,untested,reachable
SOXL,bybit,Bitunix,270,1417,59.0,0.813,5.4,9.0,0.6,-0.383,0.0,-2.8,0.41,0.4,-5.3,27.9,untested,blocked
MAGMA,aster,LBank,2160,787,32.8,0.53,5.4,24.8,0.0,-0.355,46.3,21.0,0.38,0.7,-4.5,25.9,untested,blocked
LDO,hl,Orderly,589,385,16.0,1.0,5.3,6.7,2.8,-0.274,10.9,5.9,0.39,0.5,-4.9,27.0,untested,reachable
BCH,hl,MEXC,589,1433,59.7,0.819,5.3,4.0,4.7,0.029,10.9,5.7,0.39,0.5,-4.9,27.1,untested,blocked
KAITO,binance,ApeX,164,1437,59.9,0.708,5.3,2.2,0.0,-0.5,10.9,5.7,0.4,0.4,-5.1,27.6,untested,blocked
HYPE,dydx,Kraken,1000,178,7.4,0.556,5.2,3.7,-19.5,-2.915,0.0,-1.7,0.4,0.3,-5.3,28.2,untested,reachable
NKE,bitget,Bitunix,180,209,8.7,0.77,5.2,4.4,1.1,1.507,0.0,-5.2,0.42,0.1,-5.8,29.7,untested,blocked
TSLA,Variational,bybit,270,169,7.0,0.568,5.1,5.5,0.0,-3.81,6.1,0.0,0.41,0.1,-5.6,29.6,blocked,untested
UNITREE,aster,tradeXYZ,119,633,26.4,0.676,5.1,-23.5,-5.5,-1.958,5.5,0.1,0.38,0.5,-4.8,27.2,untested,blocked
EVAA,binance,HTX,360,985,41.0,0.533,5.1,18.4,0.0,-0.746,10.9,10.9,0.4,0.2,-5.4,28.8,untested,reachable
KSTR,bybit,Bitunix,150,801,33.4,0.81,5.1,15.2,1.1,0.624,0.0,-3.9,0.41,0.1,-5.6,29.3,untested,blocked
LINEA,binance,CoinEx,183,1433,59.7,0.673,5.1,-5.0,-10.4,0.061,10.9,5.8,0.4,0.3,-5.3,28.4,untested,blocked
XAG,Crypto.com,binance,539,1421,59.2,0.767,5.0,6.7,1.3,-0.013,5.0,0.0,0.4,0.1,-5.4,29.2,reachable,untested
XAU,Crypto.com,binance,539,1421,59.2,0.837,5.0,9.8,5.0,-0.064,5.0,0.0,0.4,0.1,-5.4,29.2,reachable,untested
ENA,dydx,LBank,1000,175,7.3,0.686,5.0,9.6,-2.4,-0.472,8.3,9.9,0.4,0.2,-5.4,29.0,untested,blocked
SHAZ,bitget,edgeX,125,977,40.7,0.553,5.0,15.8,-40.7,0.121,0.0,-3.9,0.42,-0.1,-5.9,30.6,untested,blocked
ZHIPU,aster,edgeX,214,1417,59.0,0.571,5.0,12.0,-9.4,0.398,0.0,-1.5,0.38,0.4,-4.9,27.7,untested,blocked
DOT,bitget,LBank,270,169,7.0,0.763,5.0,7.9,1.9,0.572,10.9,3.2,0.42,-0.1,-5.9,30.4,untested,blocked
HYPE,Extended,bybit,270,1417,59.0,0.914,4.9,5.4,0.4,-0.157,11.4,5.8,0.41,-0.1,-5.8,30.6,blocked,untested
ENA,dydx,MEXC,1000,175,7.3,0.686,4.9,9.6,-2.2,-0.46,8.3,9.9,0.4,0.1,-5.5,29.6,untested,blocked
EWY,bitget,Bitunix,270,1417,59.0,0.853,4.9,2.9,1.8,0.251,0.0,-3.6,0.42,-0.2,-6.1,31.4,untested,blocked
DOGE,Crypto.com,bybit,270,1417,59.0,0.815,4.8,4.0,1.6,0.019,12.6,5.1,0.41,-0.2,-5.9,31.5,reachable,untested
LINK,aster,LBank,270,169,7.0,0.669,4.7,5.1,0.0,1.261,10.9,6.2,0.38,0.1,-5.2,29.5,untested,blocked
RKLB,okx,KuCoin,135,1433,59.7,0.531,4.7,2.5,-10.9,0.38,0.0,10.9,0.4,-0.1,-5.7,30.7,untested,reachable
APT,okx,Coinbase,82,1433,59.7,0.627,4.7,-2.3,-7.4,-0.026,10.0,5.3,0.4,-0.1,-5.7,30.8,untested,blocked
ETH,hl,LBank,2156,171,7.1,0.819,4.6,4.5,2.3,0.95,10.9,4.7,0.39,-0.1,-5.5,30.7,untested,blocked
DATA,bitget,MEXC,360,1437,59.9,0.518,4.6,29.8,0.0,-0.972,10.9,-10.7,0.42,-0.5,-6.4,33.3,untested,blocked
GRT,bitget,MEXC,164,1433,59.7,0.676,4.6,8.9,0.0,-0.181,10.9,4.2,0.42,-0.5,-6.4,33.3,untested,blocked
GALA,bybit,LBank,144,801,33.4,0.649,4.6,2.7,0.0,-0.227,10.9,6.4,0.41,-0.4,-6.1,32.5,untested,blocked
CRCL,okx,KuCoin,113,1433,59.7,0.581,4.4,-0.1,-10.9,-0.012,0.0,10.9,0.4,-0.5,-6.0,33.3,untested,reachable
SKHY,okx,Coinbase,137,1161,48.4,0.569,4.4,-0.0,-14.9,-0.187,0.0,-3.5,0.4,-0.5,-6.0,33.3,untested,blocked
GALA,bitget,MEXC,145,1433,59.7,0.676,4.4,4.8,0.0,-0.105,10.9,6.6,0.42,-0.7,-6.6,35.0,untested,blocked
SNDK,Bitunix,aster,54,169,7.0,0.568,4.3,7.7,-2.3,0.943,4.3,0.0,0.38,-0.4,-5.7,32.6,blocked,untested
XPT,okx,HTX,128,1433,59.7,0.531,4.3,6.5,0.0,0.075,7.2,0.0,0.4,-0.6,-6.1,34.0,untested,reachable
DOT,bitget,Orderly,270,1417,59.0,0.768,4.3,3.4,0.6,-0.078,10.9,6.7,0.42,-0.8,-6.7,35.9,untested,reachable
ETH,hl,Variational,2156,171,7.1,0.865,4.2,4.0,0.9,0.76,10.9,6.7,0.39,-0.5,-5.9,33.7,untested,blocked
KSTR,bybit,BingX,150,689,28.7,0.524,4.2,1.5,-10.9,-1.706,0.0,5.5,0.41,-0.8,-6.5,35.8,untested,reachable
TSLA,Extended,bybit,270,169,7.0,0.544,4.1,7.5,0.0,-2.512,5.3,0.0,0.41,-0.9,-6.6,36.8,blocked,untested
JUP,bitget,Variational,540,173,7.2,0.948,4.1,10.5,0.0,0.489,10.9,6.8,0.42,-1.0,-6.8,37.2,untested,blocked
DASH,bitget,Orderly,270,697,29.0,0.977,4.1,5.4,2.2,0.08,10.9,6.8,0.42,-1.0,-6.8,37.3,untested,reachable
PENG,binance,Bitunix,129,753,31.4,0.936,4.1,5.3,1.6,0.088,0.0,-4.1,0.4,-0.8,-6.3,35.7,untested,blocked
PYPL,bybit,edgeX,102,809,33.7,0.511,4.1,3.8,-48.4,-0.076,0.0,-4.1,0.41,-0.9,-6.6,36.5,untested,blocked
EBAY,binance,Bitunix,185,1433,59.7,0.865,4.0,4.2,1.5,0.033,0.0,-4.0,0.4,-0.9,-6.5,36.9,untested,blocked
BTC,hl,Nado,2156,1426,59.4,0.703,3.9,2.1,-0.0,0.004,10.9,6.6,0.39,-0.8,-6.3,36.4,untested,reachable
HOME,bitget,MEXC,341,1437,59.9,0.535,3.9,2.3,-15.1,-0.342,-109.5,-78.4,0.42,-1.2,-7.0,38.9,untested,blocked
AERO,bitget,Lighter,540,1421,59.2,0.759,3.9,2.4,0.4,-0.043,10.9,6.1,0.42,-1.2,-7.0,38.9,untested,blocked
DOT,bitget,Lighter,270,1417,59.0,0.829,3.9,0.9,0.4,0.102,10.9,7.0,0.42,-1.2,-7.0,38.9,untested,blocked
KPEPE,hl,Pacifica,617,617,25.7,0.536,3.9,13.7,0.0,-0.28,10.9,10.9,0.39,-0.8,-6.2,36.0,untested,blocked
APT,bybit,Orderly,270,1417,59.0,0.639,3.9,1.8,-3.5,-0.01,7.0,7.1,0.41,-1.1,-6.8,38.5,untested,reachable
JASMY,binance,Extended,150,1001,41.7,0.577,3.9,21.4,-0.4,-1.926,10.9,7.0,0.4,-0.9,-6.5,37.0,untested,blocked
ETH,hl,Crypto.com,2156,1426,59.4,0.774,3.8,3.7,0.7,-0.062,10.9,7.1,0.39,-0.9,-6.4,37.4,untested,reachable
ETH,hl,KuCoin,2156,1419,59.1,0.784,3.8,2.6,0.7,0.007,10.9,7.1,0.39,-0.9,-6.3,37.1,untested,reachable
AERO,hl,LBank,798,189,7.9,0.556,3.8,10.2,0.0,3.752,10.9,8.7,0.39,-1.0,-6.4,37.8,untested,blocked
SKHY,okx,Bitunix,137,1217,50.7,0.803,3.8,3.4,0.8,0.119,0.0,-2.7,0.4,-1.1,-6.6,38.6,untested,blocked
CC,okx,Bitunix,212,1437,59.9,0.693,3.8,3.3,0.0,-0.114,10.9,7.1,0.4,-1.0,-6.6,38.2,untested,blocked
MRVL,binance,Bitunix,275,1417,59.0,0.716,3.8,1.5,-0.3,0.13,0.0,-3.8,0.4,-1.1,-6.6,38.6,untested,blocked
XPD,bitget,Lighter,297,1437,59.9,0.525,3.7,18.0,-3.5,-0.023,19.5,3.5,0.42,-1.4,-7.2,41.2,untested,blocked
BX,bybit,Bitunix,141,1121,46.7,0.907,3.7,19.0,1.1,-0.423,0.0,-3.7,0.41,-1.2,-6.9,40.0,untested,blocked
LINK,dydx,Lighter,1000,178,7.4,0.562,3.6,8.9,-6.4,3.124,3.6,5.3,0.4,-1.3,-6.9,41.0,untested,blocked
ZHONGJI,bitget,Bitunix,57,449,18.7,0.715,3.6,-14.4,-18.2,1.746,0.0,-3.6,0.42,-1.5,-7.4,42.8,untested,blocked
XAU,Extended,binance,539,1421,59.2,0.803,3.5,1.6,2.4,-0.055,3.5,0.0,0.4,-1.4,-6.9,41.7,blocked,untested
DOGE,WhiteBIT,bybit,270,1417,59.0,0.622,3.5,4.5,0.0,-0.051,10.9,5.1,0.41,-1.5,-7.2,42.9,reachable,untested
ETH,hl,MEXC,2156,1419,59.1,0.787,3.5,2.5,1.5,-0.043,10.9,7.4,0.39,-1.2,-6.7,40.6,untested,blocked
CRV,binance,Kraken,270,1417,59.0,0.593,3.5,2.2,-6.7,-0.377,8.6,7.4,0.4,-1.3,-6.9,41.3,untested,reachable
EWT,aster,Bitunix,180,1433,59.7,0.932,3.4,2.5,0.7,0.189,0.0,-3.1,0.38,-1.2,-6.5,40.3,untested,blocked
CRO,bybit,CoinEx,144,1433,59.7,0.52,3.3,-7.9,-21.2,0.411,10.9,0.0,0.41,-1.7,-7.4,45.9,untested,blocked
LA,binance,BingX,539,1421,59.2,0.549,3.3,-4.3,-1.3,-0.426,9.6,3.9,0.4,-1.6,-7.1,44.4,untested,reachable
2Z,binance,BingX,157,1437,59.9,0.677,3.3,2.5,0.0,0.122,10.9,7.7,0.4,-1.6,-7.1,44.4,untested,reachable
BCH,hl,Pacifica,589,1440,60.0,0.661,3.2,-0.7,0.0,0.248,10.9,7.7,0.39,-1.5,-6.9,44.2,untested,blocked
QNTX,binance,Bitunix,180,1433,59.7,0.804,3.2,5.6,0.7,-0.134,0.0,-2.7,0.4,-1.7,-7.3,46.1,untested,blocked
XAU,Bitunix,bybit,540,1421,59.2,0.825,3.1,2.1,0.9,0.056,3.1,0.0,0.41,-1.9,-7.6,48.0,blocked,untested
DOGE,hl,LBank,2156,171,7.1,0.608,3.1,2.9,0.0,0.957,10.9,6.9,0.39,-1.7,-7.1,46.0,untested,blocked
DATA,bybit,Extended,329,201,8.4,0.542,3.1,28.9,-0.4,4.269,10.9,7.9,0.41,-1.9,-7.6,48.8,untested,blocked
BNC,binance,Bitunix,165,1209,50.4,0.682,3.1,3.1,-6.2,0.007,0.0,-3.1,0.4,-1.8,-7.3,47.2,untested,blocked
INJ,aster,KuCoin,270,1417,59.0,0.542,3.0,3.3,0.0,-0.313,10.9,3.1,0.38,-1.7,-7.0,46.9,untested,reachable
BTC,ApeX,dydx,1000,178,7.4,0.652,2.9,2.6,-1.4,-0.182,1.8,0.0,0.4,-2.0,-7.5,50.7,blocked,untested
NAVER,bitget,Bitunix,57,449,18.7,0.911,2.9,5.6,0.4,0.521,0.0,-2.9,0.42,-2.2,-8.1,53.4,untested,blocked
CBRS,bitget,Bitunix,270,1417,59.0,0.898,2.9,8.1,2.7,0.157,0.0,-2.7,0.42,-2.2,-8.1,53.3,untested,blocked
CRV,binance,Orderly,270,1417,59.0,0.661,2.8,1.0,-2.7,-0.085,8.6,8.1,0.4,-2.1,-7.6,52.1,untested,reachable
APT,bybit,CoinEx,270,1417,59.0,0.599,2.8,1.5,-4.6,-0.009,7.0,8.1,0.41,-2.2,-7.9,53.0,untested,blocked
URNM,okx,Bitunix,180,1433,59.7,0.832,2.7,2.9,0.7,0.016,0.0,-2.6,0.4,-2.2,-7.8,54.6,untested,blocked
NBIS,binance,edgeX,270,169,7.0,0.521,2.7,1.0,-50.9,-3.402,0.0,-2.7,0.4,-2.2,-7.8,54.8,untested,blocked
BTC,hl,MEXC,2156,1419,59.1,0.65,2.6,0.6,-0.7,-0.033,10.9,8.3,0.39,-2.1,-7.5,54.2,untested,blocked
ADA,aster,WhiteBIT,270,1417,59.0,0.565,2.6,1.1,-1.8,0.064,10.9,5.0,0.38,-2.0,-7.3,52.5,untested,reachable
EUR,dydx,Kraken,1317,1440,60.0,0.526,2.6,-29.5,-119.4,-3.143,10.9,-8.3,0.4,-2.2,-7.8,55.5,untested,reachable
GRT,bitget,LBank,164,801,33.4,0.589,2.5,6.8,0.0,-0.523,10.9,8.5,0.42,-2.6,-8.5,62.2,untested,blocked
ENA,BingX,dydx,1000,175,7.3,0.583,2.4,-3.4,-7.9,1.899,10.9,8.3,0.4,-2.5,-8.0,60.6,reachable,untested
ATOM,aster,BingX,270,1417,59.0,0.672,2.4,3.2,0.0,-0.267,10.9,8.5,0.38,-2.2,-7.5,57.6,untested,reachable
SAMSUNG,bybit,MEXC,269,761,31.7,0.515,2.3,32.7,0.0,1.228,0.0,0.0,0.41,-2.7,-8.4,65.6,untested,blocked
EWY,okx,Crypto.com,128,1433,59.7,0.524,2.3,-4.5,-10.9,0.147,0.0,5.0,0.4,-2.5,-8.1,62.2,untested,reachable
WDC,okx,Bitunix,160,1433,59.7,0.922,2.2,3.9,0.5,-0.017,0.0,-1.3,0.4,-2.7,-8.2,66.3,untested,blocked
XLE,bybit,Bitunix,147,1169,48.7,0.918,2.2,0.9,1.4,0.207,0.0,-2.2,0.41,-2.8,-8.5,69.0,untested,blocked
HANMI,bybit,Bitunix,57,449,18.7,0.911,2.2,4.5,0.4,-0.419,0.0,-2.2,0.41,-2.8,-8.5,69.0,untested,blocked
XAG,Nado,binance,539,1421,59.2,0.628,2.1,-0.8,-4.9,-0.074,2.1,0.0,0.4,-2.7,-8.3,68.7,reachable,untested
UNITREE,aster,Lighter,119,633,26.4,0.583,2.0,-40.4,-3.5,-2.664,5.5,3.5,0.38,-2.7,-7.9,70.4,untested,blocked
BTC,hl,Variational,2156,171,7.1,0.936,1.9,1.7,0.0,-0.003,10.9,9.0,0.39,-2.8,-8.3,74.8,untested,blocked
AAVE,hl,Pacifica,2156,1426,59.4,0.619,1.9,3.3,0.0,0.101,10.9,9.0,0.39,-2.8,-8.3,74.9,untested,blocked
NBIS,bybit,Bitunix,270,1417,59.0,0.673,1.9,0.5,-1.3,0.188,0.0,-1.3,0.41,-3.1,-8.8,79.0,untested,blocked
BEAT,aster,Bitunix,2160,1423,59.3,0.517,1.9,13.4,0.0,-0.057,10.9,10.9,0.38,-2.7,-8.0,72.8,untested,blocked
BCH,hl,BingX,589,1433,59.7,0.669,1.9,-1.0,0.0,0.166,10.9,9.1,0.39,-2.9,-8.3,76.5,untested,reachable
GALA,bybit,Bitunix,144,1433,59.7,0.564,1.9,-7.4,-1.6,0.431,10.9,9.0,0.41,-3.1,-8.8,77.8,untested,blocked
DOT,bitget,Variational,270,169,7.0,0.953,1.8,5.4,0.0,0.186,10.9,8.4,0.42,-3.3,-9.1,84.1,untested,blocked
EIGEN,binance,Orderly,152,1437,59.9,0.771,1.7,0.1,1.1,0.05,10.9,9.2,0.4,-3.1,-8.7,83.5,untested,reachable
CASHCAT,hl,Lighter,1097,632,26.3,0.661,1.7,132.9,-31.1,2.194,71.8,37.7,0.39,-3.1,-8.5,86.1,untested,blocked
BZ,bybit,edgeX,270,1417,59.0,0.687,1.6,14.1,-0.7,0.011,0.0,-1.6,0.41,-3.4,-9.1,95.0,untested,blocked
LTC,Pacifica,bybit,270,1417,59.0,0.605,1.5,2.6,-2.8,-0.106,3.5,4.8,0.41,-3.5,-9.2,97.8,blocked,untested
ENA,Pacifica,dydx,1000,178,7.4,0.545,1.5,-4.5,-8.5,2.136,10.9,8.6,0.4,-3.3,-8.9,95.2,blocked,untested
DOGE,bitget,MEXC,270,1417,59.0,0.678,1.5,0.4,-0.1,0.003,10.9,9.4,0.42,-3.6,-9.4,100.0,untested,blocked
0G,binance,LBank,540,785,32.7,0.613,1.5,-1.3,0.0,0.148,10.9,9.5,0.4,-3.4,-9.0,100.1,untested,blocked
NVDA,binance,Bitunix,279,1417,59.0,0.893,1.5,1.6,1.5,0.062,0.0,-1.5,0.4,-3.4,-9.0,99.3,untested,blocked
BX,bybit,BingX,141,777,32.4,0.506,1.4,-1.6,-10.9,1.523,0.0,1.9,0.41,-3.6,-9.3,107.3,untested,reachable
LLY,binance,Bitunix,186,1433,59.7,0.97,1.4,2.5,0.4,-0.018,0.0,-1.4,0.4,-3.4,-9.0,102.2,untested,blocked
BTC,hl,LBank,2156,171,7.1,0.52,1.3,1.5,0.0,-0.167,10.9,9.4,0.39,-3.5,-8.9,112.6,untested,blocked
ETH,hl,Bitunix,2156,1419,59.1,0.686,1.3,1.0,0.0,-0.048,10.9,9.7,0.39,-3.4,-8.9,109.6,untested,blocked
ETH,hl,Bitunix,2156,1419,59.1,0.686,1.3,1.0,0.0,-0.048,10.9,9.7,0.39,-3.4,-8.9,109.6,untested,blocked
ETH,hl,Bitunix,2156,1419,59.1,0.686,1.3,1.0,0.0,-0.048,10.9,9.7,0.39,-3.4,-8.9,109.6,untested,blocked
AAVE,hl,LBank,2156,171,7.1,0.649,1.3,2.3,0.0,1.106,10.9,8.0,0.39,-3.4,-8.9,108.3,untested,blocked
BTC,binance,Bitfinex,270,169,7.0,0.568,1.2,1.1,-4.7,-1.671,9.3,9.8,0.4,-3.7,-9.2,122.4,untested,untested
LINK,dydx,Backpack,1000,178,7.4,0.556,1.2,5.4,-7.6,0.633,3.6,9.1,0.4,-3.7,-9.2,123.0,untested,reachable
LDO,bitget,LBank,270,169,7.0,0.568,1.2,1.1,0.0,-1.126,10.9,7.9,0.42,-3.9,-9.7,126.4,untested,blocked
CBRS,binance,LBank,270,785,32.7,0.622,1.2,2.2,0.0,-0.008,0.0,-1.2,0.4,-3.7,-9.3,125.7,untested,blocked
XPT,okx,Lighter,128,1433,59.7,0.513,1.1,4.5,-3.5,-0.078,7.2,3.5,0.4,-3.8,-9.3,131.0,untested,blocked
CASHCAT,aster,KuCoin,1321,171,7.1,0.503,1.1,40.1,-37.7,16.117,45.6,10.9,0.38,-3.5,-8.8,126.7,untested,reachable
CBRS,binance,MEXC,270,761,31.7,0.662,1.1,2.3,0.0,-0.026,0.0,-1.1,0.4,-3.8,-9.3,133.3,untested,blocked
BEAT,BingX,okx,552,1421,59.2,0.54,1.0,12.0,0.0,-0.256,10.9,10.9,0.4,-3.8,-9.4,143.6,reachable,untested
HANMI,bitget,edgeX,57,449,18.7,0.51,1.0,-4.9,-57.1,0.133,0.0,10.3,0.42,-4.1,-10.0,155.6,untested,blocked
ENA,Extended,dydx,1000,178,7.4,0.522,0.9,-5.2,-10.8,2.085,11.4,8.6,0.4,-4.0,-9.6,166.7,blocked,untested
DASH,bybit,MEXC,270,1417,59.0,0.622,0.9,2.3,0.0,-0.048,10.9,10.1,0.41,-4.1,-9.8,170.8,untested,blocked
DOT,bybit,Kraken,270,1417,59.0,0.538,0.9,-0.8,-10.1,-0.021,8.0,10.1,0.41,-4.1,-9.8,168.6,untested,reachable
CBRS,binance,Extended,270,601,25.0,0.732,0.9,1.4,0.0,-0.23,0.0,-0.9,0.4,-4.0,-9.6,166.7,untested,blocked
MEGA,binance,Orderly,145,1437,59.9,0.928,0.9,0.4,0.8,0.025,10.9,10.1,0.4,-4.0,-9.6,169.6,untested,reachable
BTC,hl,Crypto.com,2156,1426,59.4,0.642,0.8,0.4,-3.3,0.047,10.9,10.1,0.39,-3.9,-9.4,174.2,untested,reachable
JST,bitget,Bitunix,360,1437,59.9,0.526,0.8,2.4,-9.1,-0.228,-11.8,-12.9,0.42,-4.3,-10.2,198.3,untested,blocked
XAU,edgeX,binance,539,1421,59.2,0.898,0.7,0.3,0.5,-0.014,0.7,0.0,0.4,-4.1,-9.7,196.1,blocked,untested
0G,bybit,MEXC,540,1421,59.2,0.662,0.7,4.3,0.0,-0.125,10.9,10.3,0.41,-4.3,-10.0,227.8,untested,blocked
MSFT,binance,Bitunix,275,1417,59.0,0.667,0.7,-1.5,-0.7,0.042,0.0,-0.7,0.4,-4.2,-9.7,203.9,untested,blocked
DOS,aster,MEXC,509,507,21.1,0.507,0.7,31.0,0.0,-5.522,-1.3,-18.8,0.38,-4.0,-9.3,211.1,untested,blocked
FARTCOIN,Orderly,binance,141,1437,59.9,0.777,0.6,2.5,0.6,0.151,11.6,10.9,0.4,-4.2,-9.8,232.3,reachable,untested
SNDK,binance,Extended,270,169,7.0,0.509,0.6,4.7,-3.5,-3.024,1.6,3.5,0.4,-4.3,-9.8,240.2,untested,blocked
MSTR,binance,Bitunix,270,1417,59.0,0.814,0.6,2.6,0.6,0.054,0.0,-0.6,0.4,-4.3,-9.9,256.4,untested,blocked
XPD,edgeX,binance,297,1437,59.9,0.588,0.5,17.9,-0.9,1.013,1.7,0.0,0.4,-4.3,-9.9,269.9,blocked,untested
LIT,hl,Pacifica,1000,267,11.1,0.506,0.5,12.5,0.0,-4.028,10.9,10.9,0.39,-4.2,-9.6,262.1,untested,blocked
CRCL,aster,Bitunix,270,1417,59.0,0.543,0.5,0.1,-7.5,-0.031,0.0,7.5,0.38,-4.1,-9.4,263.3,untested,blocked
DASH,bybit,LBank,270,785,32.7,0.725,0.5,0.6,0.0,-0.029,10.9,10.4,0.41,-4.5,-10.2,279.5,untested,blocked
FARTCOIN,Extended,binance,141,1437,59.9,0.978,0.4,1.1,0.4,0.064,11.4,10.9,0.4,-4.4,-10.0,333.3,blocked,untested
BTC,hl,Lighter,2156,1426,59.4,0.686,0.4,-1.2,-2.9,-0.071,10.9,10.5,0.39,-4.3,-9.7,325.0,untested,blocked
HYPE,binance,Lighter,539,1421,59.2,0.658,0.4,-2.0,-4.5,0.126,10.9,10.5,0.4,-4.4,-10.0,333.3,untested,blocked
ETH,hl,Lighter,2156,1426,59.4,0.719,0.4,-1.2,-1.1,-0.006,10.9,10.5,0.39,-4.3,-9.7,325.0,untested,blocked
LIT,hl,Lighter,1000,267,11.1,0.749,0.4,-2.7,-1.1,-2.021,10.9,10.5,0.39,-4.3,-9.7,325.0,untested,blocked
ENA,bybit,Lighter,540,1421,59.2,0.574,0.4,-6.9,-10.7,0.128,10.9,10.5,0.41,-4.6,-10.3,341.7,untested,blocked
FARTCOIN,binance,Lighter,141,1437,59.9,0.926,0.4,-1.2,0.4,0.103,10.9,10.5,0.4,-4.4,-10.0,333.3,untested,blocked
AAVE,bitget,Coinbase,270,1417,59.0,0.555,0.4,-1.2,-7.2,-0.219,10.6,10.5,0.42,-4.7,-10.5,350.0,untested,blocked
DOGE,bitget,Lighter,270,1417,59.0,0.615,0.4,-1.7,-2.4,0.04,10.9,10.5,0.42,-4.7,-10.5,350.0,untested,blocked
JUP,bybit,Lighter,540,1421,59.2,0.734,0.4,-3.2,-1.5,0.076,10.9,10.5,0.41,-4.6,-10.3,341.7,untested,blocked
ETHFI,binance,Lighter,539,1421,59.2,0.717,0.4,-2.7,-1.2,0.115,10.9,10.5,0.4,-4.4,-10.0,333.3,untested,blocked
CRO,bybit,Lighter,144,1433,59.7,0.91,0.4,1.8,0.4,0.285,10.9,10.5,0.41,-4.6,-10.3,341.7,untested,blocked
EIGEN,binance,Lighter,152,1437,59.9,0.852,0.4,-1.6,0.4,0.021,10.9,10.5,0.4,-4.4,-10.0,333.3,untested,blocked
1000PEPE,binance,Lighter,180,1433,59.7,0.594,0.4,-4.0,-8.4,0.094,10.9,10.5,0.4,-4.4,-10.0,333.3,untested,blocked
DASH,binance,Lighter,270,1417,59.0,0.605,0.4,-2.7,-4.9,0.06,10.9,10.5,0.4,-4.4,-10.0,333.3,untested,blocked
DATA,bybit,Lighter,329,1313,54.7,0.776,0.4,-20.0,0.4,2.415,10.9,10.5,0.41,-4.6,-10.3,341.7,untested,blocked
GRAM,binance,Lighter,367,1421,59.2,0.555,0.4,-10.5,-16.4,0.386,10.9,10.5,0.4,-4.4,-10.0,333.3,untested,blocked
HBAR,bybit,Lighter,270,1417,59.0,0.544,0.4,2.8,-8.9,0.058,5.0,10.5,0.41,-4.6,-10.3,341.7,untested,blocked
ICP,bybit,Lighter,270,1417,59.0,0.535,0.4,-4.1,-10.5,0.159,10.9,10.5,0.41,-4.6,-10.3,341.7,untested,blocked
JTO,okx,Lighter,164,1437,59.9,0.827,0.4,-1.3,0.4,0.038,10.9,10.5,0.4,-4.4,-10.0,333.3,untested,blocked
LDO,okx,Lighter,73,1433,59.7,0.869,0.4,-1.3,0.4,0.107,10.9,10.5,0.4,-4.4,-10.0,333.3,untested,blocked
PENG,bybit,BingX,98,777,32.4,0.516,0.4,2.7,-10.9,-0.268,0.0,10.9,0.41,-4.6,-10.3,410.4,untested,reachable
SKHYNIX,okx,BingX,164,777,32.4,0.505,0.4,-10.9,-21.9,2.235,0.0,11.2,0.4,-4.4,-10.0,342.6,untested,reachable
AMZN,binance,WhiteBIT,270,1417,59.0,0.508,0.4,1.2,-10.9,0.39,0.0,10.9,0.4,-4.5,-10.0,359.4,untested,reachable
APEX,bybit,Lighter,343,1437,59.9,0.847,0.4,2.6,0.4,-1.343,10.9,10.5,0.41,-4.6,-10.3,341.7,untested,blocked
APT,bitget,Lighter,270,1417,59.0,0.636,0.4,0.2,-5.8,0.434,10.9,10.5,0.42,-4.7,-10.5,350.0,untested,blocked
BIO,binance,Lighter,235,1437,59.9,0.791,0.4,-1.6,0.4,0.072,10.9,10.5,0.4,-4.4,-10.0,333.3,untested,blocked
CAP,binance,Lighter,271,1437,59.9,0.943,0.4,35.9,0.4,1.516,10.9,10.5,0.4,-4.4,-10.0,333.3,untested,blocked
CC,okx,Lighter,212,1437,59.9,0.688,0.4,-4.6,-5.9,0.089,10.9,10.5,0.4,-4.4,-10.0,333.3,untested,blocked
CHIP,binance,Lighter,157,1437,59.9,0.882,0.4,-1.1,0.4,-0.078,10.9,10.5,0.4,-4.4,-10.0,333.3,untested,blocked
EDEN,binance,Lighter,360,1437,59.9,0.756,0.4,-12.7,0.4,-0.752,10.9,10.5,0.4,-4.4,-10.0,333.3,untested,blocked
GALA,bybit,Extended,144,1017,42.4,0.582,0.4,14.9,-0.4,-1.179,10.9,10.5,0.41,-4.6,-10.3,341.7,untested,blocked
JST,bitget,MEXC,360,1437,59.9,0.504,0.4,2.7,-8.5,-0.191,-11.8,-13.4,0.42,-4.7,-10.5,350.0,untested,blocked
KAITO,binance,Lighter,164,1437,59.9,0.895,0.4,-1.7,0.4,-0.172,10.9,10.5,0.4,-4.4,-10.0,333.3,untested,blocked
LINEA,binance,Lighter,183,1437,59.9,0.914,0.4,0.2,0.4,0.079,10.9,10.5,0.4,-4.4,-10.0,333.3,untested,blocked
MET,binance,Lighter,185,1437,59.9,0.91,0.4,2.3,0.4,-0.094,10.9,10.5,0.4,-4.4,-10.0,333.3,untested,blocked
LTC,Orderly,bybit,270,1417,59.0,0.509,0.3,1.1,-4.6,0.014,3.6,4.8,0.41,-4.7,-10.4,564.7,reachable,untested
ADA,bybit,BitMEX,270,381,15.9,0.514,0.3,7.0,0.0,-0.872,8.4,2.6,0.41,-4.7,-10.4,455.6,untested,reachable
H,binance,LBank,298,801,33.4,0.599,0.3,0.6,-0.0,0.041,58.9,58.3,0.4,-4.5,-10.1,419.3,untested,blocked
AAPL,binance,Bitunix,275,1417,59.0,0.525,0.3,-13.8,-40.4,-0.541,0.0,1.2,0.4,-4.5,-10.1,445.2,untested,blocked
AERO,bitget,BingX,540,1421,59.2,0.504,0.2,0.2,-0.9,0.266,10.9,-1.8,0.42,-4.9,-10.7,700.0,untested,reachable
JTO,okx,Orderly,164,1437,59.9,0.665,0.2,-1.8,-0.3,0.042,10.9,10.8,0.4,-4.7,-10.2,793.7,untested,reachable
TSM,binance,Bitunix,120,1433,59.7,0.788,0.2,-0.4,0.2,0.017,0.0,-0.2,0.4,-4.7,-10.3,877.2,untested,blocked
NOW,binance,Bitunix,167,1433,59.7,0.676,0.2,0.4,-2.4,0.117,0.0,-0.2,0.4,-4.6,-10.2,606.1,untested,blocked
XAG,Variational,dydx,1000,175,7.3,0.503,0.1,7.0,0.0,-1.579,0.1,0.0,0.4,-4.7,-10.3,1056.4,blocked,untested
SNDK,LBank,aster,54,169,7.0,0.521,0.1,3.7,0.0,-1.633,3.6,0.0,0.38,-4.5,-9.8,1266.7,blocked,untested
HYPE,dydx,Deribit,1000,171,7.1,0.52,0.1,-1.1,-36.2,-9.328,0.0,0.5,0.4,-4.8,-10.3,1333.3,untested,untested
HYPE,dydx,CoinEx,1000,171,7.1,0.503,0.1,7.5,0.0,-1.908,0.0,0.0,0.4,-4.8,-10.3,1333.3,untested,blocked
ETH,hl,Deribit,2156,1426,59.4,0.696,0.1,0.9,-1.6,-0.12,10.9,10.9,0.39,-4.7,-10.1,1899.8,untested,untested
ETH,hl,Deribit,2156,1426,59.4,0.696,0.1,0.9,-1.6,-0.12,10.9,10.9,0.39,-4.7,-10.1,1899.8,untested,untested
ETH,hl,Deribit,2156,1426,59.4,0.696,0.1,0.9,-1.6,-0.12,10.9,10.9,0.39,-4.7,-10.1,1899.8,untested,untested
ADA,aster,Orderly,270,1417,59.0,0.52,0.1,-4.0,-6.2,0.187,10.9,9.4,0.38,-4.5,-9.8,1292.5,untested,reachable
BCH,hl,Orderly,589,1433,59.7,0.766,0.1,-3.2,0.0,0.252,10.9,10.8,0.39,-4.6,-10.0,1160.7,untested,reachable
TSLA,GRVT,binance,270,1417,59.0,0.373,0.0,14.2,0.0,-0.741,0.0,0.0,0.4,-4.9,-10.4,,blocked,untested
XAU,GRVT,binance,539,1421,59.2,0.31,0.0,6.9,0.0,-0.434,0.0,0.0,0.4,-4.9,-10.4,,blocked,untested
XAU,MEXC,binance,539,1421,59.2,0.025,0.0,-0.6,0.0,-0.007,0.0,0.0,0.4,-4.9,-10.4,,blocked,untested
XAU,Variational,binance,539,785,32.7,0.041,0.0,-1.2,0.0,0.115,0.0,0.0,0.4,-4.9,-10.4,,blocked,untested
ENA,KuCoin,binance,539,1137,47.4,0.472,0.0,4.9,0.0,-0.083,10.9,10.8,0.4,-4.9,-10.4,,reachable,untested
FARTCOIN,ApeX,binance,141,1437,59.9,0.053,0.0,0.9,0.0,0.085,10.9,10.9,0.4,-4.9,-10.4,,blocked,untested
FARTCOIN,BingX,binance,141,1437,59.9,0.098,0.0,1.7,0.0,0.051,10.9,10.9,0.4,-4.9,-10.4,,reachable,untested
FARTCOIN,MEXC,binance,141,1437,59.9,0.031,0.0,0.7,0.0,0.047,10.9,10.9,0.4,-4.9,-10.4,,blocked,untested
SNDK,Variational,binance,270,785,32.7,0.163,0.0,0.0,0.0,0.029,0.0,0.0,0.4,-4.9,-10.4,,blocked,untested
XPD,GRVT,binance,297,1437,59.9,0.356,0.0,13.3,-28.3,-1.656,11.6,0.0,0.4,-4.9,-10.4,,blocked,untested
XPD,LBank,binance,297,801,33.4,0.504,0.0,0.5,0.0,-0.003,24.1,22.5,0.4,-4.8,-10.4,3703.7,blocked,untested
XPD,Variational,binance,297,801,33.4,0.34,0.0,28.6,-1.5,1.181,11.4,22.5,0.4,-4.9,-10.4,,blocked,untested
XPT,MEXC,binance,539,1421,59.2,0.037,0.0,-2.3,0.0,-0.097,0.0,0.0,0.4,-4.9,-10.4,,blocked,untested
XPT,LBank,binance,539,785,32.7,0.071,0.0,-4.2,0.0,0.031,0.0,0.0,0.4,-4.9,-10.4,,blocked,untested
XPT,Variational,binance,539,785,32.7,0.025,0.0,-4.8,0.0,0.02,0.0,0.0,0.4,-4.9,-10.4,,blocked,untested
MSTR,Variational,binance,270,785,32.7,0.082,0.0,-3.3,-5.0,-0.061,0.0,0.0,0.4,-4.9,-10.4,,blocked,untested
MINA,Variational,binance,157,801,33.4,0.436,-0.0,10.9,-0.0,1.062,10.9,10.9,0.4,-4.9,-10.4,,blocked,untested
NVDA,Variational,binance,279,169,7.0,0.047,0.0,-0.0,0.0,0.791,0.0,0.0,0.4,-4.9,-10.4,,blocked,untested
NBIS,Variational,binance,270,785,32.7,0.112,0.0,0.5,0.0,-0.354,0.0,0.0,0.4,-4.9,-10.4,,blocked,untested
QCOM,LBank,binance,138,801,33.4,0.01,0.0,-0.0,0.0,0.004,0.0,0.0,0.4,-4.9,-10.4,,blocked,untested
QCOM,Variational,binance,138,801,33.4,0.01,0.0,-1.0,0.0,-0.019,0.0,0.0,0.4,-4.9,-10.4,,blocked,untested
RKLB,LBank,binance,270,785,32.7,0.113,0.0,-1.2,-0.1,-0.063,0.0,0.0,0.4,-4.9,-10.4,,blocked,untested
RKLB,Variational,binance,270,785,32.7,0.041,0.0,-2.1,-3.1,-0.124,0.0,0.0,0.4,-4.9,-10.4,,blocked,untested
1000PEPE,ApeX,binance,180,1433,59.7,0.32,0.0,-0.7,-1.5,-0.092,10.9,10.9,0.4,-4.9,-10.4,,blocked,untested
BEAT,KuCoin,binance,539,1137,47.4,0.267,0.0,-1.8,-5.5,-0.188,10.9,10.9,0.4,-4.9,-10.4,,reachable,untested
CRCL,MEXC,binance,270,761,31.7,0.105,0.0,-2.2,0.0,-0.04,0.0,0.0,0.4,-4.9,-10.4,,blocked,untested
KPEPE,Nado,hl,617,617,25.7,0.183,-0.0,-0.7,-0.0,-0.03,10.9,10.9,0.39,-4.7,-10.2,,reachable,untested
KPEPE,GRVT,hl,617,617,25.7,0.13,0.0,-3.6,-1.6,-0.003,10.9,10.9,0.39,-4.7,-10.2,,blocked,untested
SHOP,LBank,binance,48,377,15.7,0.0,0.0,0.0,0.0,0.0,0.0,0.0,0.4,-4.9,-10.4,,blocked,untested
AKE,MEXC,binance,360,1437,59.9,0.267,0.0,-0.1,-0.1,0.003,20.6,20.0,0.4,-4.9,-10.4,,blocked,untested
AMZN,Extended,binance,270,169,7.0,0.337,0.0,1.2,-0.2,-0.54,0.0,0.0,0.4,-4.9,-10.4,,blocked,untested
APEX,ApeX,bybit,343,1437,59.9,0.015,0.0,-5.4,0.0,-0.377,10.9,10.9,0.41,-5.0,-10.7,,blocked,untested
COAI,KuCoin,binance,360,1153,48.0,0.299,0.0,9.7,0.0,0.105,10.9,10.9,0.4,-4.9,-10.4,,reachable,untested
HANA,BingX,bybit,360,1437,59.9,0.507,0.0,0.1,-3.1,0.98,36.6,10.9,0.41,-5.0,-10.7,6212.1,reachable,untested
JELLYJELLY,KuCoin,binance,360,1153,48.0,0.476,0.0,14.1,0.0,0.062,19.9,10.9,0.4,-4.9,-10.4,,reachable,untested
MAGMA,KuCoin,bybit,540,1137,47.4,0.128,0.0,2.6,0.0,-0.592,10.9,10.9,0.41,-5.0,-10.7,,reachable,untested
MET,Backpack,dydx,548,548,22.8,0.449,0.0,16.8,0.0,-4.604,10.9,10.9,0.4,-4.9,-10.4,,reachable,untested
BTC,hl,HTX,2156,1419,59.1,0.226,0.0,-0.8,-3.2,-0.041,10.9,10.9,0.39,-4.7,-10.2,,untested,reachable
BTC,hl,KuCoin,2156,1419,59.1,0.278,0.0,-0.3,-2.8,-0.048,10.9,10.9,0.39,-4.7,-10.2,,untested,reachable
BTC,hl,HTX,2156,1419,59.1,0.226,0.0,-0.8,-3.2,-0.041,10.9,10.9,0.39,-4.7,-10.2,,untested,reachable
HYPE,binance,ApeX,539,1421,59.2,0.136,0.0,-2.1,-4.4,0.144,10.9,10.9,0.4,-4.9,-10.4,,untested,blocked
HYPE,binance,Nado,539,1421,59.2,0.167,-0.0,-3.2,-5.8,0.089,10.9,11.0,0.4,-4.9,-10.4,,untested,reachable
HYPE,binance,BingX,539,1421,59.2,0.096,0.0,-2.6,-5.1,0.172,10.9,10.9,0.4,-4.9,-10.4,,untested,reachable
HYPE,binance,Bitunix,539,1421,59.2,0.118,0.0,-2.2,-1.0,0.067,10.9,10.9,0.4,-4.9,-10.4,,untested,blocked
HYPE,binance,HTX,539,1421,59.2,0.046,0.0,-3.7,-6.0,0.126,10.9,10.9,0.4,-4.9,-10.4,,untested,reachable
HYPE,binance,LBank,539,173,7.2,0.139,0.0,-0.0,-0.1,-0.0,10.9,10.9,0.4,-4.9,-10.4,,untested,blocked
HYPE,binance,Variational,539,169,7.0,0.692,0.0,-0.9,-0.8,0.139,10.9,10.9,0.4,-4.9,-10.4,9.838263505978427e+16,untested,blocked
XAG,binance,HTX,539,1421,59.2,0.363,0.0,4.9,0.0,0.133,0.0,0.0,0.4,-4.9,-10.4,,untested,reachable
XAG,binance,CoinEx,539,1417,59.0,0.339,0.0,1.1,0.0,0.322,0.0,0.0,0.4,-4.9,-10.4,,untested,blocked
XAU,binance,HTX,539,1421,59.2,0.243,0.0,1.9,0.0,0.117,0.0,0.0,0.4,-4.9,-10.4,,untested,reachable
ETH,hl,edgeX,2156,1423,59.3,0.011,0.0,-0.6,-1.5,0.091,10.9,10.9,0.39,-4.7,-10.2,,untested,blocked
ETH,hl,GRVT,2156,1419,59.1,0.162,0.0,-0.7,-1.2,0.041,10.9,10.9,0.39,-4.7,-10.2,,untested,blocked
LINK,hl,ApeX,2156,1426,59.4,0.055,0.0,0.7,0.0,0.13,10.9,10.9,0.39,-4.7,-10.2,,untested,blocked
LINK,hl,edgeX,2156,1423,59.3,0.061,0.0,3.3,0.0,0.351,10.9,10.9,0.39,-4.7,-10.2,,untested,blocked
LINK,bitget,Bitunix,270,1417,59.0,0.108,0.0,-3.2,-5.9,0.011,10.6,10.9,0.42,-5.1,-10.9,,untested,blocked
LINK,bitget,Bitunix,270,1417,59.0,0.108,0.0,-3.2,-5.9,0.011,10.6,10.9,0.42,-5.1,-10.9,,untested,blocked
LINK,bitget,Bitunix,270,1417,59.0,0.108,0.0,-3.2,-5.9,0.011,10.6,10.9,0.42,-5.1,-10.9,,untested,blocked
LINK,hl,HTX,2156,1419,59.1,0.073,0.0,1.0,0.0,0.116,10.9,10.9,0.39,-4.7,-10.2,,untested,reachable
LIT,binance,edgeX,539,1421,59.2,0.023,0.0,-2.1,0.0,-0.023,10.9,10.9,0.4,-4.9,-10.4,,untested,blocked
LIT,binance,HTX,539,1421,59.2,0.062,0.0,3.9,0.0,-0.769,10.9,10.9,0.4,-4.9,-10.4,,untested,reachable
LIT,binance,MEXC,539,1421,59.2,0.02,0.0,-1.5,0.0,-0.075,10.9,10.9,0.4,-4.9,-10.4,,untested,blocked
LIT,binance,WhiteBIT,539,1421,59.2,0.0,0.0,-4.1,0.0,0.134,10.9,10.9,0.4,-4.9,-10.4,,untested,reachable
LIT,binance,LBank,539,173,7.2,0.0,0.0,0.0,0.0,0.0,10.9,10.9,0.4,-4.9,-10.4,,untested,blocked
LTC,bitget,BitMEX,270,333,13.9,0.036,0.0,-3.7,-5.6,0.722,10.9,10.9,0.42,-5.1,-10.9,,untested,reachable
ENA,binance,ApeX,539,1421,59.2,0.015,0.0,-6.0,-10.1,0.069,10.9,10.9,0.4,-4.9,-10.4,,untested,blocked
ENA,bybit,Nado,540,1421,59.2,0.115,-0.0,-5.9,-9.1,0.05,10.9,11.0,0.41,-5.0,-10.7,,untested,reachable
ENA,binance,edgeX,539,1421,59.2,0.011,0.0,-7.4,-10.9,-0.052,10.9,10.9,0.4,-4.9,-10.4,,untested,blocked
ENA,binance,GRVT,539,1421,59.2,0.011,0.0,-5.9,-9.4,0.082,10.9,10.9,0.4,-4.9,-10.4,,untested,blocked
ENA,binance,HTX,539,1421,59.2,0.011,0.0,-8.1,-11.0,0.233,10.9,10.9,0.4,-4.9,-10.4,,untested,reachable
ENA,binance,WhiteBIT,539,1421,59.2,0.018,0.0,-6.0,-10.9,0.056,10.9,10.9,0.4,-4.9,-10.4,,untested,reachable
ENA,bybit,Variational,540,173,7.2,0.584,0.0,-5.9,-14.8,-0.619,10.9,10.9,0.41,-5.0,-10.7,1.0084220093627886e+17,untested,blocked
CL,binance,GRVT,539,1421,59.2,0.358,0.0,2.1,-12.7,0.715,0.0,0.0,0.4,-4.9,-10.4,,untested,blocked
CL,bybit,CoinEx,466,1417,59.0,0.119,0.0,-11.0,-15.0,-0.147,0.0,0.0,0.41,-5.0,-10.7,,untested,blocked
FARTCOIN,binance,Nado,141,1437,59.9,0.169,-0.0,-2.6,-0.0,-0.125,10.9,11.0,0.4,-4.9,-10.4,,untested,reachable
FARTCOIN,binance,Pacifica,141,1437,59.9,0.013,0.0,0.1,0.0,0.007,10.9,10.9,0.4,-4.9,-10.4,,untested,blocked
FARTCOIN,binance,Bitunix,141,1437,59.9,0.008,0.0,0.0,0.0,-0.0,10.9,10.9,0.4,-4.9,-10.4,,untested,blocked
FARTCOIN,binance,GRVT,141,1437,59.9,0.011,0.0,-0.6,0.0,-0.056,10.9,10.9,0.4,-4.9,-10.4,,untested,blocked
FARTCOIN,binance,HTX,141,1437,59.9,0.019,0.0,-3.0,0.0,0.229,10.9,10.9,0.4,-4.9,-10.4,,untested,reachable
FARTCOIN,binance,KuCoin,141,1153,48.0,0.01,0.0,0.2,0.0,0.013,10.9,10.9,0.4,-4.9,-10.4,,untested,reachable
FARTCOIN,binance,LBank,141,189,7.9,0.021,0.0,0.0,0.0,-0.013,10.9,10.9,0.4,-4.9,-10.4,,untested,blocked
FARTCOIN,binance,Variational,141,189,7.9,0.72,0.0,-6.5,-0.8,-1.545,10.9,10.9,0.4,-4.9,-10.4,9.838263505978427e+16,untested,blocked
SNDK,binance,GRVT,270,1417,59.0,0.231,0.0,-6.3,-13.2,0.359,0.0,0.0,0.4,-4.9,-10.4,,untested,blocked
SNDK,binance,HTX,270,1417,59.0,0.294,0.0,4.8,0.0,-0.17,0.0,0.0,0.4,-4.9,-10.4,,untested,reachable
SNDK,binance,MEXC,270,761,31.7,0.21,0.0,-0.7,0.0,0.012,0.0,0.0,0.4,-4.9,-10.4,,untested,blocked
AAVE,hl,Nado,2156,1426,59.4,0.229,-0.0,1.0,-0.0,0.15,10.9,11.0,0.39,-4.8,-10.2,,untested,reachable
AAVE,hl,BitMEX,2156,361,15.0,0.03,0.0,0.3,0.0,-0.085,10.9,10.9,0.39,-4.7,-10.2,,untested,reachable
AAVE,hl,edgeX,2156,1423,59.3,0.064,0.0,2.9,0.0,0.397,10.9,10.9,0.39,-4.7,-10.2,,untested,blocked
AAVE,hl,GRVT,2156,1419,59.1,0.117,0.0,-2.4,-9.2,0.43,10.9,10.9,0.39,-4.7,-10.2,,untested,blocked
DOGE,bitget,Nado,270,1417,59.0,0.085,-0.0,-2.1,-2.7,0.035,10.9,11.0,0.42,-5.1,-11.0,,untested,reachable
DOGE,bitget,Pacifica,270,1417,59.0,0.003,0.0,-2.2,-3.2,0.043,10.9,10.9,0.42,-5.1,-10.9,,untested,blocked
DOGE,bitget,BitMEX,270,357,14.9,0.157,0.0,-0.5,-3.5,-0.662,9.5,10.9,0.42,-5.1,-10.9,,untested,reachable
DOGE,bitget,edgeX,270,1417,59.0,0.003,0.0,-1.0,-3.2,0.161,10.9,10.9,0.42,-5.1,-10.9,,untested,blocked
DOGE,bitget,Bitunix,270,1417,59.0,0.164,0.0,-1.1,-1.6,0.006,10.9,10.9,0.42,-5.1,-10.9,,untested,blocked
DOGE,bitget,Bitunix,270,1417,59.0,0.164,0.0,-1.1,-1.6,0.006,10.9,10.9,0.42,-5.1,-10.9,,untested,blocked
DOGE,bitget,Bitunix,270,1417,59.0,0.164,0.0,-1.1,-1.6,0.006,10.9,10.9,0.42,-5.1,-10.9,,untested,blocked
DOGE,bitget,GRVT,270,1417,59.0,0.0,0.0,-2.2,-3.2,0.045,10.9,10.9,0.42,-5.1,-10.9,,untested,blocked
DOGE,bitget,HTX,270,1417,59.0,0.0,0.0,-2.6,-3.2,0.07,10.9,10.9,0.42,-5.1,-10.9,,untested,reachable
DOGE,bitget,HTX,270,1417,59.0,0.0,0.0,-2.6,-3.2,0.07,10.9,10.9,0.42,-5.1,-10.9,,untested,reachable
DOGE,bitget,Variational,270,169,7.0,0.521,0.0,-1.5,-2.6,-0.386,10.9,10.9,0.42,-5.1,-10.9,1.0330176681277347e+17,untested,blocked
XPD,binance,MEXC,297,1437,59.9,0.132,0.0,-18.5,-0.4,-1.049,0.0,0.0,0.4,-4.9,-10.4,,untested,blocked
XPD,binance,Bitfinex,297,753,31.4,0.177,0.0,-50.5,-105.8,1.072,26.3,0.0,0.4,-4.9,-10.4,,untested,untested
0G,binance,ApeX,540,1421,59.2,0.089,0.0,-7.6,-9.2,0.08,10.9,10.9,0.4,-4.9,-10.4,,untested,blocked
0G,binance,Backpack,540,1421,59.2,0.377,0.0,15.5,0.0,-0.596,10.9,10.9,0.4,-4.9,-10.4,,untested,reachable
0G,binance,BingX,540,1421,59.2,0.018,0.0,-14.8,-16.4,0.17,10.9,10.9,0.4,-4.9,-10.4,,untested,reachable
0G,binance,Bitunix,540,1421,59.2,0.232,0.0,-1.5,0.0,-0.01,10.9,10.9,0.4,-4.9,-10.4,,untested,blocked
0G,binance,WhiteBIT,540,1421,59.2,0.008,0.0,-15.3,-17.6,0.618,10.9,10.9,0.4,-4.9,-10.4,,untested,reachable
0G,binance,KuCoin,540,1137,47.4,0.123,0.0,-2.0,-0.2,0.061,10.9,10.9,0.4,-4.9,-10.4,,untested,reachable
0G,binance,Variational,540,785,32.7,0.781,0.0,-4.9,0.0,-0.085,10.9,10.9,0.4,-4.9,-10.4,9.838263505978427e+16,untested,blocked
ACE,bybit,BingX,589,1421,59.2,0.175,0.0,-156.2,-108.5,-6.902,-35.0,10.9,0.41,-5.0,-10.7,,untested,reachable
ACE,binance,Bitunix,589,1421,59.2,0.402,0.0,-125.3,-6.4,-6.287,-91.1,-57.5,0.4,-4.9,-10.4,,untested,blocked
ACE,binance,MEXC,589,1421,59.2,0.281,0.0,-118.2,-0.2,-6.106,-91.1,-69.9,0.4,-4.9,-10.4,,untested,blocked
ACE,bybit,KuCoin,589,1137,47.4,0.377,0.0,-183.3,-148.8,-7.249,-106.5,-20.6,0.41,-5.0,-10.7,,untested,reachable
HOME,bybit,BingX,476,1437,59.9,0.467,0.0,-93.1,-42.2,5.788,-66.3,-83.7,0.41,-5.0,-10.7,,untested,reachable
HOME,bybit,WhiteBIT,476,1437,59.9,0.24,0.0,-179.0,-188.6,6.382,-66.3,10.9,0.41,-5.0,-10.7,,untested,reachable
HOME,bybit,KuCoin,476,1153,48.0,0.397,0.0,-104.7,-78.5,9.809,-120.1,-154.4,0.41,-5.0,-10.7,,untested,reachable
HOME,bybit,Variational,476,801,33.4,0.514,0.0,3.4,-11.0,-0.654,-147.4,-151.8,0.41,-5.0,-10.7,1.0084220093627886e+17,untested,blocked
JUP,bybit,Nado,540,1421,59.2,0.274,-0.0,0.6,-0.0,-0.094,10.9,11.0,0.41,-5.0,-10.7,,untested,reachable
JUP,bybit,BingX,540,1421,59.2,0.138,0.0,-1.7,0.0,-0.158,10.9,10.9,0.41,-5.0,-10.7,,untested,reachable
JUP,bybit,Bitunix,540,1421,59.2,0.172,0.0,-2.5,0.0,-0.02,10.9,10.9,0.41,-5.0,-10.7,,untested,blocked
JUP,bybit,HTX,540,1421,59.2,0.0,0.0,-4.2,-2.0,0.064,10.9,10.9,0.41,-5.0,-10.7,,untested,reachable
JUP,bybit,MEXC,540,1421,59.2,0.203,0.0,-1.0,0.0,-0.16,10.9,10.9,0.41,-5.0,-10.7,,untested,blocked
JUP,bybit,WhiteBIT,540,1421,59.2,0.0,0.0,-4.2,-2.0,0.064,10.9,10.9,0.41,-5.0,-10.7,,untested,reachable
JUP,bybit,KuCoin,540,1137,47.4,0.103,0.0,-2.4,0.0,0.285,10.9,10.9,0.41,-5.0,-10.7,,untested,reachable
JUP,binance,LBank,539,173,7.2,0.139,0.0,0.1,0.0,0.067,10.9,10.9,0.4,-4.9,-10.4,,untested,blocked
MSTR,binance,GRVT,270,1417,59.0,0.221,0.0,-9.0,-8.2,0.684,0.0,0.0,0.4,-4.9,-10.4,,untested,blocked
MSTR,binance,LBank,270,785,32.7,0.297,0.0,3.0,0.0,0.016,0.0,0.0,0.4,-4.9,-10.4,,untested,blocked
MSTR,binance,MEXC,270,169,7.0,0.337,0.0,-0.4,0.0,-0.394,0.0,0.0,0.4,-4.9,-10.4,,untested,blocked
URNM,binance,GRVT,180,1433,59.7,0.107,0.0,-17.2,-29.3,0.418,0.0,0.0,0.4,-4.9,-10.4,,untested,blocked
URNM,binance,HTX,180,1433,59.7,0.173,0.0,-2.1,-10.9,0.257,0.0,0.0,0.4,-4.9,-10.4,,untested,reachable
URNM,binance,MEXC,180,1433,59.7,0.096,0.0,-0.3,0.0,0.012,0.0,0.0,0.4,-4.9,-10.4,,untested,blocked
URNM,binance,LBank,180,801,33.4,0.02,0.0,0.3,0.0,-0.046,0.0,0.0,0.4,-4.9,-10.4,,untested,blocked
URNM,binance,Variational,180,801,33.4,0.18,0.0,1.2,0.0,-0.058,0.0,0.0,0.4,-4.9,-10.4,,untested,blocked
ATOM,aster,edgeX,270,1417,59.0,0.02,0.0,0.3,0.0,0.121,10.9,10.9,0.38,-4.6,-9.9,,untested,blocked
ATOM,aster,GRVT,270,1417,59.0,0.113,0.0,-0.7,0.0,-0.254,10.9,10.9,0.38,-4.6,-9.9,,untested,blocked
ATOM,aster,HTX,270,1417,59.0,0.0,0.0,-2.6,0.0,-0.149,10.9,10.9,0.38,-4.6,-9.9,,untested,reachable
ATOM,aster,WhiteBIT,270,1417,59.0,0.0,0.0,-2.6,0.0,-0.145,10.9,10.9,0.38,-4.6,-9.9,,untested,reachable
CRV,bybit,ApeX,270,1417,59.0,0.025,0.0,-5.3,-9.1,0.06,10.8,10.9,0.41,-5.0,-10.7,,untested,blocked
CRV,bybit,Backpack,270,1417,59.0,0.069,0.0,-3.3,-8.9,0.063,10.8,10.9,0.41,-5.0,-10.7,,untested,reachable
CRV,okx,BitMEX,276,405,16.9,0.0,0.0,-3.2,-4.2,-0.25,10.9,10.9,0.4,-4.9,-10.4,,untested,reachable
CRV,bybit,edgeX,270,1417,59.0,0.003,0.0,5.1,-9.2,1.067,10.8,10.9,0.41,-5.0,-10.7,,untested,blocked
CRV,bybit,BingX,270,1417,59.0,0.011,0.0,-5.6,-8.4,0.075,10.8,10.9,0.41,-5.0,-10.7,,untested,reachable
CRV,binance,Bitunix,270,1417,59.0,0.113,0.0,-3.2,-4.7,-0.007,8.6,10.9,0.4,-4.9,-10.4,,untested,blocked
CRV,okx,GRVT,276,1417,59.0,0.0,0.0,-3.0,-4.0,0.025,10.9,10.9,0.4,-4.9,-10.4,,untested,blocked
CRV,binance,KuCoin,270,1417,59.0,0.135,0.0,-2.2,-6.8,-0.058,8.6,10.9,0.4,-4.9,-10.4,,untested,reachable
CRV,bybit,MEXC,270,1417,59.0,0.068,0.0,-4.6,-7.5,0.034,10.8,10.9,0.41,-5.0,-10.7,,untested,blocked
CRV,okx,WhiteBIT,276,1417,59.0,0.0,0.0,-3.0,-4.0,0.025,10.9,10.9,0.4,-4.9,-10.4,,untested,reachable
CRV,bybit,LBank,270,169,7.0,0.142,0.0,-2.4,-5.1,-0.901,10.9,10.9,0.41,-5.0,-10.7,,untested,blocked
ETHFI,binance,HTX,539,1421,59.2,0.0,0.0,-7.9,-2.3,-0.339,10.9,10.9,0.4,-4.9,-10.4,,untested,reachable
ETHFI,binance,WhiteBIT,539,1421,59.2,0.0,0.0,-1.9,0.0,0.01,10.9,10.9,0.4,-4.9,-10.4,,untested,reachable
INJ,aster,ApeX,270,1417,59.0,0.117,0.0,-4.2,-7.3,-0.178,10.9,10.9,0.38,-4.6,-9.9,,untested,blocked
INJ,aster,WhiteBIT,270,1417,59.0,0.0,0.0,-6.0,-7.7,-0.103,10.9,10.9,0.38,-4.6,-9.9,,untested,reachable
MINA,binance,BingX,157,1433,59.7,0.05,0.0,-7.6,-7.3,-0.178,10.9,10.9,0.4,-4.9,-10.4,,untested,reachable
MINA,binance,Bitunix,157,1433,59.7,0.324,0.0,-0.1,0.0,0.022,10.9,10.9,0.4,-4.9,-10.4,,untested,blocked
MINA,binance,MEXC,157,1433,59.7,0.252,0.0,-0.0,0.0,0.006,10.9,10.9,0.4,-4.9,-10.4,,untested,blocked
MINA,binance,WhiteBIT,157,1433,59.7,0.0,0.0,-11.5,-14.5,-0.295,10.9,10.9,0.4,-4.9,-10.4,,untested,reachable
MINA,binance,LBank,157,801,33.4,0.121,0.0,0.0,0.0,-0.0,10.9,10.9,0.4,-4.9,-10.4,,untested,blocked
MINA,binance,KuCoin,157,753,31.4,0.331,0.0,1.1,0.0,-0.306,10.9,10.9,0.4,-4.9,-10.4,,untested,reachable
NVDA,binance,GRVT,279,1417,59.0,0.085,0.0,-7.9,0.0,0.561,0.0,0.0,0.4,-4.9,-10.4,,untested,blocked
NVDA,binance,HTX,279,1417,59.0,0.147,0.0,1.3,0.0,0.03,0.0,0.0,0.4,-4.9,-10.4,,untested,reachable
NVDA,binance,LBank,279,169,7.0,0.047,0.0,-0.3,0.0,-0.086,0.0,0.0,0.4,-4.9,-10.4,,untested,blocked
SHAZ,binance,HTX,129,1025,42.7,0.165,0.0,-18.0,-12.2,1.653,0.0,0.0,0.4,-4.9,-10.4,,untested,reachable
SHAZ,binance,LBank,129,801,33.4,0.0,0.0,-0.0,0.0,0.001,0.0,0.0,0.4,-4.9,-10.4,,untested,blocked
SHAZ,binance,MEXC,129,777,32.4,0.248,0.0,0.1,0.0,-0.028,0.0,0.0,0.4,-4.9,-10.4,,untested,blocked
SHAZ,binance,Variational,129,625,26.0,0.179,0.0,-1.1,-3.0,0.244,0.0,0.0,0.4,-4.9,-10.4,,untested,blocked
ZHIPU,binance,HTX,139,1105,46.0,0.251,0.0,-16.7,-10.9,1.607,0.0,0.0,0.4,-4.9,-10.4,,untested,reachable
ZHIPU,binance,LBank,139,785,32.7,0.297,0.0,32.8,0.0,-3.596,0.0,0.0,0.4,-4.9,-10.4,,untested,blocked
ZHIPU,binance,MEXC,139,761,31.7,0.254,0.0,8.7,0.0,0.713,0.0,0.0,0.4,-4.9,-10.4,,untested,blocked
ADA,aster,ApeX,270,1417,59.0,0.048,0.0,-4.1,-7.7,0.259,10.9,10.9,0.38,-4.6,-9.9,,untested,blocked
ADA,okx,Backpack,277,1417,59.0,0.067,0.0,-5.3,-10.9,0.068,10.3,10.9,0.4,-4.9,-10.4,,untested,reachable
ADA,bybit,Pacifica,270,1417,59.0,0.413,0.0,-2.8,-10.0,-0.127,8.4,8.8,0.41,-5.0,-10.7,,untested,blocked
ADA,bybit,Bitunix,270,1417,59.0,0.135,0.0,-4.0,-10.1,-0.054,8.4,10.9,0.41,-5.0,-10.7,,untested,blocked
ADA,aster,edgeX,270,1417,59.0,0.006,0.0,-3.8,-7.7,0.29,10.9,10.9,0.38,-4.6,-9.9,,untested,blocked
ADA,bybit,Bitunix,270,1417,59.0,0.135,0.0,-4.0,-10.1,-0.054,8.4,10.9,0.41,-5.0,-10.7,,untested,blocked
ADA,bybit,Bitunix,270,1417,59.0,0.135,0.0,-4.0,-10.1,-0.054,8.4,10.9,0.41,-5.0,-10.7,,untested,blocked
ADA,aster,GRVT,270,1417,59.0,0.062,0.0,-4.8,-7.7,0.205,10.9,10.9,0.38,-4.6,-9.9,,untested,blocked
ADA,aster,HTX,270,1417,59.0,0.0,0.0,-5.1,-7.7,0.174,10.9,10.9,0.38,-4.6,-9.9,,untested,reachable
ADA,okx,Variational,277,169,7.0,0.716,0.0,-0.0,-1.8,-0.736,10.9,10.9,0.4,-4.9,-10.4,9.838263505978427e+16,untested,blocked
AERO,binance,Backpack,539,1421,59.2,0.072,0.0,-13.9,-19.9,0.143,10.9,10.9,0.4,-4.9,-10.4,,untested,reachable
AERO,binance,Variational,539,173,7.2,0.653,0.0,-0.0,-7.3,-2.716,8.4,10.9,0.4,-4.9,-10.4,9.838263505978427e+16,untested,blocked
AERO,bybit,WhiteBIT,540,173,7.2,0.0,0.0,-5.5,0.0,-0.465,10.9,10.9,0.41,-5.0,-10.7,,untested,reachable
AXS,binance,BingX,174,1437,59.9,0.006,0.0,-4.6,-5.7,0.251,10.9,10.9,0.4,-4.9,-10.4,,untested,reachable
AXS,binance,WhiteBIT,174,1437,59.9,0.003,0.0,-4.7,-2.4,0.293,10.9,10.9,0.4,-4.9,-10.4,,untested,reachable
AXS,binance,KuCoin,174,1153,48.0,0.035,0.0,-0.4,0.0,-0.005,10.9,10.9,0.4,-4.9,-10.4,,untested,reachable
AXS,binance,LBank,174,189,7.9,0.0,0.0,0.0,0.0,0.0,10.9,10.9,0.4,-4.9,-10.4,,untested,blocked
AXS,binance,Variational,174,185,7.7,0.741,0.0,-2.0,-1.0,-0.254,10.9,10.9,0.4,-4.9,-10.4,9.838263505978427e+16,untested,blocked
BZ,binance,GRVT,539,1421,59.2,0.243,0.0,-5.0,-7.8,0.388,0.0,0.0,0.4,-4.9,-10.4,,untested,blocked
BZ,binance,Variational,539,785,32.7,0.189,0.0,-0.1,-3.4,-0.074,-8.4,-3.2,0.4,-4.9,-10.4,,untested,blocked
CRO,bybit,BingX,144,1433,59.7,0.006,0.0,-4.5,0.0,0.175,10.9,10.9,0.41,-5.0,-10.7,,untested,reachable
CRO,bybit,Bitunix,144,1433,59.7,0.414,0.0,1.2,0.0,0.293,10.9,10.9,0.41,-5.0,-10.7,,untested,blocked
CRO,bybit,KuCoin,144,1433,59.7,0.107,0.0,-4.8,0.0,0.186,10.9,10.9,0.41,-5.0,-10.7,,untested,reachable
CRO,bybit,MEXC,144,1433,59.7,0.458,0.0,5.0,0.0,0.128,10.9,10.8,0.41,-5.0,-10.7,,untested,blocked
EIGEN,binance,ApeX,152,1437,59.9,0.038,0.0,-0.7,0.0,0.08,10.9,10.9,0.4,-4.9,-10.4,,untested,blocked
EIGEN,binance,BingX,152,1437,59.9,0.003,0.0,-1.2,0.0,0.055,10.9,10.9,0.4,-4.9,-10.4,,untested,reachable
EIGEN,binance,Bitunix,152,1437,59.9,0.07,0.0,-0.0,0.0,0.002,10.9,10.9,0.4,-4.9,-10.4,,untested,blocked
EIGEN,binance,GRVT,152,1437,59.9,0.014,0.0,-1.2,0.0,0.064,10.9,10.9,0.4,-4.9,-10.4,,untested,blocked
EIGEN,binance,MEXC,152,1437,59.9,0.092,0.0,0.0,0.0,-0.0,10.9,10.9,0.4,-4.9,-10.4,,untested,blocked
EIGEN,binance,WhiteBIT,152,1437,59.9,0.0,0.0,-1.3,0.0,0.066,10.9,10.9,0.4,-4.9,-10.4,,untested,reachable
EIGEN,binance,KuCoin,152,1153,48.0,0.111,0.0,1.6,0.0,0.142,10.9,10.9,0.4,-4.9,-10.4,,untested,reachable
EIGEN,binance,LBank,152,189,7.9,0.0,0.0,0.0,0.0,0.0,10.9,10.9,0.4,-4.9,-10.4,,untested,blocked
EIGEN,binance,Variational,152,189,7.9,0.852,0.0,1.8,0.0,-0.565,10.9,10.9,0.4,-4.9,-10.4,9.838263505978427e+16,untested,blocked
KIOXIA,okx,LBank,180,801,33.4,0.429,0.0,23.5,0.0,-0.016,0.0,0.0,0.4,-4.9,-10.4,,untested,blocked
KIOXIA,okx,MEXC,180,777,32.4,0.422,0.0,13.4,0.0,1.937,0.0,0.0,0.4,-4.9,-10.4,,untested,blocked
LA,binance,Bitunix,539,1421,59.2,0.279,0.0,-24.5,-2.4,0.459,9.6,6.8,0.4,-4.9,-10.4,,untested,blocked
LA,bybit,GRVT,540,1421,59.2,0.031,0.0,-72.2,-75.2,0.962,10.9,10.9,0.41,-5.0,-10.7,,untested,blocked
LA,binance,MEXC,539,1421,59.2,0.17,0.0,2.6,-0.1,0.008,9.6,10.1,0.4,-4.9,-10.4,,untested,blocked
LA,binance,WhiteBIT,539,1421,59.2,0.132,0.0,-53.0,-36.8,1.184,9.6,10.9,0.4,-4.9,-10.4,,untested,reachable
LA,binance,KuCoin,539,1137,47.4,0.159,0.0,-12.5,-14.4,0.272,7.9,10.9,0.4,-4.9,-10.4,,untested,reachable
LA,binance,LBank,539,785,32.7,0.225,0.0,3.9,0.0,-0.5,10.9,10.9,0.4,-4.9,-10.4,,untested,blocked
NAVER,binance,HTX,58,457,19.0,0.123,0.0,-1.1,0.0,-1.224,0.0,0.0,0.4,-4.9,-10.4,,untested,reachable
NAVER,binance,LBank,58,457,19.0,0.053,0.0,-0.1,0.0,0.081,0.0,0.0,0.4,-4.9,-10.4,,untested,blocked
NAVER,binance,GRVT,58,361,15.0,0.111,0.0,-2.4,0.0,0.393,0.0,0.0,0.4,-4.9,-10.4,,untested,blocked
NBIS,binance,GRVT,270,1417,59.0,0.102,0.0,-11.3,-8.3,0.644,0.0,0.0,0.4,-4.9,-10.4,,untested,blocked
NBIS,binance,HTX,270,1417,59.0,0.187,0.0,1.2,-8.0,0.207,0.0,0.0,0.4,-4.9,-10.4,,untested,reachable
NBIS,binance,LBank,270,785,32.7,0.183,0.0,-0.2,0.0,0.305,0.0,0.0,0.4,-4.9,-10.4,,untested,blocked
NBIS,binance,MEXC,270,761,31.7,0.179,0.0,-0.3,0.0,0.343,0.0,0.0,0.4,-4.9,-10.4,,untested,blocked
ORCL,binance,GRVT,275,1417,59.0,0.119,0.0,-11.7,-3.2,0.821,0.0,0.0,0.4,-4.9,-10.4,,untested,blocked
ORCL,binance,HTX,275,1417,59.0,0.219,0.0,1.3,0.0,0.051,0.0,0.0,0.4,-4.9,-10.4,,untested,reachable
ORCL,binance,LBank,275,785,32.7,0.102,0.0,1.1,0.0,0.044,0.0,0.0,0.4,-4.9,-10.4,,untested,blocked
ORCL,binance,Variational,275,785,32.7,0.153,0.0,1.9,0.0,-0.084,0.0,0.0,0.4,-4.9,-10.4,,untested,blocked
ORCL,binance,MEXC,275,761,31.7,0.105,0.0,1.1,0.0,0.039,0.0,0.0,0.4,-4.9,-10.4,,untested,blocked
QCOM,binance,GRVT,138,1433,59.7,0.011,0.0,-11.4,-12.8,0.403,0.0,0.0,0.4,-4.9,-10.4,,untested,blocked
QCOM,binance,HTX,138,1433,59.7,0.174,0.0,3.3,0.0,0.217,0.0,0.0,0.4,-4.9,-10.4,,untested,reachable
QCOM,binance,Extended,138,1297,54.0,0.196,0.0,-6.8,0.0,0.422,0.0,0.0,0.4,-4.9,-10.4,,untested,blocked
QCOM,binance,MEXC,138,777,32.4,0.084,0.0,-0.0,0.0,-0.001,0.0,0.0,0.4,-4.9,-10.4,,untested,blocked
RKLB,binance,GRVT,270,1417,59.0,0.176,0.0,-8.9,-2.5,0.656,0.0,0.0,0.4,-4.9,-10.4,,untested,blocked
RKLB,binance,HTX,270,1417,59.0,0.283,0.0,3.2,0.0,0.09,0.0,0.0,0.4,-4.9,-10.4,,untested,reachable
RKLB,binance,Extended,270,1281,53.4,0.274,0.0,-7.5,-3.3,0.424,0.0,0.0,0.4,-4.9,-10.4,,untested,blocked
RKLB,binance,MEXC,270,761,31.7,0.264,0.0,1.2,0.0,0.063,0.0,0.0,0.4,-4.9,-10.4,,untested,blocked
SAMSUNG,binance,GRVT,422,1417,59.0,0.172,0.0,-14.6,-27.8,0.534,0.0,0.0,0.4,-4.9,-10.4,,untested,blocked
SAMSUNG,binance,HTX,422,1417,59.0,0.26,0.0,-0.7,-10.9,-0.338,0.0,0.0,0.4,-4.9,-10.4,,untested,reachable
1000PEPE,binance,edgeX,180,1433,59.7,0.045,0.0,-2.9,-10.4,0.326,10.9,10.9,0.4,-4.9,-10.4,,untested,blocked
1000PEPE,binance,BingX,180,1433,59.7,0.056,0.0,-4.9,-7.4,0.048,10.9,10.9,0.4,-4.9,-10.4,,untested,reachable
1000PEPE,binance,Variational,180,801,33.4,0.71,0.0,-0.7,-1.2,0.217,10.9,10.9,0.4,-4.9,-10.4,9.838263505978427e+16,untested,blocked
2Z,binance,Pacifica,157,1437,59.9,0.143,0.0,6.4,0.0,-0.468,10.9,10.9,0.4,-4.9,-10.4,,untested,blocked
2Z,binance,Bitunix,157,1437,59.9,0.008,0.0,-0.1,0.0,0.004,10.9,10.9,0.4,-4.9,-10.4,,untested,blocked
2Z,binance,MEXC,157,1437,59.9,0.003,0.0,-0.0,0.0,0.002,10.9,10.9,0.4,-4.9,-10.4,,untested,blocked
2Z,binance,WhiteBIT,157,1437,59.9,0.0,0.0,-0.4,0.0,0.026,10.9,10.9,0.4,-4.9,-10.4,,untested,reachable
2Z,binance,LBank,157,189,7.9,0.0,0.0,0.0,0.0,0.0,10.9,10.9,0.4,-4.9,-10.4,,untested,blocked
2Z,binance,Variational,157,189,7.9,1.0,0.0,2.3,0.0,1.118,10.9,10.9,0.4,-4.9,-10.4,9.838263505978427e+16,untested,blocked
BEAT,binance,edgeX,539,1421,59.2,0.191,0.0,-2.3,0.0,-0.157,10.9,10.9,0.4,-4.9,-10.4,,untested,blocked
BEAT,bitget,HTX,540,1421,59.2,0.259,0.0,-26.7,-70.6,-1.593,10.9,10.9,0.42,-5.1,-10.9,,untested,reachable
BEAT,binance,MEXC,539,1421,59.2,0.234,0.0,1.6,0.0,0.09,10.9,10.9,0.4,-4.9,-10.4,,untested,blocked
BEAT,binance,LBank,539,785,32.7,0.245,0.0,2.8,-0.5,0.115,10.9,10.9,0.4,-4.9,-10.4,,untested,blocked
BEAT,binance,Variational,539,785,32.7,0.898,0.0,8.2,0.0,0.802,10.9,10.9,0.4,-4.9,-10.4,9.838263505978427e+16,untested,blocked
CRCL,binance,GRVT,270,1417,59.0,0.231,0.0,-8.5,-1.9,0.707,0.0,0.0,0.4,-4.9,-10.4,,untested,blocked
CRCL,binance,LBank,270,785,32.7,0.204,0.0,2.5,0.0,-0.004,0.0,0.0,0.4,-4.9,-10.4,,untested,blocked
CRCL,binance,Variational,270,785,32.7,0.265,0.0,2.9,0.0,0.055,0.0,0.0,0.4,-4.9,-10.4,,untested,blocked
CRCL,binance,Extended,270,169,7.0,0.272,0.0,-4.5,-0.6,-2.253,0.0,0.0,0.4,-4.9,-10.4,,untested,blocked
DASH,binance,BingX,270,1417,59.0,0.012,0.0,-3.9,-5.8,0.063,10.9,10.9,0.4,-4.9,-10.4,,untested,reachable
DASH,bybit,HTX,270,1417,59.0,0.045,0.0,-10.3,-12.6,0.758,10.9,10.9,0.41,-5.0,-10.7,,untested,reachable
DASH,binance,KuCoin,270,1417,59.0,0.131,0.0,-2.0,-4.2,0.054,10.9,10.9,0.4,-4.9,-10.4,,untested,reachable
DASH,binance,WhiteBIT,270,1417,59.0,0.113,0.0,-0.2,-4.9,-0.12,10.9,10.9,0.4,-4.9,-10.4,,untested,reachable
DASH,binance,Variational,270,785,32.7,0.662,0.0,-2.3,-3.4,0.095,10.9,10.9,0.4,-4.9,-10.4,9.838263505978427e+16,untested,blocked
DATA,bybit,LBank,329,801,33.4,0.316,0.0,13.8,0.0,0.417,10.9,10.9,0.41,-5.0,-10.7,,untested,blocked
DATA,bybit,KuCoin,329,753,31.4,0.127,0.0,5.2,0.0,0.136,10.9,10.9,0.41,-5.0,-10.7,,untested,reachable
DOT,bybit,Backpack,270,1417,59.0,0.138,0.0,-2.6,-12.9,0.426,8.0,10.9,0.41,-5.0,-10.7,,untested,reachable
DOT,bitget,BitMEX,270,461,19.2,0.0,0.0,-3.2,-2.7,0.066,10.9,10.9,0.42,-5.1,-10.9,,untested,reachable
DOT,bitget,BitMEX,270,461,19.2,0.0,0.0,-3.2,-2.7,0.066,10.9,10.9,0.42,-5.1,-10.9,,untested,reachable
DOT,bitget,edgeX,270,1417,59.0,0.003,0.0,0.5,0.0,0.299,10.9,10.9,0.42,-5.1,-10.9,,untested,blocked
DOT,bitget,BingX,270,1417,59.0,0.034,0.0,-1.4,0.0,0.046,10.9,10.9,0.42,-5.1,-10.9,,untested,reachable
DOT,bitget,GRVT,270,1417,59.0,0.0,0.0,-2.0,0.0,0.07,10.9,10.9,0.42,-5.1,-10.9,,untested,blocked
DOT,bitget,HTX,270,1417,59.0,0.0,0.0,-2.0,0.0,0.07,10.9,10.9,0.42,-5.1,-10.9,,untested,reachable
DOT,bitget,WhiteBIT,270,1417,59.0,0.046,0.0,-0.9,0.0,0.169,10.9,10.9,0.42,-5.1,-10.9,,untested,reachable
GRAM,binance,ApeX,367,1421,59.2,0.014,0.0,-10.4,-16.1,0.459,10.9,10.9,0.4,-4.9,-10.4,,untested,blocked
GRAM,okx,BitMEX,204,617,25.7,0.0,0.0,-3.0,-0.2,-0.016,10.9,10.9,0.4,-4.9,-10.4,,untested,reachable
GRAM,binance,HTX,367,1421,59.2,0.014,0.0,-14.8,-19.4,0.651,10.9,10.9,0.4,-4.9,-10.4,,untested,reachable
GRAM,binance,WhiteBIT,367,1421,59.2,0.011,0.0,-11.2,-16.5,0.508,10.9,10.9,0.4,-4.9,-10.4,,untested,reachable
GRAM,okx,Orderly,204,1405,58.5,0.643,0.0,-1.2,0.0,0.073,10.9,10.9,0.4,-4.8,-10.4,6060.6,untested,reachable
GRAM,binance,KuCoin,367,173,7.2,0.046,0.0,0.1,0.0,0.09,10.9,10.9,0.4,-4.9,-10.4,,untested,reachable
GRAM,binance,LBank,367,173,7.2,0.0,0.0,0.0,0.0,0.0,10.9,10.9,0.4,-4.9,-10.4,,untested,blocked
GRT,bybit,BingX,164,1433,59.7,0.017,0.0,-15.4,-4.3,0.42,10.9,10.9,0.41,-5.0,-10.7,,untested,reachable
GRT,binance,KuCoin,164,1433,59.7,0.262,0.0,-1.0,-8.9,-0.021,0.6,10.9,0.4,-4.9,-10.4,,untested,reachable
GRT,bybit,WhiteBIT,164,1433,59.7,0.0,0.0,-16.0,-4.7,0.428,10.9,10.9,0.41,-5.0,-10.7,,untested,reachable
GRT,bybit,Variational,164,801,33.4,0.79,0.0,-2.7,0.0,0.397,10.9,10.9,0.41,-5.0,-10.7,1.0084220093627886e+17,untested,blocked
H,binance,BingX,298,1437,59.9,0.44,0.0,0.3,-0.2,0.012,40.9,41.2,0.4,-4.9,-10.4,,untested,reachable
H,binance,Bitunix,298,1437,59.9,0.573,0.0,0.5,-0.4,0.008,40.9,39.5,0.4,-4.9,-10.4,13333.3,untested,blocked
H,binance,HTX,298,1253,52.2,0.415,0.0,-17.8,-11.1,-0.954,46.1,10.9,0.4,-4.9,-10.4,,untested,reachable
HBAR,bitget,Backpack,270,1417,59.0,0.188,0.0,0.1,-4.5,0.145,10.9,10.9,0.42,-5.1,-10.9,,untested,reachable
HBAR,bitget,BingX,270,1417,59.0,0.017,0.0,-2.8,-3.2,0.052,10.9,10.9,0.42,-5.1,-10.9,,untested,reachable
HBAR,bitget,GRVT,270,1417,59.0,0.102,0.0,-2.4,-4.9,0.072,10.9,10.9,0.42,-5.1,-10.9,,untested,blocked
HBAR,bitget,HTX,270,1417,59.0,0.006,0.0,-6.8,-8.9,0.699,10.9,10.9,0.42,-5.1,-10.9,,untested,reachable
HBAR,bitget,WhiteBIT,270,1417,59.0,0.073,0.0,-2.4,-4.2,0.018,10.9,10.9,0.42,-5.1,-10.9,,untested,reachable
HBAR,binance,LBank,270,169,7.0,0.142,0.0,-0.0,0.0,-0.059,10.9,10.9,0.4,-4.9,-10.4,,untested,blocked
ICP,bybit,Pacifica,270,1417,59.0,0.0,0.0,-6.0,-11.4,0.089,10.9,10.9,0.41,-5.0,-10.7,,untested,blocked
ICP,bybit,edgeX,270,1417,59.0,0.003,0.0,-3.5,-11.4,0.317,10.9,10.9,0.41,-5.0,-10.7,,untested,blocked
ICP,bybit,BingX,270,1417,59.0,0.006,0.0,-5.5,-10.7,0.051,10.9,10.9,0.41,-5.0,-10.7,,untested,reachable
ICP,bybit,GRVT,270,1417,59.0,0.011,0.0,-5.8,-11.4,0.08,10.9,10.9,0.41,-5.0,-10.7,,untested,blocked
ICP,bybit,HTX,270,1417,59.0,0.0,0.0,-6.3,-11.4,0.11,10.9,10.9,0.41,-5.0,-10.7,,untested,reachable
ICP,bybit,KuCoin,270,1417,59.0,0.09,0.0,-4.0,-8.0,0.039,10.9,10.9,0.41,-5.0,-10.7,,untested,reachable
ICP,bybit,WhiteBIT,270,1417,59.0,0.0,0.0,-5.9,-11.0,0.1,10.9,10.9,0.41,-5.0,-10.7,,untested,reachable
ICP,binance,LBank,270,169,7.0,0.284,0.0,0.1,0.0,0.078,10.9,10.9,0.4,-4.9,-10.4,,untested,blocked
JTO,binance,Bitunix,539,1421,59.2,0.161,0.0,-3.5,-3.5,-0.02,4.3,10.9,0.4,-4.9,-10.4,,untested,blocked
JTO,binance,MEXC,539,1421,59.2,0.158,0.0,-3.5,-4.8,-0.03,4.3,10.9,0.4,-4.9,-10.4,,untested,blocked
JTO,okx,WhiteBIT,164,1437,59.9,0.0,0.0,-1.9,0.0,0.037,10.9,10.9,0.4,-4.9,-10.4,,untested,reachable
JTO,bybit,KuCoin,540,1137,47.4,0.021,0.0,-6.7,-12.6,0.052,10.9,10.9,0.41,-5.0,-10.7,,untested,reachable
JTO,bybit,Variational,540,173,7.2,0.532,0.0,-6.3,-14.2,0.705,10.9,10.9,0.41,-5.0,-10.7,1.0084220093627886e+17,untested,blocked
KPEPE,hl,Backpack,617,617,25.7,0.352,0.0,7.5,0.0,0.936,10.9,10.9,0.39,-4.7,-10.2,,untested,reachable
LDO,binance,ApeX,270,1417,59.0,0.112,0.0,-2.2,-6.8,-0.033,9.4,10.9,0.4,-4.9,-10.4,,untested,blocked
LDO,okx,Pacifica,73,1433,59.7,0.017,0.0,-0.9,0.0,0.047,10.9,10.9,0.4,-4.9,-10.4,,untested,blocked
LDO,okx,GRVT,73,1433,59.7,0.061,0.0,-0.6,0.0,0.071,10.9,10.9,0.4,-4.9,-10.4,,untested,blocked
LDO,okx,KuCoin,73,1433,59.7,0.096,0.0,0.1,0.0,0.075,10.9,10.9,0.4,-4.9,-10.4,,untested,reachable
LDO,okx,WhiteBIT,73,1433,59.7,0.011,0.0,-2.0,0.0,-0.168,10.9,10.9,0.4,-4.9,-10.4,,untested,reachable
LDO,bybit,Variational,270,169,7.0,0.805,0.0,-0.9,0.0,0.276,10.9,10.9,0.41,-5.0,-10.7,1.0084220093627886e+17,untested,blocked
MSFT,binance,GRVT,275,1417,59.0,0.021,0.0,-11.5,-7.2,0.56,0.0,0.0,0.4,-4.9,-10.4,,untested,blocked
MSFT,binance,HTX,275,1417,59.0,0.072,0.0,-1.1,0.0,-0.017,0.0,0.0,0.4,-4.9,-10.4,,untested,reachable
MSFT,binance,LBank,275,785,32.7,0.028,0.0,-1.8,0.0,-0.084,0.0,0.0,0.4,-4.9,-10.4,,untested,blocked
MSFT,binance,Variational,275,785,32.7,0.028,0.0,-1.8,0.0,-0.079,0.0,0.0,0.4,-4.9,-10.4,,untested,blocked
MSFT,binance,MEXC,275,761,31.7,0.029,0.0,-1.9,0.0,-0.081,0.0,0.0,0.4,-4.9,-10.4,,untested,blocked
MSFT,binance,Extended,275,169,7.0,0.047,0.0,0.4,0.0,-0.281,0.0,0.0,0.4,-4.9,-10.4,,untested,blocked
PENG,binance,HTX,129,1001,41.7,0.064,0.0,1.0,0.0,-0.26,0.0,0.0,0.4,-4.9,-10.4,,untested,reachable
PENG,binance,LBank,129,801,33.4,0.08,0.0,1.6,0.0,-0.224,0.0,0.0,0.4,-4.9,-10.4,,untested,blocked
PENG,binance,MEXC,129,777,32.4,0.051,0.0,-0.0,0.0,-0.001,0.0,0.0,0.4,-4.9,-10.4,,untested,blocked
SAMSUNGEM,binance,HTX,58,457,19.0,0.175,0.0,1.6,0.0,0.321,0.0,0.0,0.4,-4.9,-10.4,,untested,reachable
SAMSUNGEM,binance,LBank,58,457,19.0,0.14,0.0,-1.0,0.0,0.283,0.0,0.0,0.4,-4.9,-10.4,,untested,blocked
SAMSUNGEM,binance,GRVT,58,361,15.0,0.155,0.0,1.0,-3.2,0.301,0.0,0.0,0.4,-4.9,-10.4,,untested,blocked
SHOP,binance,MEXC,48,377,15.7,0.109,0.0,0.0,0.0,0.007,0.0,0.0,0.4,-4.9,-10.4,,untested,blocked
SKHY,binance,HTX,159,1249,52.0,0.199,0.0,-3.6,0.0,0.32,0.0,0.0,0.4,-4.9,-10.4,,untested,reachable
SKHY,binance,GRVT,159,1001,41.7,0.176,0.0,-2.9,0.0,0.409,0.0,0.0,0.4,-4.9,-10.4,,untested,blocked
SKHY,binance,LBank,159,785,32.7,0.173,0.0,0.7,0.0,-0.055,0.0,0.0,0.4,-4.9,-10.4,,untested,blocked
SKHY,binance,Variational,159,785,32.7,0.204,0.0,0.6,0.0,-0.089,0.0,0.0,0.4,-4.9,-10.4,,untested,blocked
SKHY,binance,MEXC,159,761,31.7,0.189,0.0,0.3,0.0,0.011,0.0,0.0,0.4,-4.9,-10.4,,untested,blocked
SKHY,binance,Extended,159,89,3.7,0.101,0.0,-15.2,0.0,-8.823,0.0,0.0,0.4,-4.9,-10.4,,untested,blocked
SKHYNIX,bybit,GRVT,269,1417,59.0,0.329,0.0,-20.2,-55.6,0.106,0.0,0.0,0.41,-5.0,-10.7,,untested,blocked
SKHYNIX,binance,HTX,421,1417,59.0,0.354,0.0,11.5,-9.1,-0.668,0.0,0.0,0.4,-4.9,-10.4,,untested,reachable
SKHYNIX,aster,Extended,70,176,7.3,0.278,0.0,-7.3,0.0,-2.925,0.0,0.0,0.38,-4.6,-9.9,,untested,blocked
SKHYNIX,binance,LBank,421,785,32.7,0.218,0.0,-4.8,-6.4,0.077,0.0,0.0,0.4,-4.9,-10.4,,untested,blocked
SKHYNIX,binance,MEXC,421,761,31.7,0.222,0.0,-5.7,-6.4,0.486,0.0,0.0,0.4,-4.9,-10.4,,untested,blocked
SNXX,binance,HTX,162,1177,49.0,0.28,0.0,7.8,0.0,-0.387,0.0,0.0,0.4,-4.9,-10.4,,untested,reachable
SNXX,binance,MEXC,162,1177,49.0,0.231,0.0,2.2,0.0,-0.147,0.0,0.0,0.4,-4.9,-10.4,,untested,blocked
SNXX,binance,LBank,162,785,32.7,0.234,0.0,1.5,0.0,-0.245,0.0,0.0,0.4,-4.9,-10.4,,untested,blocked
SOXL,binance,GRVT,270,1417,59.0,0.193,0.0,-12.1,-15.4,0.699,0.0,0.0,0.4,-4.9,-10.4,,untested,blocked
SOXL,binance,HTX,270,1417,59.0,0.345,0.0,4.5,0.0,-0.17,0.0,0.0,0.4,-4.9,-10.4,,untested,reachable
SOXL,binance,MEXC,270,1417,59.0,0.334,0.0,0.6,0.0,0.036,0.0,0.0,0.4,-4.9,-10.4,,untested,blocked
SOXL,binance,Extended,270,1281,53.4,0.327,0.0,-3.1,-3.5,0.113,0.0,0.0,0.4,-4.9,-10.4,,untested,blocked
SOXL,binance,LBank,270,785,32.7,0.215,0.0,1.2,0.0,0.051,0.0,0.0,0.4,-4.9,-10.4,,untested,blocked
SOXL,binance,Variational,270,785,32.7,0.236,0.0,0.8,0.0,0.077,0.0,0.0,0.4,-4.9,-10.4,,untested,blocked
TBT,binance,HTX,111,833,34.7,0.058,0.0,-62.8,-72.3,2.031,0.0,0.0,0.4,-4.9,-10.4,,untested,reachable
TBT,binance,MEXC,111,833,34.7,0.289,0.0,-2.7,0.0,0.465,0.0,0.0,0.4,-4.9,-10.4,,untested,blocked
TBT,binance,LBank,111,801,33.4,0.211,0.0,-21.1,-2.2,3.059,0.0,0.0,0.4,-4.9,-10.4,,untested,blocked
TSM,binance,GRVT,120,1433,59.7,0.011,0.0,-14.4,-14.2,0.806,0.0,0.0,0.4,-4.9,-10.4,,untested,blocked
TSM,binance,HTX,120,1433,59.7,0.134,0.0,1.2,0.0,-0.007,0.0,0.0,0.4,-4.9,-10.4,,untested,reachable
TSM,binance,Variational,120,801,33.4,0.08,0.0,0.3,0.0,0.006,0.0,0.0,0.4,-4.9,-10.4,,untested,blocked
TSM,binance,MEXC,120,777,32.4,0.041,0.0,0.0,0.0,0.001,0.0,0.0,0.4,-4.9,-10.4,,untested,blocked
UNITREE,binance,MEXC,79,313,13.0,0.323,0.0,-22.7,0.0,11.094,0.0,0.0,0.4,-4.9,-10.4,,untested,blocked
UNITREE,binance,HTX,79,313,13.0,0.141,0.0,-57.5,-37.0,19.74,0.0,0.0,0.4,-4.9,-10.4,,untested,reachable
UNITREE,binance,Extended,79,261,10.9,0.272,0.0,-0.4,-4.0,-0.389,0.0,0.0,0.4,-4.9,-10.4,,untested,blocked
USO,okx,MEXC,180,1337,55.7,0.012,0.0,-0.0,0.0,-0.0,0.0,0.0,0.4,-4.9,-10.4,,untested,blocked
USO,okx,LBank,180,801,33.4,0.03,0.0,0.0,0.0,0.0,0.0,0.0,0.4,-4.9,-10.4,,untested,blocked
WDC,binance,GRVT,161,1433,59.7,0.151,0.0,-8.3,-11.6,0.513,0.0,0.0,0.4,-4.9,-10.4,,untested,blocked
WDC,binance,Extended,161,1297,54.0,0.196,0.0,-5.7,-0.1,0.209,0.0,0.0,0.4,-4.9,-10.4,,untested,blocked
WDC,binance,LBank,161,801,33.4,0.01,0.0,-0.4,0.0,0.061,0.0,0.0,0.4,-4.9,-10.4,,untested,blocked
WDC,binance,MEXC,161,777,32.4,0.144,0.0,0.0,0.0,-0.001,0.0,0.0,0.4,-4.9,-10.4,,untested,blocked
XLE,binance,GRVT,180,1433,59.7,0.028,0.0,-5.3,0.0,0.131,0.0,0.0,0.4,-4.9,-10.4,,untested,blocked
XLE,binance,HTX,180,1433,59.7,0.073,0.0,-1.2,-10.9,0.145,0.0,0.0,0.4,-4.9,-10.4,,untested,reachable
XLE,binance,MEXC,180,1433,59.7,0.033,0.0,-0.1,0.0,0.005,0.0,0.0,0.4,-4.9,-10.4,,untested,blocked
XLE,binance,LBank,180,801,33.4,0.0,0.0,0.0,0.0,0.0,0.0,0.0,0.4,-4.9,-10.4,,untested,blocked
XLE,binance,Variational,180,801,33.4,0.05,0.0,0.2,0.0,0.014,0.0,0.0,0.4,-4.9,-10.4,,untested,blocked
ZHONGJI,binance,LBank,58,457,19.0,0.14,0.0,-0.9,0.0,0.208,0.0,0.0,0.4,-4.9,-10.4,,untested,blocked
ZHONGJI,binance,HTX,58,385,16.0,0.291,0.0,36.9,0.0,-5.172,0.0,0.0,0.4,-4.9,-10.4,,untested,reachable
1000BTT,bybit,MEXC,180,1433,59.7,0.403,-0.0,-59.2,-10.6,1.057,-211.3,10.9,0.41,-5.0,-10.7,,untested,blocked
AAPL,okx,GRVT,105,1433,59.7,0.452,0.0,-1.1,-6.7,0.497,0.0,19.4,0.4,-4.9,-10.4,,untested,blocked
AAPL,binance,HTX,275,1417,59.0,0.17,0.0,-0.1,0.0,0.244,0.0,0.0,0.4,-4.9,-10.4,,untested,reachable
AAPL,binance,Extended,275,169,7.0,0.172,0.0,-0.9,-1.0,0.023,0.0,0.0,0.4,-4.9,-10.4,,untested,blocked
AAPL,binance,MEXC,275,169,7.0,0.284,0.0,-0.0,0.0,-0.045,0.0,0.0,0.4,-4.9,-10.4,,untested,blocked
AIXBT,binance,BingX,277,1437,59.9,0.011,0.0,-1.8,0.0,0.042,10.9,10.9,0.4,-4.9,-10.4,,untested,reachable
AIXBT,binance,Bitunix,277,1437,59.9,0.117,0.0,0.0,0.0,0.005,10.9,10.9,0.4,-4.9,-10.4,,untested,blocked
AIXBT,binance,MEXC,277,1437,59.9,0.117,0.0,-0.0,0.0,0.0,10.9,10.9,0.4,-4.9,-10.4,,untested,blocked
AIXBT,binance,WhiteBIT,277,1437,59.9,0.0,0.0,-2.2,0.0,0.049,10.9,10.9,0.4,-4.9,-10.4,,untested,reachable
AIXBT,binance,LBank,277,801,33.4,0.01,0.0,-0.1,0.0,0.012,10.9,10.9,0.4,-4.9,-10.4,,untested,blocked
AIXBT,binance,Variational,277,801,33.4,0.965,0.0,11.3,0.0,0.675,10.9,10.9,0.4,-4.9,-10.4,9.838263505978427e+16,untested,blocked
AIXBT,binance,KuCoin,277,753,31.4,0.187,0.0,6.1,0.0,-0.238,10.9,10.9,0.4,-4.9,-10.4,,untested,reachable
AMZN,binance,GRVT,270,1417,59.0,0.176,0.0,-5.8,0.0,0.494,0.0,0.0,0.4,-4.9,-10.4,,untested,blocked
AMZN,binance,LBank,270,785,32.7,0.185,0.0,1.7,0.0,0.098,0.0,0.0,0.4,-4.9,-10.4,,untested,blocked
AMZN,binance,Variational,270,785,32.7,0.175,0.0,1.7,0.0,0.098,0.0,0.0,0.4,-4.9,-10.4,,untested,blocked
AMZN,binance,MEXC,270,761,31.7,0.191,0.0,1.7,0.0,0.098,0.0,0.0,0.4,-4.9,-10.4,,untested,blocked
APE,bitget,BitMEX,112,625,26.0,0.0,0.0,-1.2,0.0,0.095,10.9,10.9,0.42,-5.1,-10.9,,untested,reachable
APE,bitget,BingX,112,1433,59.7,0.028,0.0,-0.4,0.0,0.024,10.9,10.9,0.42,-5.1,-10.9,,untested,reachable
APE,bitget,WhiteBIT,112,1433,59.7,0.0,0.0,-0.6,0.0,0.039,10.9,10.9,0.42,-5.1,-10.9,,untested,reachable
APE,bitget,Variational,112,801,33.4,0.96,0.0,0.5,0.0,0.141,10.9,10.9,0.42,-5.1,-10.9,1.0330176681277347e+17,untested,blocked
APEX,bybit,BingX,343,1437,59.9,0.003,0.0,0.0,0.0,0.001,10.9,10.9,0.41,-5.0,-10.7,,untested,reachable
APEX,bybit,Bitunix,343,1437,59.9,0.003,0.0,0.0,0.0,0.0,10.9,10.9,0.41,-5.0,-10.7,,untested,blocked
APEX,bybit,MEXC,343,1437,59.9,0.003,0.0,0.0,0.0,0.0,10.9,10.9,0.41,-5.0,-10.7,,untested,blocked
APEX,bybit,LBank,343,801,33.4,0.005,0.0,0.0,0.0,0.0,10.9,10.9,0.41,-5.0,-10.7,,untested,blocked
APEX,bybit,Variational,343,801,33.4,0.975,0.0,-2.2,0.0,-0.122,10.9,10.9,0.41,-5.0,-10.7,1.0084220093627886e+17,untested,blocked
APT,bitget,ApeX,270,1417,59.0,0.0,0.0,-5.4,-7.7,-0.007,10.9,10.9,0.42,-5.1,-10.9,,untested,blocked
APT,bitget,BingX,270,1417,59.0,0.011,0.0,-4.4,-6.0,-0.015,10.9,10.9,0.42,-5.1,-10.9,,untested,reachable
APT,bybit,Bitunix,270,1417,59.0,0.254,0.0,-3.3,-7.8,0.051,7.0,10.9,0.41,-5.0,-10.7,,untested,blocked
APT,bitget,HTX,270,1417,59.0,0.0,0.0,-5.4,-7.7,-0.007,10.9,10.9,0.42,-5.1,-10.9,,untested,reachable
APT,bitget,KuCoin,270,1417,59.0,0.141,0.0,-2.5,-5.5,-0.127,10.9,10.9,0.42,-5.1,-10.9,,untested,reachable
APT,bybit,MEXC,270,1417,59.0,0.277,0.0,-2.4,-7.3,0.002,7.0,10.9,0.41,-5.0,-10.7,,untested,blocked
APT,bitget,WhiteBIT,270,1417,59.0,0.0,0.0,-5.5,-7.7,-0.02,10.9,10.9,0.42,-5.1,-10.9,,untested,reachable
AVAX,hl,ApeX,2156,1426,59.4,0.018,0.0,-5.1,-9.5,-0.001,10.9,10.9,0.39,-4.7,-10.2,,untested,blocked
AVAX,hl,Pacifica,2156,1426,59.4,0.028,0.0,-4.9,-9.1,-0.011,10.9,10.9,0.39,-4.7,-10.2,,untested,blocked
AVAX,hl,BitMEX,2156,361,15.0,0.011,0.0,-1.9,0.0,-0.087,10.9,10.9,0.39,-4.7,-10.2,,untested,reachable
AVAX,hl,BitMEX,2156,361,15.0,0.011,0.0,-1.9,0.0,-0.087,10.9,10.9,0.39,-4.7,-10.2,,untested,reachable
AVAX,hl,BingX,2156,1419,59.1,0.147,0.0,-4.1,-8.9,-0.06,10.9,10.9,0.39,-4.7,-10.2,,untested,reachable
AVAX,hl,Bitunix,2156,1419,59.1,0.079,0.0,-4.6,-9.1,-0.006,10.9,10.9,0.39,-4.7,-10.2,,untested,blocked
AVAX,hl,Bitunix,2156,1419,59.1,0.079,0.0,-4.6,-9.1,-0.006,10.9,10.9,0.39,-4.7,-10.2,,untested,blocked
AVAX,hl,Bitunix,2156,1419,59.1,0.079,0.0,-4.6,-9.1,-0.006,10.9,10.9,0.39,-4.7,-10.2,,untested,blocked
AVAX,hl,GRVT,2156,1419,59.1,0.064,0.0,-4.6,-9.4,-0.023,10.9,10.9,0.39,-4.7,-10.2,,untested,blocked
AVAX,hl,HTX,2156,1419,59.1,0.016,0.0,-8.2,-11.3,-0.265,10.9,10.9,0.39,-4.7,-10.2,,untested,reachable
AVAX,bitget,KuCoin,270,1417,59.0,0.164,0.0,-1.7,-4.9,0.043,9.4,10.9,0.42,-5.1,-10.9,,untested,reachable
AVAX,hl,WhiteBIT,2156,1419,59.1,0.078,0.0,-4.5,-9.1,0.004,10.9,10.9,0.39,-4.7,-10.2,,untested,reachable
BCH,hl,ApeX,589,1440,60.0,0.033,0.0,-3.1,0.0,0.208,10.9,10.9,0.39,-4.7,-10.2,,untested,blocked
BCH,hl,BitMEX,589,393,16.4,0.382,0.0,-3.7,-13.7,0.504,3.3,8.2,0.39,-4.7,-10.2,,untested,reachable
BCH,hl,edgeX,589,1437,59.9,0.006,0.0,-2.3,0.0,0.347,10.9,10.9,0.39,-4.7,-10.2,,untested,blocked
BCH,hl,GRVT,589,1433,59.7,0.113,0.0,-1.9,0.0,0.215,10.9,10.9,0.39,-4.7,-10.2,,untested,blocked
BCH,hl,HTX,589,1433,59.7,0.0,0.0,-3.6,0.0,0.222,10.9,10.9,0.39,-4.7,-10.2,,untested,reachable
BCH,hl,WhiteBIT,589,1433,59.7,0.0,0.0,-3.5,0.0,0.235,10.9,10.9,0.39,-4.7,-10.2,,untested,reachable
BCH,binance,LBank,73,185,7.7,0.043,0.0,0.0,0.0,0.002,10.9,10.9,0.4,-4.9,-10.4,,untested,blocked
BIO,binance,BingX,235,1437,59.9,0.006,0.0,-2.0,0.0,0.069,10.9,10.9,0.4,-4.9,-10.4,,untested,reachable
BIO,binance,Bitunix,235,1437,59.9,0.139,0.0,0.1,0.0,-0.005,10.9,10.9,0.4,-4.9,-10.4,,untested,blocked
BIO,binance,MEXC,235,1437,59.9,0.145,0.0,0.0,0.0,-0.003,10.9,10.9,0.4,-4.9,-10.4,,untested,blocked
BIO,binance,WhiteBIT,235,1437,59.9,0.0,0.0,-2.1,0.0,0.073,10.9,10.9,0.4,-4.9,-10.4,,untested,reachable
BIO,binance,KuCoin,235,1153,48.0,0.198,0.0,4.3,0.0,-0.185,10.9,10.9,0.4,-4.9,-10.4,,untested,reachable
BIO,binance,Variational,235,801,33.4,0.96,0.0,3.0,0.0,-0.396,10.9,10.9,0.4,-4.9,-10.4,9.838263505978427e+16,untested,blocked
BMT,binance,Bitunix,360,1437,59.9,0.295,0.0,-0.5,0.0,-0.014,10.9,9.3,0.4,-4.9,-10.4,,untested,blocked
BMT,binance,MEXC,360,1437,59.9,0.203,0.0,0.0,-0.1,-0.004,10.9,9.2,0.4,-4.9,-10.4,,untested,blocked
BMT,binance,KuCoin,360,1153,48.0,0.216,0.0,-6.1,-27.8,-0.737,-1.6,10.9,0.4,-4.9,-10.4,,untested,reachable
BMT,aster,Variational,1440,801,33.4,0.522,0.0,-11.5,-27.7,-0.566,-0.5,10.9,0.38,-4.6,-9.9,9.346350330679506e+16,untested,blocked
BNC,binance,HTX,165,1025,42.7,0.414,0.0,55.7,0.0,-0.176,0.0,0.0,0.4,-4.9,-10.4,,untested,reachable
BNC,binance,Variational,165,785,32.7,0.418,0.0,19.1,0.0,-1.427,0.0,0.0,0.4,-4.9,-10.4,,untested,blocked
BNC,binance,LBank,165,777,32.4,0.001,0.0,0.0,0.0,0.0,0.0,0.0,0.4,-4.9,-10.4,,untested,blocked
BNC,binance,MEXC,165,777,32.4,0.269,0.0,-0.2,-0.7,0.006,0.0,0.0,0.4,-4.9,-10.4,,untested,blocked
BOME,binance,BingX,214,1437,59.9,0.042,0.0,-2.3,-0.3,0.07,10.9,10.9,0.4,-4.9,-10.4,,untested,reachable
BOME,binance,Bitunix,214,1437,59.9,0.109,0.0,-1.5,0.0,0.09,10.9,10.9,0.4,-4.9,-10.4,,untested,blocked
BOME,binance,MEXC,214,1437,59.9,0.196,0.0,-0.0,0.0,-0.0,10.9,10.9,0.4,-4.9,-10.4,,untested,blocked
BOME,binance,WhiteBIT,214,1437,59.9,0.0,0.0,-3.0,-1.2,0.086,10.9,10.9,0.4,-4.9,-10.4,,untested,reachable
BOME,binance,LBank,214,801,33.4,0.071,0.0,-0.0,0.0,-0.006,10.9,10.9,0.4,-4.9,-10.4,,untested,blocked
BOME,binance,Variational,214,801,33.4,0.874,0.0,-1.1,0.0,-0.136,10.9,10.9,0.4,-4.9,-10.4,9.838263505978427e+16,untested,blocked
BOME,binance,HTX,214,189,7.9,0.0,0.0,-4.5,-7.5,-0.109,10.9,10.9,0.4,-4.9,-10.4,,untested,reachable
BX,binance,HTX,185,1433,59.7,0.05,0.0,-15.0,-10.9,0.375,0.0,0.0,0.4,-4.9,-10.4,,untested,reachable
BX,binance,LBank,185,801,33.4,0.15,0.0,0.4,0.0,-0.067,0.0,0.0,0.4,-4.9,-10.4,,untested,blocked
BX,binance,Variational,185,801,33.4,0.06,0.0,-2.9,0.0,-0.051,0.0,0.0,0.4,-4.9,-10.4,,untested,blocked
BX,binance,MEXC,185,777,32.4,0.154,0.0,11.6,0.0,-1.813,0.0,0.0,0.4,-4.9,-10.4,,untested,blocked
CAP,binance,BingX,271,1437,59.9,0.441,0.0,1.5,0.0,0.282,10.9,10.9,0.4,-4.9,-10.4,,untested,reachable
CAP,binance,Bitunix,271,1437,59.9,0.132,0.0,-0.0,0.0,0.004,10.9,10.9,0.4,-4.9,-10.4,,untested,blocked
CAP,binance,HTX,271,1437,59.9,0.273,0.0,0.8,0.0,0.391,10.9,10.9,0.4,-4.9,-10.4,,untested,reachable
CAP,binance,MEXC,271,1437,59.9,0.098,0.0,0.0,0.0,-0.001,10.9,10.9,0.4,-4.9,-10.4,,untested,blocked
CAP,binance,Orderly,271,1381,57.5,0.301,0.0,-3.7,-0.5,-0.514,10.9,10.9,0.4,-4.9,-10.4,,untested,reachable
CAP,binance,Variational,271,801,33.4,0.839,0.0,1.9,0.0,-1.11,10.9,10.9,0.4,-4.9,-10.4,1460000.0,untested,blocked
CAP,binance,KuCoin,271,753,31.4,0.049,0.0,-8.5,0.0,-0.374,10.9,10.9,0.4,-4.9,-10.4,,untested,reachable
CBRS,binance,GRVT,270,1417,59.0,0.361,0.0,-3.9,-9.1,0.544,0.0,0.0,0.4,-4.9,-10.4,,untested,blocked
CBRS,binance,HTX,270,1417,59.0,0.181,0.0,-0.2,0.0,0.229,0.0,0.0,0.4,-4.9,-10.4,,untested,reachable
CBRS,binance,Variational,270,785,32.7,0.173,0.0,1.6,0.0,-0.001,0.0,0.0,0.4,-4.9,-10.4,,untested,blocked
CC,okx,BingX,212,1437,59.9,0.019,0.0,-5.0,-5.1,0.177,10.9,10.9,0.4,-4.9,-10.4,,untested,reachable
CC,okx,GRVT,212,1437,59.9,0.434,0.0,-3.1,-8.1,0.243,10.9,10.9,0.4,-4.9,-10.4,,untested,blocked
CC,okx,MEXC,212,1437,59.9,0.056,0.0,-4.5,-5.4,0.318,10.9,10.9,0.4,-4.9,-10.4,,untested,blocked
CC,okx,WhiteBIT,212,1353,56.4,0.0,0.0,-6.2,-7.5,0.255,10.9,10.9,0.4,-4.9,-10.4,,untested,reachable
CC,okx,KuCoin,212,1153,48.0,0.042,0.0,-3.8,-1.7,0.247,10.9,10.9,0.4,-4.9,-10.4,,untested,reachable
CC,okx,Variational,212,801,33.4,0.9,0.0,-1.6,0.0,-0.158,10.9,10.9,0.4,-4.9,-10.4,9.838263505978427e+16,untested,blocked
CELR,binance,Bitunix,180,1433,59.7,0.174,0.0,-0.3,0.0,0.006,10.9,10.9,0.4,-4.9,-10.4,,untested,blocked
CELR,binance,KuCoin,180,1433,59.7,0.033,0.0,-4.0,-2.5,0.048,10.9,10.9,0.4,-4.9,-10.4,,untested,reachable
CELR,binance,MEXC,180,1433,59.7,0.157,0.0,0.0,0.0,0.0,10.9,10.9,0.4,-4.9,-10.4,,untested,blocked
CELR,binance,LBank,180,801,33.4,0.0,0.0,-0.1,0.0,0.009,10.9,10.9,0.4,-4.9,-10.4,,untested,blocked
CHIP,binance,ApeX,157,1437,59.9,0.323,0.0,9.5,0.0,-0.506,10.9,10.9,0.4,-4.9,-10.4,,untested,blocked
CHIP,binance,Backpack,157,1437,59.9,0.212,0.0,18.1,0.0,0.637,10.9,10.9,0.4,-4.9,-10.4,,untested,reachable
CHIP,binance,Pacifica,157,1437,59.9,0.001,0.0,-1.6,0.0,0.121,10.9,10.9,0.4,-4.9,-10.4,,untested,blocked
CHIP,binance,BingX,157,1437,59.9,0.086,0.0,0.1,0.0,-0.006,10.9,10.9,0.4,-4.9,-10.4,,untested,reachable
CHIP,binance,Bitunix,157,1437,59.9,0.047,0.0,-0.9,0.0,0.081,10.9,10.9,0.4,-4.9,-10.4,,untested,blocked
CHIP,binance,MEXC,157,1437,59.9,0.047,0.0,0.0,0.0,-0.001,10.9,10.9,0.4,-4.9,-10.4,,untested,blocked
CHIP,binance,WhiteBIT,157,1437,59.9,0.0,0.0,-1.8,0.0,0.135,10.9,10.9,0.4,-4.9,-10.4,,untested,reachable
CHIP,binance,LBank,157,189,7.9,0.021,0.0,-0.0,0.0,0.002,10.9,10.9,0.4,-4.9,-10.4,,untested,blocked
CHIP,binance,Variational,157,189,7.9,0.979,0.0,2.0,0.0,-0.375,10.9,10.9,0.4,-4.9,-10.4,9.838263505978427e+16,untested,blocked
CHZ,aster,ApeX,912,1440,60.0,0.009,0.0,-2.8,0.0,0.156,10.9,10.9,0.38,-4.6,-9.9,,untested,blocked
CHZ,okx,BingX,113,1433,59.7,0.374,0.0,-3.7,-7.0,0.415,4.0,10.9,0.4,-4.9,-10.4,,untested,reachable
CHZ,aster,HTX,912,1433,59.7,0.089,0.0,1.9,0.0,-0.238,10.9,10.9,0.38,-4.6,-9.9,,untested,reachable
CHZ,aster,WhiteBIT,912,1433,59.7,0.0,0.0,-12.8,0.0,-0.52,10.9,10.9,0.38,-4.6,-9.9,,untested,reachable
CHZ,aster,Variational,912,801,33.4,0.985,0.0,-0.1,0.0,0.005,10.9,10.9,0.38,-4.6,-9.9,9.346350330679506e+16,untested,blocked
CKB,binance,BingX,180,1433,59.7,0.017,0.0,-3.7,-0.3,0.031,10.9,10.9,0.4,-4.9,-10.4,,untested,reachable
CKB,binance,Bitunix,180,1433,59.7,0.151,0.0,0.0,0.0,-0.005,10.9,10.9,0.4,-4.9,-10.4,,untested,blocked
CKB,binance,KuCoin,180,1433,59.7,0.128,0.0,-0.5,0.0,0.098,10.9,10.9,0.4,-4.9,-10.4,,untested,reachable
CKB,binance,MEXC,180,1433,59.7,0.14,0.0,0.0,0.0,0.001,10.9,10.9,0.4,-4.9,-10.4,,untested,blocked
CKB,binance,WhiteBIT,180,1433,59.7,0.0,0.0,-3.8,-0.5,0.032,10.9,10.9,0.4,-4.9,-10.4,,untested,reachable
CKB,binance,LBank,180,801,33.4,0.04,0.0,0.0,0.0,-0.001,10.9,10.9,0.4,-4.9,-10.4,,untested,blocked
CKB,binance,Variational,180,801,33.4,0.82,0.0,-3.0,0.0,0.059,10.9,10.9,0.4,-4.9,-10.4,9.838263505978427e+16,untested,blocked
COAI,binance,BingX,360,1437,59.9,0.0,0.0,-16.4,-19.9,0.12,10.9,10.9,0.4,-4.9,-10.4,,untested,reachable
COAI,binance,Bitunix,360,1437,59.9,0.042,0.0,0.1,0.0,0.003,10.9,10.9,0.4,-4.9,-10.4,,untested,blocked
COAI,binance,MEXC,360,1437,59.9,0.039,0.0,-0.0,0.0,0.002,10.9,10.9,0.4,-4.9,-10.4,,untested,blocked
COAI,binance,LBank,360,801,33.4,0.015,0.0,0.0,0.0,0.0,10.9,10.9,0.4,-4.9,-10.4,,untested,blocked
DATAIP,binance,Bitunix,360,1381,57.5,0.414,0.0,-0.1,-0.7,-0.046,-36.1,-29.4,0.4,-4.9,-10.4,,untested,blocked
DATAIP,binance,WhiteBIT,360,1045,43.5,0.284,0.0,23.4,-45.9,5.936,-4.4,10.9,0.4,-4.9,-10.4,,untested,reachable
DOS,binance,HTX,125,485,20.2,0.313,0.0,-49.2,-89.5,13.089,-5.7,10.9,0.4,-4.9,-10.4,,untested,reachable
DOS,binance,KuCoin,125,485,20.2,0.148,0.0,-22.8,-45.5,4.588,-5.7,10.9,0.4,-4.9,-10.4,,untested,reachable
DRAM,binance,GRVT,270,1417,59.0,0.238,0.0,-6.8,-1.4,0.672,0.0,0.0,0.4,-4.9,-10.4,,untested,blocked
DRAM,binance,HTX,270,1417,59.0,0.339,0.0,3.4,0.0,-0.029,0.0,0.0,0.4,-4.9,-10.4,,untested,reachable
DRAM,binance,MEXC,270,1417,59.0,0.299,0.0,1.9,0.0,0.058,0.0,0.0,0.4,-4.9,-10.4,,untested,blocked
DRAM,binance,Extended,270,1281,53.4,0.315,0.0,-4.2,0.0,0.262,0.0,0.0,0.4,-4.9,-10.4,,untested,blocked
DRAM,binance,LBank,270,785,32.7,0.234,0.0,3.1,0.0,-0.059,0.0,0.0,0.4,-4.9,-10.4,,untested,blocked
DRAM,binance,Variational,270,785,32.7,0.307,0.0,3.4,0.0,-0.041,0.0,0.0,0.4,-4.9,-10.4,,untested,blocked
EBAY,binance,HTX,185,1433,59.7,0.156,0.0,1.9,-10.9,0.514,0.0,0.0,0.4,-4.9,-10.4,,untested,reachable
EBAY,binance,LBank,185,801,33.4,0.01,0.0,0.0,0.0,-0.001,0.0,0.0,0.4,-4.9,-10.4,,untested,blocked
EBAY,binance,Variational,185,801,33.4,0.2,0.0,2.8,0.0,0.046,0.0,0.0,0.4,-4.9,-10.4,,untested,blocked
EBAY,binance,MEXC,185,777,32.4,0.103,0.0,3.7,0.0,0.386,0.0,0.0,0.4,-4.9,-10.4,,untested,blocked
EDEN,binance,Bitunix,360,1437,59.9,0.156,0.0,0.0,0.0,0.007,10.9,10.9,0.4,-4.9,-10.4,,untested,blocked
EDEN,binance,MEXC,360,1437,59.9,0.15,0.0,0.1,0.0,0.005,10.9,10.9,0.4,-4.9,-10.4,,untested,blocked
EDEN,binance,WhiteBIT,360,1437,59.9,0.019,0.0,-17.6,0.0,-1.105,10.9,10.9,0.4,-4.9,-10.4,,untested,reachable
EDEN,binance,KuCoin,360,1153,48.0,0.275,0.0,5.9,0.0,-0.032,10.9,10.9,0.4,-4.9,-10.4,,untested,reachable
EDEN,binance,LBank,360,801,33.4,0.24,0.0,0.4,0.0,0.041,10.9,10.9,0.4,-4.9,-10.4,,untested,blocked
ESP,bybit,WhiteBIT,276,1437,59.9,0.033,0.0,-54.7,-85.5,-0.641,10.9,10.9,0.41,-5.0,-10.7,,untested,reachable
ETC,bitget,BingX,270,1417,59.0,0.017,0.0,-2.7,0.0,-0.026,10.9,10.9,0.42,-5.1,-10.9,,untested,reachable
ETC,binance,Bitunix,270,1417,59.0,0.186,0.0,-2.8,-1.2,-0.062,8.7,10.9,0.4,-4.9,-10.4,,untested,blocked
ETC,bitget,HTX,270,1417,59.0,0.0,0.0,-4.2,-3.8,0.041,10.9,10.9,0.42,-5.1,-10.9,,untested,reachable
ETC,binance,KuCoin,270,1417,59.0,0.085,0.0,-4.1,-8.7,-0.056,8.7,10.9,0.4,-4.9,-10.4,,untested,reachable
ETC,binance,MEXC,270,1417,59.0,0.215,0.0,-2.7,-2.0,-0.069,8.7,10.9,0.4,-4.9,-10.4,,untested,blocked
ETC,bitget,WhiteBIT,270,1417,59.0,0.085,0.0,-2.6,-0.5,-0.071,10.9,10.9,0.42,-5.1,-10.9,,untested,reachable
ETC,binance,LBank,270,785,32.7,0.041,0.0,-4.8,-8.4,0.29,10.9,10.9,0.4,-4.9,-10.4,,untested,blocked
ETC,binance,Variational,270,785,32.7,0.562,0.0,-4.7,-8.8,0.301,10.9,10.9,0.4,-4.9,-10.4,9.838263505978427e+16,untested,blocked
EVAA,binance,Bitunix,360,1437,59.9,0.309,0.0,14.3,0.0,-1.112,12.5,10.9,0.4,-4.9,-10.4,,untested,blocked
EVAA,binance,MEXC,360,1437,59.9,0.348,0.0,0.5,0.0,-0.026,12.5,12.5,0.4,-4.9,-10.4,,untested,blocked
EVAA,binance,KuCoin,360,1153,48.0,0.479,0.0,11.2,0.0,0.278,12.5,10.9,0.4,-4.9,-10.4,,untested,reachable
EVAA,binance,LBank,360,801,33.4,0.08,0.0,0.1,0.0,-0.01,19.8,19.8,0.4,-4.9,-10.4,,untested,blocked
EWT,binance,GRVT,180,1433,59.7,0.124,0.0,-0.2,0.0,0.122,0.0,0.0,0.4,-4.9,-10.4,,untested,blocked
EWT,binance,HTX,180,1433,59.7,0.04,0.0,-2.7,-10.9,0.198,0.0,0.0,0.4,-4.9,-10.4,,untested,reachable
EWT,binance,MEXC,180,1433,59.7,0.061,0.0,-0.0,0.0,0.0,0.0,0.0,0.4,-4.9,-10.4,,untested,blocked
EWT,binance,LBank,180,801,33.4,0.02,0.0,0.0,0.0,-0.001,0.0,0.0,0.4,-4.9,-10.4,,untested,blocked
EWT,binance,Variational,180,801,33.4,0.05,0.0,-0.3,0.0,-0.002,0.0,0.0,0.4,-4.9,-10.4,,untested,blocked
EWY,binance,GRVT,270,1417,59.0,0.107,0.0,-9.1,-12.9,0.474,0.0,0.0,0.4,-4.9,-10.4,,untested,blocked
EWY,binance,HTX,270,1417,59.0,0.192,0.0,4.0,0.0,-0.256,0.0,0.0,0.4,-4.9,-10.4,,untested,reachable
EWY,binance,MEXC,270,1417,59.0,0.192,0.0,0.4,0.0,0.006,0.0,0.0,0.4,-4.9,-10.4,,untested,blocked
EWY,binance,LBank,270,785,32.7,0.132,0.0,0.7,0.0,-0.068,0.0,0.0,0.4,-4.9,-10.4,,untested,blocked
EWY,binance,Variational,270,785,32.7,0.122,0.0,0.7,0.0,-0.065,0.0,0.0,0.4,-4.9,-10.4,,untested,blocked
FLOCK,binance,BingX,360,1437,59.9,0.067,0.0,-14.2,0.0,-0.325,10.9,10.9,0.4,-4.9,-10.4,,untested,reachable
FLOCK,binance,Bitunix,360,1437,59.9,0.137,0.0,0.1,0.0,0.13,10.9,10.9,0.4,-4.9,-10.4,,untested,blocked
FLOCK,binance,MEXC,360,1437,59.9,0.12,0.0,0.7,0.0,-0.055,10.9,10.9,0.4,-4.9,-10.4,,untested,blocked
FLOCK,binance,KuCoin,360,1153,48.0,0.171,0.0,-8.0,-10.5,-0.494,10.9,10.9,0.4,-4.9,-10.4,,untested,reachable
FLOCK,binance,Variational,360,801,33.4,0.924,0.0,4.7,0.0,-0.082,10.9,10.9,0.4,-4.9,-10.4,9.838263505978427e+16,untested,blocked
GALA,bybit,BingX,144,1433,59.7,0.022,0.0,-13.2,-7.0,0.538,10.9,10.9,0.41,-5.0,-10.7,,untested,reachable
GALA,bybit,KuCoin,144,1433,59.7,0.112,0.0,-11.2,-4.8,0.549,10.9,10.9,0.41,-5.0,-10.7,,untested,reachable
GALA,bybit,WhiteBIT,144,1433,59.7,0.0,0.0,-13.5,-7.7,0.552,10.9,10.9,0.41,-5.0,-10.7,,untested,reachable
HANA,binance,Bitunix,360,1437,59.9,0.301,0.0,1.0,-2.3,0.009,34.2,34.7,0.4,-4.9,-10.4,,untested,blocked
HANA,binance,MEXC,360,1437,59.9,0.46,0.0,0.3,0.0,-0.008,34.2,33.1,0.4,-4.9,-10.4,,untested,blocked
HANA,binance,KuCoin,360,1153,48.0,0.497,0.0,-5.4,-29.4,0.674,44.0,28.5,0.4,-4.9,-10.4,,untested,reachable
HANMI,binance,HTX,58,457,19.0,0.07,0.0,-4.3,0.0,-0.165,0.0,0.0,0.4,-4.9,-10.4,,untested,reachable
HANMI,binance,LBank,58,457,19.0,0.105,0.0,-0.1,0.0,0.004,0.0,0.0,0.4,-4.9,-10.4,,untested,blocked
HANMI,binance,GRVT,58,361,15.0,0.18,0.0,2.7,0.0,1.354,0.0,0.0,0.4,-4.9,-10.4,,untested,blocked
HNT,bybit,MEXC,180,1433,59.7,0.062,0.0,-1.1,0.0,0.04,10.9,10.9,0.41,-5.0,-10.7,,untested,blocked
HNT,bybit,LBank,180,801,33.4,0.001,0.0,0.0,0.0,0.0,10.9,10.9,0.41,-5.0,-10.7,,untested,blocked
HNT,bybit,Variational,180,801,33.4,1.0,0.0,4.4,0.0,0.284,10.9,10.9,0.41,-5.0,-10.7,1.0084220093627886e+17,untested,blocked
INX,binance,BingX,317,1437,59.9,0.09,0.0,-14.9,-3.9,-0.104,10.9,10.9,0.4,-4.9,-10.4,,untested,reachable
INX,binance,Bitunix,317,1437,59.9,0.129,0.0,0.7,0.0,0.016,10.9,10.9,0.4,-4.9,-10.4,,untested,blocked
INX,binance,MEXC,317,1437,59.9,0.148,0.0,0.1,0.0,0.002,10.9,10.9,0.4,-4.9,-10.4,,untested,blocked
JASMY,bybit,BingX,150,1433,59.7,0.045,0.0,-8.9,0.0,0.279,10.9,10.9,0.41,-5.0,-10.7,,untested,reachable
JASMY,binance,Bitunix,150,1433,59.7,0.268,0.0,-1.1,-0.7,0.055,9.6,8.0,0.4,-4.9,-10.4,,untested,blocked
JASMY,binance,KuCoin,150,1433,59.7,0.257,0.0,-1.2,-11.4,0.257,9.6,10.9,0.4,-4.9,-10.4,,untested,reachable
JASMY,binance,MEXC,150,1433,59.7,0.296,0.0,-0.0,0.0,0.001,9.6,9.5,0.4,-4.9,-10.4,,untested,blocked
JASMY,bybit,WhiteBIT,150,1433,59.7,0.0,0.0,-9.8,0.0,0.283,10.9,10.9,0.41,-5.0,-10.7,,untested,reachable
JASMY,binance,LBank,150,801,33.4,0.15,0.0,0.0,0.0,-0.004,10.9,10.9,0.4,-4.9,-10.4,,untested,blocked
JELLYJELLY,binance,Bitunix,360,1437,59.9,0.178,0.0,0.2,0.0,0.0,10.9,10.9,0.4,-4.9,-10.4,,untested,blocked
JELLYJELLY,binance,MEXC,360,1437,59.9,0.223,0.0,-0.1,0.0,0.007,10.9,10.9,0.4,-4.9,-10.4,,untested,blocked
JST,bitget,BingX,360,1193,49.7,0.48,0.0,-6.7,-18.4,-0.835,-15.5,-13.6,0.42,-5.1,-10.9,,untested,reachable
JST,binance,LBank,360,801,33.4,0.1,0.0,-0.1,0.0,0.026,-12.9,-12.9,0.4,-4.9,-10.4,,untested,blocked
KAIA,binance,BingX,334,1437,59.9,0.022,0.0,-5.2,-0.4,0.008,10.9,10.9,0.4,-4.9,-10.4,,untested,reachable
KAIA,binance,Bitunix,334,1437,59.9,0.159,0.0,-0.2,0.0,-0.005,10.9,10.9,0.4,-4.9,-10.4,,untested,blocked
KAIA,binance,GRVT,334,1437,59.9,0.025,0.0,-5.4,-0.2,-0.015,10.9,10.9,0.4,-4.9,-10.4,,untested,blocked
KAIA,binance,MEXC,334,1437,59.9,0.111,0.0,-0.0,0.0,0.0,10.9,10.9,0.4,-4.9,-10.4,,untested,blocked
KAIA,binance,WhiteBIT,334,1437,59.9,0.0,0.0,-6.1,-0.6,0.01,10.9,10.9,0.4,-4.9,-10.4,,untested,reachable
KAIA,binance,KuCoin,334,1153,48.0,0.361,0.0,8.4,0.0,0.21,10.9,10.9,0.4,-4.9,-10.4,,untested,reachable
KAIA,binance,LBank,334,801,33.4,0.05,0.0,0.0,0.0,-0.003,10.9,10.9,0.4,-4.9,-10.4,,untested,blocked
KAIA,binance,Variational,334,801,33.4,0.755,0.0,-3.9,0.0,0.402,10.9,10.9,0.4,-4.9,-10.4,9.838263505978427e+16,untested,blocked
KAITO,binance,Bitunix,164,1437,59.9,0.048,0.0,-0.1,0.0,-0.008,10.9,10.9,0.4,-4.9,-10.4,,untested,blocked
KAITO,binance,GRVT,164,1437,59.9,0.025,0.0,-2.7,0.0,-0.272,10.9,10.9,0.4,-4.9,-10.4,,untested,blocked
KAITO,binance,MEXC,164,1437,59.9,0.034,0.0,-0.0,0.0,-0.001,10.9,10.9,0.4,-4.9,-10.4,,untested,blocked
KAITO,binance,WhiteBIT,164,1437,59.9,0.019,0.0,-1.6,0.0,-0.461,10.9,10.9,0.4,-4.9,-10.4,,untested,reachable
KAITO,binance,KuCoin,164,1153,48.0,0.118,0.0,0.6,0.0,-0.159,10.9,10.9,0.4,-4.9,-10.4,,untested,reachable
KAITO,bitget,Pacifica,164,189,7.9,0.365,0.0,4.6,-2.6,1.344,10.9,9.9,0.42,-5.1,-10.9,,untested,blocked
KMNO,binance,BingX,360,1437,59.9,0.095,0.0,-12.5,-10.6,-0.025,10.9,10.9,0.4,-4.9,-10.4,,untested,reachable
KMNO,binance,Bitunix,360,1437,59.9,0.206,0.0,-1.8,0.0,0.062,10.9,10.9,0.4,-4.9,-10.4,,untested,blocked
KMNO,binance,MEXC,360,1437,59.9,0.184,0.0,-0.0,0.0,-0.0,10.9,10.9,0.4,-4.9,-10.4,,untested,blocked
KMNO,binance,WhiteBIT,360,1437,59.9,0.0,0.0,-20.0,-11.7,-0.054,10.9,10.9,0.4,-4.9,-10.4,,untested,reachable
KMNO,binance,LBank,360,801,33.4,0.07,0.0,0.0,0.0,-0.009,10.9,10.9,0.4,-4.9,-10.4,,untested,blocked
KMNO,binance,Variational,360,801,33.4,0.71,0.0,-4.5,-4.2,0.21,10.9,10.9,0.4,-4.9,-10.4,9.838263505978427e+16,untested,blocked
KSM,binance,BingX,172,1433,59.7,0.033,0.0,-5.0,-7.8,0.074,10.9,10.9,0.4,-4.9,-10.4,,untested,reachable
KSM,binance,Bitunix,172,1433,59.7,0.229,0.0,-2.8,-0.2,0.011,10.9,10.9,0.4,-4.9,-10.4,,untested,blocked
KSM,binance,KuCoin,172,1433,59.7,0.112,0.0,-3.0,-11.7,-0.2,10.9,10.9,0.4,-4.9,-10.4,,untested,reachable
KSM,binance,MEXC,172,1433,59.7,0.084,0.0,-4.0,-4.4,0.173,10.9,10.9,0.4,-4.9,-10.4,,untested,blocked
KSM,binance,WhiteBIT,172,1433,59.7,0.0,0.0,-6.2,-11.0,0.105,10.9,10.9,0.4,-4.9,-10.4,,untested,reachable
KSM,binance,LBank,172,801,33.4,0.09,0.0,-1.5,0.0,0.207,10.9,10.9,0.4,-4.9,-10.4,,untested,blocked
KSTR,binance,MEXC,180,1433,59.7,0.257,0.0,0.6,0.0,-0.015,0.0,0.0,0.4,-4.9,-10.4,,untested,blocked
KSTR,binance,LBank,180,801,33.4,0.01,0.0,0.4,0.0,-0.062,0.0,0.0,0.4,-4.9,-10.4,,untested,blocked
KSTR,binance,Variational,180,801,33.4,0.18,0.0,0.3,0.0,-0.051,0.0,0.0,0.4,-4.9,-10.4,,untested,blocked
KSTR,binance,tradeXYZ,180,793,33.0,0.172,0.0,-8.7,0.0,0.323,0.0,0.0,0.4,-4.9,-10.4,,untested,blocked
LINEA,binance,ApeX,183,1437,59.9,0.0,0.0,-1.2,0.0,0.069,10.9,10.9,0.4,-4.9,-10.4,,untested,blocked
LINEA,binance,Backpack,183,1437,59.9,0.177,0.0,7.5,0.0,-0.709,10.9,10.9,0.4,-4.9,-10.4,,untested,reachable
LINEA,binance,BingX,183,1437,59.9,0.003,0.0,-1.0,0.0,0.058,10.9,10.9,0.4,-4.9,-10.4,,untested,reachable
LINEA,binance,Bitunix,183,1437,59.9,0.067,0.0,-0.0,0.0,-0.0,10.9,10.9,0.4,-4.9,-10.4,,untested,blocked
LINEA,binance,GRVT,183,1437,59.9,0.0,0.0,-1.2,0.0,0.069,10.9,10.9,0.4,-4.9,-10.4,,untested,blocked
LINEA,binance,MEXC,183,1437,59.9,0.064,0.0,0.0,0.0,-0.0,10.9,10.9,0.4,-4.9,-10.4,,untested,blocked
LINEA,binance,WhiteBIT,183,1437,59.9,0.0,0.0,-1.2,0.0,0.069,10.9,10.9,0.4,-4.9,-10.4,,untested,reachable
LINEA,binance,KuCoin,183,1153,48.0,0.01,0.0,-0.1,0.0,0.013,10.9,10.9,0.4,-4.9,-10.4,,untested,reachable
LINEA,binance,LBank,183,189,7.9,0.0,0.0,0.0,0.0,0.0,10.9,10.9,0.4,-4.9,-10.4,,untested,blocked
LINEA,binance,Variational,183,189,7.9,1.0,0.0,1.0,0.0,0.167,10.9,10.9,0.4,-4.9,-10.4,9.838263505978427e+16,untested,blocked
LLY,binance,GRVT,186,1433,59.7,0.027,0.0,-5.7,0.0,0.204,0.0,0.0,0.4,-4.9,-10.4,,untested,blocked
LLY,binance,HTX,186,1433,59.7,0.064,0.0,-2.1,-10.9,0.209,0.0,0.0,0.4,-4.9,-10.4,,untested,reachable
LLY,binance,LBank,186,801,33.4,0.001,0.0,0.0,0.0,-0.0,0.0,0.0,0.4,-4.9,-10.4,,untested,blocked
LLY,binance,Variational,186,801,33.4,0.06,0.0,0.4,0.0,0.024,0.0,0.0,0.4,-4.9,-10.4,,untested,blocked
LLY,binance,MEXC,186,777,32.4,0.072,0.0,1.4,0.0,-0.043,0.0,0.0,0.4,-4.9,-10.4,,untested,blocked
LYN,binance,Bitunix,360,1437,59.9,0.295,0.0,1.2,-3.7,0.015,34.7,32.3,0.4,-4.9,-10.4,,untested,blocked
LYN,binance,MEXC,360,1437,59.9,0.423,0.0,0.2,-0.2,-0.008,34.7,34.6,0.4,-4.9,-10.4,,untested,blocked
LYN,binance,LBank,360,801,33.4,0.09,0.0,0.4,0.0,-0.06,58.2,58.2,0.4,-4.9,-10.4,,untested,blocked
MANA,okx,BingX,139,1433,59.7,0.112,0.0,-6.4,-12.5,0.286,10.9,10.9,0.4,-4.9,-10.4,,untested,reachable
MANA,okx,KuCoin,139,1433,59.7,0.089,0.0,-5.0,-9.6,0.29,10.9,10.9,0.4,-4.9,-10.4,,untested,reachable
MANA,okx,WhiteBIT,139,1433,59.7,0.0,0.0,-7.5,-15.3,0.296,10.9,10.9,0.4,-4.9,-10.4,,untested,reachable
MEGA,binance,ApeX,145,1437,59.9,0.038,0.0,-0.3,0.0,0.036,10.9,10.9,0.4,-4.9,-10.4,,untested,blocked
MEGA,binance,Backpack,145,1437,59.9,0.058,0.0,-8.6,0.0,0.39,10.9,10.9,0.4,-4.9,-10.4,,untested,reachable
MEGA,binance,Pacifica,145,1437,59.9,0.0,0.0,-0.7,0.0,0.038,10.9,10.9,0.4,-4.9,-10.4,,untested,blocked
MEGA,binance,BingX,145,1437,59.9,0.0,0.0,-0.7,0.0,0.038,10.9,10.9,0.4,-4.9,-10.4,,untested,reachable
MEGA,binance,GRVT,145,1437,59.9,0.0,0.0,-0.7,0.0,0.038,10.9,10.9,0.4,-4.9,-10.4,,untested,blocked
MEGA,binance,MEXC,145,1437,59.9,0.084,0.0,0.6,0.0,-0.047,10.9,10.9,0.4,-4.9,-10.4,,untested,blocked
MEGA,binance,WhiteBIT,145,1437,59.9,0.0,0.0,-0.7,0.0,0.038,10.9,10.9,0.4,-4.9,-10.4,,untested,reachable
MEGA,binance,KuCoin,145,1153,48.0,0.003,0.0,-0.7,0.0,0.085,10.9,10.9,0.4,-4.9,-10.4,,untested,reachable
MEGA,binance,LBank,145,189,7.9,0.0,0.0,0.0,0.0,0.0,10.9,10.9,0.4,-4.9,-10.4,,untested,blocked
MEGA,binance,Variational,145,189,7.9,1.0,0.0,1.9,0.0,1.076,10.9,10.9,0.4,-4.9,-10.4,9.838263505978427e+16,untested,blocked
MERL,binance,BingX,274,1437,59.9,0.0,0.0,-15.4,-32.2,-0.406,10.9,10.9,0.4,-4.9,-10.4,,untested,reachable
MERL,binance,Bitunix,274,1437,59.9,0.0,0.0,0.0,0.0,0.0,10.9,10.9,0.4,-4.9,-10.4,,untested,blocked
MERL,binance,MEXC,274,1437,59.9,0.0,0.0,0.0,0.0,0.0,10.9,10.9,0.4,-4.9,-10.4,,untested,blocked
MERL,binance,WhiteBIT,274,1437,59.9,0.0,0.0,0.0,0.0,0.0,10.9,10.9,0.4,-4.9,-10.4,,untested,reachable
MERL,binance,KuCoin,274,1153,48.0,0.01,0.0,-1.6,0.0,0.148,10.9,10.9,0.4,-4.9,-10.4,,untested,reachable
MET,binance,ApeX,185,1437,59.9,0.0,0.0,-1.2,0.0,-0.016,10.9,10.9,0.4,-4.9,-10.4,,untested,blocked
MET,binance,Bitunix,185,1437,59.9,0.064,0.0,-0.0,0.0,-0.004,10.9,10.9,0.4,-4.9,-10.4,,untested,blocked
MET,binance,MEXC,185,1437,59.9,0.061,0.0,0.0,0.0,-0.0,10.9,10.9,0.4,-4.9,-10.4,,untested,blocked
MET,binance,WhiteBIT,185,1437,59.9,0.0,0.0,-1.2,0.0,-0.016,10.9,10.9,0.4,-4.9,-10.4,,untested,reachable
MET,binance,KuCoin,185,1153,48.0,0.154,0.0,5.5,0.0,-0.417,10.9,10.9,0.4,-4.9,-10.4,,untested,reachable
MEW,binance,BingX,326,1437,59.9,0.028,0.0,-5.3,0.0,-0.08,10.9,10.9,0.4,-4.9,-10.4,,untested,reachable
MEW,binance,Bitunix,326,1437,59.9,0.209,0.0,0.4,0.0,0.01,10.9,10.9,0.4,-4.9,-10.4,,untested,blocked
MEW,binance,MEXC,326,1437,59.9,0.078,0.0,-1.7,0.0,-0.107,10.9,10.9,0.4,-4.9,-10.4,,untested,blocked
MEW,binance,WhiteBIT,326,1437,59.9,0.0,0.0,-5.8,0.0,-0.061,10.9,10.9,0.4,-4.9,-10.4,,untested,reachable
MEW,binance,KuCoin,326,1153,48.0,0.354,0.0,10.5,0.0,0.012,10.9,10.9,0.4,-4.9,-10.4,,untested,reachable
MEW,binance,LBank,326,801,33.4,0.02,0.0,-2.9,0.0,-0.183,10.9,10.9,0.4,-4.9,-10.4,,untested,blocked
MRVL,binance,GRVT,275,1417,59.0,0.091,0.0,-13.7,-11.8,0.833,0.0,0.0,0.4,-4.9,-10.4,,untested,blocked
MRVL,binance,HTX,275,1417,59.0,0.277,0.0,3.1,0.0,0.099,0.0,0.0,0.4,-4.9,-10.4,,untested,reachable
MRVL,binance,LBank,275,785,32.7,0.183,0.0,0.9,0.0,-0.034,0.0,0.0,0.4,-4.9,-10.4,,untested,blocked
MRVL,binance,Variational,275,785,32.7,0.256,0.0,1.2,0.0,0.01,0.0,0.0,0.4,-4.9,-10.4,,untested,blocked
MRVL,okx,MEXC,106,185,7.7,0.303,0.0,0.3,-12.6,1.453,16.1,0.0,0.4,-4.9,-10.4,,untested,blocked
NKE,bitget,LBank,180,801,33.4,0.0,0.0,-1.5,0.0,0.264,0.0,0.0,0.42,-5.1,-10.9,,untested,blocked
NKE,bitget,MEXC,180,777,32.4,0.041,0.0,13.0,0.0,2.278,0.0,0.0,0.42,-5.1,-10.9,,untested,blocked
NOW,binance,GRVT,167,1433,59.7,0.011,0.0,-4.9,-2.0,0.124,0.0,0.0,0.4,-4.9,-10.4,,untested,blocked
NOW,binance,HTX,167,1433,59.7,0.061,0.0,-1.6,-10.9,0.27,0.0,0.0,0.4,-4.9,-10.4,,untested,reachable
NOW,binance,LBank,167,801,33.4,0.04,0.0,0.0,0.0,-0.0,0.0,0.0,0.4,-4.9,-10.4,,untested,blocked
NOW,binance,MEXC,167,745,31.0,0.054,0.0,0.0,0.0,-0.001,0.0,0.0,0.4,-4.9,-10.4,,untested,blocked
PAYP,binance,GRVT,180,1433,59.7,0.207,0.0,0.1,0.0,0.751,0.0,0.0,0.4,-4.9,-10.4,,untested,blocked
PAYP,binance,HTX,180,1433,59.7,0.078,0.0,-10.1,-10.9,0.234,0.0,0.0,0.4,-4.9,-10.4,,untested,reachable
PAYP,binance,LBank,180,801,33.4,0.01,0.0,0.0,0.0,-0.001,0.0,0.0,0.4,-4.9,-10.4,,untested,blocked
PAYP,binance,Variational,180,801,33.4,0.17,0.0,1.7,0.0,-0.001,0.0,0.0,0.4,-4.9,-10.4,,untested,blocked
PAYP,binance,MEXC,180,777,32.4,0.144,0.0,0.0,0.0,-0.004,0.0,0.0,0.4,-4.9,-10.4,,untested,blocked
PYPL,binance,LBank,106,801,33.4,0.01,0.0,0.0,0.0,-0.0,0.0,0.0,0.4,-4.9,-10.4,,untested,blocked
PYPL,binance,HTX,106,785,32.7,0.022,0.0,-0.6,0.0,0.163,0.0,0.0,0.4,-4.9,-10.4,,untested,reachable
PYPL,binance,MEXC,106,777,32.4,0.032,0.0,-0.0,0.0,0.001,0.0,0.0,0.4,-4.9,-10.4,,untested,blocked
QNTX,binance,GRVT,180,1433,59.7,0.134,0.0,-17.4,-40.2,-0.188,0.0,0.0,0.4,-4.9,-10.4,,untested,blocked
QNTX,binance,HTX,180,1433,59.7,0.274,0.0,6.8,-10.9,0.756,0.0,0.0,0.4,-4.9,-10.4,,untested,reachable
QNTX,binance,LBank,180,801,33.4,0.25,0.0,10.4,0.0,0.952,0.0,0.0,0.4,-4.9,-10.4,,untested,blocked
QNTX,binance,Variational,180,801,33.4,0.31,0.0,3.2,0.0,0.383,0.0,0.0,0.4,-4.9,-10.4,,untested,blocked
QQQ,binance,GRVT,279,1417,59.0,0.113,0.0,-15.6,-23.5,0.743,0.0,0.0,0.4,-4.9,-10.4,,untested,blocked
QQQ,binance,HTX,279,1417,59.0,0.243,0.0,1.8,0.0,0.084,0.0,0.0,0.4,-4.9,-10.4,,untested,reachable
QQQ,binance,LBank,279,785,32.7,0.154,0.0,1.4,0.0,0.062,0.0,0.0,0.4,-4.9,-10.4,,untested,blocked
QQQ,binance,Variational,279,785,32.7,0.205,0.0,1.4,0.0,0.064,0.0,0.0,0.4,-4.9,-10.4,,untested,blocked
QQQ,binance,MEXC,279,761,31.7,0.159,0.0,1.4,0.0,0.062,0.0,0.0,0.4,-4.9,-10.4,,untested,blocked
KAITO,binance,Orderly,164,1069,44.5,0.008,-0.1,-5.2,-0.1,-0.6,10.9,11.0,0.4,-4.9,-10.5,,untested,reachable
CHZ,aster,Crypto.com,912,1440,60.0,0.408,-0.2,11.3,-0.2,-0.203,10.9,11.2,0.38,-4.8,-10.1,,untested,reachable
XPT,edgeX,aster,540,1421,59.2,0.468,-0.3,0.5,-1.8,-0.231,-0.1,0.0,0.38,-4.9,-10.2,,blocked,untested
ORCL,Bitunix,binance,275,1417,59.0,0.317,-0.3,2.6,-1.5,-0.333,-0.3,0.0,0.4,-5.2,-10.7,,blocked,untested
XAG,okx,BingX,91,185,7.7,0.308,-0.4,-5.4,-14.7,0.251,16.1,20.4,0.4,-5.3,-10.9,,untested,reachable
TSLA,okx,Lighter,97,1433,59.7,0.133,-0.4,0.8,-3.5,0.022,3.1,3.5,0.4,-5.3,-10.8,,untested,blocked
DOGE,bitget,Extended,270,1417,59.0,0.056,-0.4,-2.1,-2.8,0.069,10.9,11.4,0.42,-5.5,-11.4,,untested,blocked
ATOM,aster,Extended,270,1417,59.0,0.212,-0.4,-26.7,-83.7,-1.239,10.9,11.4,0.38,-5.1,-10.3,,untested,blocked
AERO,binance,Extended,539,1421,59.2,0.042,-0.4,-12.1,-17.5,0.175,10.9,11.4,0.4,-5.3,-10.9,,untested,blocked
EIGEN,binance,Extended,152,1437,59.9,0.013,-0.4,-1.7,-0.4,0.077,10.9,11.4,0.4,-5.3,-10.9,,untested,blocked
1000PEPE,binance,Extended,180,1433,59.7,0.115,-0.4,-3.9,-6.6,0.182,10.9,11.4,0.4,-5.3,-10.9,,untested,blocked
BEAT,binance,Extended,539,1001,41.7,0.3,-0.4,-1.7,-8.4,0.215,10.9,11.4,0.4,-5.3,-10.9,,untested,blocked
GRAM,binance,Extended,367,173,7.2,0.0,-0.4,-0.4,-0.4,0.0,10.9,11.4,0.4,-5.3,-10.9,,untested,blocked
HBAR,bitget,Coinbase,270,1417,59.0,0.327,-0.4,0.9,-2.2,-0.118,10.9,11.4,0.42,-5.5,-11.4,,untested,blocked
APT,bitget,Extended,270,1417,59.0,0.116,-0.4,-3.6,-6.7,0.131,10.9,11.4,0.42,-5.5,-11.4,,untested,blocked
BCH,hl,Extended,589,1440,60.0,0.1,-0.4,-0.2,-0.4,-0.038,10.9,11.4,0.39,-5.2,-10.6,,untested,blocked
CHIP,binance,Extended,157,1437,59.9,0.054,-0.4,-0.4,-0.4,-0.012,10.9,11.4,0.4,-5.3,-10.9,,untested,blocked
ETC,bitget,Extended,270,1417,59.0,0.114,-0.4,3.6,-0.5,-0.173,10.9,11.4,0.42,-5.5,-11.4,,untested,blocked
EVAA,binance,Extended,360,1017,42.4,0.298,-0.4,-17.2,-25.6,1.536,16.1,29.8,0.4,-5.3,-10.9,,untested,blocked
INX,aster,Extended,1269,1018,42.4,0.421,-0.4,-21.0,-69.4,4.04,36.3,25.4,0.38,-5.1,-10.3,,untested,blocked
JELLYJELLY,binance,Extended,360,1017,42.4,0.195,-0.4,-47.0,-58.3,4.181,10.9,23.7,0.4,-5.3,-10.9,,untested,blocked
KAIA,binance,Extended,334,989,41.2,0.373,-0.4,49.7,-0.4,-4.571,10.9,11.4,0.4,-5.3,-10.9,,untested,blocked
KAITO,binance,Extended,164,1437,59.9,0.087,-0.4,0.7,-0.4,0.071,10.9,11.4,0.4,-5.3,-10.9,,untested,blocked
KSM,binance,Extended,172,985,41.0,0.378,-0.4,36.0,-0.4,-3.553,10.9,11.4,0.4,-5.3,-10.9,,untested,blocked
LINEA,binance,Extended,183,1437,59.9,0.06,-0.4,-0.6,-0.4,0.012,10.9,11.4,0.4,-5.3,-10.9,,untested,blocked
LYN,binance,Extended,360,1017,42.4,0.383,-0.4,-26.8,-50.2,2.286,51.6,67.5,0.4,-5.3,-10.9,,untested,blocked
MEGA,binance,Extended,145,1437,59.9,0.003,-0.4,-1.1,-0.4,0.037,10.9,11.4,0.4,-5.3,-10.9,,untested,blocked
BTW,binance,LBank,532,785,32.7,0.434,-0.5,-1.7,-3.7,0.113,104.3,102.3,0.4,-5.4,-10.9,,untested,blocked
BTW,binance,Extended,532,185,7.7,0.47,-0.5,-0.5,-8.3,0.686,59.9,60.4,0.4,-5.3,-10.9,,untested,blocked
SHOP,Bitunix,binance,48,377,15.7,0.257,-0.6,1.2,-5.3,0.266,-0.6,0.0,0.4,-5.5,-11.1,,blocked,untested
MINA,binance,Crypto.com,157,1433,59.7,0.498,-0.6,4.2,-50.6,-0.16,10.9,0.0,0.4,-5.5,-11.1,,untested,reachable
PYPL,Bitunix,binance,106,801,33.4,0.03,-0.8,-1.3,-2.2,0.098,-0.8,0.0,0.4,-5.7,-11.2,,blocked,untested
H,binance,Extended,298,1017,42.4,0.205,-0.8,-36.6,-52.1,3.209,50.8,101.6,0.4,-5.7,-11.2,,untested,blocked
MSFT,okx,tradeXYZ,115,1433,59.7,0.484,-0.8,5.6,-5.5,0.451,0.0,5.5,0.4,-5.7,-11.2,,untested,blocked
CL,aster,KuCoin,540,1137,47.4,0.49,-0.9,22.6,-10.9,0.92,0.0,-4.4,0.38,-5.5,-10.8,,untested,reachable
RKLB,Bitunix,aster,270,1417,59.0,0.373,-1.0,1.9,-4.3,-0.014,-1.0,0.0,0.38,-5.6,-10.9,,blocked,untested
BX,okx,tradeXYZ,180,1433,59.7,0.48,-1.6,3.0,-15.4,-0.14,0.0,1.3,0.4,-6.5,-12.0,,untested,blocked
TSLA,okx,Nado,97,1433,59.7,0.331,-1.7,1.0,-1.7,-0.073,3.1,4.8,0.4,-6.6,-12.1,,untested,reachable
KAITO,binance,edgeX,164,1025,42.7,0.091,-1.7,-1.6,-1.7,-0.009,10.9,12.7,0.4,-6.6,-12.1,,untested,blocked
XPT,okx,Extended,128,1433,59.7,0.493,-1.8,-1.9,-3.5,0.109,7.2,3.5,0.4,-6.7,-12.2,,untested,blocked
CRCL,binance,BingX,270,761,31.7,0.231,-1.8,-3.1,-4.9,-0.139,0.0,1.8,0.4,-6.6,-12.2,,untested,reachable
CRCL,aster,Nado,270,169,7.0,0.456,-1.9,-4.3,-18.8,1.036,0.0,13.7,0.38,-6.5,-11.8,,untested,reachable
XPD,Bitunix,binance,297,1437,59.9,0.345,-2.0,-2.7,-5.3,0.053,-1.8,0.0,0.4,-6.9,-12.5,,blocked,untested
KIOXIA,okx,BingX,180,777,32.4,0.453,-2.0,-9.5,-10.9,1.356,0.0,10.9,0.4,-6.8,-12.4,,untested,reachable
HYPE,binance,edgeX,539,1421,59.2,0.26,-2.1,-3.3,-3.2,0.05,10.9,13.0,0.4,-6.9,-12.5,,untested,blocked
MSTR,bybit,Extended,270,169,7.0,0.444,-2.1,-2.7,-3.5,-0.564,3.4,3.5,0.41,-7.1,-12.8,,untested,blocked
ADA,Crypto.com,binance,270,1417,59.0,0.409,-2.2,-4.6,-4.9,-0.17,8.8,5.0,0.4,-7.0,-12.6,,reachable,untested
QCOM,Bitunix,binance,138,1433,59.7,0.117,-2.2,-2.1,-3.2,0.023,-2.2,0.0,0.4,-7.1,-12.7,,blocked,untested
LTC,KuCoin,binance,270,1417,59.0,0.277,-2.5,-3.3,-8.6,-0.122,-1.9,5.0,0.4,-7.3,-12.9,,reachable,untested
INJ,aster,MEXC,270,1417,59.0,0.435,-2.5,-4.4,-9.6,-0.208,10.9,10.6,0.38,-7.1,-12.4,,untested,blocked
JASMY,bitget,Coinbase,150,1433,59.7,0.449,-2.5,1.3,-6.9,-0.453,10.9,11.4,0.42,-7.6,-13.5,,untested,blocked
TSLA,Bitunix,binance,270,1417,59.0,0.096,-2.6,-2.9,-2.6,-0.065,-2.6,0.0,0.4,-7.5,-13.0,,blocked,untested
TSLA,binance,BingX,270,169,7.0,0.29,-2.6,-6.3,-10.9,-2.22,6.1,10.9,0.4,-7.5,-13.0,,untested,reachable
DOS,aster,BingX,509,507,21.1,0.227,-2.6,-6.3,-57.6,-2.807,-1.3,10.9,0.38,-7.3,-12.5,,untested,reachable
HOME,bybit,Orderly,476,745,31.0,0.349,-3.1,-242.0,-114.3,3.732,10.9,0.0,0.41,-8.1,-13.8,,untested,reachable
JUP,bybit,Coinbase,540,1421,59.2,0.243,-3.1,0.5,-4.8,0.043,10.9,14.0,0.41,-8.1,-13.8,,untested,blocked
MRVL,Nado,binance,275,1417,59.0,0.312,-3.5,-1.3,-9.8,0.021,-3.5,0.0,0.4,-8.3,-13.9,,reachable,untested
XAG,binance,Extended,539,1421,59.2,0.331,-3.5,1.4,-3.5,0.123,0.0,3.5,0.4,-8.4,-13.9,,untested,blocked
XAG,binance,Lighter,539,1421,59.2,0.323,-3.5,1.7,-3.5,0.098,0.0,3.5,0.4,-8.4,-13.9,,untested,blocked
XAU,binance,Lighter,539,1421,59.2,0.202,-3.5,-1.5,-3.5,0.053,0.0,3.5,0.4,-8.4,-13.9,,untested,blocked
SNDK,binance,Lighter,270,1417,59.0,0.244,-3.5,-6.7,-3.5,0.265,0.0,3.5,0.4,-8.4,-13.9,,untested,blocked
MSTR,binance,Lighter,270,1417,59.0,0.306,-3.5,-0.3,-3.5,-0.032,0.0,3.5,0.4,-8.4,-13.9,,untested,blocked
NVDA,binance,Lighter,279,1417,59.0,0.153,-3.5,-1.4,-3.5,-0.07,0.0,3.5,0.4,-8.4,-13.9,,untested,blocked
NVDA,binance,Extended,279,169,7.0,0.272,-3.5,1.9,-3.5,-1.229,0.0,3.5,0.4,-8.4,-13.9,,untested,blocked
ZHIPU,binance,Lighter,139,1105,46.0,0.261,-3.5,4.2,-46.4,-0.839,0.0,3.5,0.4,-8.4,-13.9,,untested,blocked
KIOXIA,okx,Lighter,180,465,19.4,0.447,-3.5,24.0,-3.5,1.097,0.0,3.5,0.4,-8.4,-13.9,,untested,blocked
NBIS,binance,Lighter,270,1417,59.0,0.176,-3.5,-9.4,-9.7,0.39,0.0,3.5,0.4,-8.4,-13.9,,untested,blocked
ORCL,binance,Lighter,275,1417,59.0,0.167,-3.5,-3.0,-3.5,0.076,0.0,3.5,0.4,-8.4,-13.9,,untested,blocked
QCOM,binance,Lighter,138,1433,59.7,0.151,-3.5,1.2,-3.5,0.132,0.0,3.5,0.4,-8.4,-13.9,,untested,blocked
RKLB,binance,Lighter,270,1417,59.0,0.241,-3.5,-1.8,-3.5,0.124,0.0,3.5,0.4,-8.4,-13.9,,untested,blocked
CRCL,binance,Lighter,270,1417,59.0,0.261,-3.5,-2.5,-3.5,0.236,0.0,3.5,0.4,-8.4,-13.9,,untested,blocked
MSFT,binance,Coinbase,275,1417,59.0,0.151,-3.5,-8.1,-10.4,0.057,0.0,3.5,0.4,-8.4,-13.9,,untested,blocked
MSFT,binance,Lighter,275,1417,59.0,0.068,-3.5,-3.8,-3.5,-0.104,0.0,3.5,0.4,-8.4,-13.9,,untested,blocked
SKHY,binance,Lighter,159,1161,48.4,0.349,-3.5,-4.9,-3.5,0.024,0.0,3.5,0.4,-8.4,-13.9,,untested,blocked
SOXL,binance,Lighter,270,1417,59.0,0.253,-3.5,-45.0,-5.3,3.994,0.0,3.5,0.4,-8.4,-13.9,,untested,blocked
TSM,binance,Lighter,120,1433,59.7,0.112,-3.5,-2.0,-3.5,-0.053,0.0,3.5,0.4,-8.4,-13.9,,untested,blocked
WDC,binance,Lighter,161,465,19.4,0.052,-3.5,-4.3,-3.5,-0.243,0.0,3.5,0.4,-8.4,-13.9,,untested,blocked
AAPL,binance,Lighter,275,1417,59.0,0.169,-3.5,-2.2,-3.5,0.125,0.0,3.5,0.4,-8.4,-13.9,,untested,blocked
AMZN,binance,Lighter,270,1417,59.0,0.195,-3.5,-0.5,-3.5,0.001,0.0,3.5,0.4,-8.4,-13.9,,untested,blocked
CBRS,binance,Lighter,270,1417,59.0,0.226,-3.5,0.2,-3.5,0.052,0.0,3.5,0.4,-8.4,-13.9,,untested,blocked
DRAM,binance,Lighter,270,1417,59.0,0.308,-3.5,-18.6,-3.5,1.657,0.0,3.5,0.4,-8.4,-13.9,,untested,blocked
EWY,binance,Lighter,270,1417,59.0,0.206,-3.5,-2.7,-3.5,0.134,0.0,3.5,0.4,-8.4,-13.9,,untested,blocked
MRVL,binance,Lighter,275,1417,59.0,0.247,-3.5,-1.3,-3.5,0.141,0.0,3.5,0.4,-8.4,-13.9,,untested,blocked
NOW,binance,Lighter,167,1433,59.7,0.045,-3.5,-2.0,-3.5,0.051,0.0,3.5,0.4,-8.4,-13.9,,untested,blocked
QQQ,binance,Lighter,279,1417,59.0,0.205,-3.5,-1.5,-3.5,0.016,0.0,3.5,0.4,-8.4,-13.9,,untested,blocked
ETH,hl,Kraken,2156,1426,59.4,0.223,-3.6,-2.9,-6.9,-0.102,10.9,14.5,0.39,-8.3,-13.8,,untested,reachable
ETH,hl,Kraken,2156,1426,59.4,0.223,-3.6,-2.9,-6.9,-0.102,10.9,14.5,0.39,-8.3,-13.8,,untested,reachable
XPT,Bitunix,binance,539,1421,59.2,0.124,-3.7,-5.6,-4.2,-0.137,-3.7,0.0,0.4,-8.6,-14.2,,blocked,untested
MRVL,bitget,BingX,270,169,7.0,0.379,-3.7,-8.0,-14.7,-0.162,0.0,23.4,0.42,-8.8,-14.7,,untested,reachable
XPT,okx,KuCoin,128,1153,48.0,0.181,-3.8,-1.9,-10.9,-0.338,7.2,10.9,0.4,-8.6,-14.2,,untested,reachable
EWY,aster,Coinbase,270,1417,59.0,0.407,-3.8,1.9,-8.8,-0.22,0.0,8.8,0.38,-8.4,-13.7,,untested,blocked
SKHYNIX,bybit,Orderly,269,1417,59.0,0.463,-3.9,-7.7,-10.9,0.32,0.0,10.9,0.41,-8.9,-14.6,,untested,reachable
INX,aster,Coinbase,1269,1440,60.0,0.476,-3.9,-11.5,-47.4,0.126,10.9,51.7,0.38,-8.6,-13.8,,untested,blocked
FARTCOIN,okx,Deribit,141,185,7.7,0.308,-4.0,-7.7,-20.5,-0.485,10.9,28.4,0.4,-8.9,-14.5,,untested,untested
SHOP,binance,Extended,48,377,15.7,0.088,-4.4,1.1,-4.4,0.158,0.0,4.4,0.4,-9.2,-14.8,,untested,blocked
XLE,binance,edgeX,180,1121,46.7,0.465,-4.5,-4.0,-59.1,-0.273,0.0,5.6,0.4,-9.4,-15.0,,untested,blocked
SHAZ,binance,Crypto.com,129,353,14.7,0.351,-5.0,-15.9,-102.9,-1.303,0.0,5.0,0.4,-9.9,-15.4,,untested,reachable
BZ,binance,Crypto.com,539,1421,59.2,0.377,-5.0,-25.3,-129.9,0.578,0.0,5.0,0.4,-9.9,-15.4,,untested,reachable
RKLB,binance,Crypto.com,270,1417,59.0,0.106,-5.0,-39.7,-87.2,1.294,0.0,5.0,0.4,-9.9,-15.4,,untested,reachable
CRCL,binance,Crypto.com,270,1417,59.0,0.305,-5.0,-1.4,-5.0,0.009,0.0,5.0,0.4,-9.9,-15.4,,untested,reachable
PENG,binance,Crypto.com,129,521,21.7,0.284,-5.0,-22.8,-88.5,-1.233,0.0,5.0,0.4,-9.9,-15.4,,untested,reachable
SKHY,binance,Crypto.com,159,1265,52.7,0.33,-5.0,-8.6,-43.5,-1.049,0.0,5.0,0.4,-9.9,-15.4,,untested,reachable
SNXX,binance,Crypto.com,162,833,34.7,0.397,-5.0,-14.3,-37.7,3.143,0.0,5.0,0.4,-9.9,-15.4,,untested,reachable
SOXL,bybit,Crypto.com,270,1417,59.0,0.366,-5.0,1.0,-18.9,-0.225,0.0,9.0,0.41,-10.0,-15.7,,untested,reachable
TSM,binance,Crypto.com,120,1433,59.7,0.329,-5.0,-7.8,-45.3,-1.101,0.0,5.0,0.4,-9.9,-15.4,,untested,reachable
BX,binance,Crypto.com,185,521,21.7,0.363,-5.0,-2.8,-56.5,5.492,0.0,5.0,0.4,-9.9,-15.4,,untested,reachable
CBRS,binance,Crypto.com,270,1417,59.0,0.348,-5.0,4.7,-5.0,-0.893,0.0,5.0,0.4,-9.9,-15.4,,untested,reachable
EWT,binance,Crypto.com,180,681,28.4,0.222,-5.0,-51.8,-126.3,1.446,0.0,5.0,0.4,-9.9,-15.4,,untested,reachable
LLY,binance,Crypto.com,186,1433,59.7,0.234,-5.0,-26.0,-81.0,2.588,0.0,5.0,0.4,-9.9,-15.4,,untested,reachable
MRVL,binance,Crypto.com,275,1417,59.0,0.377,-5.0,1.1,-31.0,-0.636,0.0,5.0,0.4,-9.9,-15.4,,untested,reachable
PAYP,binance,Crypto.com,180,993,41.4,0.33,-5.0,23.6,-142.8,3.291,0.0,5.0,0.4,-9.9,-15.4,,untested,reachable
DRAM,binance,edgeX,270,1417,59.0,0.3,-5.1,-0.7,-6.2,-0.196,0.0,6.2,0.4,-10.0,-15.5,,untested,blocked
ORCL,binance,Extended,275,601,25.0,0.082,-5.3,-2.2,-5.3,0.104,0.0,5.3,0.4,-10.1,-15.7,,untested,blocked
SAMSUNG,binance,Extended,422,1001,41.7,0.312,-5.3,4.3,-34.2,-1.727,0.0,9.6,0.4,-10.1,-15.7,,untested,blocked
EWY,binance,Extended,270,601,25.0,0.108,-5.3,-3.4,-5.3,-0.034,0.0,5.3,0.4,-10.1,-15.7,,untested,blocked
INJ,bitget,Kraken,270,1417,59.0,0.313,-5.4,-3.1,-22.3,-0.32,9.6,16.4,0.42,-10.5,-16.4,,untested,reachable
CL,bybit,tradeXYZ,466,1421,59.2,0.224,-5.5,-19.8,-43.2,-0.814,0.0,5.5,0.41,-10.5,-16.2,,untested,blocked
SNDK,binance,tradeXYZ,270,1417,59.0,0.306,-5.5,-3.7,-9.1,-0.063,0.0,5.5,0.4,-10.3,-15.9,,untested,blocked
MSTR,binance,tradeXYZ,270,1417,59.0,0.26,-5.5,-5.4,-13.6,-0.021,0.0,5.5,0.4,-10.3,-15.9,,untested,blocked
URNM,binance,tradeXYZ,180,1433,59.7,0.433,-5.5,-2.7,-42.2,-0.872,0.0,5.5,0.4,-10.3,-15.9,,untested,blocked
KIOXIA,okx,tradeXYZ,180,1433,59.7,0.465,-5.5,-6.4,-102.0,0.948,0.0,5.5,0.4,-10.3,-15.9,,untested,blocked
ORCL,binance,tradeXYZ,275,1417,59.0,0.186,-5.5,-7.6,-10.3,0.212,0.0,5.5,0.4,-10.3,-15.9,,untested,blocked
QCOM,binance,tradeXYZ,138,1433,59.7,0.186,-5.5,-7.3,-15.7,0.301,0.0,5.5,0.4,-10.3,-15.9,,untested,blocked
CRCL,binance,tradeXYZ,270,1417,59.0,0.26,-5.5,-4.8,-6.6,0.105,0.0,5.5,0.4,-10.3,-15.9,,untested,blocked
SKHY,okx,KuCoin,137,753,31.4,0.425,-5.5,6.2,-10.9,0.912,0.0,10.9,0.4,-10.3,-15.9,,untested,reachable
AMZN,binance,tradeXYZ,270,1417,59.0,0.142,-5.5,-8.4,-18.3,-0.082,0.0,9.4,0.4,-10.3,-15.9,,untested,blocked
EBAY,binance,tradeXYZ,185,1433,59.7,0.423,-5.5,2.7,-28.0,0.661,0.0,5.5,0.4,-10.3,-15.9,,untested,blocked
EWT,binance,tradeXYZ,180,1433,59.7,0.381,-5.5,0.2,-13.1,0.069,0.0,5.5,0.4,-10.3,-15.9,,untested,blocked
EWY,binance,tradeXYZ,270,1417,59.0,0.259,-5.5,-1.2,-5.5,-0.187,0.0,5.5,0.4,-10.3,-15.9,,untested,blocked
LLY,binance,tradeXYZ,186,1433,59.7,0.191,-5.5,-7.6,-13.6,-0.062,0.0,5.5,0.4,-10.3,-15.9,,untested,blocked
MRVL,binance,tradeXYZ,275,1417,59.0,0.239,-5.5,-4.5,-5.5,0.203,0.0,5.5,0.4,-10.3,-15.9,,untested,blocked
1000PEPE,Orderly,bybit,180,1433,59.7,0.223,-5.8,-7.2,-18.4,-0.148,-5.9,10.6,0.41,-10.7,-16.4,,reachable,untested
XAU,bitget,Kraken,540,173,7.2,0.41,-6.6,-8.9,-27.0,-4.551,3.3,19.1,0.42,-11.7,-17.6,,untested,reachable
ATOM,aster,Kraken,270,1417,59.0,0.471,-6.7,11.9,-8.2,-0.662,10.9,13.9,0.38,-11.3,-16.6,,untested,reachable
CRCL,bitget,edgeX,270,1417,59.0,0.102,-6.8,-28.7,-58.1,0.395,0.0,20.7,0.42,-11.9,-17.7,,untested,blocked
JTO,binance,CoinEx,539,1417,59.0,0.145,-7.0,-10.3,-17.1,0.145,4.3,18.0,0.4,-11.9,-17.4,,untested,blocked
DRAM,binance,tradeXYZ,270,1417,59.0,0.267,-7.1,-7.6,-10.9,-0.027,0.0,10.9,0.4,-11.9,-17.5,,untested,blocked
JST,binance,Variational,360,801,33.4,0.386,-7.1,-9.5,-31.0,1.25,-12.9,6.2,0.4,-11.9,-17.5,,untested,blocked
MSTR,bybit,Crypto.com,270,1417,59.0,0.342,-7.2,-1.9,-26.2,-0.859,0.0,26.2,0.41,-12.2,-17.9,,untested,reachable
JUP,dydx,Crypto.com,1000,178,7.4,0.444,-7.3,5.4,-34.6,5.277,0.0,17.5,0.4,-12.2,-17.8,,untested,reachable
RKLB,okx,tradeXYZ,135,1433,59.7,0.294,-7.4,-3.6,-17.2,-0.372,0.0,17.2,0.4,-12.3,-17.8,,untested,blocked
CRCL,binance,Orderly,270,1417,59.0,0.22,-7.4,-3.1,-10.9,-0.047,0.0,10.9,0.4,-12.2,-17.8,,untested,reachable
BCH,hl,Coinbase,589,1440,60.0,0.33,-7.4,2.7,-7.4,0.005,10.9,18.4,0.39,-12.2,-17.6,,untested,blocked
ESP,bybit,Coinbase,276,1437,59.9,0.465,-7.4,-26.6,-87.7,-1.532,10.9,-16.6,0.41,-12.4,-18.1,,untested,blocked
MSFT,binance,Crypto.com,275,1417,59.0,0.08,-7.7,-17.0,-22.0,0.612,0.0,7.7,0.4,-12.5,-18.1,,untested,reachable
NBIS,bybit,tradeXYZ,270,1417,59.0,0.29,-7.8,-6.4,-15.6,0.176,0.0,11.6,0.41,-12.8,-18.5,,untested,blocked
CASHCAT,ApeX,bybit,163,649,27.0,0.219,-7.9,-45.8,-116.7,-4.544,4.1,10.9,0.41,-12.8,-18.5,,blocked,untested
TSLA,okx,KuCoin,97,1433,59.7,0.201,-7.9,-3.5,-10.9,-0.091,3.1,10.9,0.4,-12.7,-18.3,,untested,reachable
ICP,bybit,Kraken,270,1417,59.0,0.246,-8.1,-6.0,-19.5,-0.324,10.9,19.1,0.41,-13.1,-18.8,,untested,reachable
AAPL,okx,WhiteBIT,105,1433,59.7,0.201,-8.2,-5.8,-10.9,-0.033,0.0,10.9,0.4,-13.1,-18.7,,untested,reachable
QQQ,binance,edgeX,279,1417,59.0,0.339,-8.2,-1.9,-27.2,-0.104,0.0,8.2,0.4,-13.1,-18.7,,untested,blocked
NVDA,Nado,binance,279,1417,59.0,0.195,-8.3,-7.1,-9.3,0.175,-8.3,0.0,0.4,-13.2,-18.7,,reachable,untested
MSTR,binance,BingX,270,169,7.0,0.148,-8.7,-17.9,-10.9,-5.735,0.0,10.9,0.4,-13.5,-19.1,,untested,reachable
MSTR,Coinbase,binance,270,1001,41.7,0.29,-8.8,-2.7,-11.0,-0.647,-8.8,0.0,0.4,-13.6,-19.2,,blocked,untested
TSM,binance,Extended,120,1297,54.0,0.142,-8.8,-11.3,-8.8,0.455,0.0,8.8,0.4,-13.6,-19.2,,untested,blocked
SAMSUNG,binance,WhiteBIT,422,1417,59.0,0.469,-9.1,15.6,-30.9,0.106,0.0,10.9,0.4,-13.9,-19.5,,untested,reachable
DASH,binance,CoinEx,270,1417,59.0,0.255,-9.2,-9.5,-16.5,0.015,10.9,20.2,0.4,-14.1,-19.7,,untested,blocked
NOW,bybit,tradeXYZ,167,1433,59.7,0.224,-9.2,-2.2,-21.1,-0.217,0.0,10.2,0.41,-14.2,-19.9,,untested,blocked
SNDK,binance,KuCoin,270,1417,59.0,0.22,-9.4,-6.9,-10.9,0.139,0.0,10.9,0.4,-14.3,-19.8,,untested,reachable
ENA,Backpack,dydx,1000,178,7.4,0.365,-9.7,-29.7,-66.5,6.313,10.9,8.6,0.4,-14.6,-20.2,,reachable,untested
SAMSUNG,bybit,Orderly,269,1417,59.0,0.361,-10.2,3.4,-10.9,-1.044,0.0,10.7,0.41,-15.2,-20.9,,untested,reachable
ACE,bybit,Variational,589,785,32.7,0.414,-10.4,-218.1,-251.1,-7.043,-163.7,10.9,0.41,-15.3,-21.0,,untested,blocked
DASH,bybit,Coinbase,270,1417,59.0,0.335,-10.4,-6.7,-11.8,-0.63,10.9,21.9,0.41,-15.4,-21.1,,untested,blocked
ZHIPU,aster,Orderly,214,841,35.0,0.372,-10.6,12.1,-10.9,-1.418,0.0,10.9,0.38,-15.3,-20.6,,untested,reachable
SKHYNIX,aster,KuCoin,70,173,7.2,0.353,-10.6,5.3,-10.9,-0.855,0.0,10.9,0.38,-15.2,-20.5,,untested,reachable
AAPL,okx,Orderly,105,1433,59.7,0.435,-10.8,1.3,-11.0,0.65,0.0,10.8,0.4,-15.7,-21.2,,untested,reachable
CBRS,bybit,Orderly,270,1417,59.0,0.158,-10.8,-9.4,-10.9,0.118,0.0,10.9,0.41,-15.8,-21.5,,untested,reachable
CL,binance,Pacifica,539,1421,59.2,0.336,-10.9,-4.8,-10.9,-0.862,0.0,10.9,0.4,-15.8,-21.4,,untested,blocked
CL,binance,edgeX,539,1421,59.2,0.239,-10.9,-22.2,-22.8,-0.204,0.0,10.9,0.4,-15.8,-21.4,,untested,blocked
FARTCOIN,binance,WhiteBIT,141,1437,59.9,0.019,-10.9,-10.1,-10.9,-0.007,10.9,21.9,0.4,-15.8,-21.4,,untested,reachable
SNDK,binance,Orderly,270,1417,59.0,0.271,-10.9,-5.4,-16.3,-0.399,0.0,11.1,0.4,-15.8,-21.4,,untested,reachable
SNDK,binance,BingX,270,761,31.7,0.158,-10.9,-11.6,-10.9,-0.095,0.0,10.9,0.4,-15.8,-21.4,,untested,reachable
MSTR,binance,Pacifica,270,1417,59.0,0.265,-10.9,-4.8,-10.9,-0.06,0.0,10.9,0.4,-15.8,-21.4,,untested,blocked
MSTR,binance,KuCoin,270,1417,59.0,0.272,-10.9,-3.7,-10.9,-0.067,0.0,10.9,0.4,-15.8,-21.4,,untested,reachable
MSTR,bybit,Orderly,270,1417,59.0,0.192,-10.9,-3.4,-11.2,-0.293,0.0,11.2,0.41,-15.9,-21.6,,untested,reachable
URNM,binance,Pacifica,180,1433,59.7,0.145,-10.9,-11.7,-10.9,0.03,0.0,10.9,0.4,-15.8,-21.4,,untested,blocked
URNM,binance,WhiteBIT,180,1433,59.7,0.106,-10.9,-26.9,-10.9,0.345,0.0,10.9,0.4,-15.8,-21.4,,untested,reachable
URNM,binance,BingX,180,777,32.4,0.165,-10.9,-15.1,-10.9,0.443,0.0,10.9,0.4,-15.8,-21.4,,untested,reachable
NVDA,binance,Pacifica,279,1417,59.0,0.152,-10.9,-7.2,-10.9,-0.107,0.0,10.9,0.4,-15.8,-21.4,,untested,blocked
NVDA,binance,KuCoin,279,1417,59.0,0.175,-10.9,-7.8,-10.9,0.055,0.0,10.9,0.4,-15.8,-21.4,,untested,reachable
NVDA,binance,Orderly,279,1417,59.0,0.107,-10.9,-8.4,-10.9,-0.081,0.0,10.9,0.4,-15.8,-21.4,,untested,reachable
NVDA,binance,WhiteBIT,279,1417,59.0,0.175,-10.9,-5.8,-10.9,-0.13,0.0,10.9,0.4,-15.8,-21.4,,untested,reachable
SHAZ,binance,BingX,129,777,32.4,0.35,-10.9,-7.0,-10.9,1.011,0.0,10.9,0.4,-15.8,-21.4,,untested,reachable
SHAZ,binance,KuCoin,129,753,31.4,0.235,-10.9,-10.2,-10.9,0.657,0.0,10.9,0.4,-15.8,-21.4,,untested,reachable
ZHIPU,binance,KuCoin,139,737,30.7,0.315,-10.9,3.1,-10.9,-0.399,0.0,10.9,0.4,-15.8,-21.4,,untested,reachable
ZHIPU,binance,BingX,139,489,20.4,0.215,-10.9,-16.9,-67.1,-0.828,0.0,11.7,0.4,-15.8,-21.4,,untested,reachable
BZ,bybit,Orderly,270,1417,59.0,0.02,-10.9,-21.8,-11.1,-0.336,0.0,10.9,0.41,-15.9,-21.6,,untested,reachable
BZ,binance,KuCoin,539,1137,47.4,0.173,-10.9,-13.6,-18.5,0.396,-3.0,10.9,0.4,-15.8,-21.4,,untested,reachable
KIOXIA,okx,HTX,180,1249,52.0,0.347,-10.9,18.3,-10.9,-0.056,0.0,10.9,0.4,-15.8,-21.4,,untested,reachable
KIOXIA,okx,KuCoin,180,753,31.4,0.34,-10.9,5.2,-10.9,1.325,0.0,10.9,0.4,-15.8,-21.4,,untested,reachable
NBIS,binance,KuCoin,270,1417,59.0,0.203,-10.9,-7.2,-10.9,0.005,0.0,10.9,0.4,-15.8,-21.4,,untested,reachable
NBIS,bybit,Orderly,270,1417,59.0,0.26,-10.9,-4.8,-10.9,-0.03,0.0,10.9,0.41,-15.9,-21.6,,untested,reachable
ORCL,binance,KuCoin,275,1417,59.0,0.162,-10.9,-8.8,-10.9,-0.019,0.0,10.9,0.4,-15.8,-21.4,,untested,reachable
ORCL,binance,WhiteBIT,275,1417,59.0,0.101,-10.9,-16.0,-10.9,0.189,0.0,10.9,0.4,-15.8,-21.4,,untested,reachable
ORCL,binance,BingX,275,761,31.7,0.053,-10.9,-13.8,-10.9,0.484,0.0,10.9,0.4,-15.8,-21.4,,untested,reachable
ORCL,binance,Orderly,275,169,7.0,0.0,-10.9,-12.1,-10.9,-0.611,0.0,10.9,0.4,-15.8,-21.4,,untested,reachable
QCOM,binance,KuCoin,138,1433,59.7,0.124,-10.9,-10.6,-10.9,0.482,0.0,10.9,0.4,-15.8,-21.4,,untested,reachable
QCOM,binance,WhiteBIT,138,1433,59.7,0.135,-10.9,-11.3,-10.9,0.233,0.0,10.9,0.4,-15.8,-21.4,,untested,reachable
QCOM,binance,BingX,138,777,32.4,0.073,-10.9,-11.9,-10.9,0.512,0.0,10.9,0.4,-15.8,-21.4,,untested,reachable
RKLB,binance,BingX,270,761,31.7,0.096,-10.9,-12.7,-10.9,-0.02,0.0,10.9,0.4,-15.8,-21.4,,untested,reachable
SAMSUNG,binance,Pacifica,422,1417,59.0,0.301,-10.9,5.1,-19.8,-0.935,0.0,10.9,0.4,-15.8,-21.4,,untested,blocked
CRCL,binance,Pacifica,270,1417,59.0,0.207,-10.9,-5.1,-10.9,-0.1,0.0,10.9,0.4,-15.8,-21.4,,untested,blocked
MSFT,binance,KuCoin,275,1417,59.0,0.072,-10.9,-10.5,-10.9,-0.047,0.0,10.9,0.4,-15.8,-21.4,,untested,reachable
MSFT,binance,Orderly,275,1417,59.0,0.049,-10.9,-11.1,-10.9,-0.106,0.0,10.9,0.4,-15.8,-21.4,,untested,reachable
SAMSUNGEM,binance,KuCoin,58,329,13.7,0.292,-10.9,-0.8,-10.9,0.099,0.0,10.9,0.4,-15.8,-21.4,,untested,reachable
SHOP,binance,HTX,48,377,15.7,0.088,-10.9,-5.4,-10.9,0.158,0.0,10.9,0.4,-15.8,-21.4,,untested,reachable
SKHY,okx,Orderly,137,1225,51.0,0.15,-10.9,-10.7,-10.9,-0.026,0.0,10.9,0.4,-15.8,-21.4,,untested,reachable
SNXX,binance,KuCoin,162,737,30.7,0.217,-10.9,-6.6,-10.9,0.596,0.0,10.9,0.4,-15.8,-21.4,,untested,reachable
SNXX,bybit,Orderly,148,473,19.7,0.188,-10.9,-2.9,-10.9,0.748,0.0,10.9,0.41,-15.9,-21.6,,untested,reachable
SOXL,binance,KuCoin,270,1417,59.0,0.248,-10.9,-8.8,-10.9,0.073,0.0,10.9,0.4,-15.8,-21.4,,untested,reachable
SOXL,bybit,Orderly,270,1417,59.0,0.299,-10.9,1.6,-10.9,-0.662,0.0,10.9,0.41,-15.9,-21.6,,untested,reachable
SOXL,binance,BingX,270,761,31.7,0.179,-10.9,-10.1,-10.9,-0.473,0.0,10.9,0.4,-15.8,-21.4,,untested,reachable
TBT,binance,BingX,111,777,32.4,0.34,-10.9,-40.3,-12.0,-0.502,0.0,10.9,0.4,-15.8,-21.4,,untested,reachable
TSM,binance,KuCoin,120,1433,59.7,0.084,-10.9,-8.8,-10.9,-0.096,0.0,10.9,0.4,-15.8,-21.4,,untested,reachable
TSM,binance,Orderly,120,185,7.7,0.043,-10.9,-8.9,-10.9,-0.615,0.0,10.9,0.4,-15.8,-21.4,,untested,reachable
WDC,binance,HTX,161,1433,59.7,0.073,-10.9,-9.8,-10.9,-0.062,0.0,10.9,0.4,-15.8,-21.4,,untested,reachable
WDC,binance,KuCoin,161,1433,59.7,0.14,-10.9,-6.7,-10.9,-0.289,0.0,10.9,0.4,-15.8,-21.4,,untested,reachable
WDC,okx,Orderly,160,1433,59.7,0.112,-10.9,-7.7,-10.9,-0.032,0.0,10.9,0.4,-15.8,-21.4,,untested,reachable
WDC,binance,WhiteBIT,161,1433,59.7,0.128,-10.9,-14.2,-10.9,-0.028,0.0,10.9,0.4,-15.8,-21.4,,untested,reachable
WDC,binance,BingX,161,777,32.4,0.196,-10.9,-13.8,-10.9,-0.326,0.0,10.9,0.4,-15.8,-21.4,,untested,reachable
XLE,binance,BingX,180,785,32.7,0.153,-10.9,-7.6,-10.9,0.155,0.0,10.9,0.4,-15.8,-21.4,,untested,reachable
XLE,binance,KuCoin,180,753,31.4,0.085,-10.9,-10.1,-10.9,-0.289,0.0,10.9,0.4,-15.8,-21.4,,untested,reachable
ZHONGJI,binance,KuCoin,58,449,18.7,0.16,-10.9,-9.7,-10.9,-0.029,0.0,10.9,0.4,-15.8,-21.4,,untested,reachable
AAPL,binance,BingX,275,169,7.0,0.0,-10.9,-9.2,-10.9,0.124,0.0,10.9,0.4,-15.8,-21.4,,untested,reachable
AMZN,binance,KuCoin,270,1417,59.0,0.152,-10.9,-6.4,-10.9,-0.032,0.0,10.9,0.4,-15.8,-21.4,,untested,reachable
AMZN,binance,Orderly,270,1417,59.0,0.113,-10.9,-8.0,-10.9,-0.005,0.0,10.9,0.4,-15.8,-21.4,,untested,reachable
BX,binance,WhiteBIT,185,1433,59.7,0.062,-10.9,-31.2,-10.9,-0.056,0.0,10.9,0.4,-15.8,-21.4,,untested,reachable
BX,binance,KuCoin,185,753,31.4,0.117,-10.9,-10.1,-10.9,-0.123,0.0,10.9,0.4,-15.8,-21.4,,untested,reachable
CBRS,binance,WhiteBIT,270,1417,59.0,0.136,-10.9,-13.6,-10.9,0.171,0.0,10.9,0.4,-15.8,-21.4,,untested,reachable
CBRS,binance,BingX,270,761,31.7,0.095,-10.9,-13.5,-10.9,-0.151,0.0,10.9,0.4,-15.8,-21.4,,untested,reachable
COAI,binance,WhiteBIT,360,1437,59.9,0.167,-10.9,-4.0,-10.9,0.056,10.9,21.9,0.4,-15.8,-21.4,,untested,reachable
DRAM,binance,KuCoin,270,1417,59.0,0.3,-10.9,-3.5,-10.9,-0.111,0.0,10.9,0.4,-15.8,-21.4,,untested,reachable
DRAM,binance,Orderly,270,1417,59.0,0.215,-10.9,-5.9,-10.9,-0.16,0.0,10.9,0.4,-15.8,-21.4,,untested,reachable
DRAM,binance,WhiteBIT,270,1417,59.0,0.198,-10.9,-10.3,-10.9,-0.138,0.0,10.9,0.4,-15.8,-21.4,,untested,reachable
DRAM,binance,Pacifica,270,793,33.0,0.14,-10.9,-9.3,-10.9,0.09,0.0,10.9,0.4,-15.8,-21.4,,untested,blocked
DRAM,binance,BingX,270,761,31.7,0.147,-10.9,-9.0,-10.9,-0.302,0.0,10.9,0.4,-15.8,-21.4,,untested,reachable
EBAY,binance,BingX,185,721,30.0,0.2,-10.9,-9.1,-10.9,-0.295,0.0,10.9,0.4,-15.8,-21.4,,untested,reachable
EWT,binance,WhiteBIT,180,1433,59.7,0.028,-10.9,-14.2,-10.9,-0.102,0.0,10.9,0.4,-15.8,-21.4,,untested,reachable
EWY,binance,KuCoin,270,1417,59.0,0.288,-10.9,-0.5,-10.9,-0.43,0.0,10.9,0.4,-15.8,-21.4,,untested,reachable
EWY,binance,Orderly,270,1417,59.0,0.186,-10.9,-4.3,-10.9,-0.348,0.0,10.9,0.4,-15.8,-21.4,,untested,reachable
EWY,binance,WhiteBIT,270,1417,59.0,0.147,-10.9,-14.6,-10.9,0.135,0.0,10.9,0.4,-15.8,-21.4,,untested,reachable
EWY,binance,BingX,270,729,30.4,0.285,-10.9,-6.4,-10.9,0.19,0.0,10.9,0.4,-15.8,-21.4,,untested,reachable
HANMI,binance,KuCoin,58,329,13.7,0.122,-10.9,-3.9,-10.9,2.756,0.0,10.9,0.4,-15.8,-21.4,,untested,reachable
KSTR,binance,HTX,180,1361,56.7,0.147,-10.9,-27.0,-23.7,0.982,0.0,10.9,0.4,-15.8,-21.4,,untested,reachable
KSTR,binance,KuCoin,180,753,31.4,0.108,-10.9,-17.6,-10.9,0.659,0.0,10.9,0.4,-15.8,-21.4,,untested,reachable
LLY,binance,KuCoin,186,1433,59.7,0.175,-10.9,-3.4,-10.9,-0.463,0.0,10.9,0.4,-15.8,-21.4,,untested,reachable
LLY,binance,WhiteBIT,186,1433,59.7,0.047,-10.9,-19.9,-10.9,0.56,0.0,10.9,0.4,-15.8,-21.4,,untested,reachable
LLY,binance,BingX,186,777,32.4,0.247,-10.9,-6.1,-10.9,0.571,0.0,10.9,0.4,-15.8,-21.4,,untested,reachable
MRVL,binance,KuCoin,275,1417,59.0,0.171,-10.9,-7.4,-10.9,0.136,0.0,10.9,0.4,-15.8,-21.4,,untested,reachable
NKE,bitget,BingX,180,785,32.7,0.092,-10.9,-13.0,-15.1,-1.445,0.0,10.9,0.42,-16.1,-21.9,,untested,reachable
NOW,binance,WhiteBIT,167,1433,59.7,0.068,-10.9,-13.1,-10.9,0.056,0.0,10.9,0.4,-15.8,-21.4,,untested,reachable
NOW,binance,KuCoin,167,753,31.4,0.053,-10.9,-8.5,-10.9,0.004,0.0,10.9,0.4,-15.8,-21.4,,untested,reachable
NOW,binance,BingX,167,745,31.0,0.043,-10.9,-14.1,-10.9,0.648,0.0,10.9,0.4,-15.8,-21.4,,untested,reachable
PAYP,binance,KuCoin,180,1433,59.7,0.163,-10.9,-9.1,-10.9,-0.283,0.0,10.9,0.4,-15.8,-21.4,,untested,reachable
PAYP,binance,BingX,180,721,30.0,0.19,-10.9,-10.1,-10.9,0.307,0.0,10.9,0.4,-15.8,-21.4,,untested,reachable
PYPL,binance,BingX,106,777,32.4,0.218,-10.9,-6.4,-10.9,-0.473,0.0,10.9,0.4,-15.8,-21.4,,untested,reachable
QNTX,binance,KuCoin,180,1433,59.7,0.307,-10.9,13.4,-10.9,-0.361,0.0,10.9,0.4,-15.8,-21.4,,untested,reachable
QNTX,binance,WhiteBIT,180,1433,59.7,0.218,-10.9,-33.8,-14.2,0.775,0.0,10.9,0.4,-15.8,-21.4,,untested,reachable
QQQ,binance,KuCoin,279,1417,59.0,0.231,-10.9,-4.0,-10.9,-0.153,0.0,10.9,0.4,-15.8,-21.4,,untested,reachable
QQQ,binance,Orderly,279,1417,59.0,0.102,-10.9,-8.3,-10.9,0.005,0.0,10.9,0.4,-15.8,-21.4,,untested,reachable
MRVL,bitget,Orderly,270,1417,59.0,0.175,-11.0,-4.7,-11.1,-0.055,0.0,11.1,0.42,-16.1,-21.9,,untested,reachable
AERO,bitget,Coinbase,540,1421,59.2,0.108,-11.2,-24.9,-32.9,-0.407,10.9,19.3,0.42,-16.3,-22.1,,untested,blocked
TSLA,bybit,WhiteBIT,270,1417,59.0,0.068,-11.4,-43.5,-89.7,-1.104,0.0,32.3,0.41,-16.4,-22.1,,untested,reachable
XPD,okx,WhiteBIT,148,1433,59.7,0.456,-11.6,7.4,-21.9,0.436,10.3,21.9,0.4,-16.4,-22.0,,untested,reachable
JTO,binance,Coinbase,539,1421,59.2,0.253,-11.8,-3.4,-19.7,-0.73,4.3,22.8,0.4,-16.7,-22.3,,untested,blocked
TSLA,bybit,Coinbase,270,1417,59.0,0.251,-11.9,-8.2,-24.5,-0.318,0.0,24.5,0.41,-16.8,-22.5,,untested,blocked
NAVER,bitget,edgeX,57,449,18.7,0.403,-13.1,-8.9,-62.3,-1.957,0.0,13.1,0.42,-18.2,-24.0,,untested,blocked
ESP,bitget,edgeX,276,881,36.7,0.364,-13.1,-19.7,-13.1,2.155,-48.6,-35.6,0.42,-18.2,-24.0,,untested,blocked
NVDA,binance,tradeXYZ,279,1417,59.0,0.14,-13.2,-8.4,-13.2,-0.017,0.0,13.2,0.4,-18.0,-23.6,,untested,blocked
MSFT,Nado,bybit,270,1417,59.0,0.283,-13.6,-11.3,-26.0,-0.113,-20.2,0.0,0.41,-18.6,-24.3,,reachable,untested
XPT,okx,WhiteBIT,128,1433,59.7,0.126,-15.1,-13.7,-21.9,-0.107,7.2,21.9,0.4,-20.0,-25.5,,untested,reachable
SHAZ,bitget,tradeXYZ,125,993,41.4,0.349,-15.2,-32.9,-118.8,2.04,0.0,15.2,0.42,-20.4,-26.2,,untested,blocked
JTO,okx,Backpack,164,1437,59.9,0.056,-15.7,-18.8,-15.7,0.05,10.9,26.7,0.4,-20.6,-26.2,,untested,reachable
JST,bitget,WhiteBIT,360,1437,59.9,0.118,-16.0,-17.2,-37.7,0.199,-11.8,10.9,0.42,-21.1,-26.9,,untested,reachable
FARTCOIN,Coinbase,binance,141,1437,59.9,0.23,-16.2,-4.8,-16.2,0.505,-5.3,10.9,0.4,-21.1,-26.6,,blocked,untested
LDO,okx,Coinbase,73,1433,59.7,0.052,-17.1,-19.5,-17.1,-0.487,10.9,28.0,0.4,-21.9,-27.5,,untested,blocked
MEGA,binance,Lighter,145,1437,59.9,0.276,-17.1,-11.6,-17.1,-0.03,10.9,28.0,0.4,-21.9,-27.5,,untested,blocked
APE,bitget,Crypto.com,112,1433,59.7,0.278,-18.2,-36.4,-34.6,1.969,10.9,29.2,0.42,-23.3,-29.2,,untested,reachable
CHIP,binance,CoinEx,157,1433,59.7,0.33,-18.4,6.2,-18.4,-0.691,10.9,29.3,0.4,-23.3,-28.8,,untested,blocked
APE,bitget,Coinbase,112,1433,59.7,0.281,-19.7,-16.0,-19.7,-1.329,10.9,30.7,0.42,-24.8,-30.7,,untested,blocked
MEGA,binance,Coinbase,145,1437,59.9,0.087,-19.7,-17.7,-19.7,-0.392,10.9,30.7,0.4,-24.6,-30.1,,untested,blocked
AMZN,binance,Crypto.com,270,1417,59.0,0.154,-20.0,-26.3,-60.7,-0.943,0.0,26.5,0.4,-24.9,-30.4,,untested,reachable
XAG,binance,Kraken,539,957,39.9,0.101,-20.2,-18.4,-20.2,0.18,0.0,20.2,0.4,-25.1,-30.6,,untested,reachable
ETC,aster,Coinbase,270,1417,59.0,0.243,-20.6,-11.6,-43.4,0.461,10.9,29.8,0.38,-25.2,-30.5,,untested,blocked
DRAM,binance,Coinbase,270,1121,46.7,0.16,-21.0,-16.0,-21.0,-0.049,0.0,21.0,0.4,-25.9,-31.5,,untested,blocked
XAU,WhiteBIT,bybit,540,1421,59.2,0.4,-21.1,-4.3,-21.9,-0.358,-21.9,0.0,0.41,-26.1,-31.8,,reachable,untested
NBIS,bybit,Extended,270,1281,53.4,0.262,-21.6,-24.7,-56.9,-0.352,0.0,42.0,0.41,-26.6,-32.3,,untested,blocked
ACE,bybit,WhiteBIT,589,1421,59.2,0.044,-21.8,-181.3,-229.5,-9.382,-35.0,10.9,0.41,-26.8,-32.5,,untested,reachable
CL,binance,WhiteBIT,539,1421,59.2,0.316,-21.9,-22.9,-34.3,-0.603,0.0,21.9,0.4,-26.8,-32.3,,untested,reachable
SAMSUNG,binance,BingX,422,761,31.7,0.237,-21.9,-17.0,-22.5,-1.406,0.0,21.9,0.4,-26.8,-32.3,,untested,reachable
JST,bitget,HTX,360,1437,59.9,0.039,-21.9,-28.8,-43.1,-0.755,-11.8,10.9,0.42,-27.0,-32.8,,untested,reachable
AMZN,okx,Kraken,119,185,7.7,0.162,-22.4,-27.4,-47.0,5.982,0.5,25.0,0.4,-27.2,-32.8,,untested,reachable
ETHFI,binance,Crypto.com,539,1421,59.2,0.246,-22.5,-16.8,-27.6,0.473,10.9,33.5,0.4,-27.4,-33.0,,untested,reachable
TSM,binance,Coinbase,120,1433,59.7,0.154,-22.8,-17.6,-22.8,-0.114,0.0,22.8,0.4,-27.6,-33.2,,untested,blocked
AMZN,binance,edgeX,270,1417,59.0,0.181,-24.5,-25.2,-51.2,0.388,0.0,24.5,0.4,-29.3,-34.9,,untested,blocked
AAPL,okx,LBank,105,801,33.4,0.06,-25.2,-19.0,-25.2,0.766,35.9,61.1,0.4,-30.0,-35.6,,untested,blocked
QCOM,binance,Crypto.com,138,1433,59.7,0.105,-25.4,-28.6,-48.4,-0.364,0.0,33.5,0.4,-30.3,-35.8,,untested,reachable
JST,bitget,CoinEx,360,1433,59.7,0.28,-25.9,-37.0,-68.3,-1.022,-11.8,0.0,0.42,-31.0,-36.8,,untested,blocked
SKHYNIX,aster,edgeX,70,173,7.2,0.277,-26.2,-33.7,-89.7,2.691,0.0,34.8,0.38,-30.8,-36.1,,untested,blocked
AAPL,okx,Variational,105,801,33.4,0.06,-26.3,-19.8,-26.3,0.812,35.9,62.2,0.4,-31.2,-36.7,,untested,blocked
MRVL,bitget,Coinbase,270,1417,59.0,0.197,-26.3,-17.6,-31.5,-0.014,0.0,31.5,0.42,-31.4,-37.2,,untested,blocked
RKLB,binance,edgeX,270,1417,59.0,0.3,-26.8,-12.5,-51.7,-0.362,0.0,26.8,0.4,-31.7,-37.3,,untested,blocked
TSLA,okx,Kraken,97,1433,59.7,0.196,-27.2,-16.7,-27.2,0.127,3.1,30.3,0.4,-32.1,-37.7,,untested,reachable
SNDK,aster,edgeX,54,173,7.2,0.324,-27.2,-22.6,-66.7,6.305,0.0,35.2,0.38,-31.8,-37.1,,untested,blocked
ZHONGJI,edgeX,bitget,57,425,17.7,0.367,-28.5,-24.1,-77.3,-0.395,-23.3,0.0,0.42,-33.6,-39.4,,blocked,untested
DRAM,bitget,Crypto.com,270,1417,59.0,0.17,-28.7,-39.1,-93.6,-1.451,0.0,38.7,0.42,-33.8,-39.6,,untested,reachable
QQQ,binance,Kraken,279,1417,59.0,0.242,-28.8,-21.0,-28.8,-0.236,0.0,28.8,0.4,-33.6,-39.2,,untested,reachable
2Z,binance,CoinEx,157,1433,59.7,0.204,-29.1,-21.9,-29.1,-0.372,10.9,40.1,0.4,-34.0,-39.6,,untested,blocked
MSTR,binance,edgeX,270,1417,59.0,0.192,-29.3,-25.9,-54.1,-0.775,0.0,29.3,0.4,-34.1,-39.7,,untested,blocked
SOXL,binance,edgeX,270,1129,47.0,0.227,-29.3,-20.1,-56.6,-0.967,0.0,29.3,0.4,-34.2,-39.7,,untested,blocked
NBIS,bitget,Nado,270,169,7.0,0.249,-29.9,-29.1,-54.5,-5.695,0.0,35.8,0.42,-35.0,-40.9,,untested,reachable
AAPL,bitget,Crypto.com,270,1417,59.0,0.143,-30.0,-39.2,-92.4,-1.152,0.0,33.6,0.42,-35.1,-41.0,,untested,reachable
XPT,bitget,Crypto.com,540,1421,59.2,0.176,-30.6,-30.2,-61.7,-0.39,0.0,61.7,0.42,-35.7,-41.6,,untested,reachable
SAMSUNGEM,binance,edgeX,58,449,18.7,0.312,-31.4,-28.2,-70.9,1.958,0.0,33.9,0.4,-36.3,-41.9,,untested,blocked
MRVL,binance,edgeX,275,1417,59.0,0.105,-31.8,-34.4,-54.4,0.705,0.0,31.8,0.4,-36.7,-42.3,,untested,blocked
CBRS,bitget,edgeX,270,1417,59.0,0.373,-33.8,-12.4,-49.3,-0.916,0.0,47.4,0.42,-38.9,-44.7,,untested,blocked
HBAR,bitget,Crypto.com,270,1417,59.0,0.056,-34.6,-34.7,-41.4,-0.536,10.9,45.6,0.42,-39.7,-45.6,,untested,reachable
WDC,bybit,Crypto.com,161,1337,55.7,0.129,-35.1,-41.2,-68.9,0.833,0.0,42.5,0.41,-40.1,-45.8,,untested,reachable
CHZ,aster,Extended,912,1019,42.5,0.226,-36.4,6.1,-36.4,-2.733,10.9,47.3,0.38,-41.0,-46.3,,untested,blocked
NCLD,bybit,tradeXYZ,60,473,19.7,0.315,-36.5,-59.5,-154.6,7.577,0.0,33.4,0.41,-41.5,-47.2,,untested,blocked
NBIS,binance,Crypto.com,270,1417,59.0,0.062,-41.0,-47.4,-78.4,0.989,0.0,41.0,0.4,-45.9,-51.4,,untested,reachable
CRO,bitget,Kraken,144,1433,59.7,0.225,-42.8,-85.9,-172.5,4.874,10.9,52.2,0.42,-47.9,-53.8,,untested,reachable
CHIP,binance,Coinbase,157,1437,59.9,0.233,-44.2,-21.3,-44.2,-1.993,10.9,55.2,0.4,-49.1,-54.7,,untested,blocked
CRCL,binance,Coinbase,270,1001,41.7,0.184,-44.7,-32.7,-56.1,0.2,0.0,56.1,0.4,-49.5,-55.1,,untested,blocked
SAMSUNG,bybit,edgeX,269,1417,59.0,0.223,-45.4,-33.1,-73.2,-1.034,0.0,57.2,0.41,-50.4,-56.1,,untested,blocked
NVDA,binance,Kraken,279,1417,59.0,0.195,-47.9,-29.0,-47.9,-0.102,0.0,47.9,0.4,-52.8,-58.4,,untested,reachable
EIGEN,binance,Kraken,152,1437,59.9,0.285,-47.9,-23.6,-47.9,-0.659,10.9,58.8,0.4,-52.8,-58.3,,untested,reachable
SKHY,okx,edgeX,137,1185,49.4,0.227,-49.4,-37.2,-80.2,-0.948,0.0,50.7,0.4,-54.3,-59.9,,untested,blocked
NOW,bybit,Crypto.com,167,1337,55.7,0.127,-52.0,-49.6,-92.5,0.345,0.0,54.4,0.41,-57.0,-62.7,,untested,reachable
ORCL,okx,edgeX,151,1433,59.7,0.151,-53.0,-44.1,-92.5,-0.603,0.0,59.5,0.4,-57.9,-63.4,,untested,blocked
2Z,binance,Crypto.com,157,1437,59.9,0.153,-53.1,-40.4,-53.1,0.318,10.9,64.1,0.4,-58.0,-63.6,,untested,reachable
DOT,Crypto.com,okx,82,1433,59.7,0.188,-53.6,-27.5,-53.6,-0.105,-64.0,-10.3,0.4,-58.5,-64.1,,reachable,untested
NVDA,binance,edgeX,279,1417,59.0,0.192,-55.2,-33.6,-55.2,-1.224,0.0,55.2,0.4,-60.1,-65.6,,untested,blocked
FARTCOIN,binance,Kraken,141,1437,59.9,0.193,-57.1,-36.4,-57.1,-0.836,10.9,68.1,0.4,-62.0,-67.5,,untested,reachable
BCH,hl,Kraken,589,1440,60.0,0.163,-57.3,-36.6,-57.3,-0.041,10.9,68.2,0.39,-62.0,-67.5,,untested,reachable
2Z,binance,Kraken,157,1437,59.9,0.239,-59.5,-27.5,-59.5,0.466,10.9,70.5,0.4,-64.4,-69.9,,untested,reachable
KIOXIA,okx,Crypto.com,180,1337,55.7,0.441,-60.0,-71.4,-292.4,5.387,0.0,77.8,0.4,-64.9,-70.5,,untested,reachable
KSM,bitget,Crypto.com,172,1433,59.7,0.316,-64.5,-72.1,-149.9,3.405,10.9,73.8,0.42,-69.6,-75.4,,untested,reachable
EUR,dydx,LBank,1317,801,33.4,0.207,-69.5,-101.9,-176.5,-3.122,-88.1,-21.9,0.4,-74.3,-79.9,,untested,blocked
EWY,binance,edgeX,270,1417,59.0,0.085,-70.3,-61.4,-101.5,-0.859,0.0,80.3,0.4,-75.1,-80.7,,untested,blocked
EUR,dydx,BingX,1317,777,32.4,0.3,-77.8,-97.4,-178.6,-1.24,-92.6,-4.4,0.4,-82.7,-88.2,,untested,reachable
TSLA,okx,edgeX,97,1433,59.7,0.11,-89.4,-60.4,-89.4,-0.205,3.1,92.5,0.4,-94.2,-99.8,,untested,blocked
URNM,binance,Crypto.com,180,353,14.7,0.116,-126.5,-162.9,-221.7,1.718,0.0,126.5,0.4,-131.3,-136.9,,untested,reachable
FARTCOIN,binance,Crypto.com,141,1437,59.9,0.076,-129.0,-120.0,-129.0,-0.407,10.9,139.9,0.4,-133.8,-139.4,,untested,reachable
CAP,binance,Crypto.com,271,1437,59.9,0.228,-130.1,-90.7,-151.7,1.957,10.9,141.1,0.4,-135.0,-140.6,,untested,reachable
EUR,dydx,Bitfinex,1317,753,31.4,0.197,-184.9,-236.0,-425.8,-2.092,-96.6,19.5,0.4,-189.7,-195.3,,untested,untested
ZHIPU,okx,Crypto.com,160,521,21.7,0.259,-229.5,-227.0,-528.9,11.06,0.0,233.9,0.4,-234.3,-239.9,,untested,reachable
