n,start,end,days_covered,cadence_h,pos_frac,modal_apr,pin_frac,near_pin_frac,median_apr,mean_apr,p10,p90,slope_apr_pts_day,side,venue,symbol,coin,venue_reachable
508,1783126800,1788307200,59.958333333333336,1.0,0.6948818897637795,5.53632,0.023622047244094488,0.5374015748031497,5.53632,-0.8000914960629925,-13.569239999999999,10.95,0.05168608544425212,short,ApeX,BTC-USDT,BTC,blocked
508,1783126800,1788307200,59.958333333333336,1.0,0.9311023622047244,10.95,0.7539370078740157,0.7913385826771654,10.95,9.052351204724408,3.016944,10.95,0.06234461761332999,short,Backpack,BTC_USDC_PERP,BTC,reachable
508,1783126800,1788307200,59.958333333333336,1.0,0.8248031496062992,2.628,0.17716535433070865,0.610236220472441,2.628,2.562472440944882,0.0,5.256,-0.032797871855876924,long_collect,Coinbase,BTC-PERP,BTC,blocked
508,1783126800,1788307200,59.958333333333336,1.0,0.7480314960629921,5.837664,0.015748031496062992,0.5275590551181102,5.837664,5.038681299212598,-4.7356560000000005,13.738308,-0.136313297843311,long_collect,Crypto.com,BTCUSD-PERP,BTC,reachable
340,1783126800,1788307200,59.958333333333336,1.0,0.9117647058823529,2.7146352262162328,0.03235294117647059,0.5470588235294118,2.7146352262162328,5.050753458142197,0.0010828505937397913,13.576278882982843,-0.0059441700921007996,long_collect,Deribit,BTC-PERPETUAL,BTC,untested
508,1783126800,1788307200,59.958333333333336,1.0,0.9488188976377953,11.388,0.7480314960629921,0.8070866141732284,11.388,9.780850393700787,5.256,11.388,0.00638429184892255,short,Extended,BTC-USD,BTC,blocked
507,1783126800,1788307200,59.958333333333336,1.0,0.8362919132149902,5.5035322632517625,0.047337278106508875,0.5818540433925049,5.5035322632517625,5.99585890038549,-2.0716950599018222,14.524778157429411,0.017799365739402384,long_collect,Kraken,PF_XBTUSD,BTC,reachable
507,1783126800,1788307200,59.958333333333336,1.0,0.20710059171597633,-11.931222200000292,0.021696252465483234,0.0,-11.931222200000292,-21.99070823607597,-108.74354268676039,14.142300950000292,-1.0299688197244665,long_collect,Kraken,PI_XBTUSD,BTC,reachable
507,1783126800,1788307200,59.958333333333336,1.0,0.9250493096646942,10.511999999999999,0.7396449704142012,0.7928994082840237,10.511999999999999,9.338816568047337,2.6279999999999997,10.511999999999999,0.0768671165740233,long_collect,Lighter,BTC,BTC,blocked
507,1783126800,1788307200,59.958333333333336,1.0,0.9270216962524654,8.205802786976868,0.027613412228796843,0.6055226824457594,8.205802786976868,7.0318950590148805,0.915049665329652,10.95463435147494,-0.014891489328313644,long_collect,Nado,BTC-PERP,BTC,reachable
506,1783126800,1788307200,59.958333333333336,1.0,0.9565217391304348,10.95,0.7845849802371542,0.8201581027667985,10.95,9.444941976284584,3.9244800000000004,10.95,0.013663213825561422,short,Pacifica,BTC,BTC,blocked
64,1783137600,1788292800,59.666666666666664,8.0,0.90625,10.95,0.78125,0.796875,10.95,8.8301484375,0.7665,10.95,0.06154570648280802,short,BitMEX,XBTUSDT,BTC,reachable
127,1783137600,1788307200,59.833333333333336,4.0,0.7165354330708661,10.95,0.7165354330708661,0.7165354330708661,10.95,4.500570708661416,-12.130410000000001,10.95,-0.33374861386150323,long_collect,edgeX,BTCUSDC,BTC,blocked
63,1783152000,1788307200,59.666666666666664,8.0,0.9523809523809523,7.774500000000001,0.07936507936507936,0.6666666666666666,7.774500000000001,6.775442857142857,1.0950000000000002,10.95,-0.022026896523382918,short,BingX,BTC-USDT,BTC,reachable
63,1783152000,1788307200,59.666666666666664,8.0,0.6666666666666666,6.257925,0.09523809523809523,0.5873015873015873,6.257925,3.1897587791543516,-10.208685000000001,10.95,0.04302315910569295,long_collect,Bitunix,BTCUSD,BTC,blocked
63,1783152000,1788307200,59.666666666666664,8.0,0.36507936507936506,-5.2833749999999995,0.047619047619047616,0.0,-5.2833749999999995,-2.291417857142857,-9.81339,8.33952,0.2567960676162982,long_collect,Bitunix,BTCUSDC,BTC,blocked
63,1783152000,1788307200,59.666666666666664,8.0,0.6666666666666666,5.7564150000000005,0.047619047619047616,0.6031746031746031,5.7564150000000005,2.3737031944321623,-10.929195000000002,10.95,-0.07946698480123707,long_collect,Bitunix,BTCUSDT,BTC,blocked
39,1783152000,1784246400,12.666666666666666,8.0,0.9487179487179487,3.8544,0.10256410256410256,0.6153846153846154,3.8544,4.6390938461538465,0.143445,11.187615000000001,-0.03619617813765182,long_collect,Deribit,BTC/USDT:USDT,BTC,untested
63,1783152000,1788307200,59.666666666666664,8.0,0.9206349206349206,10.95,0.7142857142857143,0.8253968253968254,10.95,9.279690476190476,5.1465000000000005,10.95,-0.060734132926152706,short,GRVT,BTC_USDT_Perp,BTC,blocked
63,1783152000,1788307200,59.666666666666664,8.0,0.9523809523809523,8.652544524485217,0.047619047619047616,0.5873015873015873,8.652544524485217,7.145685056497941,1.4552850487493192,10.95,0.009568457925132194,long_collect,HTX,BTC-USDT,BTC,reachable
63,1783152000,1788307200,59.666666666666664,8.0,0.9365079365079365,5.694,0.12698412698412698,0.6190476190476191,5.694,5.895619047619047,0.9855,10.95,0.00990422865126983,long_collect,KuCoin,XBTUSDTM,BTC,reachable
63,1783152000,1788307200,59.666666666666664,8.0,1.0,8.212499999999999,0.07936507936507936,0.746031746031746,8.212499999999999,8.005666666666666,4.4895,10.95,0.029020548666474886,long_collect,MEXC,BTC_USDT,BTC,blocked
63,1783152000,1788307200,59.666666666666664,8.0,0.746031746031746,7.028804999999999,0.015873015873015872,0.5396825396825397,7.028804999999999,3.1124419047619045,-10.207590000000001,10.995989999999999,0.07319575682429932,short,Orderly,PERP_BTC_USDC,BTC,reachable
63,1783152000,1788307200,59.666666666666664,8.0,0.8253968253968254,7.866480000000001,0.015873015873015872,0.6031746031746031,7.866480000000001,6.56581119047619,-2.0520300000000002,13.095104999999998,-0.11751740643877907,short,WhiteBIT,BTC_PERP,BTC,reachable
63,1783152001,1788307200,59.66665509259259,8.0,0.0,0.0,0.9841269841269841,0.0,0.0,-0.056522857142857146,0.0,0.0,0.001586831616401007,long_collect,CoinEx,BTCUSDT,BTC,blocked
24,1787630400,1788292800,7.666666666666667,8.0,1.0,10.95,0.9583333333333334,1.0,10.95,10.890687499999999,10.95,10.95,0.042704999999999965,short,BitMEX,XBTUSD,BTC,reachable
24,1787644800,1788307200,7.666666666666667,8.0,0.75,9.9332925,0.08333333333333333,0.5416666666666666,9.9332925,8.017544375,0.0,15.68697,1.2629382456521738,long_collect,Bitfinex,tBTCF0:USTF0,BTC,untested
24,1787644800,1788307200,7.666666666666667,8.0,0.75,7.36497,0.0,0.5416666666666666,7.36497,8.64420375,0.0,19.483335,1.6834596652173912,long_collect,CoinEx,BTCUSD,BTC,blocked
24,1787644800,1788307200,7.666666666666667,8.0,1.0,2.8371449999999996,0.0,0.5416666666666666,2.8371449999999996,4.87484875,0.030660000000000003,12.33846,1.5498972782608695,long_collect,Deribit,BTC_USDC-PERPETUAL,BTC,untested
24,1787644800,1788307200,7.666666666666667,8.0,1.0,10.95,0.9583333333333334,0.9583333333333334,10.95,10.7771104857749,10.95,10.95,0.037885354421500136,long_collect,HTX,BTC-USD,BTC,reachable
24,1787644800,1788307200,7.666666666666667,8.0,1.0,9.2730075,0.08333333333333333,0.7916666666666666,9.2730075,9.020473125,6.16923,10.95,0.04621138043478266,long_collect,LBank,BTCUSDT,BTC,blocked
24,1787644800,1788307200,7.666666666666667,8.0,1.0,9.44675,0.0,0.7083333333333334,9.44675,8.845145833333333,5.3567,10.95,-0.019359782608695676,long_collect,Variational,BTC,BTC,blocked
534,1783126800,1788307200,59.958333333333336,1.0,0.8089887640449438,10.95,0.5936329588014981,0.6367041198501873,10.95,5.901549662921348,-7.60368,10.95,-0.11611395978559477,long_collect,ApeX,HYPE-USDT,HYPE,blocked
534,1783126800,1788307200,59.958333333333336,1.0,0.6367041198501873,10.95,0.41385767790262173,0.5711610486891385,10.95,-4.202620149119877,-51.98997289804138,21.708156,-0.5794410735978096,long_collect,Backpack,HYPE_USDC_PERP,HYPE,reachable
534,1783126800,1788307200,59.958333333333336,1.0,0.9138576779026217,12.264,0.0299625468164794,0.5786516853932584,12.264,14.137393258426966,0.876,28.032,0.3361226561148581,short,Coinbase,HYPE-PERP,HYPE,blocked
534,1783126800,1788307200,59.958333333333336,1.0,0.20973782771535582,-24.352800000000002,0.0149812734082397,0.0,-24.352800000000002,-25.12379811235955,-64.831884,10.887804000000001,-0.6769781798397566,long_collect,Crypto.com,HYPEUSD-PERP,HYPE,reachable
533,1783126800,1788307200,59.958333333333336,1.0,0.8330206378986866,11.388,0.6848030018761726,0.7185741088180112,11.388,6.179662288930581,-7.884,11.388,-0.11409456839949608,short,Extended,HYPE-USD,HYPE,blocked
533,1783126800,1788307200,59.958333333333336,1.0,0.575984990619137,6.0604698984030545,0.009380863039399626,0.5196998123827392,6.0604698984030545,13.310374885924634,-35.84249994999971,68.9582892999997,-0.30157902914318396,long_collect,Kraken,PF_HYPEUSD,HYPE,reachable
533,1783126800,1788307200,59.958333333333336,1.0,0.8255159474671669,10.511999999999999,0.6791744840525328,0.7035647279549718,10.511999999999999,6.294709193245778,-5.255999999999999,10.511999999999999,-0.07786618677593551,long_collect,Lighter,HYPE,HYPE,blocked
533,1783126800,1788307200,59.958333333333336,1.0,0.9362101313320825,10.949999999999964,0.8236397748592871,0.8480300187617261,10.949999999999964,9.141099068188923,3.2785816328835238,10.956445781090594,0.010210172148684723,long_collect,Nado,HYPE-PERP,HYPE,reachable
532,1783126800,1788307200,59.958333333333336,1.0,0.9229323308270677,10.95,0.8759398496240601,0.8872180451127819,10.95,8.798316766917292,4.18728,10.95,-0.12268755603042489,short,Pacifica,HYPE,HYPE,blocked
133,1783137600,1788307200,59.833333333333336,4.0,0.8646616541353384,10.95,0.6165413533834586,0.6842105263157895,10.95,7.19801954887218,-2.409,10.95,-0.1397775997868276,long_collect,BingX,HYPE-USDT,HYPE,reachable
67,1783137600,1788292800,59.666666666666664,8.0,0.9701492537313433,10.95,0.9402985074626866,0.9402985074626866,10.95,9.644171641791045,10.95,10.95,0.055010348959931926,short,BitMEX,HYPEUSDT,HYPE,reachable
133,1783137600,1788307200,59.833333333333336,4.0,0.8345864661654135,10.95,0.5789473684210527,0.6165413533834586,10.95,6.269939620378257,-4.67784,10.95,0.012437323028656768,long_collect,Bitunix,HYPEUSDT,HYPE,blocked
133,1783137600,1788307200,59.833333333333336,4.0,0.8270676691729323,9.243989999999998,0.11278195488721804,0.6691729323308271,9.243989999999998,5.7612972180451125,-6.58314,11.90046,0.0045282469093971085,long_collect,edgeX,HYPEUSDC,HYPE,blocked
133,1783137600,1788307200,59.833333333333336,4.0,0.9022556390977443,10.95,0.6390977443609023,0.7744360902255639,10.95,10.69642105263158,0.438,13.140000000000002,-0.10171620375693996,short,GRVT,HYPE_USDT_Perp,HYPE,blocked
133,1783137600,1788307200,59.833333333333336,4.0,0.9849624060150376,10.95,0.9699248120300752,0.9699248120300752,10.95,10.340307022257123,10.95,10.95,-0.037103118049052204,long_collect,HTX,HYPE-USDT,HYPE,reachable
133,1783137600,1788307200,59.833333333333336,4.0,0.8270676691729323,10.95,0.5864661654135338,0.6466165413533834,10.95,6.127060150375939,-5.256,10.95,0.021267902011928602,short,MEXC,HYPE_USDT,HYPE,blocked
133,1783137600,1788307200,59.833333333333336,4.0,0.6466165413533834,6.121049999999999,0.022556390977443608,0.5639097744360902,6.121049999999999,-1.855012330827068,-32.70765,10.95,-0.37621418633757553,long_collect,Orderly,PERP_HYPE_USDC,HYPE,reachable
133,1783137600,1788307200,59.833333333333336,4.0,1.0,10.95,1.0,1.0,10.95,10.95,10.95,10.95,0.0,short,WhiteBIT,HYPE_PERP,HYPE,reachable
66,1783152000,1788307200,59.666666666666664,8.0,0.6363636363636364,6.898499999999999,0.0,0.5303030303030303,6.898499999999999,19.48934090909091,-10.731,76.64999999999999,0.003993384040664652,long_collect,Deribit,HYPE_USDC-PERPETUAL,HYPE,untested
66,1783152001,1788307200,59.66665509259259,8.0,0.3787878787878788,0.0,0.5151515151515151,0.0,0.0,11.572358181818183,-2.28636,42.099464999999995,-0.41187126081926656,long_collect,CoinEx,HYPEUSDT,HYPE,blocked
62,1784160000,1788307200,48.0,4.0,1.0,10.95,0.8709677419354839,0.9032258064516129,10.95,10.218822580645162,8.979,10.95,-0.012181513534977081,short,KuCoin,HYPEUSDTM,HYPE,reachable
48,1787630400,1788307200,7.833333333333333,4.0,0.8541666666666666,10.95,0.6041666666666666,0.6666666666666666,10.95,7.049244999999999,-5.17716,10.95,0.023876515414676464,long_collect,LBank,HYPEUSDT,HYPE,blocked
24,1787644800,1788307200,7.666666666666667,8.0,0.125,0.0,0.875,0.0,0.0,-0.5148781249999999,0.0,0.125925,0.23487607173913028,long_collect,Bitfinex,tHYPEF0:USTF0,HYPE,untested
24,1787644800,1788307200,7.666666666666667,8.0,0.8333333333333334,10.95,0.5833333333333334,0.6666666666666666,10.95,7.759225,-2.6767,10.95,-0.03944373913043473,long_collect,Variational,HYPE,HYPE,blocked
733,1783126800,1788307200,59.958333333333336,1.0,0.869031377899045,9.588695999999999,0.005457025920873124,0.5129604365620737,9.588695999999999,21.3116303574352,-10.82298,68.383188,0.35542201736459417,short,Crypto.com,XAGUSD-PERP,XAG,reachable
733,1783126800,1788307200,59.958333333333336,1.0,0.9877216916780355,3.504,0.8567530695770805,0.9877216916780355,3.504,6.135585266030014,3.504,9.636,-0.087494905356913,long_collect,Extended,XAG-USD,XAG,blocked
733,1783126800,1788307200,59.958333333333336,1.0,0.9945429740791268,3.504,0.8526603001364257,0.9945429740791268,3.504,5.53087039563438,3.504,9.636000000000001,-0.06467996235353284,long_collect,Lighter,XAG,XAG,blocked
732,1783126800,1788307200,59.958333333333336,1.0,0.8155737704918032,8.06431545913053,0.02185792349726776,0.5724043715846995,8.06431545913053,8.632438597011166,-3.3748673780138163,20.761160418337703,0.05595525234603943,short,Nado,XAG-PERP,XAG,reachable
731,1783126800,1788307200,59.958333333333336,1.0,0.9261285909712722,10.95,0.8248974008207934,0.8891928864569083,10.95,9.462405800273597,6.58752,10.95,-0.0060312137813041495,short,Pacifica,XAG,XAG,blocked
183,1783137600,1788307200,59.833333333333336,4.0,0.5901639344262295,2.84481,0.01639344262295082,0.5191256830601093,2.84481,5.028252231340175,-7.181959268966069,23.78121,0.025970854132085653,short,Bitunix,XAGUSDT,XAG,blocked
183,1783137600,1788307200,59.833333333333336,4.0,0.9617486338797814,1.87464,0.13114754098360656,0.5846994535519126,1.87464,7.299365737704918,0.10293,23.66514,0.04496137344460262,short,edgeX,XAGUSDC,XAG,blocked
183,1783137600,1788307200,59.833333333333336,4.0,0.8087431693989071,23.652,0.02185792349726776,0.5519125683060109,23.652,30.77488524590164,0.0,80.373,-0.506372398889133,short,GRVT,XAG_USDT_Perp,XAG,blocked
183,1783137600,1788307200,59.833333333333336,4.0,0.18579234972677597,0.0,0.8142076502732241,0.0,0.0,2.5674639786832723,0.0,10.95,-0.1010632025852514,long_collect,HTX,XAG-USDT,XAG,reachable
183,1783137600,1788307200,59.833333333333336,4.0,0.9726775956284153,10.95,0.9344262295081968,0.9508196721311475,10.95,10.549900163934426,10.79889,11.024460000000001,0.013662456792808683,short,Orderly,PERP_XAG_USDC,XAG,reachable
183,1783137600,1788307200,59.833333333333336,4.0,0.9234972677595629,21.9,0.8524590163934426,0.9234972677595629,21.9,19.08602950819672,21.9,21.9,-0.23286391110374985,short,WhiteBIT,XAG_PERP,XAG,reachable
91,1783152000,1788307200,59.666666666666664,8.0,0.45054945054945056,0.0,0.5384615384615384,0.0,0.0,9.975582362637363,0.0,31.956480000000003,-0.24842918354785085,long_collect,CoinEx,XAGUSDT,XAG,blocked
112,1784160000,1788307200,48.0,4.0,0.8482142857142857,10.95,0.8035714285714286,0.8125,10.95,5.252089285714285,-13.358999999999998,10.95,0.23460517616446505,short,KuCoin,XAGUSDTM,XAG,reachable
266,1784808000,1788307200,40.5,1.0,0.9548872180451128,33.700534191488345,0.018796992481203006,0.6090225563909775,33.700534191488345,39.44500005952168,8.143844623674363,80.01990264999971,-0.40622334672473476,long_collect,Kraken,PF_XAGUSD,XAG,reachable
48,1787630400,1788307200,7.833333333333333,4.0,1.0,20.6955,0.0,0.6458333333333334,20.6955,23.008687499999997,9.636,41.172,1.0822812635692574,long_collect,BingX,NCCOXAG2USD-USDT,XAG,reachable
48,1787630400,1788307200,7.833333333333333,4.0,0.5416666666666666,1.1095,0.041666666666666664,0.5208333333333334,1.1095,8.94450625,0.0,30.402900000000006,0.04928209943551881,short,Variational,XAG,XAG,blocked
24,1787644800,1788307200,7.666666666666667,8.0,0.041666666666666664,-218.06268,0.0,0.0,-218.06268,-141.72867875,-246.98601,0.0,25.07903256521739,long_collect,Bitfinex,tXAGF0:USTF0,XAG,untested
589,1783126800,1788307200,59.958333333333336,1.0,1.0,10.95,1.0,1.0,10.95,10.95,10.95,10.95,0.0,short,ApeX,BNB-USDT,BNB,blocked
589,1783126800,1788307200,59.958333333333336,1.0,0.9185059422750425,10.95,0.597623089983022,0.9100169779286927,10.95,11.610563773898186,9.507566679379188,23.229768,-0.2493375395149989,short,Backpack,BNB_USDC_PERP,BNB,reachable
589,1783126800,1788307200,59.958333333333336,1.0,0.6112054329371817,2.628,0.05602716468590832,0.5144312393887945,2.628,2.702363327674024,-5.256,11.388,-0.009773905011821288,long_collect,Coinbase,BNB-PERP,BNB,blocked
589,1783126800,1788307200,59.958333333333336,1.0,0.8166383701188455,11.388,0.6468590831918506,0.6859083191850595,11.388,7.397663837011885,-4.380000000000001,11.388,0.012224782937686031,long_collect,Extended,BNB-USD,BNB,blocked
589,1783126800,1788307200,59.958333333333336,1.0,0.4906621392190153,-0.41548911809331346,0.013582342954159592,0.0,-0.41548911809331346,-0.24461118185175065,-23.198536985260766,23.644342299999707,-0.1735874186312282,long_collect,Kraken,PF_BNBUSD,BNB,reachable
589,1783126800,1788307200,59.958333333333336,1.0,0.8879456706281834,10.511999999999999,0.8166383701188455,0.8421052631578947,10.511999999999999,7.767993208828521,-0.876,10.511999999999999,0.0765761896185461,long_collect,Lighter,BNB,BNB,blocked
589,1783126800,1788307200,59.958333333333336,1.0,0.7945670628183361,8.055560004516229,0.01867572156196944,0.5755517826825127,8.055560004516229,5.506535610906407,-4.126629130858913,10.954692993964295,0.017350569943461125,long_collect,Nado,BNB-PERP,BNB,reachable
588,1783126800,1788307200,59.958333333333336,1.0,0.9863945578231292,10.95,0.9540816326530612,0.9744897959183674,10.95,10.728154489795918,10.95,10.95,-0.024424052101576627,short,Pacifica,BNB,BNB,blocked
74,1783137600,1788292800,59.666666666666664,8.0,1.0,10.95,1.0,1.0,10.95,10.95,10.95,10.95,0.0,short,BitMEX,BNBUSDT,BNB,reachable
147,1783137600,1788307200,59.833333333333336,4.0,0.9931972789115646,10.95,0.9863945578231292,0.9931972789115646,10.95,7.897974285714285,10.95,10.95,-0.1907904129244522,long_collect,edgeX,BNBUSDC,BNB,blocked
73,1783152000,1788307200,59.666666666666664,8.0,0.9863013698630136,10.95,0.5342465753424658,0.7397260273972602,10.95,9.4851,3.7887000000000004,12.2202,-0.03249628764355507,long_collect,BingX,BNB-USDT,BNB,reachable
73,1783152000,1788307200,59.666666666666664,8.0,0.7123287671232876,2.6685149999999997,0.0547945205479452,0.5068493150684932,2.6685149999999997,8.393263130571517,-0.5912999999999999,21.678810000000002,0.19421605616403517,long_collect,Bitunix,BNBUSD,BNB,blocked
73,1783152000,1788307200,59.666666666666664,8.0,0.7945205479452054,3.5072850000000004,0.0410958904109589,0.589041095890411,3.5072850000000004,3.5771512633656504,-0.18191296420555056,7.985835,-0.033667521560369736,long_collect,Bitunix,BNBUSDC,BNB,blocked
73,1783152000,1788307200,59.666666666666664,8.0,1.0,3.24777,0.0273972602739726,0.5616438356164384,3.24777,4.877342617760657,0.198195,12.19173,-0.08812546954174097,long_collect,Bitunix,BNBUSDT,BNB,blocked
49,1783152000,1784534400,16.0,8.0,0.32653061224489793,0.0,0.673469387755102,0.0,0.0,6.70408163265306,0.0,21.9,1.6290918367346938,long_collect,Deribit,BNB/USDT:USDT,BNB,untested
73,1783152000,1788307200,59.666666666666664,8.0,0.6164383561643836,6.2415,0.0136986301369863,0.5205479452054794,6.2415,18.0105,0.0,54.2025,-0.4362907802881343,long_collect,GRVT,BNB_USDT_Perp,BNB,blocked
73,1783152000,1788307200,59.666666666666664,8.0,0.9315068493150684,10.95,0.8493150684931506,0.8493150684931506,10.95,9.097900018052883,2.207232569996589,10.95,-0.11993077340155325,long_collect,HTX,BNB-USDT,BNB,reachable
73,1783152000,1788307200,59.666666666666664,8.0,0.8356164383561644,10.95,0.5616438356164384,0.6164383561643836,10.95,6.9825,-1.8615,10.95,-0.02051332853717141,short,KuCoin,BNBUSDTM,BNB,reachable
73,1783152000,1788307200,59.666666666666664,8.0,0.7123287671232876,3.3945000000000003,0.0273972602739726,0.5616438356164384,3.3945000000000003,4.8105,0.0,12.045,-0.09124853800608541,long_collect,MEXC,BNB_USDT,BNB,blocked
73,1783152000,1788307200,59.666666666666664,8.0,1.0,10.95,0.9863013698630136,1.0,10.95,10.93794,10.87554,11.009129999999999,0.0003239744810047443,short,Orderly,PERP_BNB_USDC,BNB,reachable
73,1783152000,1788307200,59.666666666666664,8.0,0.8767123287671232,10.95,0.821917808219178,0.8356164383561644,10.95,8.68329,-1.004115,10.95,-0.14873676024858812,long_collect,WhiteBIT,BNB_PERP,BNB,reachable
73,1783152001,1788307200,59.66665509259259,8.0,0.6164383561643836,4.166475,0.0273972602739726,0.5205479452054794,4.166475,5.255669999999999,0.0,13.419224999999999,-0.13860085927385823,long_collect,CoinEx,BNBUSDT,BNB,blocked
24,1787630400,1788292800,7.666666666666667,8.0,0.4583333333333333,-29.8935,0.0,0.0,-29.8935,-69.7925625,-197.976,10.95,-5.692619347826088,short,BitMEX,BNBUSD,BNB,reachable
24,1787644800,1788307200,7.666666666666667,8.0,0.0,0.0,0.9166666666666666,0.0,0.0,-0.15056250000000002,0.0,0.0,-0.07203290869565217,long_collect,Bitfinex,tBNBF0:USTF0,BNB,untested
24,1787644800,1788307200,7.666666666666667,8.0,0.8333333333333334,32.849999999999994,0.25,0.6666666666666666,32.849999999999994,55.662499999999994,0.0,142.35,0.057130434782609575,long_collect,Deribit,BNB_USDC-PERPETUAL,BNB,untested
24,1787644800,1788307200,7.666666666666667,8.0,0.4166666666666667,0.0,0.625,0.0,0.0,1.8295625,0.0,7.993499999999999,-0.1526810869565217,long_collect,LBank,BNBUSDT,BNB,blocked
24,1787644800,1788307200,7.666666666666667,8.0,0.625,3.2957499999999995,0.0,0.5416666666666666,3.2957499999999995,2.906883333333333,-5.8445,10.95,-1.522947652173913,long_collect,Variational,BNB,BNB,blocked
782,1783126800,1788307200,59.958333333333336,1.0,0.6854219948849105,5.256,0.04603580562659847,0.5562659846547314,5.256,6.084951406649616,-8.760000000000002,21.9,0.023618735005408755,long_collect,Coinbase,TSLA-PERP,TSLA,blocked
781,1783126800,1788307200,59.958333333333336,1.0,0.7746478873239436,5.00196,0.31241997439180536,0.7490396927016645,5.00196,15.715161833546736,-38.134908,71.408016,1.358476662070227,short,Crypto.com,TSLAUSD-PERP,TSLA,reachable
781,1783126800,1788307200,59.958333333333336,1.0,0.6991037131882202,17.72898075,0.006402048655569782,0.5390524967989757,17.72898075,13.204156558697019,-60.25108282500536,73.71174999999971,-0.48494737501658136,long_collect,Kraken,PF_TSLAXUSD,TSLA,reachable
781,1783126800,1788307200,59.958333333333336,1.0,0.9884763124199744,3.504,0.9743918053777209,0.9884763124199744,3.504,3.3021049935979514,3.504,3.504,-0.008060948397564244,long_collect,Lighter,TSLA,TSLA,blocked
781,1783126800,1788307200,59.958333333333336,1.0,0.5224071702944942,1.1789600591686267,0.012804097311139564,0.5044814340588989,1.1789600591686267,1.7389312243505213,-16.673081558133347,19.875142013792573,0.06963473737556126,long_collect,Nado,TSLA-PERP,TSLA,reachable
780,1783126800,1788307200,59.958333333333336,1.0,0.9846153846153847,10.95,0.9743589743589743,0.9756410256410256,10.95,10.299468923076923,10.95,10.95,-0.021843518516845038,short,Pacifica,TSLA,TSLA,blocked
781,1783126800,1788307200,59.958333333333336,1.0,0.9270166453265045,5.475,0.5262483994878361,0.8847631241997439,5.475,8.848931946222791,2.4319512000000003,24.267565200000004,-0.06270973213481443,short,tradeXYZ,xyz:TSLA,TSLA,blocked
195,1783137600,1788307200,59.833333333333336,4.0,0.8461538461538461,48.56106,0.015384615384615385,0.558974358974359,48.56106,40.445066,-28.553220000000003,100.37646,-0.6276264960097936,long_collect,edgeX,TSLAUSDC,TSLA,blocked
97,1783152000,1788307200,59.666666666666664,8.0,0.32989690721649484,-1.1260108194749499,0.15463917525773196,0.0,-1.1260108194749499,3.32017421636631,-5.841028028237672,19.9728,0.04582082853383766,short,Bitunix,TSLAUSDT,TSLA,blocked
97,1783152000,1788307200,59.666666666666664,8.0,0.6907216494845361,21.5715,0.010309278350515464,0.5670103092783505,21.5715,32.759690721649484,0.0,94.17,-0.39069408634033037,short,GRVT,TSLA_USDT_Perp,TSLA,blocked
97,1783152000,1788307200,59.666666666666664,8.0,0.8041237113402062,10.95,0.7010309278350515,0.7628865979381443,10.95,4.733335051546391,-12.045,10.95,0.04850229762953326,long_collect,KuCoin,TSLAUSDTM,TSLA,reachable
97,1783152000,1788307200,59.666666666666664,8.0,1.0,10.95,1.0,1.0,10.95,10.948261546391752,10.937954999999999,10.956570000000001,6.347494567758501e-05,short,Orderly,PERP_TSLA_USDC,TSLA,reachable
97,1783152000,1788307200,59.666666666666664,8.0,0.9381443298969072,10.95,0.6907216494845361,0.9381443298969072,10.95,14.261076804123713,10.95,26.57565,-0.07507158880296866,long_collect,WhiteBIT,TSLA_PERP,TSLA,reachable
192,1787619600,1788307200,7.958333333333333,1.0,0.578125,5.694,0.0,0.5208333333333334,5.694,8.696125,0.0,22.776,-2.675444158098907,short,Extended,TSLA_24_5-USD,TSLA,blocked
24,1787644800,1788307200,7.666666666666667,8.0,0.9166666666666666,10.95,0.25,0.75,10.95,12.57425,0.9855,27.375,-2.0144191304347827,long_collect,BingX,NCSKTSLA2USD-USDT,TSLA,reachable
24,1787644800,1788307200,7.666666666666667,8.0,0.5833333333333334,6.3044625000000005,0.0,0.5416666666666666,6.3044625000000005,7.025656874999999,0.0,22.117905,-3.1290410543478258,short,LBank,TSLAUSDT,TSLA,blocked
24,1787644800,1788307200,7.666666666666667,8.0,0.5833333333333334,5.5572,0.0,0.5416666666666666,5.5572,6.4516625,0.0,20.653399999999998,-2.9950579565217392,short,Variational,TSLA,TSLA,blocked
892,1783126800,1788307200,59.958333333333336,1.0,0.8340807174887892,5.00196,0.2825112107623318,0.7858744394618834,5.00196,18.367176457399104,-9.906684,54.66152399999999,0.2600840416275962,short,Crypto.com,XAUUSD-PERP,XAU,reachable
892,1783126800,1788307200,59.958333333333336,1.0,0.9955156950672646,3.504,0.8688340807174888,0.9955156950672646,3.504,6.2115470852017935,3.504,11.388,0.08822820105546395,short,Extended,XAU-USD,XAU,blocked
892,1783126800,1788307200,59.958333333333336,1.0,1.0,3.504,0.8419282511210763,1.0,3.504,5.663556053811659,3.504,7.884,0.045657224525302256,long_collect,Lighter,XAU,XAU,blocked
890,1783126800,1788307200,59.958333333333336,1.0,0.7337078651685394,10.95,0.6123595505617978,0.6651685393258427,10.95,3.333189842696629,-19.28952,10.95,0.32254901158128946,short,Pacifica,XAU,XAU,blocked
223,1783137600,1788307200,59.833333333333336,4.0,0.905829596412556,2.2644599999999997,0.08071748878923767,0.5381165919282511,2.2644599999999997,6.044396131994871,0.14700489646535694,15.238019999999999,0.1467482639451975,short,Bitunix,XAUUSDT,XAU,blocked
223,1783137600,1788307200,59.833333333333336,4.0,1.0,1.6797299999999997,0.16143497757847533,0.5874439461883408,1.6797299999999997,5.559123497757847,0.3066,15.64098,0.15996057278204567,short,edgeX,XAUUSDC,XAU,blocked
223,1783137600,1788307200,59.833333333333336,4.0,0.5426008968609866,4.1610000000000005,0.008968609865470852,0.5067264573991032,4.1610000000000005,17.307874439461884,0.0,58.910999999999994,-0.12090402381396474,short,GRVT,XAU_USDT_Perp,XAU,blocked
223,1783137600,1788307200,59.833333333333336,4.0,0.17937219730941703,0.0,0.820627802690583,0.0,0.0,2.3697216371006182,0.0,10.95,-0.03781059745874499,long_collect,HTX,XAU-USDT,XAU,reachable
223,1783137600,1788307200,59.833333333333336,4.0,0.3632286995515695,0.0,0.6367713004484304,0.0,0.0,4.817017937219731,0.0,14.016,0.19419825265893154,short,MEXC,XAU_USDT,XAU,blocked
223,1783137600,1788307200,59.833333333333336,4.0,0.9192825112107623,10.91496,0.7668161434977578,0.8789237668161435,10.91496,8.669660044843049,5.43339,11.16681,0.06154949334128753,short,Orderly,PERP_XAU_USDC,XAU,reachable
222,1783137600,1788307200,59.833333333333336,4.0,0.7207207207207207,21.9,0.6306306306306306,0.7207207207207207,21.9,11.370736486486486,-21.9,21.9,0.17496650286048945,short,WhiteBIT,XAU_PERP,XAU,reachable
64,1785427200,1788307200,33.333333333333336,4.0,0.5625,4.251250000000001,0.0,0.5,4.251250000000001,10.5709625,0.0,32.58800000000001,0.13192389719658007,short,Variational,XAU,XAU,blocked
192,1787619600,1788307200,7.958333333333333,1.0,0.7916666666666666,22.844677302598633,0.0,0.5416666666666666,22.844677302598633,24.868859755436773,-16.819626828005735,68.08983241172656,8.508067294720329,long_collect,Kraken,PF_XAUUSD,XAU,reachable
508,1783126800,1788307200,59.958333333333336,1.0,0.6614173228346457,9.27246,0.017716535433070866,0.562992125984252,9.27246,2.9241328346456688,-13.23636,10.95,-0.3723887112102915,long_collect,ApeX,ETH-USDT,ETH,blocked
508,1783126800,1788307200,59.958333333333336,1.0,0.9921259842519685,10.95,0.889763779527559,0.9212598425196851,10.95,10.439837701745981,10.35709632307182,10.95,-0.016181350654756926,short,Backpack,ETH_USDC_PERP,ETH,reachable
508,1783126800,1788307200,59.958333333333336,1.0,0.8031496062992126,1.752,0.16929133858267717,0.6476377952755905,1.752,1.9330629921259845,0.0,4.380000000000001,0.02143543897605519,long_collect,Coinbase,ETH-PERP,ETH,blocked
508,1783126800,1788307200,59.958333333333336,1.0,0.6673228346456693,3.0537360000000002,0.03937007874015748,0.5374015748031497,3.0537360000000002,2.188158330708662,-7.799028,10.990295999999999,0.01306231409840826,long_collect,Crypto.com,ETHUSD-PERP,ETH,reachable
340,1783126800,1788307200,59.958333333333336,1.0,0.7058823529411765,0.2554215101640646,0.20294117647058824,0.5117647058823529,0.2554215101640646,2.2323601712716066,0.0,7.388416912221417,0.08301940456940918,long_collect,Deribit,ETH-PERPETUAL,ETH,untested
508,1783126800,1788307200,59.958333333333336,1.0,0.7480314960629921,7.008,0.03543307086614173,0.5492125984251969,7.008,4.7955826771653545,-7.008,11.388,0.0489139070399793,short,Extended,ETH-USD,ETH,blocked
507,1783126800,1788307200,59.958333333333336,1.0,0.7514792899408284,7.465651375402281,0.023668639053254437,0.5463510848126233,7.465651375402281,7.261080186290516,-5.8695576999997074,19.53936249999971,0.04593397584460405,long_collect,Kraken,PF_ETHUSD,ETH,reachable
507,1783126800,1788307200,59.958333333333336,1.0,0.9861932938856016,25.09497415994519,0.021696252465483234,0.6706114398422091,25.09497415994519,27.328443420079463,10.547843000000293,39.759373350000004,-0.03577495432861475,long_collect,Kraken,PI_ETHUSD,ETH,reachable
507,1783126800,1788307200,59.958333333333336,1.0,0.9704142011834319,10.511999999999999,0.9112426035502958,0.9211045364891519,10.511999999999999,9.70684023668639,10.511999999999999,10.511999999999999,-0.036095918782415484,long_collect,Lighter,ETH,ETH,blocked
507,1783126800,1788307200,59.958333333333336,1.0,0.9625246548323472,9.26046712252644,0.029585798816568046,0.631163708086785,9.26046712252644,7.767842712498205,2.808856642524115,10.955526718609883,0.009256486145493771,long_collect,Nado,ETH-PERP,ETH,reachable
506,1783126800,1788307200,59.958333333333336,1.0,0.8438735177865613,10.95,0.5691699604743083,0.6343873517786561,10.95,6.8791102766798415,-2.90832,10.95,0.10961442597491836,short,Pacifica,ETH,ETH,blocked
64,1783137600,1788292800,59.666666666666664,8.0,0.828125,10.95,0.5625,0.59375,10.95,6.285984375,-3.723,10.95,0.14359324856733524,short,BitMEX,ETHUSDT,ETH,reachable
127,1783137600,1788307200,59.833333333333336,4.0,0.9921259842519685,10.95,0.984251968503937,0.9921259842519685,10.95,7.422358346456692,10.95,10.95,-0.18682896124800297,long_collect,edgeX,ETHUSDC,ETH,blocked
63,1783152000,1788307200,59.666666666666664,8.0,0.8095238095238095,3.723,0.1111111111111111,0.6031746031746031,3.723,4.2548571428571424,-1.752,10.95,0.12744722392023505,short,BingX,ETH-USDT,ETH,reachable
63,1783152000,1788307200,59.666666666666664,8.0,0.9365079365079365,5.228625,0.047619047619047616,0.5714285714285714,5.228625,5.111621071916469,0.24418499999999999,10.95,-0.0014938294672395558,long_collect,Bitunix,ETHUSD,ETH,blocked
63,1783152000,1788307200,59.666666666666664,8.0,0.3492063492063492,-1.77828,0.047619047619047616,0.0,-1.77828,-1.1471352444055978,-7.2707999999999995,8.080005,0.18518045622999876,long_collect,Bitunix,ETHUSDC,ETH,blocked
63,1783152000,1788307200,59.666666666666664,8.0,0.9206349206349206,4.8979349999999995,0.07936507936507936,0.5714285714285714,4.8979349999999995,4.57255452130629,0.8683350000000001,8.70963,-0.01889922382024756,long_collect,Bitunix,ETHUSDT,ETH,blocked
39,1783152000,1784246400,12.666666666666666,8.0,0.8205128205128205,0.876,0.10256410256410256,0.5641025641025641,0.876,1.9204615384615384,0.0,4.598999999999999,0.23307540485829958,long_collect,Deribit,ETH/USDT:USDT,ETH,untested
63,1783152000,1788307200,59.666666666666664,8.0,0.8888888888888888,10.95,0.5079365079365079,0.5714285714285714,10.95,7.143571428571428,-0.1095,10.95,-0.1393842437535958,long_collect,GRVT,ETH_USDT_Perp,ETH,blocked
63,1783152000,1788307200,59.666666666666664,8.0,0.5714285714285714,1.0378569006643965,0.015873015873015872,0.5079365079365079,1.0378569006643965,1.8013211995168568,-7.042839450767412,10.95,0.15816271318805178,long_collect,HTX,ETH-USDT,ETH,reachable
63,1783152000,1788307200,59.666666666666664,8.0,0.9206349206349206,5.3655,0.047619047619047616,0.6349206349206349,5.3655,5.250785714285714,0.9855,10.4025,-0.06061741737383907,long_collect,KuCoin,ETHUSDTM,ETH,reachable
63,1783152000,1788307200,59.666666666666664,8.0,0.9841269841269841,4.7085,0.047619047619047616,0.6031746031746031,4.7085,4.882309523809524,0.9855,8.541,-0.0005681094353579397,long_collect,MEXC,ETH_USDT,ETH,blocked
63,1783152000,1788307200,59.666666666666664,8.0,0.9682539682539683,10.957665,0.7936507936507936,0.9365079365079365,10.957665,11.229242380952382,10.710195,11.216085,0.015742318078614263,short,Orderly,PERP_ETH_USDC,ETH,reachable
63,1783152000,1788307200,59.666666666666664,8.0,0.9841269841269841,20.73492,0.047619047619047616,0.5555555555555556,20.73492,28.989203809523808,6.233835,60.026805,0.5040720104329333,short,WhiteBIT,ETH_PERP,ETH,reachable
63,1783152001,1788307200,59.66665509259259,8.0,0.015873015873015872,0.0,0.9841269841269841,0.0,0.0,0.006309285714285715,0.0,0.0,0.00036956930473645584,long_collect,CoinEx,ETHUSDT,ETH,blocked
24,1787630400,1788292800,7.666666666666667,8.0,1.0,10.95,1.0,1.0,10.95,10.949999999999998,10.95,10.95,-4.938955232688073e-32,short,BitMEX,ETHUSD,ETH,reachable
24,1787644800,1788307200,7.666666666666667,8.0,0.0,-0.9827625,0.0,0.0,-0.9827625,-5.075325,-13.08306,0.0,1.5324896347826085,long_collect,Bitfinex,tETHF0:BTCF0,ETH,untested
24,1787644800,1788307200,7.666666666666667,8.0,0.5,0.0438,0.5416666666666666,0.5,0.0438,2.368804375,0.0,6.90726,-0.6870691760869565,long_collect,Bitfinex,tETHF0:USTF0,ETH,untested
24,1787644800,1788307200,7.666666666666667,8.0,0.4166666666666667,0.0,0.5833333333333334,0.0,0.0,7.624485,0.0,30.571305000000002,-3.2032920521739126,long_collect,CoinEx,ETHUSD,ETH,blocked
24,1787644800,1788307200,7.666666666666667,8.0,0.875,2.90175,0.16666666666666666,0.625,2.90175,5.5799375,0.0,13.6875,0.8145371739130434,long_collect,Deribit,ETH_USDC-PERPETUAL,ETH,untested
24,1787644800,1788307200,7.666666666666667,8.0,0.9583333333333334,10.95,0.9583333333333334,0.9583333333333334,10.95,9.857892781048436,10.95,10.95,0.5128155636816037,long_collect,HTX,ETH-USD,ETH,reachable
24,1787644800,1788307200,7.666666666666667,8.0,0.9583333333333334,4.4374875,0.0,0.5833333333333334,4.4374875,5.046672500000001,1.067625,9.5265,-0.4460744347826087,long_collect,LBank,ETHUSDT,ETH,blocked
24,1787644800,1788307200,7.666666666666667,8.0,0.9166666666666666,5.9136999999999995,0.0,0.625,5.9136999999999995,5.486629166666667,0.9866999999999999,10.537399999999998,-0.3289271739130434,long_collect,Variational,ETH,ETH,blocked
557,1783126800,1788307200,59.958333333333336,1.0,1.0,10.95,0.9982046678635548,0.9982046678635548,10.95,10.938645026929983,10.95,10.95,-0.0007038911307827185,long_collect,ApeX,LINK-USDT,LINK,blocked
557,1783126800,1788307200,59.958333333333336,1.0,0.9066427289048474,10.95,0.8186714542190305,0.8312387791741472,10.95,8.75713994257296,0.48165865390545454,10.95,-0.12255269810696567,long_collect,Backpack,LINK_USDC_PERP,LINK,reachable
557,1783126800,1788307200,59.958333333333336,1.0,0.8491921005385996,7.884,0.04847396768402154,0.5978456014362658,7.884,7.858836624775584,-1.752,17.520000000000003,-0.004835854458564348,short,Coinbase,LINK-PERP,LINK,blocked
557,1783126800,1788307200,59.958333333333336,1.0,0.6337522441651705,6.106596,0.01436265709156194,0.5314183123877917,6.106596,4.8415938096947935,-21.626688,27.806867999999994,-0.14103204913283374,short,Crypto.com,LINKUSD-PERP,LINK,reachable
556,1783126800,1788307200,59.958333333333336,1.0,0.7949640287769785,11.388,0.5953237410071942,0.6402877697841727,11.388,6.577877697841726,-6.132,11.388,-0.0027253686489912897,long_collect,Extended,LINK-USD,LINK,blocked
556,1783126800,1788307200,59.958333333333336,1.0,0.5485611510791367,1.3738800750000002,0.03237410071942446,0.5179856115107914,1.3738800750000002,1.6785215529308832,-15.2341429670079,21.449619200000292,-0.08794293451942574,long_collect,Kraken,PF_LINKUSD,LINK,reachable
556,1783126800,1788307200,59.958333333333336,1.0,0.8381294964028777,10.511999999999999,0.6834532374100719,0.7086330935251799,10.511999999999999,6.385661870503596,-4.380000000000001,10.511999999999999,-0.18085762649846002,long_collect,Lighter,LINK,LINK,blocked
556,1783126800,1788307200,59.958333333333336,1.0,0.9964028776978417,10.95396939998352,0.8741007194244604,0.9100719424460432,10.95396939998352,10.376105674278847,9.463596874149962,10.958269872238548,-0.0037570479895739114,short,Nado,LINK-PERP,LINK,reachable
555,1783126800,1788307200,59.958333333333336,1.0,0.9045045045045045,10.95,0.7333333333333333,0.790990990990991,10.95,8.14283827027027,0.37668,10.95,-0.057107771195103386,long_collect,Pacifica,LINK,LINK,blocked
46,1783137600,1784433600,15.0,8.0,1.0,10.95,1.0,1.0,10.95,10.95,10.95,10.95,0.0,short,BitMEX,LINK/USDT:USDT,LINK,reachable
46,1783137600,1784433600,15.0,8.0,1.0,10.95,1.0,1.0,10.95,10.95,10.95,10.95,0.0,short,BitMEX,LINKUSDT,LINK,reachable
139,1783137600,1788307200,59.833333333333336,4.0,0.9856115107913669,10.95,0.9784172661870504,0.9856115107913669,10.95,4.428983525179856,10.95,10.95,-0.3669697201643029,long_collect,edgeX,LINKUSDC,LINK,blocked
69,1783152000,1788307200,59.666666666666664,8.0,0.9855072463768116,10.95,0.6231884057971014,0.6666666666666666,10.95,9.059934782608696,2.9564999999999997,10.95,-0.011343467658530535,long_collect,BingX,LINK-USDT,LINK,reachable
69,1783152000,1788307200,59.666666666666664,8.0,0.927536231884058,10.95,0.6231884057971014,0.7246376811594203,10.95,7.9370202173913045,0.19490999999999997,10.95,-0.04328110577629881,long_collect,Bitunix,LINKUSD,LINK,blocked
69,1783152000,1788307200,59.666666666666664,8.0,0.7971014492753623,6.380565000000001,0.057971014492753624,0.5942028985507246,6.380565000000001,5.7684336056075045,-2.175765,10.95,-0.02728759931450934,long_collect,Bitunix,LINKUSDC,LINK,blocked
69,1783152000,1788307200,59.666666666666664,8.0,0.7536231884057971,5.256,0.028985507246376812,0.5362318840579711,5.256,3.743176863432582,-7.85115,10.95,0.07113805371437758,long_collect,Bitunix,LINKUSDT,LINK,blocked
45,1783152000,1784419200,14.666666666666666,8.0,0.35555555555555557,-3.8324999999999996,0.022222222222222223,0.0,-3.8324999999999996,-7.4168,-27.594,11.4975,-0.17515671936758898,long_collect,Deribit,LINK/USDT:USDT,LINK,untested
69,1783152000,1788307200,59.666666666666664,8.0,0.8260869565217391,10.95,0.5507246376811594,0.6086956521739131,10.95,6.433521739130434,-4.4895,10.95,-0.14989727746663067,long_collect,GRVT,LINK_USDT_Perp,LINK,blocked
69,1783152000,1788307200,59.666666666666664,8.0,0.9855072463768116,10.95,0.9565217391304348,0.9710144927536232,10.95,10.26169721201626,10.95,10.95,0.015088567648707061,long_collect,HTX,LINK-USDT,LINK,reachable
69,1783152000,1788307200,59.666666666666664,8.0,0.8405797101449275,10.731,0.5072463768115942,0.5942028985507246,10.731,6.674739130434782,-3.942,10.95,-0.034176294534478936,short,KuCoin,LINKUSDTM,LINK,reachable
69,1783152000,1788307200,59.666666666666664,8.0,0.8985507246376812,7.008,0.028985507246376812,0.5942028985507246,7.008,6.339891304347826,-0.219,10.95,-0.0038691079744985818,long_collect,MEXC,LINK_USDT,LINK,blocked
69,1783152000,1788307200,59.666666666666664,8.0,0.9420289855072463,9.18924,0.057971014492753624,0.6811594202898551,9.18924,7.726669130434783,3.65073,10.87335,-0.0442789557445307,short,Orderly,PERP_LINK_USDC,LINK,reachable
69,1783152000,1788307200,59.666666666666664,8.0,0.7681159420289855,10.95,0.5072463768115942,0.5797101449275363,10.95,5.133883695652173,-8.77752,10.95,-0.01918013605252157,short,WhiteBIT,LINK_PERP,LINK,reachable
69,1783152001,1788307200,59.66665509259259,8.0,0.028985507246376812,0.0,0.8405797101449275,0.0,0.0,-1.1686189130434783,-3.2291550000000004,0.0,-0.0736833751432671,long_collect,CoinEx,LINKUSDT,LINK,blocked
24,1787630400,1788292800,7.666666666666667,8.0,1.0,10.95,1.0,1.0,10.95,10.949999999999998,10.95,10.95,-4.938955232688073e-32,short,BitMEX,LINKUSD,LINK,reachable
24,1787644800,1788307200,7.666666666666667,8.0,0.041666666666666664,0.0,0.9166666666666666,0.0,0.0,-6.1721956250000005,0.0,0.0,-0.5581971978260865,long_collect,Bitfinex,tLINKF0:USTF0,LINK,untested
24,1787644800,1788307200,7.666666666666667,8.0,0.5416666666666666,0.71175,0.08333333333333333,0.5416666666666666,0.71175,-3.531375,-20.0385,7.446,3.019914782608695,long_collect,Deribit,LINK_USDC-PERPETUAL,LINK,untested
24,1787644800,1788307200,7.666666666666667,8.0,0.9166666666666666,7.82925,0.0,0.5416666666666666,7.82925,6.4194375,0.3285,10.95,-0.48289499999999985,long_collect,LBank,LINKUSDT,LINK,blocked
24,1787644800,1788307200,7.666666666666667,8.0,0.4166666666666667,-1.32225,0.0,0.0,-1.32225,-2.0125875,-10.0359,7.1219,1.312450565217391,long_collect,Variational,LINK,LINK,blocked
580,1783126800,1788307200,59.958333333333336,1.0,0.9310344827586207,10.95,0.8931034482758621,0.9,10.95,8.767098620689655,9.70608,10.95,0.0050656131458473586,short,ApeX,LIT-USDT,LIT,blocked
579,1783126800,1788307200,59.958333333333336,1.0,0.8652849740932642,10.95,0.7236614853195165,0.8290155440414507,10.95,5.727636567399692,-10.395492,11.374615131468788,0.2706605091712728,short,Backpack,LIT_USDC_PERP,LIT,reachable
579,1783126800,1788307200,59.958333333333336,1.0,0.20898100172711573,-52.56000000000001,0.0069084628670120895,0.0,-52.56000000000001,-56.86283937823835,-140.16000000000003,13.140000000000002,-1.2487939876725178,long_collect,Coinbase,LIT-PERP,LIT,blocked
579,1783126800,1788307200,59.958333333333336,1.0,0.8255613126079447,11.388,0.7772020725388601,0.7927461139896373,11.388,4.714362694300518,-18.395999999999997,11.388,0.12180185578322847,short,Extended,LIT-USD,LIT,blocked
579,1783126800,1788307200,59.958333333333336,1.0,0.9568221070811744,10.511999999999999,0.8169257340241797,0.9378238341968912,10.511999999999999,10.9280621761658,10.511999999999999,14.016,-0.004344515160877517,long_collect,Lighter,LIT,LIT,blocked
579,1783126800,1788307200,59.958333333333336,1.0,0.8238341968911918,10.949999999999964,0.7633851468048359,0.7754749568221071,10.949999999999964,4.202680082909962,-18.423561186780613,10.962197942505277,0.20887903958032192,short,Nado,LIT-PERP,LIT,reachable
578,1783126800,1788307200,59.958333333333336,1.0,0.7785467128027682,10.95,0.7041522491349481,0.7231833910034602,10.95,1.630754325259515,-26.06976,10.95,0.2803893111503035,long_collect,Pacifica,LIT,LIT,blocked
144,1783137600,1788307200,59.833333333333336,4.0,0.8680555555555556,10.95,0.8263888888888888,0.8472222222222222,10.95,5.876195833333332,-12.577169999999999,10.95,0.1594484565641509,long_collect,edgeX,LITUSDC,LIT,blocked
144,1783137600,1788307200,59.833333333333336,4.0,0.9930555555555556,10.95,0.8194444444444444,0.9930555555555556,10.95,17.025729166666665,10.95,39.858,-0.16006817006072033,short,GRVT,LIT_USDT_Perp,LIT,blocked
144,1783137600,1788307200,59.833333333333336,4.0,0.8541666666666666,10.95,0.7361111111111112,0.8402777777777778,10.95,-8.832855408825385,-107.24047489699151,12.991122379811717,1.0227299453979142,long_collect,HTX,LIT-USDT,LIT,reachable
144,1783137600,1788307200,59.833333333333336,4.0,0.8055555555555556,10.95,0.7569444444444444,0.7847222222222222,10.95,4.4286666666666665,-14.454,10.95,0.21091045616957846,long_collect,MEXC,LIT_USDT,LIT,blocked
144,1783137600,1788307200,59.833333333333336,4.0,0.5,0.41829,0.0,0.5,0.41829,-12.940846875,-55.74207,10.95,0.5768672019882066,long_collect,Orderly,PERP_LIT_USDC,LIT,reachable
144,1783137600,1788307200,59.833333333333336,4.0,1.0,10.95,1.0,1.0,10.95,10.95,10.95,10.95,0.0,long_collect,WhiteBIT,LIT_PERP,LIT,reachable
72,1783152000,1788307200,59.666666666666664,8.0,0.1527777777777778,-3.6293775000000004,0.0,0.0,-3.6293775000000004,-23.566955,-71.17281,7.518269999999999,-0.11619790859714178,long_collect,CoinEx,LITUSDT,LIT,blocked
73,1784160000,1788307200,48.0,4.0,0.7945205479452054,10.95,0.684931506849315,0.6986301369863014,10.95,0.12299999999999943,-25.623,10.95,0.6061608290642874,long_collect,KuCoin,LITUSDTM,LIT,reachable
48,1787630400,1788307200,7.833333333333333,4.0,0.9791666666666666,10.95,0.9791666666666666,0.9791666666666666,10.95,10.699062499999998,10.95,10.95,-0.18436224489795916,long_collect,LBank,LITUSDT,LIT,blocked
536,1783126800,1788307200,59.958333333333336,1.0,1.0,10.95,1.0,1.0,10.95,10.95,10.95,10.95,0.0,short,ApeX,LTC-USDT,LTC,blocked
535,1783126800,1788307200,59.958333333333336,1.0,0.9775700934579439,10.95,0.9177570093457944,0.930841121495327,10.95,10.276278947037712,10.95,10.95,0.0048537876900206145,short,Backpack,LTC_USDC_PERP,LTC,reachable
535,1783126800,1788307200,59.958333333333336,1.0,0.36261682242990656,-0.876,0.08224299065420561,0.0,-0.876,-2.3218093457943922,-7.008,4.380000000000001,0.022085593530226644,long_collect,Coinbase,LTC-PERP,LTC,blocked
535,1783126800,1788307200,59.958333333333336,1.0,0.2841121495327103,-8.328132,0.029906542056074768,0.0,-8.328132,-9.430027020560749,-29.864592000000002,11.095416,-0.2773122750531756,long_collect,Crypto.com,LTCUSD-PERP,LTC,reachable
535,1783126800,1788307200,59.958333333333336,1.0,0.6373831775700934,7.884,0.014953271028037384,0.525233644859813,7.884,2.1793570093457943,-14.016,11.388,0.06403521117292459,long_collect,Extended,LTC-USD,LTC,blocked
535,1783126800,1788307200,59.958333333333336,1.0,0.5551401869158878,1.834789299999708,0.013084112149532711,0.5121495327102804,1.834789299999708,1.7169167959134304,-20.817380799999707,23.4175605,0.006568723987231853,long_collect,Kraken,PF_LTCUSD,LTC,reachable
535,1783126800,1788307200,59.958333333333336,1.0,0.594392523364486,2372.7597151289046,0.003738317757009346,0.5383177570093458,2372.7597151289046,514.9098343252554,-4380.0,4380.0,64.25067621548634,long_collect,Kraken,PI_LTCUSD,LTC,reachable
535,1783126800,1788307200,59.958333333333336,1.0,0.7850467289719626,10.511999999999999,0.5850467289719626,0.6280373831775701,10.511999999999999,5.44266168224299,-7.008,10.511999999999999,-0.09984262213479404,long_collect,Lighter,LTC,LTC,blocked
535,1783126800,1788307200,59.958333333333336,1.0,0.6523364485981309,2.952000465335028,0.020560747663551402,0.525233644859813,2.952000465335028,1.8529627487204847,-7.346507672564124,10.949999999999964,0.007909674222139666,long_collect,Nado,LTC-PERP,LTC,reachable
534,1783126800,1788307200,59.958333333333336,1.0,0.9887640449438202,10.95,0.9044943820224719,0.9344569288389513,10.95,10.467264943820224,10.95,10.95,0.012359031742738905,short,Pacifica,LTC,LTC,blocked
43,1783137600,1784347200,14.0,8.0,0.9767441860465116,10.95,0.9534883720930233,0.9534883720930233,10.95,10.473802325581396,10.95,10.95,-0.08086001208094232,long_collect,BitMEX,LTCUSDT,LTC,reachable
133,1783137600,1788307200,59.833333333333336,4.0,0.9924812030075187,10.95,0.9849624060150376,0.9924812030075187,10.95,4.2676513533834575,10.95,10.95,-0.373022145198297,long_collect,edgeX,LTCUSDC,LTC,blocked
66,1783152000,1788307200,59.666666666666664,8.0,1.0,10.95,0.7424242424242424,0.8333333333333334,10.95,9.941604545454545,5.912999999999999,10.95,0.018140518319651557,long_collect,BingX,LTC-USDT,LTC,reachable
66,1783152000,1788307200,59.666666666666664,8.0,0.9696969696969697,10.95,0.5454545454545454,0.6363636363636364,10.95,7.953318751652663,0.876,10.95,0.02058562455415059,long_collect,Bitunix,LTCUSD,LTC,blocked
66,1783152000,1788307200,59.666666666666664,8.0,0.8484848484848485,7.2866775,0.030303030303030304,0.5454545454545454,7.2866775,6.040959309277582,-0.966885,10.95,0.08454557948053568,long_collect,Bitunix,LTCUSDC,LTC,blocked
66,1783152000,1788307200,59.666666666666664,8.0,0.5303030303030303,1.2242099999999998,0.045454545454545456,0.5151515151515151,1.2242099999999998,1.197848922251051,-9.344730000000002,10.95,0.20192418486491812,long_collect,Bitunix,LTCUSDT,LTC,blocked
42,1783152000,1784332800,13.666666666666666,8.0,0.6190476190476191,0.438,0.16666666666666666,0.5238095238095238,0.438,1.7598214285714284,-8.322000000000001,10.95,0.3024137833238798,long_collect,Deribit,LTC/USDT:USDT,LTC,untested
66,1783152000,1788307200,59.666666666666664,8.0,0.9696969696969697,10.95,0.7272727272727273,0.8333333333333334,10.95,9.770386363636364,5.037,10.95,0.0019063306463837325,long_collect,GRVT,LTC_USDT_Perp,LTC,blocked
66,1783152000,1788307200,59.666666666666664,8.0,1.0,10.95,1.0,1.0,10.95,10.95,10.95,10.95,0.0,long_collect,HTX,LTC-USDT,LTC,reachable
66,1783152000,1788307200,59.666666666666664,8.0,0.9242424242424242,10.95,0.6515151515151515,0.696969696969697,10.95,8.034977272727273,1.971,10.95,0.010956012288331141,short,KuCoin,LTCUSDTM,LTC,reachable
66,1783152000,1788307200,59.666666666666664,8.0,0.8939393939393939,7.227,0.045454545454545456,0.5606060606060606,7.227,5.919636363636363,-0.657,10.95,0.0669195576470271,long_collect,MEXC,LTC_USDT,LTC,blocked
66,1783152000,1788307200,59.666666666666664,8.0,0.9696969696969697,5.3310075,0.07575757575757576,0.6515151515151515,5.3310075,6.2077209090909085,1.958955,10.95,0.14460459455042154,short,Orderly,PERP_LTC_USDC,LTC,reachable
66,1783152000,1788307200,59.666666666666664,8.0,0.7575757575757576,10.95,0.3787878787878788,0.6666666666666666,10.95,25.59328568181818,-19.183305,102.6234,1.363513020224545,short,WhiteBIT,LTC_PERP,LTC,reachable
66,1783152001,1788307200,59.66665509259259,8.0,0.045454545454545456,0.0,0.8939393939393939,0.0,0.0,0.24969318181818176,0.0,0.0,0.030695544812417774,long_collect,CoinEx,LTCUSDT,LTC,blocked
24,1787644800,1788307200,7.666666666666667,8.0,0.5833333333333334,11.154765000000001,0.0,0.5,11.154765000000001,3.5176418750000003,-120.01747500000002,107.486295,3.3229446065217405,long_collect,Bitfinex,tLTCF0:BTCF0,LTC,untested
24,1787644800,1788307200,7.666666666666667,8.0,0.0,0.0,1.0,0.0,0.0,0.0,0.0,0.0,0.0,long_collect,Bitfinex,tLTCF0:USTF0,LTC,untested
24,1787644800,1788307200,7.666666666666667,8.0,0.08333333333333333,-4.32525,0.0,0.0,-4.32525,-5.7852500000000004,-17.301,-0.219,0.39477130434782587,long_collect,Deribit,LTC_USDC-PERPETUAL,LTC,untested
24,1787644800,1788307200,7.666666666666667,8.0,1.0,10.95,0.5416666666666666,0.6666666666666666,10.95,8.294625,1.752,10.95,-0.7118452173913042,long_collect,LBank,LTCUSDT,LTC,blocked
24,1787644800,1788307200,7.666666666666667,8.0,0.041666666666666664,-6.7072,0.16666666666666666,0.0,-6.7072,-6.900754166666666,-11.4119,-2.0649,0.03712239130434788,long_collect,Variational,LTC,LTC,blocked
528,1783126800,1788307200,59.958333333333336,1.0,0.9848484848484849,10.95,0.9772727272727273,0.9772727272727273,10.95,10.503837272727273,10.95,10.95,-0.0240724675034195,long_collect,ApeX,ENA-USDT,ENA,blocked
528,1783126800,1788307200,59.958333333333336,1.0,0.7310606060606061,10.95,0.42234848484848486,0.7140151515151515,10.95,7.507473687810584,-53.375556,62.846868,-0.7315955859654585,short,Backpack,ENA_USDC_PERP,ENA,reachable
528,1783126800,1788307200,59.958333333333336,1.0,0.4810606060606061,-0.876,0.017045454545454544,0.0,-0.876,7.973590909090908,-13.140000000000002,43.8,0.7358939191806728,short,Coinbase,ENA-PERP,ENA,blocked
528,1783126800,1788307200,59.958333333333336,1.0,0.25,-13.173288,0.015151515151515152,0.0,-13.173288,-15.493274454545455,-48.300011999999995,14.362020000000001,0.48214785699924134,long_collect,Crypto.com,ENAUSD-PERP,ENA,reachable
528,1783126800,1788307200,59.958333333333336,1.0,0.8087121212121212,11.388,0.7462121212121212,0.75,11.388,5.05690909090909,-14.892,11.388,0.12565444803595258,short,Extended,ENA-USD,ENA,blocked
527,1783126800,1788307200,59.958333333333336,1.0,0.4990512333965844,-0.3558131157448159,0.0056925996204933585,0.0,-0.3558131157448159,-2.0150930453108225,-44.98324970000029,39.36379730000029,-0.08272871432690443,long_collect,Kraken,PF_ENAUSD,ENA,reachable
527,1783126800,1788307200,59.958333333333336,1.0,1.0,10.511999999999999,0.9222011385199241,1.0,10.511999999999999,11.79358633776091,10.511999999999999,10.511999999999999,-0.04123587897318248,long_collect,Lighter,ENA,ENA,blocked
527,1783126800,1788307200,59.958333333333336,1.0,0.8804554079696395,10.949999999999964,0.7969639468690702,0.8197343453510436,10.949999999999964,8.142942596956146,-2.134441903305564,10.95977969633754,0.033731718221922474,long_collect,Nado,ENA-PERP,ENA,reachable
526,1783126800,1788307200,59.958333333333336,1.0,0.9752851711026616,10.95,0.903041825095057,0.9201520912547528,10.95,10.23171330798479,10.95,10.95,0.003085350263563633,short,Pacifica,ENA,ENA,blocked
132,1783137600,1788307200,59.833333333333336,4.0,0.9772727272727273,10.95,0.9015151515151515,0.9090909090909091,10.95,10.241568181818181,10.95,10.95,0.019095229494409737,short,BingX,ENA-USDT,ENA,reachable
132,1783137600,1788307200,59.833333333333336,4.0,0.7196969696969697,10.95,0.5075757575757576,0.5303030303030303,10.95,4.124053574274421,-8.02197,10.95,-0.0383111092557231,long_collect,Bitunix,ENAUSDC,ENA,blocked
132,1783137600,1788307200,59.833333333333336,4.0,0.9545454545454546,10.95,0.4772727272727273,0.6363636363636364,10.95,8.427140941979259,0.9066600000000001,10.95,-0.016900986870786255,long_collect,Bitunix,ENAUSDT,ENA,blocked
132,1783137600,1788307200,59.833333333333336,4.0,1.0,10.95,0.9848484848484849,1.0,10.95,14.130692954545454,10.95,10.95,0.176028249721099,long_collect,edgeX,ENAUSDC,ENA,blocked
132,1783137600,1788307200,59.833333333333336,4.0,0.9545454545454546,10.95,0.9242424242424242,0.9242424242424242,10.95,10.171886363636363,10.95,10.95,-0.04315164275428661,long_collect,GRVT,ENA_USDT_Perp,ENA,blocked
132,1783137600,1788307200,59.833333333333336,4.0,1.0,10.95,0.9318181818181818,1.0,10.95,16.092653559580587,10.95,10.95,-0.20109659691114426,long_collect,HTX,ENA-USDT,ENA,reachable
131,1783137600,1788307200,59.833333333333336,4.0,0.7786259541984732,10.95,0.5419847328244275,0.6030534351145038,10.95,4.63912213740458,-10.293,10.95,0.028481745540038555,long_collect,MEXC,ENA_USDT,ENA,blocked
131,1783137600,1788307200,59.833333333333336,4.0,0.732824427480916,7.848960000000001,0.0916030534351145,0.5267175572519084,7.848960000000001,-4.125007099236641,-66.93735,21.91533,-0.4384427594896487,long_collect,Orderly,PERP_ENA_USDC,ENA,reachable
131,1783137600,1788307200,59.833333333333336,4.0,0.9770992366412213,10.95,0.9694656488549618,0.9694656488549618,10.95,10.125356335877862,10.95,10.95,-0.019888561939575302,long_collect,WhiteBIT,ENA_PERP,ENA,reachable
65,1783152001,1788307200,59.66665509259259,8.0,0.26153846153846155,0.0,0.7230769230769231,0.0,0.0,5.910372,0.0,31.485629999999997,0.04758216697847904,long_collect,CoinEx,ENAUSDT,ENA,blocked
60,1784160000,1788307200,48.0,4.0,0.7833333333333333,10.95,0.6833333333333333,0.6833333333333333,10.95,5.1611,-11.825999999999999,10.95,0.1892327044448723,short,KuCoin,ENAUSDTM,ENA,reachable
48,1787630400,1788307200,7.833333333333333,4.0,0.7291666666666666,10.95,0.5208333333333334,0.5833333333333334,10.95,5.109999999999999,-7.446,10.95,-0.7254672166739037,long_collect,LBank,ENAUSDT,ENA,blocked
48,1787630400,1788307200,7.833333333333333,4.0,0.9791666666666666,10.95,0.9166666666666666,0.9375,10.95,10.266360416666666,10.95,10.95,-0.10698605080330006,long_collect,Variational,ENA,ENA,blocked
24,1787644800,1788307200,7.666666666666667,8.0,0.125,0.0,0.7083333333333334,0.0,0.0,4.2896624999999995,-22.941345,27.400185,2.126026291304348,long_collect,Bitfinex,tENAF0:USTF0,ENA,untested
24,1787644800,1788307200,7.666666666666667,8.0,0.16666666666666666,0.0,0.6666666666666666,0.0,0.0,-3.143015,-19.10118,0.41500499999999996,-2.0528079260869565,long_collect,Deribit,ENA_USDC-PERPETUAL,ENA,untested
1032,1783126800,1788307200,59.958333333333336,1.0,0.49612403100775193,-0.784896,0.0,0.0,-0.784896,-23.025194837209302,-91.653252,43.94892,-0.3684760249341738,long_collect,Crypto.com,CLUSD-PERP,CL,reachable
1030,1783126800,1788307200,59.958333333333336,1.0,0.5223300970873787,3.5083799999999994,0.005825242718446602,0.5058252427184466,3.5083799999999994,-17.33251048543689,-74.49504,10.95,0.27547993669669424,long_collect,Pacifica,CL,CL,blocked
1032,1783126800,1788307200,59.958333333333336,1.0,0.7218992248062015,5.475,0.41375968992248063,0.6627906976744186,5.475,-0.46649495581395367,-25.711913999999997,21.0133128,-0.18651296864134723,long_collect,tradeXYZ,xyz:CL,CL,blocked
258,1783137600,1788307200,59.833333333333336,4.0,0.13953488372093023,-2.7004360435224,0.011627906976744186,0.0,-2.7004360435224,-7.581027388422521,-39.8931073042407,11.2745882793999,-0.2379700179011623,long_collect,Bitunix,CLUSDT,CL,blocked
258,1783137600,1788307200,59.833333333333336,4.0,0.9844961240310077,10.95,0.9689922480620154,0.9844961240310077,10.95,13.147732906976744,10.95,10.95,0.25409786536602846,long_collect,edgeX,CLUSDC,CL,blocked
258,1783137600,1788307200,59.833333333333336,4.0,0.18992248062015504,0.0,0.6046511627906976,0.0,0.0,-3.593127906976744,-31.536,20.148,-0.5287453922509917,long_collect,GRVT,CL_USDT_Perp,CL,blocked
258,1783137600,1788307200,59.833333333333336,4.0,0.9224806201550387,10.95,0.8643410852713178,0.8837209302325582,10.95,6.9683083720930235,6.09258,11.024460000000001,-0.09453936401218456,short,Orderly,PERP_CL_USDC,CL,reachable
258,1783137600,1788307200,59.833333333333336,4.0,0.5,0.0,0.0,0.0,0.0,-1.5821476744186054,-32.2368,28.732799999999997,-0.22661073393490372,long_collect,WhiteBIT,CL_PERP,CL,reachable
112,1783152001,1788307200,59.66665509259259,8.0,0.44642857142857145,0.0,0.45535714285714285,0.0,0.0,6.287138035714285,0.0,23.646525,-0.022812654144836672,long_collect,CoinEx,CLUSDT,CL,blocked
187,1784160000,1788307200,48.0,4.0,0.7486631016042781,10.95,0.6203208556149733,0.6684491978609626,10.95,-2.556561497326204,-30.659999999999997,10.95,-0.20293392386621548,long_collect,KuCoin,CLUSDTM,CL,reachable
99,1785427200,1788307200,33.333333333333336,4.0,0.06060606060606061,0.0,0.6262626262626263,0.0,0.0,-17.21069898989899,-32.2999,0.0,0.704200587296977,long_collect,Variational,CL,CL,blocked
565,1783126800,1788307200,59.958333333333336,1.0,0.9982300884955753,10.95,0.856637168141593,0.9982300884955753,10.95,13.698763964601769,10.95,17.756520000000002,0.16537401588102246,short,ApeX,FARTCOIN-USDT,FARTCOIN,blocked
565,1783126800,1788307200,59.958333333333336,1.0,0.9362831858407079,13.613786956636723,0.0017699115044247787,0.911504424778761,13.613786956636723,49.41829952707632,10.95,139.764924,-0.6578950713476918,short,Backpack,FARTCOIN_USDC_PERP,FARTCOIN,reachable
565,1783126800,1788307200,59.958333333333336,1.0,0.7415929203539823,16.644000000000002,0.017699115044247787,0.5575221238938053,16.644000000000002,24.34969911504425,-14.892,73.58399999999999,1.0472131321946245,short,Coinbase,FARTCOIN-PERP,FARTCOIN,blocked
565,1783126800,1788307200,59.958333333333336,1.0,0.815929203539823,122.57342400000002,0.007079646017699115,0.5911504424778761,122.57342400000002,115.96635292035398,-105.40032,326.928456,0.4147019960898187,long_collect,Crypto.com,FARTCOINUSD-PERP,FARTCOIN,reachable
564,1783126800,1788307200,59.958333333333336,1.0,0.9769503546099291,11.388,0.8528368794326241,0.973404255319149,11.388,13.525191489361701,11.388,17.520000000000003,0.1283091059149939,short,Extended,FARTCOIN-USD,FARTCOIN,blocked
564,1783126800,1788307200,59.958333333333336,1.0,0.5868794326241135,11.585050725,0.0,0.5177304964539007,11.585050725,15.400356878734899,-47.68912974999971,86.16837831907917,0.6379639016768814,long_collect,Kraken,PF_FARTCOINUSD,FARTCOIN,reachable
564,1783126800,1788307200,59.958333333333336,1.0,0.9946808510638298,10.511999999999999,0.7907801418439716,0.9946808510638298,10.511999999999999,15.46823404255319,10.511999999999999,28.908,-0.09295043129217885,long_collect,Lighter,FARTCOIN,FARTCOIN,blocked
564,1783126800,1788307200,59.958333333333336,1.0,1.0,10.952352389437321,0.6932624113475178,1.0,10.952352389437321,18.2497118629023,10.944054452368043,41.56609178783358,0.2692643910467064,long_collect,Nado,FARTCOIN-PERP,FARTCOIN,reachable
563,1783126800,1788307200,59.958333333333336,1.0,1.0,10.95,0.9698046181172292,0.9982238010657194,10.95,11.25435943161634,10.95,10.95,0.0076537332408079676,long_collect,Pacifica,FARTCOIN,FARTCOIN,blocked
141,1783137600,1788307200,59.833333333333336,4.0,1.0,10.95,0.7163120567375887,0.9787234042553191,10.95,16.1128085106383,10.95,28.689000000000004,0.16010255872023846,short,BingX,FARTCOIN-USDT,FARTCOIN,reachable
141,1783137600,1788307200,59.833333333333336,4.0,1.0,10.95,0.9574468085106383,1.0,10.95,11.434595744680852,10.95,10.95,0.020328607749235828,long_collect,Bitunix,FARTCOINUSDT,FARTCOIN,blocked
141,1783137600,1788307200,59.833333333333336,4.0,0.9929078014184397,10.95,0.9219858156028369,0.9929078014184397,10.95,12.98468085106383,10.95,10.95,0.11529493713006941,long_collect,GRVT,FARTCOIN_USDT_Perp,FARTCOIN,blocked
141,1783137600,1788307200,59.833333333333336,4.0,0.9858156028368794,10.95,0.8794326241134752,0.9858156028368794,10.95,19.173069630133206,10.95,28.28407959088599,-0.2210192104423451,long_collect,HTX,FARTCOIN-USDT,FARTCOIN,reachable
141,1783137600,1788307200,59.833333333333336,4.0,1.0,10.95,0.9078014184397163,1.0,10.95,13.242510638297873,10.95,10.95,0.11252658098495899,short,MEXC,FARTCOIN_USDT,FARTCOIN,blocked
141,1783137600,1788307200,59.833333333333336,4.0,0.9716312056737588,10.95,0.24113475177304963,0.9148936170212766,10.95,16.913898085106382,9.828719999999999,40.71209999999999,0.28643303173813933,short,Orderly,PERP_FARTCOIN_USDC,FARTCOIN,reachable
141,1783137600,1788307200,59.833333333333336,4.0,0.950354609929078,21.9,0.8723404255319149,0.950354609929078,21.9,20.45568723404255,21.9,21.9,0.015760896004564564,long_collect,WhiteBIT,FARTCOIN_PERP,FARTCOIN,reachable
70,1783152001,1788307200,59.66665509259259,8.0,0.5142857142857142,1.69725,0.0,0.5,1.69725,10.065380785714288,0.0,30.963315,0.13524268909164613,long_collect,CoinEx,FARTCOINUSDT,FARTCOIN,blocked
70,1784160000,1788307200,48.0,4.0,1.0,10.95,0.9714285714285714,0.9857142857142858,10.95,11.040728571428572,10.95,10.95,0.012398200318116809,long_collect,KuCoin,FARTCOINUSDTM,FARTCOIN,reachable
48,1787630400,1788307200,7.833333333333333,4.0,1.0,10.95,0.9583333333333334,1.0,10.95,12.154499999999999,10.95,10.95,-0.390976335214937,long_collect,LBank,FARTCOINUSDT,FARTCOIN,blocked
48,1787630400,1788307200,7.833333333333333,4.0,1.0,10.95,0.7291666666666666,1.0,10.95,19.0765,10.95,54.894200000000005,1.322491771602258,long_collect,Variational,FARTCOIN,FARTCOIN,blocked
24,1787644800,1788307200,7.666666666666667,8.0,0.9583333333333334,29.2365,0.0,0.625,29.2365,26.8411875,7.117499999999999,45.6615,2.5281645652173905,long_collect,Deribit,FARTCOIN_USDC-PERPETUAL,FARTCOIN,untested
914,1783126800,1788307200,59.958333333333336,1.0,0.7516411378555798,14.892,0.016411378555798686,0.5656455142231948,14.892,14.295859956236322,-28.032,53.43599999999999,-0.04202656388794439,short,Coinbase,SNDK-PERP,SNDK,blocked
914,1783126800,1788307200,59.958333333333336,1.0,0.8150984682713348,5.00196,0.3150984682713348,0.8107221006564551,5.00196,38.7048217155361,-22.874112,152.957484,0.04492823652072889,short,Crypto.com,SNDKUSD-PERP,SNDK,reachable
914,1783126800,1788307200,59.958333333333336,1.0,0.9431072210065645,3.504,0.637855579868709,0.9409190371991247,3.504,19.679330415754922,3.504,71.832,-0.5036550799114597,long_collect,Lighter,SNDK,SNDK,blocked
914,1783126800,1788307200,59.958333333333336,1.0,0.6455142231947484,11.538587084647855,0.00437636761487965,0.5295404814004376,11.538587084647855,13.31534945184597,-33.47203489555508,62.97088987884764,-0.1463897497112696,long_collect,Nado,SNDK-PERP,SNDK,reachable
914,1783126800,1788307200,59.958333333333336,1.0,0.8468271334792122,5.475,0.33698030634573306,0.8238512035010941,5.475,13.877554238074397,-12.7586772,48.734332800000004,-0.21103707028804297,long_collect,tradeXYZ,xyz:SNDK,SNDK,blocked
228,1783137600,1788307200,59.833333333333336,4.0,0.7324561403508771,31.195455,0.0,0.543859649122807,31.195455,23.224873157894738,-74.08551,94.60143,0.547372890021705,long_collect,edgeX,SNDKUSDC,SNDK,blocked
114,1783152000,1788307200,59.666666666666664,8.0,0.40350877192982454,-1.319029311141552,0.02631578947368421,0.0,-1.319029311141552,9.853478518023504,-16.04394,62.32958999999999,-0.03991373848562011,short,Bitunix,SNDKUSDT,SNDK,blocked
114,1783152000,1788307200,59.666666666666664,8.0,0.543859649122807,6.624750000000001,0.0,0.5087719298245614,6.624750000000001,20.936592105263156,0.0,65.043,-0.5463524024915534,long_collect,GRVT,SNDK_USDT_Perp,SNDK,blocked
114,1783152000,1788307200,59.666666666666664,8.0,0.2719298245614035,0.0,0.6929824561403509,0.0,0.0,3.640652779507693,0.0,13.610906494125416,-0.15046139902868205,long_collect,HTX,SNDK-USDT,SNDK,reachable
114,1783152000,1788307200,59.666666666666664,8.0,0.8947368421052632,10.95,0.5,0.8596491228070176,10.95,16.582526315789472,-0.438,65.919,-0.4963454627270561,long_collect,KuCoin,SNDKUSDTM,SNDK,reachable
114,1783152000,1788307200,59.666666666666664,8.0,0.9649122807017544,10.9001775,0.631578947368421,0.8947368421052632,10.9001775,10.346251578947369,7.16787,11.211705,-0.02466239235186351,long_collect,Orderly,PERP_SNDK_USDC_mythos,SNDK,reachable
114,1783152000,1788307200,59.666666666666664,8.0,0.5701754385964912,10.95,0.22807017543859648,0.5701754385964912,10.95,6.464246052631579,-26.093850000000003,56.863350000000004,0.09045547102465536,short,WhiteBIT,SNDK_PERP,SNDK,reachable
284,1785394800,1788307200,33.708333333333336,1.0,0.8873239436619719,10.95,0.6302816901408451,0.8591549295774648,10.95,14.088115774647887,-6.070679999999999,47.09376,-0.6699924042080653,short,Pacifica,SNDK,SNDK,blocked
35,1785427200,1788307200,33.333333333333336,8.0,0.45714285714285713,0.0,0.45714285714285713,0.0,0.0,-0.5568857142857134,-51.136500000000005,32.7405,0.5747961331172862,short,LBank,SNDKUSDT,SNDK,blocked
35,1785427200,1788307200,33.333333333333336,8.0,0.42857142857142855,0.0,0.45714285714285713,0.0,0.0,-1.2932857142857148,-44.8952,31.439800000000005,0.4864821323405351,short,Variational,SNDK,SNDK,blocked
32,1785513600,1788307200,32.333333333333336,8.0,0.96875,10.95,0.34375,0.84375,10.95,16.583090625,5.475,41.0625,-0.23009235843605544,long_collect,BingX,NCSKSNDK2USD-USDT,SNDK,reachable
32,1785513600,1788307200,32.333333333333336,8.0,0.46875,0.0,0.5,0.0,0.0,6.54946875,0.0,33.1785,-0.38317354824730343,long_collect,MEXC,SNDKSTOCK_USDT,SNDK,blocked
192,1787619600,1788307200,7.958333333333333,1.0,0.9479166666666666,3.504,0.7864583333333334,0.9479166666666666,3.504,0.4562499999999999,3.504,14.016,-2.49839296855926,long_collect,Extended,SNDK_24_5-USD,SNDK,blocked
560,1783126800,1788307200,59.958333333333336,1.0,0.9839285714285714,10.95,0.9339285714285714,0.9535714285714286,10.95,10.347765642857143,10.95,10.95,-0.0007070005394908233,short,ApeX,AAVE-USDT,AAVE,blocked
560,1783126800,1788307200,59.958333333333336,1.0,0.8160714285714286,10.95,0.7035714285714286,0.7642857142857142,10.95,6.9538136567946385,-9.7413272678306,10.95,-0.2765948008804761,short,Backpack,AAVE_USDC_PERP,AAVE,reachable
560,1783126800,1788307200,59.958333333333336,1.0,0.5517857142857143,1.752,0.0375,0.525,1.752,2.4230785714285714,-9.636,14.892,0.2683793522799778,long_collect,Coinbase,AAVE-PERP,AAVE,blocked
560,1783126800,1788307200,59.958333333333336,1.0,0.22857142857142856,-15.988752,0.007142857142857143,0.0,-15.988752,-18.994758514285714,-58.800624,17.55504,-0.33215489849649,long_collect,Crypto.com,AAVEUSD-PERP,AAVE,reachable
560,1783126800,1788307200,59.958333333333336,1.0,0.9392857142857143,11.388,0.8767857142857143,0.8875,11.388,9.837792857142857,7.008,11.388,0.009662076221263697,short,Extended,AAVE-USD,AAVE,blocked
559,1783126800,1788307200,59.958333333333336,1.0,0.4490161001788909,-1.483097199999708,0.01073345259391771,0.0,-1.483097199999708,-1.1016410634580338,-21.18286625000029,21.607118561030244,-0.008294414526145578,long_collect,Kraken,PF_AAVEUSD,AAVE,reachable
559,1783126800,1788307200,59.958333333333336,1.0,0.9588550983899821,10.511999999999999,0.9016100178890877,0.9212880143112702,10.511999999999999,9.744128801431126,10.511999999999999,10.511999999999999,0.017950851924485346,long_collect,Lighter,AAVE,AAVE,blocked
559,1783126800,1788307200,59.958333333333336,1.0,0.9481216457960644,10.949999999999964,0.7889087656529516,0.8425760286225402,10.949999999999964,9.612284773163369,5.4813041227970185,10.960743842784588,0.013933595769655045,long_collect,Nado,AAVE-PERP,AAVE,reachable
558,1783126800,1788307200,59.958333333333336,1.0,0.8351254480286738,10.95,0.5268817204301075,0.5913978494623656,10.95,6.475680860215053,-3.1448400000000003,10.95,0.06314667377647896,long_collect,Pacifica,AAVE,AAVE,blocked
46,1783137600,1784433600,15.0,8.0,1.0,10.95,1.0,1.0,10.95,10.95,10.95,10.95,0.0,long_collect,BitMEX,AAVE/USDT:USDT,AAVE,reachable
140,1783137600,1788307200,59.833333333333336,4.0,0.9928571428571429,10.95,0.9857142857142858,0.9928571428571429,10.95,4.622589428571428,10.95,10.95,-0.3743726328486382,long_collect,edgeX,AAVEUSDC,AAVE,blocked
70,1783152000,1788307200,59.666666666666664,8.0,0.7,6.132,0.07142857142857142,0.5571428571428572,6.132,3.912278571428571,-5.1465,10.95,0.1634134339286556,short,BingX,AAVE-USDT,AAVE,reachable
70,1783152000,1788307200,59.666666666666664,8.0,0.11428571428571428,0.0,0.6571428571428571,0.0,0.0,1.7895585000000005,-29.565,33.514665,0.007319892889137927,long_collect,Bitfinex,tAAVEF0:USTF0,AAVE,untested
70,1783152000,1788307200,59.666666666666664,8.0,0.9142857142857143,10.77261,0.5142857142857142,0.5857142857142857,10.77261,7.356573377259171,1.098285,10.95,0.014501328597952378,long_collect,Bitunix,AAVEUSD,AAVE,blocked
70,1783152000,1788307200,59.666666666666664,8.0,0.8428571428571429,9.8741625,0.0,0.5285714285714286,9.8741625,6.24752023016637,-2.331255,10.95,-0.11570892842598987,long_collect,Bitunix,AAVEUSDC,AAVE,blocked
70,1783152000,1788307200,59.666666666666664,8.0,0.6571428571428571,4.4593875,0.02857142857142857,0.5428571428571428,4.4593875,3.2738284878938493,-4.573815000000001,10.95,0.10293144809538242,long_collect,Bitunix,AAVEUSDT,AAVE,blocked
69,1783152000,1788307200,59.666666666666664,8.0,0.9710144927536232,10.95,0.43478260869565216,0.8405797101449275,10.95,18.15954347826087,6.8985,39.858,-0.2903423441413086,long_collect,GRVT,AAVE_USDT_Perp,AAVE,blocked
69,1783152000,1788307200,59.666666666666664,8.0,0.2318840579710145,-53.314377988326754,0.014492753623188406,0.0,-53.314377988326754,-68.51140400099793,-171.94299886966894,10.95,2.0437605938643513,long_collect,HTX,AAVE-USDT,AAVE,reachable
69,1783152000,1788307200,59.666666666666664,8.0,0.6956521739130435,4.1610000000000005,0.028985507246376812,0.5072463768115942,4.1610000000000005,3.2802391304347824,-7.008,10.95,-0.00590079701520395,long_collect,KuCoin,AAVEUSDTM,AAVE,reachable
69,1783152000,1788307200,59.666666666666664,8.0,0.8985507246376812,6.132,0.043478260869565216,0.6086956521739131,6.132,5.797152173913043,-0.219,10.95,0.032880320583050265,long_collect,MEXC,AAVE_USDT,AAVE,blocked
69,1783152000,1788307200,59.666666666666664,8.0,0.782608695652174,2.885325,0.057971014492753624,0.5362318840579711,2.885325,3.180895652173913,-1.7771849999999998,8.533335,-0.020948246836931802,long_collect,Orderly,PERP_AAVE_USDC,AAVE,reachable
69,1783152000,1788307200,59.666666666666664,8.0,0.2898550724637681,-23.44614,0.014492753623188406,0.0,-23.44614,-52.00194673913043,-230.01241499999998,10.95,-2.1205431208779757,long_collect,WhiteBIT,AAVE_PERP,AAVE,reachable
69,1783152000,1788307200,59.666666666666664,8.0,0.0,-2.885325,0.028985507246376812,0.0,-2.885325,-10.430478043478262,-34.41585,0.0,-0.5152547968029904,long_collect,CoinEx,AAVEUSDT,AAVE,blocked
24,1787644800,1788307200,7.666666666666667,8.0,0.75,1.5330000000000001,0.0,0.5,1.5330000000000001,1.4645625000000002,-1.6425000000000003,6.0225,-1.1093302173913042,long_collect,Deribit,AAVE_USDC-PERPETUAL,AAVE,untested
24,1787644800,1788307200,7.666666666666667,8.0,0.9583333333333334,7.993499999999999,0.08333333333333333,0.625,7.993499999999999,7.208749999999999,1.2045,10.95,-0.7521221739130434,long_collect,LBank,AAVEUSDT,AAVE,blocked
24,1787644800,1788307200,7.666666666666667,8.0,0.2916666666666667,-3.04205,0.0,0.0,-3.04205,-2.894929166666667,-8.6914,1.7704000000000002,-0.04382413043478256,long_collect,Variational,AAVE,AAVE,blocked
560,1783126800,1788307200,59.958333333333336,1.0,1.0,10.95,0.9964285714285714,0.9982142857142857,10.95,11.111340428571427,10.95,10.95,0.008941294547534383,short,ApeX,DOGE-USDT,DOGE,blocked
560,1783126800,1788307200,59.958333333333336,1.0,0.9839285714285714,10.95,0.9839285714285714,0.9839285714285714,10.95,10.113042682957172,10.95,10.95,-0.04564424476267298,short,Backpack,DOGE_USDC_PERP,DOGE,reachable
560,1783126800,1788307200,59.958333333333336,1.0,0.4785714285714286,0.0,0.12321428571428572,0.0,0.0,0.37855714285714287,-3.504,5.256,0.007986096516124993,long_collect,Coinbase,DOGE-PERP,DOGE,blocked
560,1783126800,1788307200,59.958333333333336,1.0,0.5910714285714286,4.743539999999999,0.014285714285714285,0.5196428571428572,4.743539999999999,2.6030527714285716,-19.02672,20.848799999999997,0.025976662172580767,short,Crypto.com,DOGEUSD-PERP,DOGE,reachable
560,1783126800,1788307200,59.958333333333336,1.0,0.9375,11.388,0.8142857142857143,0.8482142857142857,11.388,9.819021428571428,6.132,11.388,-0.05015598867149487,long_collect,Extended,DOGE-USD,DOGE,blocked
559,1783126800,1788307200,59.958333333333336,1.0,0.6887298747763864,4.896420249999708,0.014311270125223614,0.5491949910554562,4.896420249999708,5.116945058647545,-8.059628286205621,19.15758345,-0.03003197911901367,long_collect,Kraken,PF_DOGEUSD,DOGE,reachable
559,1783126800,1788307200,59.958333333333336,1.0,0.9910554561717353,10.511999999999999,0.9767441860465116,0.9803220035778175,10.511999999999999,10.325516994633272,10.511999999999999,10.511999999999999,0.005012569695753554,long_collect,Lighter,DOGE,DOGE,blocked
559,1783126800,1788307200,59.958333333333336,1.0,0.9964221824686941,10.954150609629096,0.9177101967799642,0.9373881932021467,10.954150609629096,10.620406292461457,10.949999999987735,10.95764184520884,0.010131931196984101,long_collect,Nado,DOGE-PERP,DOGE,reachable
558,1783126800,1788307200,59.958333333333336,1.0,1.0,10.95,0.9838709677419355,0.985663082437276,10.95,10.882478924731181,10.95,10.95,0.0018965540052377889,long_collect,Pacifica,DOGE,DOGE,blocked
46,1783137600,1784433600,15.0,8.0,0.8913043478260869,10.95,0.782608695652174,0.8043478260869565,10.95,8.183934782608695,-3.3945000000000003,10.95,0.893908973172988,long_collect,BitMEX,DOGEUSDT,DOGE,reachable
140,1783137600,1788307200,59.833333333333336,4.0,0.9928571428571429,10.95,0.9857142857142858,0.9928571428571429,10.95,7.747375285714284,10.95,10.95,-0.18948901168459986,long_collect,edgeX,DOGEUSDC,DOGE,blocked
70,1783152000,1788307200,59.666666666666664,8.0,1.0,10.95,0.6,0.7714285714285715,10.95,9.60972,6.351,10.95,0.016031409923668118,short,BingX,DOGE-USDT,DOGE,reachable
70,1783152000,1788307200,59.666666666666664,8.0,0.9857142857142858,10.20102,0.05714285714285714,0.6142857142857143,10.20102,8.085247358760771,1.9983749999999998,10.95,0.021779511124288425,long_collect,Bitunix,DOGEUSD,DOGE,blocked
70,1783152000,1788307200,59.666666666666664,8.0,1.0,8.5831575,0.11428571428571428,0.6428571428571429,8.5831575,7.875646714285714,4.04712,10.95,-0.0036875613237844257,long_collect,Bitunix,DOGEUSDC,DOGE,blocked
70,1783152000,1788307200,59.666666666666664,8.0,1.0,6.55248,0.05714285714285714,0.7,6.55248,6.929438221894589,1.4662050000000002,10.95,0.013117771662589827,long_collect,Bitunix,DOGEUSDT,DOGE,blocked
46,1783152000,1784448000,15.0,8.0,0.3695652173913043,-0.93075,0.043478260869565216,0.0,-0.93075,-0.3570652173913043,-8.6505,11.7165,-0.5734923219241442,long_collect,Deribit,DOGE/USDT:USDT,DOGE,untested
69,1783152000,1788307200,59.666666666666664,8.0,1.0,10.95,1.0,1.0,10.95,10.95,10.95,10.95,0.0,long_collect,GRVT,DOGE_USDT_Perp,DOGE,blocked
69,1783152000,1788307200,59.666666666666664,8.0,1.0,10.95,0.9565217391304348,1.0,10.95,11.754138683057397,10.95,10.95,-0.026320433087335195,long_collect,HTX,DOGE-USDT,DOGE,reachable
69,1783152000,1788307200,59.666666666666664,8.0,0.9710144927536232,9.636,0.057971014492753624,0.6666666666666666,9.636,8.207739130434781,1.8615,10.95,-0.022923662639297075,short,KuCoin,DOGEUSDTM,DOGE,reachable
69,1783152000,1788307200,59.666666666666664,8.0,0.8840579710144928,6.679499999999999,0.043478260869565216,0.6666666666666666,6.679499999999999,6.504934782608695,-0.1095,10.95,0.027546207705907842,long_collect,MEXC,DOGE_USDT,DOGE,blocked
69,1783152000,1788307200,59.666666666666664,8.0,0.6666666666666666,4.407375,0.13043478260869565,0.5217391304347826,4.407375,3.000744347826087,-3.700005,9.135585,-0.018267580992059888,long_collect,Orderly,PERP_DOGE_USDC,DOGE,reachable
69,1783152000,1788307200,59.666666666666664,8.0,0.7971014492753623,9.733455,0.028985507246376812,0.5652173913043478,9.733455,6.1839569565217385,-1.9720949999999997,10.95,-0.058411647854022655,short,WhiteBIT,DOGE_PERP,DOGE,reachable
69,1783152000,1788307200,59.666666666666664,8.0,0.2028985507246377,0.0,0.7971014492753623,0.0,0.0,2.4266152173913045,0.0,9.521025,-0.05454445397042868,long_collect,CoinEx,DOGEUSDT,DOGE,blocked
24,1787644800,1788307200,7.666666666666667,8.0,0.041666666666666664,0.0,0.9583333333333334,0.0,0.0,1.15203125,0.0,0.0,0.03606358695652174,long_collect,Bitfinex,tDOGEF0:USTF0,DOGE,untested
24,1787644800,1788307200,7.666666666666667,8.0,0.08333333333333333,-1.8615,0.0,0.0,-1.8615,-2.783125,-6.0225,0.0,-0.5158878260869565,long_collect,Deribit,DOGE_USDC-PERPETUAL,DOGE,untested
24,1787644800,1788307200,7.666666666666667,8.0,1.0,10.95,1.0,1.0,10.95,10.949999999999998,10.95,10.95,-4.938955232688073e-32,long_collect,HTX,DOGE-USD,DOGE,reachable
24,1787644800,1788307200,7.666666666666667,8.0,1.0,7.36497,0.0,0.6666666666666666,7.36497,7.633381875,4.46103,10.95,-0.4812767804347825,long_collect,LBank,DOGEUSDT,DOGE,blocked
24,1787644800,1788307200,7.666666666666667,8.0,1.0,10.95,1.0,1.0,10.95,10.949999999999998,10.95,10.95,-4.938955232688073e-32,long_collect,Variational,DOGE,DOGE,blocked
1188,1783126800,1788307200,59.958333333333336,1.0,0.8493265993265994,27.691235999999996,0.0,0.5218855218855218,27.691235999999996,43.84793445454545,-28.511172000000002,135.07044000000002,0.046058410442304305,short,Crypto.com,XPDUSD-PERP,XPD,reachable
1188,1783126800,1788307200,59.958333333333336,1.0,0.9957912457912458,3.504,0.7365319865319865,0.9949494949494949,3.504,16.121939393939396,3.504,56.064,-0.18530676202095822,long_collect,Lighter,XPD,XPD,blocked
297,1783137600,1788307200,59.833333333333336,4.0,0.3501683501683502,-2.0338484319633086,0.20875420875420875,0.0,-2.0338484319633086,12.164486701061398,-7.958945499349356,53.00895,0.2901057753665994,short,Bitunix,XPDUSDT,XPD,blocked
297,1783137600,1788307200,59.833333333333336,4.0,0.6835016835016835,0.9745499999999999,0.08080808080808081,0.5420875420875421,0.9745499999999999,15.457071616161617,-1.35999,59.638079999999995,0.2740271093436989,short,edgeX,XPDUSDC,XPD,blocked
297,1783137600,1788307200,59.833333333333336,4.0,0.5185185185185185,5.255999999999999,0.006734006734006734,0.5050505050505051,5.255999999999999,38.619949494949495,0.0,130.524,-1.115552141331502,short,GRVT,XPD_USDT_Perp,XPD,blocked
297,1783137600,1788307200,59.833333333333336,4.0,0.37037037037037035,0.0,0.6127946127946128,0.0,0.0,3.4862097100026306,0.0,10.95,-0.20963931249875672,long_collect,HTX,XPD-USDT,XPD,reachable
296,1783137600,1788307200,59.833333333333336,4.0,0.34121621621621623,0.0,0.6621621621621622,0.0,0.0,15.549739864864865,0.0,61.101000000000006,0.2891203274122052,long_collect,MEXC,XPD_USDT,XPD,blocked
296,1783137600,1788307200,59.833333333333336,4.0,1.0,21.9,0.7972972972972973,1.0,21.9,25.730872297297296,21.9,36.2664,0.12074232629514996,long_collect,WhiteBIT,XPD_PERP,XPD,reachable
226,1784160000,1788307200,48.0,4.0,1.0,10.95,0.9380530973451328,0.995575221238938,10.95,14.18654867256637,10.95,10.95,-0.20131368554049842,long_collect,KuCoin,XPDUSDTM,XPD,reachable
138,1785427200,1788307200,33.333333333333336,4.0,0.4057971014492754,0.0,0.5942028985507246,0.0,0.0,20.013108695652175,0.0,66.138,0.11286005271850291,short,LBank,XPDUSDT,XPD,blocked
137,1785427200,1788307200,33.333333333333336,4.0,0.34306569343065696,0.0,0.656934306569343,0.0,0.0,16.386552554744526,0.0,60.5835,0.10577051769022523,short,Variational,XPD,XPD,blocked
63,1785600000,1788307200,31.333333333333332,8.0,0.15873015873015872,0.0,0.8412698412698413,0.0,0.0,41.48112023809524,0.0,273.75,-2.147146010846696,long_collect,Bitfinex,tXPDF0:USTF0,XPD,untested
1028,1783126800,1788307200,59.958333333333336,1.0,0.8443579766536965,16.997904,0.007782101167315175,0.5301556420233463,16.997904,38.70616822178988,-19.901844,127.318716,-0.050661891895750974,long_collect,Crypto.com,XPTUSD-PERP,XPT,reachable
1028,1783126800,1788307200,59.958333333333336,1.0,0.9494163424124513,3.504,0.6857976653696498,0.9484435797665369,3.504,14.865583657587548,3.504,56.93999999999999,-0.15182594005138852,long_collect,Extended,XPT-USD,XPT,blocked
1028,1783126800,1788307200,59.958333333333336,1.0,0.9961089494163424,3.504,0.8978599221789884,0.9961089494163424,3.504,5.914704280155642,3.504,3.504,-0.06071173229112031,long_collect,Lighter,XPT,XPT,blocked
257,1783137600,1788307200,59.833333333333336,4.0,0.3346303501945525,-1.662961636522619,0.054474708171206226,0.0,-1.662961636522619,6.678905985011479,-10.486233047681113,43.07511,-0.1228503531011704,short,Bitunix,XPTUSDT,XPT,blocked
257,1783137600,1788307200,59.833333333333336,4.0,0.7003891050583657,1.09062,0.10894941634241245,0.5603112840466926,1.09062,9.911377587548639,-1.5395699999999999,43.489020000000004,-0.13478413259386837,short,edgeX,XPTUSDC,XPT,blocked
257,1783137600,1788307200,59.833333333333336,4.0,0.5447470817120622,6.570000000000001,0.007782101167315175,0.5097276264591439,6.570000000000001,31.370684824902725,0.0,98.55,-0.6365217576021152,short,GRVT,XPT_USDT_Perp,XPT,blocked
257,1783137600,1788307200,59.833333333333336,4.0,0.42023346303501946,0.0,0.5797665369649806,0.0,0.0,4.601556420233463,0.0,10.95,-0.23240223556807116,long_collect,HTX,XPT-USDT,XPT,reachable
256,1783137600,1788307200,59.833333333333336,4.0,0.3046875,0.0,0.68359375,0.0,0.0,9.82163671875,0.0,43.8,-0.08328074479399909,short,MEXC,XPT_USDT,XPT,blocked
256,1783137600,1788307200,59.833333333333336,4.0,0.99609375,21.9,0.8203125,0.99609375,21.9,24.075884765625,21.9,31.492199999999997,-0.02377354168999104,long_collect,WhiteBIT,XPT_PERP,XPT,reachable
186,1784160000,1788307200,48.0,4.0,0.9946236559139785,10.95,0.8763440860215054,0.978494623655914,10.95,13.025201612903226,10.95,10.95,-0.08328246897073661,long_collect,KuCoin,XPTUSDTM,XPT,reachable
98,1785427200,1788307200,33.333333333333336,4.0,0.23469387755102042,0.0,0.7551020408163265,0.0,0.0,5.790091836734693,0.0,25.404,0.12432208157311336,short,LBank,XPTUSDT,XPT,blocked
97,1785427200,1788307200,33.333333333333336,4.0,0.16494845360824742,0.0,0.8144329896907216,0.0,0.0,4.522019587628866,0.0,18.9884,0.09798353586051109,short,Variational,XPT,XPT,blocked
92,1785513600,1788307200,32.333333333333336,4.0,0.5543478260869565,5.5845,0.03260869565217391,0.5217391304347826,5.5845,4.297160869565217,-21.9,28.689000000000004,-1.31850572108942,long_collect,BingX,NCCOXPT2USD-USDT,XPT,reachable
43,1785600000,1788307200,31.333333333333332,8.0,0.5348837209302325,273.75,0.5116279069767442,0.5116279069767442,273.75,144.65347255813955,0.0,273.75,4.197460875420609,long_collect,Bitfinex,tXPTF0:USTF0,XPT,untested
877,1783126800,1788307200,59.958333333333336,1.0,0.766248574686431,10.95,0.7286202964652223,0.7331812998859749,10.95,-13.278521870011403,-67.08408,10.95,-0.6836012830639713,long_collect,ApeX,0G-USDT,0G,blocked
877,1783126800,1788307200,59.958333333333336,1.0,0.3580387685290764,-27.0465,0.004561003420752566,0.0,-27.0465,-50.411725613222465,-138.76540799999998,10.95,-0.36518969654792394,long_collect,Backpack,0G_USDC_PERP,0G,reachable
876,1783126800,1788307200,59.958333333333336,1.0,0.7168949771689498,10.511999999999999,0.660958904109589,0.6769406392694064,10.511999999999999,-20.688000000000002,-64.824,10.511999999999999,-1.32903750195933,long_collect,Lighter,0G,0G,blocked
219,1783137600,1788307200,59.833333333333336,4.0,0.91324200913242,10.95,0.8767123287671232,0.8858447488584474,10.95,-3.0502000000000007,2.847,10.95,-0.7394895573719065,long_collect,BingX,0G-USDT,0G,reachable
219,1783137600,1788307200,59.833333333333336,4.0,0.5342465753424658,1.97121647230198,0.0091324200913242,0.5068493150684932,1.97121647230198,-25.364401916669173,-64.18233,10.95,-0.9561693482504375,long_collect,Bitunix,0GUSDT,0G,blocked
219,1783137600,1788307200,59.833333333333336,4.0,0.5388127853881278,2.409,0.0045662100456621,0.502283105022831,2.409,-25.822,-67.01400000000001,10.95,-0.9193558980396259,long_collect,MEXC,0G_USDT,0G,blocked
219,1783137600,1788307200,59.833333333333336,4.0,0.9771689497716894,10.95,0.9771689497716894,0.9771689497716894,10.95,-0.27656,10.95,10.95,-1.1296832651355273,long_collect,WhiteBIT,0G_PERP,0G,reachable
148,1784160000,1788307200,48.0,4.0,0.6486486486486487,10.95,0.5878378378378378,0.5945945945945946,10.95,-21.92589527027027,-51.7935,10.95,-1.7917519481272322,long_collect,KuCoin,0GUSDTM,0G,reachable
60,1785427200,1788307200,33.333333333333336,4.0,0.75,10.95,0.6833333333333333,0.7,10.95,-50.7248165,-193.49526,10.95,-3.548294703659755,long_collect,LBank,0GUSDT,0G,blocked
60,1785427200,1788307200,33.333333333333336,4.0,0.8166666666666667,10.95,0.8166666666666667,0.8166666666666667,10.95,-40.707750000000004,-66.27969999999999,10.95,-3.3054099692279686,long_collect,Variational,0G,0G,blocked
1119,1783126800,1788307200,59.958333333333336,1.0,0.3315460232350313,-128.12465790000002,0.0017873100983020554,0.0,-128.12465790000002,-302.8068321172052,-768.7283889906219,137.24904105,-11.793568808843016,long_collect,Kraken,PF_ACEUSD,ACE,reachable
330,1783137600,1788307200,59.833333333333336,4.0,0.4090909090909091,-35.477999999999994,0.0,0.0,-35.477999999999994,-348.13434545454544,-723.1379999999999,10.95,-11.3201875875087,long_collect,BingX,ACE-USDT,ACE,reachable
330,1783137600,1788307200,59.833333333333336,4.0,0.3393939393939394,-89.304915,0.0,0.0,-89.304915,-324.39992468225665,-740.24628,10.95,-10.874062285170234,long_collect,Bitunix,ACEUSDT,ACE,blocked
329,1783137600,1788307200,59.833333333333336,4.0,0.3404255319148936,-85.848,0.0060790273556231,0.0,-85.848,-339.73157142857144,-871.6200000000001,10.95,-11.223970814581989,long_collect,MEXC,ACE_USDT,ACE,blocked
330,1783137600,1788307200,59.833333333333336,4.0,0.8545454545454545,10.95,0.8545454545454545,0.8545454545454545,10.95,-326.9661704545454,-446.11614,10.95,-8.872357265186308,long_collect,WhiteBIT,ACE_PERP,ACE,reachable
258,1784160000,1788307200,48.0,4.0,0.25193798449612403,-129.86700000000002,0.0,0.0,-129.86700000000002,-399.61727906976745,-1049.448,10.95,-6.195605686692502,long_collect,KuCoin,ACEUSDTM,ACE,reachable
170,1785427200,1788307200,33.333333333333336,4.0,0.1,-219.54749999999999,0.0,0.0,-219.54749999999999,-562.9678411764705,-1202.748,5.912999999999999,7.937362583520754,long_collect,LBank,ACEUSDT,ACE,blocked
169,1785427200,1788307200,33.333333333333336,4.0,0.33136094674556216,-107.15559999999999,0.011834319526627219,0.0,-107.15559999999999,-720.3436378698225,-1541.731,10.95,17.465705765776274,long_collect,Variational,ACE,ACE,blocked
48,1787630400,1788307200,7.833333333333333,4.0,0.041666666666666664,-303.2984870305153,0.0,0.0,-303.2984870305153,-405.203966628841,-752.0144166117074,-119.55205018808425,-7.690862181735803,long_collect,HTX,ACE-USDT,ACE,reachable
341,1783137600,1788307200,59.833333333333336,4.0,0.33724340175953077,-83.001,0.002932551319648094,0.0,-83.001,-288.12975835777127,-872.277,23.433,-4.764067394627619,long_collect,BingX,HOME-USDT,HOME,reachable
340,1783137600,1788307200,59.833333333333336,4.0,0.18235294117647058,-122.05965,0.0,0.0,-122.05965,-322.0432330268138,-866.4450300000001,10.95,-3.7728659462503478,long_collect,Bitunix,HOMEUSDT,HOME,blocked
340,1783137600,1788307200,59.833333333333336,4.0,0.2647058823529412,-110.04750000000001,0.0,0.0,-110.04750000000001,-316.9902617647059,-867.24,24.309,-4.076121154821056,long_collect,MEXC,HOME_USDT,HOME,blocked
187,1783137600,1785816000,31.0,4.0,0.46524064171123,0.0,0.40106951871657753,0.0,0.0,-116.27124577540107,-84.8844,15.093480000000001,2.022617949306134,long_collect,Orderly,PERP_HOME_USDC_mythos,HOME,reachable
340,1783137600,1788307200,59.833333333333336,4.0,0.6058823529411764,10.95,0.6,0.6,10.95,-192.57562747058824,-571.4148,10.95,-4.747664919044735,long_collect,WhiteBIT,HOME_PERP,HOME,reachable
269,1784160000,1788307200,48.0,4.0,0.20074349442379183,-175.857,0.0037174721189591076,0.0,-175.857,-375.4763141263941,-948.7080000000001,10.95,6.174378662471277,long_collect,KuCoin,HOMEUSDTM,HOME,reachable
181,1785427200,1788307200,33.333333333333336,4.0,0.08287292817679558,-256.35921,0.0055248618784530384,0.0,-256.35921,-407.12317790055243,-951.9689099999999,-8.035110000000001,2.9644358039339456,long_collect,LBank,HOMEUSDT,HOME,blocked
181,1785427200,1788307200,33.333333333333336,4.0,0.19889502762430938,-171.5776,0.0055248618784530384,0.0,-171.5776,-371.7577662983426,-1006.9877999999999,10.95,1.043109192695716,long_collect,Variational,HOME,HOME,blocked
541,1786086000,1788307200,25.708333333333332,1.0,0.12939001848428835,-403.60385999999994,0.0073937153419593345,0.0,-403.60385999999994,-502.34308247689466,-1168.751316,70.44003599999999,6.352884433139682,long_collect,Crypto.com,HOMEUSD-PERP,HOME,reachable
523,1783126800,1788307200,59.958333333333336,1.0,0.864244741873805,10.95,0.6940726577437859,0.7361376673040153,10.95,7.136251089866156,-3.05724,10.95,0.02082634973079541,short,ApeX,JUP-USDT,JUP,blocked
523,1783126800,1788307200,59.958333333333336,1.0,0.8087954110898662,10.95,0.7017208413001912,0.7552581261950286,10.95,4.5028625441032615,-18.166488,10.95,0.00502574289749188,short,Backpack,JUP_USDC_PERP,JUP,reachable
523,1783126800,1788307200,59.958333333333336,1.0,0.4608030592734226,-1.752,0.02676864244741874,0.0,-1.752,-6.435166347992352,-21.9,60.443999999999996,-0.0774880607797209,long_collect,Coinbase,JUP-PERP,JUP,blocked
523,1783126800,1788307200,59.958333333333336,1.0,0.7380497131931166,28.966692,0.015296367112810707,0.5487571701720841,28.966692,30.499564703632885,-43.674732,105.83043599999999,-0.8422415687905437,long_collect,Crypto.com,JUPUSD-PERP,JUP,reachable
522,1783126800,1788307200,59.958333333333336,1.0,0.8946360153256705,11.388,0.7758620689655172,0.8371647509578544,11.388,8.54183908045977,-0.876,11.388,0.07195577790030698,short,Extended,JUP-USD,JUP,blocked
522,1783126800,1788307200,59.958333333333336,1.0,0.4521072796934866,-4.523128568408563,0.005747126436781609,0.0,-4.523128568408563,1.6565210292120296,-66.24678095000029,79.68241635,-0.5941178323505617,long_collect,Kraken,PF_JUPUSD,JUP,reachable
522,1783126800,1788307200,59.958333333333336,1.0,0.9501915708812261,10.511999999999999,0.9233716475095786,0.9272030651340997,10.511999999999999,8.70126436781609,10.511999999999999,10.511999999999999,-0.03331076196489384,long_collect,Lighter,JUP,JUP,blocked
522,1783126800,1788307200,59.958333333333336,1.0,0.5325670498084292,1.707653707858146,0.019157088122605363,0.5134099616858238,1.707653707858146,-2.8073614796124007,-19.335620784359115,10.95,0.08464862198963462,long_collect,Nado,JUP-PERP,JUP,reachable
521,1783126800,1788307200,59.958333333333336,1.0,0.6487523992322457,5.685239999999999,0.013435700575815739,0.5393474088291746,5.685239999999999,1.863139347408829,-13.963439999999999,10.95,0.09493101682818525,long_collect,Pacifica,JUP,JUP,blocked
130,1783137600,1788307200,59.833333333333336,4.0,0.7384615384615385,10.95,0.6076923076923076,0.6076923076923076,10.95,4.041392307692307,-13.8408,10.95,0.2532101959442548,long_collect,BingX,JUP-USDT,JUP,reachable
130,1783137600,1788307200,59.833333333333336,4.0,0.8692307692307693,9.13449,0.023076923076923078,0.5538461538461539,9.13449,6.242947661346221,-2.1859060362803024,10.95,0.07937236854368047,long_collect,Bitunix,JUPUSDT,JUP,blocked
130,1783137600,1788307200,59.833333333333336,4.0,0.9846153846153847,10.95,0.9692307692307692,0.9692307692307692,10.95,10.572646153846154,10.95,10.95,0.014960915567040312,short,GRVT,JUP_USDT_Perp,JUP,blocked
130,1783137600,1788307200,59.833333333333336,4.0,1.0,10.95,1.0,1.0,10.95,10.95,10.95,10.95,0.0,long_collect,HTX,JUP-USDT,JUP,reachable
130,1783137600,1788307200,59.833333333333336,4.0,0.6076923076923076,4.818,0.03076923076923077,0.5230769230769231,4.818,1.9743692307692304,-11.388,10.95,0.24027483430987212,long_collect,MEXC,JUP_USDT,JUP,blocked
130,1783137600,1788307200,59.833333333333336,4.0,0.2923076923076923,-5.37864,0.038461538461538464,0.0,-5.37864,-5.848529769230769,-18.01056,9.099450000000001,0.18850416885748358,long_collect,Orderly,PERP_JUP_USDC,JUP,reachable
130,1783137600,1788307200,59.833333333333336,4.0,1.0,10.95,1.0,1.0,10.95,10.95,10.95,10.95,0.0,long_collect,WhiteBIT,JUP_PERP,JUP,reachable
65,1783152000,1788307200,59.666666666666664,8.0,0.015384615384615385,-20.775434999999998,0.03076923076923077,0.0,-20.775434999999998,-21.090744461538463,-42.636015,0.0,-0.1859765174505857,long_collect,CoinEx,JUPUSDT,JUP,blocked
59,1784160000,1788307200,48.0,4.0,0.6779661016949152,6.789000000000001,0.01694915254237288,0.5423728813559322,6.789000000000001,0.2895254237288133,-23.214000000000002,10.95,-0.13368083438464617,long_collect,KuCoin,JUPUSDTM,JUP,reachable
48,1787630400,1788307200,7.833333333333333,4.0,0.9166666666666666,10.95,0.8125,0.8125,10.95,9.188783749999999,3.53247,10.95,-0.6056738363004776,long_collect,LBank,JUPUSDT,JUP,blocked
48,1787630400,1788307200,7.833333333333333,4.0,0.6666666666666666,10.95,0.5208333333333334,0.5208333333333334,10.95,1.163022916666666,-28.756500000000006,10.95,0.21474460486322203,long_collect,Variational,JUP,JUP,blocked
847,1783126800,1788307200,59.958333333333336,1.0,0.6221959858323495,5.00196,0.29279811097992914,0.6080283353010626,5.00196,-1.0424296576151122,-58.558848,58.95917999999999,0.2629487101773724,long_collect,Crypto.com,MSTRUSD-PERP,MSTR,reachable
847,1783126800,1788307200,59.958333333333336,1.0,0.5548996458087367,11.71033205591383,0.004722550177095631,0.5053128689492326,11.71033205591383,-7.006609162445486,-176.58105050000032,137.11707894999972,1.4581507961033942,long_collect,Kraken,PF_MSTRXUSD,MSTR,reachable
847,1783126800,1788307200,59.958333333333336,1.0,0.9527744982290437,3.504,0.8583234946871311,0.9515938606847698,3.504,5.44216292798111,3.504,3.504,-0.06381408428749459,long_collect,Lighter,MSTR,MSTR,blocked
845,1783126800,1788307200,59.958333333333336,1.0,0.927810650887574,10.95,0.8745562130177514,0.9076923076923077,10.95,8.474434366863905,10.95,10.95,-0.15791223629840398,long_collect,Pacifica,MSTR,MSTR,blocked
846,1783126800,1788307200,59.958333333333336,1.0,0.900709219858156,11.031468,0.0070921985815602835,0.5591016548463357,11.031468,12.960946531914894,0.8689044,36.560385600000004,0.013468707310958247,long_collect,tradeXYZ,xyz:MSTR,MSTR,blocked
211,1783137600,1788307200,59.833333333333336,4.0,0.7677725118483413,46.8003,0.009478672985781991,0.5687203791469194,46.8003,32.024276587677726,-66.74901,97.16592,0.8896057871783245,long_collect,edgeX,MSTRUSDC,MSTR,blocked
105,1783152000,1788307200,59.666666666666664,8.0,0.38095238095238093,-1.367832298474898,0.10476190476190476,0.0,-1.367832298474898,4.766762487229437,-8.969145000000001,30.825345,-0.10354372706526088,long_collect,Bitunix,MSTRUSDT,MSTR,blocked
105,1783152000,1788307200,59.666666666666664,8.0,0.49523809523809526,0.0,0.44761904761904764,0.0,0.0,23.645742857142857,0.0,83.54850000000002,-0.6475580537949089,long_collect,GRVT,MSTR_USDT_Perp,MSTR,blocked
105,1783152000,1788307200,59.666666666666664,8.0,0.8380952380952381,10.95,0.6190476190476191,0.8,10.95,7.082042857142857,-7.446,27.0465,-0.12891256237576398,long_collect,KuCoin,MSTRUSDTM,MSTR,reachable
105,1783152000,1788307200,59.666666666666664,8.0,0.9809523809523809,10.95,0.4095238095238095,0.9428571428571428,10.95,10.716556428571428,10.3806,11.450415,-0.09608187419066158,long_collect,Orderly,PERP_MSTR_USDC_mythos,MSTR,reachable
105,1783152000,1788307200,59.666666666666664,8.0,0.05714285714285714,-10.95,0.580952380952381,0.0,-10.95,-21.436554285714287,-42.1137,-10.95,-0.001024643849852805,long_collect,WhiteBIT,MSTR_PERP,MSTR,reachable
705,1783638000,1788307200,54.041666666666664,1.0,0.41418439716312055,0.0,0.38865248226950355,0.0,0.0,6.268378595399426,-34.70216098162687,50.02823617905564,0.7147712556241891,short,Nado,MSTR-PERP,MSTR,reachable
430,1784628000,1788307200,42.583333333333336,1.0,0.6651162790697674,12.264,0.01627906976744186,0.5279069767441861,12.264,10.797209302325582,-20.148,37.668,-0.41610880198367317,short,Coinbase,MSTR-PERP,MSTR,blocked
26,1785427200,1788307200,33.333333333333336,8.0,0.46153846153846156,0.0,0.46153846153846156,0.0,0.0,5.614359807692305,0.0,71.08521,0.13999751876750705,long_collect,LBank,MSTRUSDT,MSTR,blocked
26,1785427200,1788307200,33.333333333333336,8.0,0.34615384615384615,0.0,0.6153846153846154,0.0,0.0,3.548530769230768,0.0,61.888200000000005,0.016533361718020702,short,Variational,MSTR,MSTR,blocked
192,1787619600,1788307200,7.958333333333333,1.0,0.9270833333333334,3.504,0.609375,0.921875,3.504,7.017124999999999,3.504,48.18,-1.917870384938828,long_collect,Extended,MSTR_24_5-USD,MSTR,blocked
24,1787644800,1788307200,7.666666666666667,8.0,0.9583333333333334,10.95,0.2916666666666667,0.7916666666666666,10.95,21.562375,5.037,68.4375,1.6116495652173908,long_collect,BingX,NCSKMSTR2USD-USDT,MSTR,reachable
24,1787644800,1788307200,7.666666666666667,8.0,0.5,0.8212500000000001,0.0,0.5,0.8212500000000001,6.1456875,0.0,71.06549999999999,-0.6485732608695659,long_collect,MEXC,MSTRSTOCK_USDT,MSTR,blocked
1438,1783126800,1788307200,59.958333333333336,1.0,1.0,10.95,1.0,1.0,10.95,10.95,10.95,10.95,0.0,long_collect,Pacifica,URNM,URNM,blocked
1440,1783126800,1788307200,59.958333333333336,1.0,0.6270833333333333,5.475,0.15763888888888888,0.6138888888888889,5.475,1.5288534783333332,-103.2584124,91.04390640000001,0.9270221936109344,long_collect,tradeXYZ,xyz:URNM,URNM,blocked
180,1783152000,1788307200,59.666666666666664,8.0,0.17222222222222222,-2.56011,0.1,0.0,-2.56011,-2.4270214210930057,-18.50112,41.902364999999996,-0.044389951559326055,long_collect,Bitunix,URNMUSDT,URNM,blocked
180,1783152000,1788307200,59.666666666666664,8.0,0.35555555555555557,0.0,0.5333333333333333,0.0,0.0,15.323916666666666,-24.528,121.43549999999999,-0.4939889775583112,long_collect,GRVT,URNM_USDT_Perp,URNM,blocked
180,1783152000,1788307200,59.666666666666664,8.0,0.3055555555555556,0.0,0.6722222222222223,0.0,0.0,1.3304784979519335,0.0,10.95,-0.22400965180708907,long_collect,HTX,URNM-USDT,URNM,reachable
180,1783152000,1788307200,59.666666666666664,8.0,0.17222222222222222,0.0,0.7222222222222222,0.0,0.0,-1.133933333333333,-14.016,37.777499999999996,-0.04371145097070898,long_collect,MEXC,URNM_USDT,URNM,blocked
180,1783152000,1788307200,59.666666666666664,8.0,0.9666666666666667,10.95,0.7277777777777777,0.9666666666666667,10.95,25.463859999999997,10.95,80.86575,-0.3794928173709065,long_collect,WhiteBIT,URNM_PERP,URNM,reachable
101,1785427200,1788307200,33.333333333333336,8.0,0.1782178217821782,0.0,0.7326732673267327,0.0,0.0,-2.965932178217822,0.0,16.660425,0.1959015202679091,long_collect,LBank,URNMUSDT,URNM,blocked
101,1785427200,1788307200,33.333333333333336,8.0,0.09900990099009901,0.0,0.8118811881188119,0.0,0.0,-3.4567881188118808,0.0,0.0,0.2895080582411182,long_collect,Variational,URNM,URNM,blocked
98,1785513600,1788307200,32.333333333333336,8.0,0.8367346938775511,10.95,0.6122448979591837,0.7448979591836735,10.95,12.63585306122449,-10.95,18.9435,-0.18799576917927424,long_collect,BingX,NCSKURNM2USD-USDT,URNM,reachable
357,1787025600,1788307200,14.833333333333334,1.0,0.8851540616246498,126.46023600000001,0.011204481792717087,0.5602240896358543,126.46023600000001,160.37422265546218,-38.25054000000001,515.221152,-2.578054075317453,long_collect,Crypto.com,URNMUSD-PERP,URNM,reachable
818,1783126800,1788307200,59.958333333333336,1.0,0.4889975550122249,0.0,0.018337408312958436,0.0,0.0,-3.853114914425428,-31.536,21.024,0.06444082648039691,long_collect,Coinbase,ATOM-PERP,ATOM,blocked
818,1783126800,1788307200,59.958333333333336,1.0,0.18092909535452323,-20.034996,0.014669926650366748,0.0,-20.034996,-21.466449608801955,-50.389272000000005,7.319856,-0.4087213234273956,long_collect,Crypto.com,ATOMUSD-PERP,ATOM,reachable
817,1783126800,1788307200,59.958333333333336,1.0,0.627906976744186,11.388,0.5642594859241126,0.605875152998776,11.388,-11.604587515299878,-57.816,11.388,-0.5415337809277978,long_collect,Extended,ATOM-USD,ATOM,blocked
817,1783126800,1788307200,59.958333333333336,1.0,0.2582619339045288,-18.60566330000029,0.01346389228886169,0.0,-18.60566330000029,-21.69944098764253,-62.769241803356756,15.19512885,-0.11845467283249075,long_collect,Kraken,PF_ATOMUSD,ATOM,reachable
204,1783137600,1788307200,59.833333333333336,4.0,0.9656862745098039,10.95,0.9656862745098039,0.9656862745098039,10.95,5.792066911764705,10.95,10.95,-0.4514336330739533,long_collect,edgeX,ATOMUSDC,ATOM,blocked
102,1783152000,1788307200,59.666666666666664,8.0,0.5980392156862745,7.391249999999999,0.0196078431372549,0.5196078431372549,7.391249999999999,2.513776470588235,-10.074,10.95,0.04314260323858394,long_collect,BingX,ATOM-USDT,ATOM,reachable
102,1783152000,1788307200,59.666666666666664,8.0,0.46078431372549017,-1.446495,0.0,0.0,-1.446495,-3.41259895142395,-26.193495,18.724500000000003,-0.35656372553651433,long_collect,Bitunix,ATOMUSDT,ATOM,blocked
102,1783152000,1788307200,59.666666666666664,8.0,0.8921568627450981,10.95,0.696078431372549,0.7549019607843137,10.95,7.5737499999999995,0.0,10.95,0.08244711223816958,long_collect,GRVT,ATOM_USDT_Perp,ATOM,blocked
102,1783152000,1788307200,59.666666666666664,8.0,1.0,10.95,1.0,1.0,10.95,10.95,10.95,10.95,0.0,long_collect,HTX,ATOM-USDT,ATOM,reachable
102,1783152000,1788307200,59.666666666666664,8.0,0.4411764705882353,-2.02575,0.0,0.0,-2.02575,-4.329544117647059,-22.557,10.95,-0.05089421285553756,long_collect,KuCoin,ATOMUSDTM,ATOM,reachable
102,1783152000,1788307200,59.666666666666664,8.0,0.11764705882352941,-12.811499999999999,0.0,0.0,-12.811499999999999,-13.575852941176471,-27.9225,1.314,-0.019743844852404876,long_collect,MEXC,ATOM_USDT,ATOM,blocked
102,1783152000,1788307200,59.666666666666664,8.0,1.0,10.95,0.9803921568627451,0.9901960784313726,10.95,10.873178235294116,10.95,10.95,-0.005945792250081517,long_collect,WhiteBIT,ATOM_PERP,ATOM,reachable
102,1783152000,1788307200,59.666666666666664,8.0,0.00980392156862745,-17.4701775,0.0196078431372549,0.0,-17.4701775,-18.236495,-42.64806,0.0,0.2510051331631866,long_collect,CoinEx,ATOMUSDT,ATOM,blocked
24,1787644800,1788307200,7.666666666666667,8.0,0.041666666666666664,-15.960172499999999,0.0,0.0,-15.960172499999999,-15.9831675,-30.091695,-1.26363,-1.1410633173913045,long_collect,LBank,ATOMUSDT,ATOM,blocked
24,1787644800,1788307200,7.666666666666667,8.0,0.3333333333333333,-14.100900000000001,0.08333333333333333,0.0,-14.100900000000001,-8.9994375,-25.898100000000003,10.95,0.8755451739130435,long_collect,Variational,ATOM,ATOM,blocked
606,1783126800,1788307200,59.958333333333336,1.0,0.9521452145214522,10.95,0.8927392739273927,0.905940594059406,10.95,9.262572475247525,9.31188,10.95,-0.04668526368997494,long_collect,ApeX,CRV-USDT,CRV,blocked
606,1783126800,1788307200,59.958333333333336,1.0,0.834983498349835,10.95,0.7211221122112211,0.806930693069307,10.95,4.595202555549821,-26.91585071666887,10.95,-0.10650601460424822,long_collect,Backpack,CRV_USDC_PERP,CRV,reachable
605,1783126800,1788307200,59.958333333333336,1.0,0.4479338842975207,-1.752,0.024793388429752067,0.0,-1.752,-2.074889256198347,-17.520000000000003,12.264,-0.27544833332955354,long_collect,Coinbase,CRV-PERP,CRV,blocked
605,1783126800,1788307200,59.958333333333336,1.0,0.24462809917355371,-90.38830800000001,0.006611570247933884,0.0,-90.38830800000001,-63.06591143801653,-137.030052,81.701892,0.6973280462333505,long_collect,Crypto.com,CRVUSD-PERP,CRV,reachable
605,1783126800,1788307200,59.958333333333336,1.0,0.7570247933884298,11.388,0.7272727272727273,0.7289256198347107,11.388,-1.6607801652892562,-35.916,11.388,-0.7358411531024908,long_collect,Extended,CRV-USD,CRV,blocked
605,1783126800,1788307200,59.958333333333336,1.0,0.4446280991735537,-3.0810781499999997,0.008264462809917356,0.0,-3.0810781499999997,-1.3372429024128691,-37.900041449999996,36.921914450000294,0.35995756319220407,long_collect,Kraken,PF_CRVUSD,CRV,reachable
605,1783126800,1788307200,59.958333333333336,1.0,0.7884297520661157,10.511999999999999,0.7454545454545455,0.7586776859504132,10.511999999999999,4.568231404958676,-16.644000000000002,10.511999999999999,-0.38192437045943445,long_collect,Lighter,CRV,CRV,blocked
604,1783126800,1788307200,59.958333333333336,1.0,1.0,10.95,0.9966887417218543,0.9983443708609272,10.95,10.941472052980131,10.95,10.95,-0.0005358776348015986,short,Pacifica,CRV,CRV,blocked
52,1783137600,1784606400,17.0,8.0,1.0,10.95,1.0,1.0,10.95,10.95,10.95,10.95,0.0,long_collect,BitMEX,CRV/USDT:USDT,CRV,reachable
151,1783137600,1788307200,59.833333333333336,4.0,0.9933774834437086,10.95,0.9933774834437086,0.9933774834437086,10.95,-14.724820331125825,10.95,10.95,-1.6539724825412896,long_collect,edgeX,CRVUSDC,CRV,blocked
75,1783152000,1788307200,59.666666666666664,8.0,0.9866666666666667,10.95,0.8666666666666667,0.9333333333333333,10.95,10.462359999999999,9.7455,10.95,-0.016966798700807337,long_collect,BingX,CRV-USDT,CRV,reachable
75,1783152000,1788307200,59.666666666666664,8.0,0.8933333333333333,8.406315000000001,0.013333333333333334,0.5733333333333334,8.406315000000001,6.292036381812797,-1.869165,10.95,-0.10383139927803486,long_collect,Bitunix,CRVUSDT,CRV,blocked
75,1783152000,1788307200,59.666666666666664,8.0,1.0,10.95,1.0,1.0,10.95,10.95,10.95,10.95,0.0,long_collect,GRVT,CRV_USDT_Perp,CRV,blocked
75,1783152000,1788307200,59.666666666666664,8.0,0.7866666666666666,10.95,0.5866666666666667,0.5866666666666667,10.95,4.124499999999999,-10.293,10.95,-0.05875748112619981,long_collect,KuCoin,CRVUSDTM,CRV,reachable
75,1783152000,1788307200,59.666666666666664,8.0,0.88,10.95,0.64,0.6666666666666666,10.95,7.72194,-0.219,10.95,-0.01558701418518151,long_collect,MEXC,CRV_USDT,CRV,blocked
75,1783152000,1788307200,59.666666666666664,8.0,0.5733333333333334,1.0512,0.05333333333333334,0.5333333333333333,1.0512,0.43411640000000007,-6.6575999999999995,7.283939999999999,-0.03177829023742862,long_collect,Orderly,PERP_CRV_USDC,CRV,reachable
75,1783152000,1788307200,59.666666666666664,8.0,1.0,10.95,1.0,1.0,10.95,10.95,10.95,10.95,0.0,long_collect,WhiteBIT,CRV_PERP,CRV,reachable
75,1783152000,1788307200,59.666666666666664,8.0,0.12,0.0,0.72,0.0,0.0,1.1259228,-3.60036,5.254905,-0.030119971283301985,long_collect,CoinEx,CRVUSDT,CRV,blocked
24,1787644800,1788307200,7.666666666666667,8.0,0.0,0.0,0.8333333333333334,0.0,0.0,-4.548995000000001,-16.234469999999998,0.0,-1.0510857391304347,long_collect,Bitfinex,tCRVF0:USTF0,CRV,untested
24,1787644800,1788307200,7.666666666666667,8.0,0.0,-66.90450000000001,0.0,0.0,-66.90450000000001,-71.47612500000001,-108.186,-37.3395,-1.101474782608695,long_collect,Deribit,CRV_USDC-PERPETUAL,CRV,untested
24,1787644800,1788307200,7.666666666666667,8.0,0.875,10.95,0.5833333333333334,0.5833333333333334,10.95,7.5753924999999995,-0.8321999999999999,10.95,-0.9812466391304346,long_collect,LBank,CRVUSDT,CRV,blocked
24,1787644800,1788307200,7.666666666666667,8.0,0.20833333333333334,-14.534599999999998,0.0,0.0,-14.534599999999998,-14.532708333333334,-30.642300000000006,6.306100000000001,0.16780121739130446,long_collect,Variational,CRV,CRV,blocked
687,1783126800,1788307200,59.958333333333336,1.0,0.3799126637554585,-4.380000000000001,0.027656477438136828,0.0,-4.380000000000001,-16.47568558951965,-85.848,14.016,-0.5078950494964772,long_collect,Coinbase,ETHFI-PERP,ETHFI,blocked
687,1783126800,1788307200,59.958333333333336,1.0,0.5749636098981077,9.063972,0.010189228529839884,0.50509461426492,9.063972,16.71533088209607,-65.33120400000001,115.949988,-0.8481596039158468,long_collect,Crypto.com,ETHFIUSD-PERP,ETHFI,reachable
686,1783126800,1788307200,59.958333333333336,1.0,0.358600583090379,-25.609434775000146,0.0,0.0,-25.609434775000146,-23.706627561768745,-142.5561977858252,83.43997820000028,-0.17061072627729787,long_collect,Kraken,PF_ETHFIUSD,ETHFI,reachable
686,1783126800,1788307200,59.958333333333336,1.0,1.0,10.511999999999999,0.8935860058309038,1.0,10.511999999999999,13.312390670553935,10.511999999999999,16.644000000000002,-0.10469591761242757,long_collect,Lighter,ETHFI,ETHFI,blocked
171,1783137600,1788307200,59.833333333333336,4.0,0.7602339181286549,7.664999999999999,0.17543859649122806,0.6549707602339181,7.664999999999999,1.910294736842105,-18.834,10.95,0.17322962648263202,long_collect,BingX,ETHFI-USDT,ETHFI,reachable
171,1783137600,1788307200,59.833333333333336,4.0,0.9473684210526315,10.95,0.7953216374269005,0.8421052631578947,10.95,9.468912638837345,4.875744512559621,10.95,-0.0176854073921428,long_collect,Bitunix,ETHFIUSDT,ETHFI,blocked
171,1783137600,1788307200,59.833333333333336,4.0,1.0,10.95,0.8362573099415205,1.0,10.95,23.48576750512219,10.95,65.12838059151646,0.6535274138738086,long_collect,HTX,ETHFI-USDT,ETHFI,reachable
171,1783137600,1788307200,59.833333333333336,4.0,0.935672514619883,10.95,0.7953216374269005,0.847953216374269,10.95,9.434929824561403,4.818,10.95,-0.01856844012584354,long_collect,MEXC,ETHFI_USDT,ETHFI,blocked
171,1783137600,1788307200,59.833333333333336,4.0,0.3216374269005848,-4.85961,0.05847953216374269,0.0,-4.85961,-5.988625438596491,-23.42862,10.13094,-0.1631243873656376,long_collect,Orderly,PERP_ETHFI_USDC,ETHFI,reachable
171,1783137600,1788307200,59.833333333333336,4.0,1.0,10.95,1.0,1.0,10.95,10.95,10.95,10.95,0.0,long_collect,WhiteBIT,ETHFI_PERP,ETHFI,reachable
85,1783152001,1788307200,59.66665509259259,8.0,0.3411764705882353,0.0,0.43529411764705883,0.0,0.0,3.6557927647058825,-11.237985,24.28491,-0.3501608366153628,long_collect,CoinEx,ETHFIUSDT,ETHFI,blocked
100,1784160000,1788307200,48.0,4.0,0.96,10.95,0.93,0.93,10.95,9.09288,10.95,10.95,0.06784748575821098,long_collect,KuCoin,ETHFIUSDTM,ETHFI,reachable
264,1784649600,1788307200,42.333333333333336,1.0,0.7878787878787878,11.388,0.5833333333333334,0.6401515151515151,11.388,-8.494545454545454,-72.708,11.388,1.7576718398787219,long_collect,Extended,ETHFI-USD,ETHFI,blocked
48,1787630400,1788307200,7.833333333333333,4.0,0.9375,10.95,0.7083333333333334,0.7708333333333334,10.95,8.97033125,2.59296,10.95,-0.4206939600521059,long_collect,LBank,ETHFIUSDT,ETHFI,blocked
48,1787630400,1788307200,7.833333333333333,4.0,0.8958333333333334,10.95,0.7916666666666666,0.875,10.95,7.379793749999998,-4.4947,10.95,-0.7588395462440296,long_collect,Variational,ETHFI,ETHFI,blocked
822,1783126800,1788307200,59.958333333333336,1.0,0.8771289537712895,10.95,0.7627737226277372,0.791970802919708,10.95,6.482964817518247,-1.67316,10.95,-0.04535545867053248,long_collect,ApeX,INJ-USDT,INJ,blocked
822,1783126800,1788307200,59.958333333333336,1.0,0.2956204379562044,-5.256,0.0170316301703163,0.0,-5.256,-8.437094890510949,-28.032,10.512,-0.41440311283290654,long_collect,Coinbase,INJ-PERP,INJ,blocked
822,1783126800,1788307200,59.958333333333336,1.0,0.694647201946472,22.458888,0.009732360097323601,0.5340632603406326,22.458888,34.13311940145985,-25.953252,134.331972,0.5658316635342994,short,Crypto.com,INJUSD-PERP,INJ,reachable
821,1783126800,1788307200,59.958333333333336,1.0,0.49086479902557856,-1.262188250000292,0.0036540803897685747,0.0,-1.262188250000292,-4.429544602488377,-62.63110190000029,42.48466044999971,0.17836555097897094,long_collect,Kraken,PF_INJUSD,INJ,reachable
102,1783152000,1788307200,59.666666666666664,8.0,0.8921568627450981,10.95,0.21568627450980393,0.696078431372549,10.95,10.269382352941177,-0.7665,21.243000000000002,0.03816453625758631,short,BingX,INJ-USDT,INJ,reachable
102,1783152000,1788307200,59.666666666666664,8.0,0.29411764705882354,-5.245597500000001,0.0196078431372549,0.0,-5.245597500000001,-6.115208251081117,-18.677415,7.21824,0.19263925738067747,long_collect,Bitunix,INJUSDT,INJ,blocked
102,1783152000,1788307200,59.666666666666664,8.0,0.6862745098039216,6.0225,0.0196078431372549,0.5196078431372549,6.0225,0.8330588235294115,-17.6295,10.95,0.26122297805629047,long_collect,KuCoin,INJUSDTM,INJ,reachable
102,1783152000,1788307200,59.666666666666664,8.0,0.8235294117647058,9.964500000000001,0.0196078431372549,0.5588235294117647,9.964500000000001,8.162044117647058,-7.555499999999999,21.680999999999997,0.08566615705370426,long_collect,MEXC,INJ_USDT,INJ,blocked
102,1783152000,1788307200,59.666666666666664,8.0,0.2549019607843137,-14.673,0.0196078431372549,0.0,-14.673,-10.20517455882353,-25.825575,10.51638,0.4842494434233584,long_collect,Orderly,PERP_INJ_USDC,INJ,reachable
102,1783152000,1788307200,59.666666666666664,8.0,1.0,10.95,1.0,1.0,10.95,10.95,10.95,10.95,0.0,long_collect,WhiteBIT,INJ_PERP,INJ,reachable
102,1783152000,1788307200,59.666666666666664,8.0,0.0392156862745098,0.0,0.49019607843137253,0.0,0.0,-7.031359999999999,-24.834600000000002,0.0,0.27905271627019773,long_collect,CoinEx,INJUSDT,INJ,blocked
400,1784646000,1788307200,42.375,1.0,0.515,1.752,0.0175,0.5075,1.752,-27.60933,-125.268,11.388,1.409008237636645,long_collect,Extended,INJ-USD,INJ,blocked
24,1787644800,1788307200,7.666666666666667,8.0,0.16666666666666666,0.0,0.4166666666666667,0.0,0.0,-3.705845,-28.87734,6.831705,-1.7875827391304349,long_collect,Bitfinex,tINJF0:USTF0,INJ,untested
24,1787644800,1788307200,7.666666666666667,8.0,0.5833333333333334,3.4596525000000002,0.08333333333333333,0.5416666666666666,3.4596525000000002,1.1832843750000002,-6.682784999999999,10.95,-2.4127225239130428,long_collect,LBank,INJUSDT,INJ,blocked
24,1787644800,1788307200,7.666666666666667,8.0,0.4583333333333333,-0.7290500000000001,0.0,0.0,-0.7290500000000001,-0.4327166666666668,-12.556000000000001,10.95,-0.5943307826086957,long_collect,Variational,INJ,INJ,blocked
1262,1783126800,1788307200,59.958333333333336,1.0,0.4286846275752773,-21.784368,0.0071315372424722665,0.0,-21.784368,-11.211229169572107,-151.706556,129.628728,-0.571177163520811,long_collect,Crypto.com,MINAUSD-PERP,MINA,reachable
1261,1783126800,1788307200,59.958333333333336,1.0,0.06661379857256146,-120.03516969263492,0.0023790642347343376,0.0,-120.03516969263492,-5.763315303122969,-242.02207205000028,-17.555361200000295,-0.23672411312385228,long_collect,Kraken,PF_MINAUSD,MINA,reachable
157,1783152000,1788307200,59.666666666666664,8.0,0.8662420382165605,10.95,0.5605095541401274,0.5796178343949044,10.95,6.4009375796178345,-3.3945000000000003,10.95,-0.1957336619305022,long_collect,BingX,MINA-USDT,MINA,reachable
157,1783152000,1788307200,59.666666666666664,8.0,0.643312101910828,4.8903710048117865,0.01910828025477707,0.5286624203821656,4.8903710048117865,-2.3417084413895632,-23.98488,10.95,-0.5196921637334732,long_collect,Bitunix,MINAUSDT,MINA,blocked
157,1783152000,1788307200,59.666666666666664,8.0,0.6305732484076433,6.0225,0.01910828025477707,0.535031847133758,6.0225,-2.4145796178343955,-28.908,10.95,-0.5006909322587711,long_collect,MEXC,MINA_USDT,MINA,blocked
157,1783152000,1788307200,59.666666666666664,8.0,0.9936305732484076,10.95,0.9872611464968153,0.9936305732484076,10.95,10.745130382165604,10.95,10.95,-0.023127246769880663,long_collect,WhiteBIT,MINA_PERP,MINA,reachable
140,1783152000,1788307200,59.666666666666664,8.0,0.007142857142857143,-25.330087499999998,0.014285714285714285,0.0,-25.330087499999998,-34.41087557142857,-78.89913,0.0,-0.9161956038676315,long_collect,CoinEx,MINAUSDT,MINA,blocked
78,1785427200,1788307200,33.333333333333336,8.0,0.6025641025641025,4.873845000000001,0.0,0.5256410256410257,4.873845000000001,-5.474803461538461,-33.926384999999996,10.95,-1.5571216087564108,long_collect,LBank,MINAUSDT,MINA,blocked
156,1785427200,1788307200,33.333333333333336,4.0,0.967948717948718,10.95,0.9551282051282052,0.9551282051282052,10.95,9.10766217948718,10.95,10.95,-0.16953907087918973,short,Variational,MINA,MINA,blocked
72,1785600000,1788307200,31.333333333333332,8.0,0.5138888888888888,1.47825,0.027777777777777776,0.5138888888888888,1.47825,-7.865750000000001,-36.4635,10.95,-1.4298437660843504,long_collect,KuCoin,MINAUSDTM,MINA,reachable
773,1783126800,1788307200,59.958333333333336,1.0,0.8408796895213454,13.140000000000002,0.031047865459249677,0.5899094437257438,13.140000000000002,12.278732212160415,-3.504,27.156000000000002,-0.39491424565847344,short,Coinbase,NVDA-PERP,NVDA,blocked
773,1783126800,1788307200,59.958333333333336,1.0,0.777490297542044,5.00196,0.31565329883570503,0.7671410090556274,5.00196,19.766592093143597,-26.001432,78.368712,0.36982835643702233,short,Crypto.com,NVDAUSD-PERP,NVDA,reachable
773,1783126800,1788307200,59.958333333333336,1.0,0.6921086675291074,18.78327078224832,0.00258732212160414,0.5226390685640362,18.78327078224832,16.922315597595766,-52.3644549,84.19068099999971,-0.5575321441497766,long_collect,Kraken,PF_NVDAXUSD,NVDA,reachable
773,1783126800,1788307200,59.958333333333336,1.0,0.9857697283311773,3.504,0.926261319534282,0.9857697283311773,3.504,3.8802380336351874,3.504,3.504,0.01888786274819955,long_collect,Lighter,NVDA,NVDA,blocked
772,1783126800,1788307200,59.958333333333336,1.0,0.47150259067357514,-1.6592230484625963,0.009067357512953367,0.0,-1.6592230484625963,-1.1218192363115416,-20.550394448444955,18.75163782548959,0.2924159246637219,short,Nado,NVDA-PERP,NVDA,reachable
771,1783126800,1788307200,59.958333333333336,1.0,0.9195849546044098,10.95,0.8599221789883269,0.874189364461738,10.95,8.34700747081712,5.028239999999999,10.95,0.016723236317965743,long_collect,Pacifica,NVDA,NVDA,blocked
772,1783126800,1788307200,59.958333333333336,1.0,0.9196891191709845,5.475,0.5479274611398963,0.8937823834196891,5.475,8.574813940414508,3.4985688,22.3311672,-0.14517917117523163,long_collect,tradeXYZ,xyz:NVDA,NVDA,blocked
193,1783137600,1788307200,59.833333333333336,4.0,0.6424870466321243,28.459049999999998,0.02072538860103627,0.5492227979274611,28.459049999999998,18.584396735751294,-77.63331,96.65127,0.8113468867433358,long_collect,edgeX,NVDAUSDC,NVDA,blocked
96,1783152000,1788307200,59.666666666666664,8.0,0.2916666666666667,-1.3426685930544,0.3333333333333333,0.0,-1.3426685930544,2.6371130279746104,-2.59734,14.11409061512085,-0.09292011765876301,long_collect,Bitunix,NVDAUSDT,NVDA,blocked
96,1783152000,1788307200,59.666666666666664,8.0,0.4791666666666667,0.0,0.5104166666666666,0.0,0.0,18.8020625,0.0,72.927,-0.5271707544923905,long_collect,GRVT,NVDA_USDT_Perp,NVDA,blocked
96,1783152000,1788307200,59.666666666666664,8.0,0.16666666666666666,0.0,0.8333333333333334,0.0,0.0,1.825,0.0,10.95,-0.09269573262403147,long_collect,HTX,NVDA-USDT,NVDA,reachable
96,1783152000,1788307200,59.666666666666664,8.0,0.8020833333333334,10.95,0.4895833333333333,0.6979166666666666,10.95,9.38734375,-9.636,30.003,-0.1804603561928993,long_collect,KuCoin,NVDAUSDTM,NVDA,reachable
96,1783152000,1788307200,59.666666666666664,8.0,0.9895833333333334,10.95,0.9895833333333334,0.9895833333333334,10.95,10.5483403125,10.930290000000001,10.969710000000001,0.02091731442986005,long_collect,Orderly,PERP_NVDA_USDC,NVDA,reachable
96,1783152000,1788307200,59.666666666666664,8.0,0.7708333333333334,10.95,0.5833333333333334,0.7708333333333334,10.95,5.2912453125,-10.95,16.6002,-0.034584768344512545,long_collect,WhiteBIT,NVDA_PERP,NVDA,reachable
192,1787619600,1788307200,7.958333333333333,1.0,0.9114583333333334,3.504,0.90625,0.9114583333333334,3.504,0.885125,3.504,3.504,-0.4754040094403602,long_collect,Extended,NVDA_24_5-USD,NVDA,blocked
24,1787644800,1788307200,7.666666666666667,8.0,0.16666666666666666,-10.95,0.5416666666666666,0.0,-10.95,-5.735062499999999,-10.95,10.95,-0.7431241304347826,long_collect,BingX,NCSKNVDA2USD-USDT,NVDA,reachable
24,1787644800,1788307200,7.666666666666667,8.0,0.25,0.0,0.7083333333333334,0.0,0.0,2.892853125,0.0,14.045564999999998,-1.2208388282608695,long_collect,LBank,NVDAUSDT,NVDA,blocked
24,1787644800,1788307200,7.666666666666667,8.0,0.16666666666666666,0.0,0.7916666666666666,0.0,0.0,2.2820583333333335,0.0,9.434900000000003,-0.954337043478261,short,Variational,NVDA,NVDA,blocked
1375,1783360800,1788307200,57.25,1.0,0.64,16.5161916,0.0036363636363636364,0.5105454545454545,16.5161916,43.517026516363636,-184.7674092,270.68067119999995,-1.3877284566208001,long_collect,tradeXYZ,xyz:SHAZ,SHAZ,blocked
829,1783926000,1788307200,50.708333333333336,1.0,0.012062726176115802,0.0,0.9843184559710495,0.0,0.0,0.09304653744943213,0.0,0.0,0.004752133928366127,long_collect,HTX,SHAZ-USDT,SHAZ,reachable
125,1784736000,1788307200,41.333333333333336,8.0,0.168,-5.697285,0.152,0.0,-5.697285,-24.246999444507242,-80.847135,34.504545,1.809553434165339,long_collect,Bitunix,SHAZUSDT,SHAZ,blocked
245,1784793600,1788307200,40.666666666666664,4.0,0.46122448979591835,-3.93762,0.004081632653061225,0.0,-3.93762,-6.803346734693878,-89.45273999999999,84.37850999999999,0.09059381786877088,long_collect,edgeX,SHAZUSDC,SHAZ,blocked
101,1785427200,1788307200,33.333333333333336,8.0,0.16831683168316833,0.0,0.5346534653465347,0.0,0.0,-6.208248861386139,-58.735800000000005,40.292715,0.6654913710541642,long_collect,LBank,SHAZUSDT,SHAZ,blocked
98,1785513600,1788307200,32.333333333333336,8.0,0.6428571428571429,10.95,0.46938775510204084,0.6122448979591837,10.95,1.0129867346938775,-58.035000000000004,44.128499999999995,-0.14419953904710894,long_collect,BingX,NCSKSHAZ2USD-USDT,SHAZ,reachable
98,1785513600,1788307200,32.333333333333336,8.0,0.17346938775510204,0.0,0.5204081632653061,0.0,0.0,-6.544301020408163,-62.5245,45.4425,0.7921099688235183,long_collect,MEXC,SHAZSTOCK_USDT,SHAZ,blocked
95,1785600000,1788307200,31.333333333333332,8.0,0.7368421052631579,10.95,0.49473684210526314,0.6736842105263158,10.95,5.304410526315789,-69.423,55.0785,-0.27721096024636044,long_collect,KuCoin,SHAZUSDTM,SHAZ,reachable
79,1786060800,1788307200,26.0,8.0,0.189873417721519,0.0,0.5569620253164557,0.0,0.0,-3.353848101265823,-58.389199999999995,57.4296,0.6663638485881208,long_collect,Variational,SHAZ,SHAZ,blocked
357,1787025600,1788307200,14.833333333333334,1.0,0.680672268907563,5.00196,0.2689075630252101,0.680672268907563,5.00196,13.212538689075629,-269.36124,291.029976,6.4983793899426585,long_collect,Crypto.com,SHAZUSD-PERP,SHAZ,reachable
1255,1783126800,1788307200,59.958333333333336,1.0,0.8900398406374502,3.504,0.7378486055776893,0.8868525896414342,3.504,-3.7957673306772914,-10.511999999999999,49.056,1.5715832014438185,long_collect,Lighter,ZHIPU,ZHIPU,blocked
1255,1783126800,1788307200,59.958333333333336,1.0,0.5792828685258964,5.475,0.10119521912350597,0.5665338645418326,5.475,-2.5941582004780885,-197.823138,224.07282840000002,1.712358093520753,short,tradeXYZ,xyz:ZHIPU,ZHIPU,blocked
313,1783137600,1788307200,59.833333333333336,4.0,0.5591054313099042,2.1724799999999997,0.006389776357827476,0.5047923322683706,2.1724799999999997,14.570398849840256,-82.63745999999999,95.55627,-0.1083030016460138,long_collect,edgeX,ZHIPUUSDC,ZHIPU,blocked
1113,1783638000,1788307200,54.041666666666664,1.0,0.7502246181491464,10.949999999999964,0.7457322551662174,0.7484276729559748,10.949999999999964,8.189585547678815,0.0,10.954150557197869,0.22040274363284623,short,Nado,ZHIPU-PERP,ZHIPU,reachable
571,1783688400,1788307200,53.458333333333336,1.0,0.6304728546409807,10.95,0.4851138353765324,0.6217162872154116,10.95,73.73274686016454,0.0,115.31314636594455,2.9264168504989487,long_collect,HTX,ZHIPU-USDT,ZHIPU,reachable
102,1784707200,1788307200,41.666666666666664,8.0,0.21568627450980393,-5.378640000000001,0.049019607843137254,0.0,-5.378640000000001,20.385414124459484,-46.93389,73.079205,-1.0945897746636117,long_collect,Bitunix,ZHIPUUSDT,ZHIPU,blocked
84,1785225600,1788307200,35.666666666666664,8.0,0.75,10.95,0.40476190476190477,0.6666666666666666,10.95,25.43417767857143,-40.555515,44.268660000000004,-2.630784575654564,long_collect,Orderly,PERP_ZHIPU_USDC_mythos,ZHIPU,reachable
77,1785427200,1788307200,33.333333333333336,8.0,0.36363636363636365,0.0,0.5064935064935064,0.0,0.0,0.706772727272727,-18.9435,10.95,0.070218224978519,long_collect,LBank,ZHIPUUSDT,ZHIPU,blocked
74,1785513600,1788307200,32.333333333333336,8.0,0.20270270270270271,0.0,0.6216216216216216,0.0,0.0,0.07546621621621591,-27.484499999999993,47.8515,0.23286205287713832,long_collect,MEXC,ZHIPUSTOCK_USDT,ZHIPU,blocked
71,1785600000,1788307200,31.333333333333332,8.0,0.7887323943661971,10.95,0.4647887323943662,0.7605633802816901,10.95,8.820147887323943,-27.156000000000002,48.2895,0.7565571349055034,long_collect,KuCoin,ZHIPUUSDTM,ZHIPU,reachable
340,1786420800,1788307200,21.833333333333332,1.0,0.5852941176470589,61.61170800000001,0.011764705882352941,0.5147058823529411,61.61170800000001,70.04262056470589,-282.63264000000004,429.9434280000001,-6.703498736859554,long_collect,Crypto.com,ZHIPUUSD-PERP,ZHIPU,reachable
41,1786492800,1788307200,21.0,8.0,0.8048780487804879,10.95,0.4878048780487805,0.6829268292682927,10.95,15.29741707317073,-10.95,56.064,0.09536613786552713,long_collect,BingX,NCSKZHIPU2USD-USDT,ZHIPU,reachable
585,1783126800,1788307200,59.958333333333336,1.0,0.9213675213675213,10.95,0.8752136752136752,0.8888888888888888,10.95,8.485744615384615,6.42108,10.95,-0.14235931534604995,long_collect,ApeX,ADA-USDT,ADA,blocked
585,1783126800,1788307200,59.958333333333336,1.0,0.8974358974358975,10.95,0.7521367521367521,0.7777777777777778,10.95,8.008259750899072,-0.22162800000000002,10.95,-0.004443185416829097,long_collect,Backpack,ADA_USDC_PERP,ADA,reachable
585,1783126800,1788307200,59.958333333333336,1.0,0.2358974358974359,-4.380000000000001,0.04786324786324787,0.0,-4.380000000000001,-4.899610256410257,-14.016,3.504,-0.14560691902887324,long_collect,Coinbase,ADA-PERP,ADA,blocked
584,1783126800,1788307200,59.958333333333336,1.0,0.3476027397260274,-12.066024,0.00684931506849315,0.0,-12.066024,-15.833648999999998,-58.388904,23.283204,-0.31656278436276647,short,Crypto.com,ADAUSD-PERP,ADA,reachable
584,1783126800,1788307200,59.958333333333336,1.0,0.8767123287671232,11.388,0.7756849315068494,0.7876712328767124,11.388,7.0785,-4.380000000000001,11.388,0.012428262302401231,short,Extended,ADA-USD,ADA,blocked
584,1783126800,1788307200,59.958333333333336,1.0,0.4520547945205479,-1.2115244291224576,0.017123287671232876,0.0,-1.2115244291224576,-2.406667480966704,-22.42459625000029,16.443821642283034,-0.04782242270160381,long_collect,Kraken,PF_ADAUSD,ADA,reachable
584,1783126800,1788307200,59.958333333333336,1.0,0.4657534246575342,0.0,0.03767123287671233,0.0,0.0,-6.472500000000001,-32.412,10.511999999999999,0.26984848332392325,long_collect,Lighter,ADA,ADA,blocked
583,1783126800,1788307200,59.958333333333336,1.0,0.7444253859348199,10.95,0.6123499142367067,0.6363636363636364,10.95,3.7985493653516293,-14.664239999999998,10.95,0.1784310394619369,long_collect,Pacifica,ADA,ADA,blocked
49,1783137600,1784520000,16.0,8.0,0.5306122448979592,2.7375,0.04081632653061224,0.5306122448979592,2.7375,-2.641408163265307,-26.280000000000005,10.95,0.8447478061224489,long_collect,BitMEX,ADAUSDT,ADA,reachable
146,1783137600,1788307200,59.833333333333336,4.0,0.6986301369863014,7.91685,0.0136986301369863,0.5136986301369864,7.91685,3.694532600690248,-9.434520000000001,10.95,0.04381458527689679,long_collect,Bitunix,ADAUSDC,ADA,blocked
146,1783137600,1788307200,59.833333333333336,4.0,0.9931506849315068,10.95,0.9863013698630136,0.9931506849315068,10.95,7.867305,10.95,10.95,-0.1912387619467764,long_collect,edgeX,ADAUSDC,ADA,blocked
73,1783152000,1788307200,59.666666666666664,8.0,0.8082191780821918,8.760000000000002,0.1232876712328767,0.6164383561643836,8.760000000000002,5.7806999999999995,-5.256,10.95,0.1367989386722874,long_collect,BingX,ADA-USDT,ADA,reachable
73,1783152000,1788307200,59.666666666666664,8.0,0.6986301369863014,6.9061650000000006,0.0273972602739726,0.5068493150684932,6.9061650000000006,3.123146552124071,-9.757545,10.95,0.07461012830440558,long_collect,Bitunix,ADAUSD,ADA,blocked
73,1783152000,1788307200,59.666666666666664,8.0,0.7671232876712328,9.74112,0.0547945205479452,0.6301369863013698,9.74112,6.4609180490754285,-15.315765,16.425,0.06959863805170767,long_collect,Bitunix,ADAUSDT,ADA,blocked
49,1783152000,1784534400,16.0,8.0,0.14285714285714285,-11.169,0.061224489795918366,0.0,-11.169,-17.274183673469388,-56.61150000000001,9.0885,0.6240159183673468,long_collect,Deribit,ADA/USDT:USDT,ADA,untested
73,1783152000,1788307200,59.666666666666664,8.0,1.0,10.95,0.821917808219178,0.8493150684931506,10.95,10.074,5.913,10.95,-0.05279943310709263,long_collect,GRVT,ADA_USDT_Perp,ADA,blocked
73,1783152000,1788307200,59.666666666666664,8.0,1.0,10.95,1.0,1.0,10.95,10.95,10.95,10.95,0.0,long_collect,HTX,ADA-USDT,ADA,reachable
73,1783152000,1788307200,59.666666666666664,8.0,0.6164383561643836,3.2850000000000006,0.0410958904109589,0.547945205479452,3.2850000000000006,1.635,-9.7455,10.95,0.03939600421508999,long_collect,KuCoin,ADAUSDTM,ADA,reachable
73,1783152000,1788307200,59.666666666666664,8.0,0.589041095890411,2.847,0.0410958904109589,0.5342465753424658,2.847,0.6134999999999999,-14.344500000000002,10.95,0.05096480583339289,long_collect,MEXC,ADA_USDT,ADA,blocked
73,1783152000,1788307200,59.666666666666664,8.0,1.0,10.598505,0.410958904109589,0.958904109589041,10.598505,10.34634,9.44985,11.008035000000001,-0.006257443253745355,long_collect,Orderly,PERP_ADA_USDC,ADA,reachable
73,1783152000,1788307200,59.666666666666664,8.0,0.8356164383561644,10.95,0.5068493150684932,0.5616438356164384,10.95,4.3768199999999995,-10.15065,10.95,0.1460793750638595,long_collect,WhiteBIT,ADA_PERP,ADA,reachable
73,1783152000,1788307200,59.666666666666664,8.0,0.0136986301369863,0.0,0.6575342465753424,0.0,0.0,-3.58794,-15.403364999999999,0.0,-0.00641076436551311,long_collect,CoinEx,ADAUSDT,ADA,blocked
24,1787644800,1788307200,7.666666666666667,8.0,0.0,0.0,1.0,0.0,0.0,0.0,0.0,0.0,0.0,long_collect,Bitfinex,tADAF0:USTF0,ADA,untested
24,1787644800,1788307200,7.666666666666667,8.0,0.3333333333333333,-26.061,0.0,0.0,-26.061,-18.697125000000003,-70.08000000000001,19.491,1.1891699999999998,long_collect,Deribit,ADA_USDC-PERPETUAL,ADA,untested
24,1787644800,1788307200,7.666666666666667,8.0,0.75,3.6578474999999995,0.0,0.5416666666666666,3.6578474999999995,2.8514256249999996,-3.297045,8.45997,-0.502946354347826,long_collect,LBank,ADAUSDT,ADA,blocked
24,1787644800,1788307200,7.666666666666667,8.0,0.9166666666666666,10.95,0.7916666666666666,0.8333333333333334,10.95,8.7450125,3.4172000000000002,10.95,0.11146552173913041,long_collect,Variational,ADA,ADA,blocked
798,1783126800,1788307200,59.958333333333336,1.0,0.8759398496240601,10.95,0.6591478696741855,0.8195488721804511,10.95,10.941157513712781,-5.18154,32.291988,-0.039684735839906886,long_collect,Backpack,AERO_USDC_PERP,AERO,reachable
798,1783126800,1788307200,59.958333333333336,1.0,0.7493734335839599,28.032,0.015037593984962405,0.5802005012531328,28.032,37.11363909774436,-28.032,75.336,1.4547715167134652,long_collect,Coinbase,AERO-PERP,AERO,blocked
798,1783126800,1788307200,59.958333333333336,1.0,0.8558897243107769,11.388,0.7919799498746867,0.8045112781954887,11.388,6.73575939849624,-7.884,11.388,-0.22032953654955495,long_collect,Extended,AERO-USD,AERO,blocked
798,1783126800,1788307200,59.958333333333336,1.0,0.6215538847117794,10.511999999999999,0.5451127819548872,0.5626566416040101,10.511999999999999,-4.566616541353384,-42.047999999999995,10.511999999999999,0.23078676093094846,long_collect,Lighter,AERO,AERO,blocked
199,1783137600,1788307200,59.833333333333336,4.0,0.8291457286432161,10.95,0.6130653266331658,0.6331658291457286,10.95,5.860395979899497,-9.417,10.95,0.1591668520613537,long_collect,BingX,AERO-USDT,AERO,reachable
199,1783137600,1788307200,59.833333333333336,4.0,0.628140703517588,10.95,0.5276381909547738,0.542713567839196,10.95,-4.559253924474978,-40.663920000000005,10.95,-0.01760174231317578,long_collect,Bitunix,AEROUSDT,AERO,blocked
199,1783137600,1788307200,59.833333333333336,4.0,0.6231155778894473,10.95,0.5175879396984925,0.5326633165829145,10.95,-4.627613065326634,-40.733999999999995,10.95,-0.017137489578820383,long_collect,MEXC,AERO_USDT,AERO,blocked
99,1783152001,1788307200,59.66665509259259,8.0,0.18181818181818182,0.0,0.6161616161616161,0.0,0.0,-0.05828939393939391,-14.11674,8.31543,-0.1999665455425345,long_collect,CoinEx,AEROUSDT,AERO,blocked
128,1784160000,1788307200,48.0,4.0,0.7421875,10.95,0.6328125,0.6484375,10.95,0.6689765624999994,-24.747,10.95,0.2747881996750332,long_collect,KuCoin,AEROUSDTM,AERO,reachable
48,1787630400,1788307200,7.833333333333333,4.0,0.625,7.951890000000001,0.0,0.5208333333333334,7.951890000000001,0.2969731249999996,-24.55209,10.95,-4.171983520408164,long_collect,LBank,AEROUSDT,AERO,blocked
48,1787630400,1788307200,7.833333333333333,4.0,0.75,10.95,0.6041666666666666,0.6041666666666666,10.95,2.125079166666666,-27.025199999999998,10.95,-0.8917523447676943,long_collect,Variational,AERO,AERO,blocked
48,1787630400,1788307200,7.833333333333333,4.0,1.0,10.95,1.0,1.0,10.95,10.949999999999998,10.95,10.95,4.932521508980708e-32,long_collect,WhiteBIT,AERO_PERP,AERO,reachable
543,1783126800,1787749200,53.5,1.0,0.04788213627992634,-73.58399999999999,0.040515653775322284,0.0,-73.58399999999999,-64.92563535911603,-88.476,-28.032,1.2341219714479512,long_collect,Coinbase,AXS-PERP,AXS,blocked
697,1783126800,1788307200,59.958333333333336,1.0,0.1951219512195122,-46.779275999999996,0.005738880918220947,0.0,-46.779275999999996,-52.11627520803443,-135.16066800000002,21.653844000000003,-0.17253771833709236,long_collect,Crypto.com,AXSUSD-PERP,AXS,reachable
697,1783126800,1788307200,59.958333333333336,1.0,0.28694404591104733,-20.45994780584967,0.007173601147776184,0.0,-20.45994780584967,-24.27119910723372,-90.19578173910098,35.0822304999997,-1.1144857572902578,long_collect,Kraken,PF_AXSUSD,AXS,reachable
697,1783126800,1788307200,59.958333333333336,1.0,0.8192252510760402,10.511999999999999,0.776183644189383,0.7819225251076041,10.511999999999999,2.3615552367288366,-29.784,10.511999999999999,-0.5703736489042142,long_collect,Lighter,AXS,AXS,blocked
174,1783137600,1788307200,59.833333333333336,4.0,0.9770114942528736,10.95,0.7988505747126436,0.8850574712643678,10.95,10.644910344827585,7.664999999999999,10.95,0.06093773805833727,long_collect,BingX,AXS-USDT,AXS,reachable
174,1783137600,1788307200,59.833333333333336,4.0,0.6091954022988506,5.632350878558311,0.011494252873563218,0.5402298850574713,5.632350878558311,1.3687042447629432,-16.45523034036364,10.95,0.24532032236271753,long_collect,Bitunix,AXSUSDT,AXS,blocked
174,1783137600,1788307200,59.833333333333336,4.0,0.867816091954023,10.95,0.7816091954022989,0.7988505747126436,10.95,7.096103448275862,-2.1900000000000004,10.95,-0.022713949372037426,short,GRVT,AXS_USDT_Perp,AXS,blocked
174,1783137600,1788307200,59.833333333333336,4.0,0.6149425287356322,7.3365,0.022988505747126436,0.5229885057471264,7.3365,1.2686896551724134,-16.863,10.95,0.2606560409057789,long_collect,MEXC,AXS_USDT,AXS,blocked
174,1783137600,1788307200,59.833333333333336,4.0,0.3448275862068966,-4.15224,0.017241379310344827,0.0,-4.15224,-8.410984482758622,-26.35884,4.37562,0.1915056704156962,long_collect,Orderly,PERP_AXS_USDC,AXS,reachable
174,1783137600,1788307200,59.833333333333336,4.0,0.9942528735632183,10.95,0.9942528735632183,0.9942528735632183,10.95,10.851361896551722,10.95,10.95,0.005055442834329271,long_collect,WhiteBIT,AXS_PERP,AXS,reachable
87,1783152000,1788307200,59.666666666666664,8.0,0.5057471264367817,0.782925,0.011494252873563218,0.5057471264367817,0.782925,10.531835862068965,0.0,39.0696,-0.13675825616894247,long_collect,CoinEx,AXSUSDT,AXS,blocked
103,1784160000,1788307200,48.0,4.0,0.8932038834951457,10.95,0.8737864077669902,0.8737864077669902,10.95,7.446,-4.1610000000000005,10.95,0.14051461167188217,long_collect,KuCoin,AXSUSDTM,AXS,reachable
277,1784638800,1788307200,42.458333333333336,1.0,0.6859205776173285,11.388,0.51985559566787,0.555956678700361,11.388,-15.616202166064982,-78.84,11.388,2.093346621394891,long_collect,Extended,AXS-USD,AXS,blocked
48,1787630400,1788307200,7.833333333333333,4.0,0.9375,10.95,0.75,0.7708333333333334,10.95,8.912341875,0.7884,10.95,-0.25268325553625703,long_collect,LBank,AXSUSDT,AXS,blocked
24,1787644800,1788307200,7.666666666666667,8.0,0.20833333333333334,0.0,0.5416666666666666,0.0,0.0,-2.7894668750000005,-28.333125,8.001165,-3.8534321152173905,long_collect,Bitfinex,tAXSF0:USTF0,AXS,untested
24,1787644800,1788307200,7.666666666666667,8.0,1.0,10.95,0.9166666666666666,1.0,10.95,10.874083333333333,10.8842,10.95,-0.015155739130434763,long_collect,Variational,AXS,AXS,blocked
1440,1783126800,1788307200,59.958333333333336,1.0,0.6159722222222223,5.00196,0.2763888888888889,0.6097222222222223,5.00196,-0.07979690833333153,-260.79220799999996,287.690664,-0.8505173289857875,long_collect,Crypto.com,BZUSD-PERP,BZ,reachable
360,1783137600,1788307200,59.833333333333336,4.0,0.24444444444444444,-6.562839336945853,0.044444444444444446,0.0,-6.562839336945853,-24.53242044453109,-72.89003914743031,8.2179927756606,-0.8346471387587439,long_collect,Bitunix,BZUSDT,BZ,blocked
360,1783137600,1788307200,59.833333333333336,4.0,0.2722222222222222,-1.7082,0.06111111111111111,0.0,-1.7082,-25.880172916666666,-71.33924999999999,1.77828,-0.34805592656579143,long_collect,edgeX,BZUSDC,BZ,blocked
360,1783137600,1788307200,59.833333333333336,4.0,0.1388888888888889,0.0,0.4722222222222222,0.0,0.0,-21.426108333333335,-71.39399999999999,18.615000000000002,-0.7716865233029527,long_collect,GRVT,BZ_USDT_Perp,BZ,blocked
360,1783137600,1788307200,59.833333333333336,4.0,0.9861111111111112,10.95,0.9777777777777777,0.9777777777777777,10.95,10.098333333333333,10.87773,11.006940000000002,-0.001852500821765619,long_collect,Orderly,PERP_BZ_USDC,BZ,reachable
360,1783137600,1788307200,59.833333333333336,4.0,0.2222222222222222,-21.9,0.4388888888888889,0.0,-21.9,-27.169140000000002,-88.2351,21.9,-0.4792015855060609,long_collect,WhiteBIT,BZ_PERP,BZ,reachable
289,1784160000,1788307200,48.0,4.0,0.6332179930795848,10.95,0.5086505190311419,0.5640138408304498,10.95,-16.893311418685123,-88.476,10.95,-0.6166707880921131,long_collect,KuCoin,BZUSDTM,BZ,reachable
201,1785427200,1788307200,33.333333333333336,4.0,0.03482587064676617,-4.032100000000001,0.004975124378109453,0.0,-4.032100000000001,-39.09497064676617,-145.0978,0.0,2.2792538117334122,long_collect,Variational,BZ,BZ,blocked
1156,1783126800,1788307200,59.958333333333336,1.0,0.8339100346020761,42.951156000000005,0.006920415224913495,0.5700692041522492,42.951156000000005,47.010170200692045,-12.779964,111.67247999999998,-1.5674331953930802,short,Crypto.com,CROUSD-PERP,CRO,reachable
1156,1783126800,1788307200,59.958333333333336,1.0,0.7352941176470589,106.53017567500014,0.0034602076124567475,0.5527681660899654,106.53017567500014,110.55823065930063,-152.65843877286812,291.4010840780328,-4.874017833734196,long_collect,Kraken,PF_CROUSD,CRO,reachable
1155,1783126800,1788307200,59.958333333333336,1.0,0.8311688311688312,10.511999999999999,0.7913419913419913,0.7982683982683982,10.511999999999999,2.76982857142857,-21.023999999999997,10.511999999999999,-0.24399403248163548,long_collect,Lighter,CRO,CRO,blocked
144,1783152000,1788307200,59.666666666666664,8.0,0.9791666666666666,10.95,0.9583333333333334,0.9652777777777778,10.95,10.447060416666666,10.95,10.95,-0.0021597039004280943,long_collect,BingX,CRO-USDT,CRO,reachable
144,1783152000,1788307200,59.666666666666664,8.0,0.8055555555555556,10.95,0.625,0.6944444444444444,10.95,4.675824435305951,-19.4765040028518,10.95,-0.16069081882591243,long_collect,Bitunix,CROUSDT,CRO,blocked
144,1783152000,1788307200,59.666666666666664,8.0,0.9027777777777778,10.95,0.7222222222222222,0.8333333333333334,10.95,10.671687499999999,0.219,13.6875,-0.027894113683209123,long_collect,KuCoin,CROUSDTM,CRO,reachable
144,1783152000,1788307200,59.666666666666664,8.0,0.7430555555555556,10.95,0.6319444444444444,0.6458333333333334,10.95,0.7832291666666664,-25.9515,10.95,0.04371926827334707,long_collect,MEXC,CRO_USDT,CRO,blocked
127,1783152000,1788307200,59.666666666666664,8.0,0.5511811023622047,5.4979949999999995,0.007874015748031496,0.5039370078740157,5.4979949999999995,17.66159125984252,0.0,56.527185,-0.07554233517073103,long_collect,CoinEx,CROUSDT,CRO,blocked
65,1785427200,1788307200,33.333333333333336,8.0,0.6615384615384615,10.95,0.5230769230769231,0.5384615384615384,10.95,-3.839844923076923,-32.248844999999996,10.95,1.1174349589044397,long_collect,LBank,CROUSDT,CRO,blocked
65,1785427200,1788307200,33.333333333333336,8.0,0.7076923076923077,10.95,0.5384615384615384,0.5384615384615384,10.95,-0.10391230769230801,-25.0675,10.95,0.6991012871015024,long_collect,Variational,CRO,CRO,blocked
611,1783126800,1788307200,59.958333333333336,1.0,0.9459901800327333,10.95,0.88379705400982,0.8985270049099836,10.95,9.497029983633388,8.322000000000001,10.95,-0.03821102195812687,long_collect,ApeX,EIGEN-USDT,EIGEN,blocked
611,1783126800,1788307200,59.958333333333336,1.0,0.4026186579378069,-3.504,0.02618657937806874,0.0,-3.504,-2.3297872340425534,-23.651999999999997,21.024,-0.36478626424307725,long_collect,Coinbase,EIGEN-PERP,EIGEN,blocked
611,1783126800,1788307200,59.958333333333336,1.0,0.4582651391162029,-15.971232000000002,0.01309328968903437,0.0,-15.971232000000002,-2.580645819967267,-79.1247,87.010452,-0.4366050709560809,long_collect,Crypto.com,EIGENUSD-PERP,EIGEN,reachable
611,1783126800,1788307200,59.958333333333336,1.0,0.9950900163666121,11.388,0.9574468085106383,0.9623567921440261,11.388,11.0940883797054,11.388,11.388,-0.01948271804322814,long_collect,Extended,EIGEN-USD,EIGEN,blocked
611,1783126800,1788307200,59.958333333333336,1.0,0.397708674304419,-9.676620849999708,0.004909983633387889,0.0,-9.676620849999708,-1.5854831450037452,-59.223011728778104,52.21073514999971,0.25095143407573745,long_collect,Kraken,PF_EIGENUSD,EIGEN,reachable
611,1783126800,1788307200,59.958333333333336,1.0,1.0,10.511999999999999,0.9541734860883797,0.9967266775777414,10.511999999999999,12.02743698854337,10.511999999999999,10.511999999999999,0.08326575313217136,long_collect,Lighter,EIGEN,EIGEN,blocked
152,1783137600,1788307200,59.833333333333336,4.0,0.993421052631579,10.95,0.9407894736842105,0.9473684210526315,10.95,10.484336842105263,10.95,10.95,0.010516439809153028,long_collect,BingX,EIGEN-USDT,EIGEN,reachable
152,1783137600,1788307200,59.833333333333336,4.0,0.9144736842105263,10.95,0.6710526315789473,0.7105263157894737,10.95,7.807337382799224,0.30886743456102633,10.95,0.0508744049643276,long_collect,Bitunix,EIGENUSDT,EIGEN,blocked
152,1783137600,1788307200,59.833333333333336,4.0,0.993421052631579,10.95,0.9539473684210527,0.9605263157894737,10.95,10.637348684210526,10.95,10.95,-0.00033234986270122015,long_collect,GRVT,EIGEN_USDT_Perp,EIGEN,blocked
152,1783137600,1788307200,59.833333333333336,4.0,0.9078947368421053,10.95,0.6842105263157895,0.7236842105263158,10.95,7.734157894736842,0.657,10.95,0.05266741953685516,long_collect,MEXC,EIGEN_USDT,EIGEN,blocked
152,1783137600,1788307200,59.833333333333336,4.0,1.0,9.52869,0.375,1.0,9.52869,9.861310657894737,9.07536,10.95,0.031056487392369707,long_collect,Orderly,PERP_EIGEN_USDC_mythos,EIGEN,reachable
152,1783137600,1788307200,59.833333333333336,4.0,1.0,10.95,1.0,1.0,10.95,10.95,10.95,10.95,0.0,long_collect,WhiteBIT,EIGEN_PERP,EIGEN,reachable
76,1783152001,1788307200,59.66665509259259,8.0,0.06578947368421052,0.0,0.6578947368421053,0.0,0.0,-2.520243355263158,-14.18244,0.0,-0.0708246033830241,long_collect,CoinEx,EIGENUSDT,EIGEN,blocked
81,1784160000,1788307200,48.0,4.0,0.7654320987654321,10.95,0.5802469135802469,0.5802469135802469,10.95,2.341407407407407,-21.9,10.95,-0.06474379335397538,long_collect,KuCoin,EIGENUSDTM,EIGEN,reachable
192,1787619600,1788307200,7.958333333333333,1.0,0.4114583333333333,-6.440406431604203,0.0,0.0,-6.440406431604203,-14.141031702313247,-52.04643040138065,10.949999999999964,-1.4359549029492442,long_collect,Nado,EIGEN-PERP,EIGEN,reachable
48,1787630400,1788307200,7.833333333333333,4.0,1.0,10.95,0.8125,0.8541666666666666,10.95,10.030793124999999,6.066299999999999,10.95,-0.0727285877116804,long_collect,LBank,EIGENUSDT,EIGEN,blocked
48,1787630400,1788307200,7.833333333333333,4.0,0.8958333333333334,10.95,0.875,0.875,10.95,8.303360416666665,-4.6862,10.95,0.4866451042118975,long_collect,Variational,EIGEN,EIGEN,blocked
1440,1783126800,1788307200,59.958333333333336,1.0,0.6,5.475,0.09236111111111112,0.5888888888888889,5.475,39.758564023333335,-180.1968792,279.0361344,-1.4614211345418664,long_collect,tradeXYZ,xyz:KIOXIA,KIOXIA,blocked
1340,1783486800,1788307200,55.791666666666664,1.0,0.5664179104477612,77.77566,0.0037313432835820895,0.5074626865671642,77.77566,99.86483416119404,-423.831576,717.315228,-5.466064126592265,long_collect,Crypto.com,KIOXIAUSD-PERP,KIOXIA,reachable
1256,1783789200,1788307200,52.291666666666664,1.0,0.9984076433121019,10.95,0.8861464968152867,0.8869426751592356,10.95,9.350478850433678,1.36875,10.95,0.0276113568341276,long_collect,HTX,KIOXIA-USDT,KIOXIA,reachable
101,1785427200,1788307200,33.333333333333336,8.0,0.15841584158415842,0.0,0.7227722772277227,0.0,0.0,0.9204504950495045,-17.958,30.003,0.6080177227722774,long_collect,LBank,KIOXIAUSDT,KIOXIA,blocked
98,1785513600,1788307200,32.333333333333336,8.0,0.7653061224489796,10.95,0.3469387755102041,0.6836734693877551,10.95,23.633452040816326,-10.95,82.0155,1.1985134498785455,long_collect,BingX,NCSKKIOXIA2USD-USDT,KIOXIA,reachable
98,1785513600,1788307200,32.333333333333336,8.0,0.16326530612244897,0.0,0.7142857142857143,0.0,0.0,0.8949948979591834,-29.6745,33.1785,0.6609562668553834,long_collect,MEXC,KIOXIASTOCK_USDT,KIOXIA,blocked
95,1785600000,1788307200,31.333333333333332,8.0,0.9894736842105263,10.95,0.8631578947368421,0.9789473684210527,10.95,15.505199999999999,10.95,17.958,0.24356086226203802,long_collect,KuCoin,KIOXIAUSDTM,KIOXIA,reachable
465,1786636800,1788307200,19.333333333333332,1.0,1.0,3.504,1.0,1.0,3.504,3.504,3.504,3.504,0.0,long_collect,Lighter,KIOXIA,KIOXIA,blocked
322,1787151600,1788307200,13.375,1.0,0.577639751552795,5.256,0.11801242236024845,0.562111801242236,5.256,14.50568944099379,-113.87999999999998,147.16799999999998,-0.5917211807154906,long_collect,Extended,KIOXIA-USD,KIOXIA,blocked
360,1783137600,1788307200,59.833333333333336,4.0,0.5388888888888889,3.942,0.11944444444444445,0.5194444444444445,3.942,-222.50108,-515.964,10.95,3.757924077809242,long_collect,BingX,LA-USDT,LA,reachable
360,1783137600,1788307200,59.833333333333336,4.0,0.5611111111111111,6.712957823069797,0.005555555555555556,0.5138888888888888,6.712957823069797,-202.6086133551712,-503.05033649999996,10.95,2.8765124479061805,long_collect,Bitunix,LAUSDT,LA,blocked
360,1783137600,1788307200,59.833333333333336,4.0,0.7805555555555556,10.95,0.775,0.775,10.95,-160.13888333333333,-286.452,10.95,2.8318611427953577,long_collect,GRVT,LA_USDT_Perp,LA,blocked
360,1783137600,1788307200,59.833333333333336,4.0,0.5583333333333333,9.7455,0.0,0.5166666666666667,9.7455,-229.30030000000002,-598.0889999999999,10.95,3.346538122979344,long_collect,MEXC,LA_USDT,LA,blocked
360,1783137600,1788307200,59.833333333333336,4.0,0.7388888888888889,10.95,0.7361111111111112,0.7361111111111112,10.95,-174.42636425,-448.98723,10.95,2.1524583095625736,long_collect,WhiteBIT,LA_PERP,LA,reachable
289,1784160000,1788307200,48.0,4.0,0.6124567474048442,10.95,0.5813148788927336,0.5986159169550173,10.95,-264.0692906574394,-744.6,10.95,13.76501884023386,long_collect,KuCoin,LAUSDTM,LA,reachable
201,1785427200,1788307200,33.333333333333336,4.0,0.5671641791044776,10.95,0.527363184079602,0.5373134328358209,10.95,-162.14369940298508,-440.67618,10.95,22.962196757972514,long_collect,LBank,LAUSDT,LA,blocked
58,1786665600,1788307200,19.0,8.0,0.0,0.0,1.0,0.0,0.0,0.0,0.0,0.0,0.0,long_collect,HTX,NAVER-USDT,NAVER,reachable
58,1786665600,1788307200,19.0,8.0,0.13793103448275862,0.0,0.7931034482758621,0.0,0.0,-0.9307499999999993,0.0,16.3155,-1.2424876649543202,long_collect,LBank,NAVERUSDT,NAVER,blocked
57,1786694400,1788307200,18.666666666666668,8.0,0.08771929824561403,-2.8689,0.14035087719298245,0.0,-2.8689,-5.23021947368421,-27.881984999999997,-0.12483000000000001,-0.5550851532927145,long_collect,Bitunix,NAVERUSDT,NAVER,blocked
113,1786694400,1788307200,18.666666666666668,4.0,0.5929203539823009,13.05459,0.008849557522123894,0.5486725663716814,13.05459,8.746898761061948,-76.01928,91.47411000000001,1.69022047741034,long_collect,edgeX,NAVERUSDC,NAVER,blocked
46,1787011200,1788307200,15.0,8.0,0.08695652173913043,0.0,0.8043478260869565,0.0,0.0,-3.634923913043478,-1.533,0.0,-0.0708457909343198,long_collect,GRVT,NAVER_USDT_Perp,NAVER,blocked
21,1788235200,1788307200,0.8333333333333334,1.0,0.19047619047619047,-291.36460800000003,0.19047619047619047,0.0,-291.36460800000003,-230.30014971428568,-498.59467199999995,12.214944000000001,-579.8980841142857,long_collect,Crypto.com,NAVERUSD-PERP,NAVER,reachable
974,1783126800,1788307200,59.958333333333336,1.0,0.7997946611909651,28.47,0.0,0.5544147843942505,28.47,28.602209445585217,-19.272,75.336,-0.26675784835622635,short,Coinbase,NBIS-PERP,NBIS,blocked
973,1783126800,1788307200,59.958333333333336,1.0,0.9609455292908531,51.903,0.008221993833504625,0.5344295991778006,51.903,58.37103918191161,5.00196,131.27473200000003,-1.0226455815191815,long_collect,Crypto.com,NBISUSD-PERP,NBIS,reachable
973,1783126800,1788307200,59.958333333333336,1.0,0.947584789311408,3.504,0.5488180883864338,0.94655704008222,3.504,20.696287769784174,3.504,70.08000000000001,-0.2665161108727154,long_collect,Lighter,NBIS,NBIS,blocked
973,1783126800,1788307200,59.958333333333336,1.0,0.8705035971223022,5.475,0.3802672147995889,0.8468653648509764,5.475,15.412871760739979,-9.1552512,53.2308408,-0.18104574057121212,long_collect,tradeXYZ,xyz:NBIS,NBIS,blocked
121,1783152000,1788307200,59.666666666666664,8.0,0.5950413223140496,1.10814,0.09090909090909091,0.5454545454545454,1.10814,12.16414452225712,-8.995425,16.73817,0.0436066399894635,long_collect,Bitunix,NBISUSDT,NBIS,blocked
121,1783152000,1788307200,59.666666666666664,8.0,0.49586776859504134,0.0,0.47107438016528924,0.0,0.0,25.631144628099175,0.0,77.964,-0.39431263931170846,long_collect,GRVT,NBIS_USDT_Perp,NBIS,blocked
121,1783152000,1788307200,59.666666666666664,8.0,0.4793388429752066,0.0,0.512396694214876,0.0,0.0,6.716487658441065,0.0,10.95,-0.20308628672151882,long_collect,HTX,NBIS-USDT,NBIS,reachable
121,1783152000,1788307200,59.666666666666664,8.0,0.8016528925619835,10.95,0.5702479338842975,0.7851239669421488,10.95,14.024144628099172,-29.127000000000002,47.961000000000006,0.021174442015076532,long_collect,KuCoin,NBISUSDTM,NBIS,reachable
121,1783152000,1788307200,59.666666666666664,8.0,0.9669421487603306,10.95,0.7520661157024794,0.9421487603305785,10.95,13.291580578512397,10.193355,11.11206,0.06955848398828425,long_collect,Orderly,PERP_NBIS_USDC_mythos,NBIS,reachable
121,1783152000,1788307200,59.666666666666664,8.0,0.3305785123966942,-10.95,0.36363636363636365,0.0,-10.95,-9.377272314049586,-41.1939,13.04145,0.4571574910978839,long_collect,WhiteBIT,NBIS_PERP,NBIS,reachable
837,1783616400,1788307200,54.291666666666664,1.0,0.3847072879330944,0.0,0.42891278375149344,0.0,0.0,17.81827956989247,-51.684,106.87199999999999,-0.24574708576480425,long_collect,Extended,NBIS-USD,NBIS,blocked
42,1785427200,1788307200,33.333333333333336,8.0,0.30952380952380953,0.0,0.6666666666666666,0.0,0.0,22.523915357142855,0.0,20.82252,-1.7189151533431515,long_collect,LBank,NBISUSDT,NBIS,blocked
42,1785427200,1788307200,33.333333333333336,8.0,0.30952380952380953,0.0,0.6428571428571429,0.0,0.0,22.980423809523806,0.0,20.5231,-1.7977939912100058,short,Variational,NBIS,NBIS,blocked
39,1785513600,1788307200,32.333333333333336,8.0,0.7435897435897436,10.95,0.23076923076923078,0.6410256410256411,10.95,31.68986153846154,-10.95,51.3555,-1.606649359681292,long_collect,BingX,NCSKNBIS2USD-USDT,NBIS,reachable
39,1785513600,1788307200,32.333333333333336,8.0,0.3333333333333333,0.0,0.6153846153846154,0.0,0.0,24.410076923076925,0.0,21.243000000000002,-2.1929314209957003,long_collect,MEXC,NBISSTOCK_USDT,NBIS,blocked
192,1787619600,1788307200,7.958333333333333,1.0,0.75,33.25244741999408,0.015625,0.5625,33.25244741999408,28.47806497847265,-20.124286921817756,75.63166506939616,0.47007441037552816,long_collect,Nado,NBIS-PERP,NBIS,reachable
48,1787630400,1788307200,7.833333333333333,4.0,0.5,2.37396,0.0,0.5,2.37396,0.7375737500000006,-94.55105999999999,82.94187,4.43838304168476,long_collect,edgeX,NBISUSDC,NBIS,blocked
1215,1783126800,1788307200,59.958333333333336,1.0,0.4008230452674897,-30.168563999999996,0.007407407407407408,0.0,-30.168563999999996,-41.467199743209875,-137.026548,12.429564,-1.3688837878910818,long_collect,Crypto.com,ORCLUSD-PERP,ORCL,reachable
1215,1783126800,1788307200,59.958333333333336,1.0,0.9950617283950617,3.504,0.897119341563786,0.9934156378600824,3.504,5.767901234567901,3.504,3.504,-0.11635563461280839,long_collect,Lighter,ORCL,ORCL,blocked
1215,1783126800,1788307200,59.958333333333336,1.0,0.8921810699588477,5.475,0.38189300411522636,0.8633744855967078,5.475,10.944179755061727,-1.7938728000000002,30.542616,-0.23873773976969292,long_collect,tradeXYZ,xyz:ORCL,ORCL,blocked
303,1783137600,1788307200,59.833333333333336,4.0,0.8646864686468647,46.89009,0.006600660066006601,0.5676567656765676,46.89009,40.85966118811881,-21.64815,96.45635999999999,-0.3002828423747194,long_collect,edgeX,ORCLUSDC,ORCL,blocked
151,1783152000,1788307200,59.666666666666664,8.0,0.48344370860927155,-0.08650499999999998,0.3443708609271523,0.0,-0.08650499999999998,5.999171175970853,-2.1067799999999997,26.444590778224047,-0.37232214593413065,short,Bitunix,ORCLUSDT,ORCL,blocked
156,1783152000,1788307200,59.666666666666664,8.0,0.41025641025641024,0.0,0.5897435897435898,0.0,0.0,18.917528846153846,0.0,75.336,-0.9804200533848291,long_collect,GRVT,ORCL_USDT_Perp,ORCL,blocked
151,1783152000,1788307200,59.666666666666664,8.0,0.11258278145695365,0.0,0.8874172185430463,0.0,0.0,1.2858410904867,0.0,10.95,-0.0983028019184971,long_collect,HTX,ORCL-USDT,ORCL,reachable
151,1783152000,1788307200,59.666666666666664,8.0,1.0,10.95,0.9602649006622517,0.9933774834437086,10.95,11.285751655629138,10.95,10.95,-0.025366068098471684,long_collect,KuCoin,ORCLUSDTM,ORCL,reachable
151,1783152000,1788307200,59.666666666666664,8.0,0.9801324503311258,10.95,0.6026490066225165,0.9801324503311258,10.95,19.64843344370861,10.95,34.098299999999995,-0.20239587667977996,long_collect,WhiteBIT,ORCL_PERP,ORCL,reachable
72,1785427200,1788307200,33.333333333333336,8.0,0.16666666666666666,0.0,0.8194444444444444,0.0,0.0,1.6129958333333334,0.0,7.03209,-0.19604540833996054,long_collect,LBank,ORCLUSDT,ORCL,blocked
72,1785427200,1788307200,33.333333333333336,8.0,0.08333333333333333,0.0,0.9027777777777778,0.0,0.0,0.38552777777777775,0.0,0.0,-0.09207694004771556,long_collect,Variational,ORCL,ORCL,blocked
69,1785513600,1788307200,32.333333333333336,8.0,1.0,10.95,0.6811594202898551,0.8405797101449275,10.95,17.36860434782609,5.475,16.950599999999998,-0.5749569147964154,long_collect,BingX,NCSKORCL2USD-USDT,ORCL,reachable
69,1785513600,1788307200,32.333333333333336,8.0,0.14492753623188406,0.0,0.8405797101449275,0.0,0.0,1.118804347826087,0.0,6.8985,-0.1453984654762409,long_collect,MEXC,ORCLSTOCK_USDT,ORCL,blocked
392,1786089600,1788307200,25.666666666666668,1.0,0.5255102040816326,4.8180000000000005,0.0,0.5102040816326531,4.8180000000000005,2.464867346938776,0.0,5.256,-0.18414940550204684,long_collect,Extended,ORCL_24_5-USD,ORCL,blocked
24,1787644800,1788307200,7.666666666666667,8.0,1.0,10.95,1.0,1.0,10.95,10.9461675,10.95,10.95,-0.001319713043478254,long_collect,Orderly,PERP_ORCL_USDC_mythos,ORCL,reachable
35,1788184800,1788307200,1.4166666666666667,1.0,1.0,23.53811246325728,0.05714285714285714,0.8,23.53811246325728,73.29902572244286,15.348130219749635,137.6102117298992,84.02482369019475,short,Nado,ORCL-PERP,ORCL,reachable
1107,1783126800,1788307200,59.958333333333336,1.0,0.9141824751580849,17.896679999999996,0.004516711833785004,0.5519421860885275,17.896679999999996,28.600795425474256,5.00196,78.36695999999999,0.35825479564821006,long_collect,Crypto.com,QCOMUSD-PERP,QCOM,reachable
1107,1783126800,1788307200,59.958333333333336,1.0,1.0,3.504,1.0,1.0,3.504,3.504,3.504,3.504,0.0,long_collect,Lighter,QCOM,QCOM,blocked
1107,1783126800,1788307200,59.958333333333336,1.0,0.8672086720867209,7.1724252,0.006323396567299007,0.5212285456187895,7.1724252,14.356249478590785,-10.1837628,44.3626548,-0.11983188666985424,long_collect,tradeXYZ,xyz:QCOM,QCOM,blocked
138,1783152000,1788307200,59.666666666666664,8.0,0.2391304347826087,-1.063245,0.11594202898550725,0.0,-1.063245,4.277954457318484,-6.688259999999999,24.132704999999998,0.32201908903415916,short,Bitunix,QCOMUSDT,QCOM,blocked
138,1783152000,1788307200,59.666666666666664,8.0,0.45652173913043476,0.0,0.5217391304347826,0.0,0.0,21.458826086956524,0.0,78.183,0.024372863484148154,long_collect,GRVT,QCOM_USDT_Perp,QCOM,blocked
138,1783152000,1788307200,59.666666666666664,8.0,0.13768115942028986,0.0,0.8623188405797102,0.0,0.0,1.7884168273656968,0.0,10.95,-0.08480306356973176,long_collect,HTX,QCOM-USDT,QCOM,reachable
138,1783152000,1788307200,59.666666666666664,8.0,0.9637681159420289,10.95,0.7898550724637681,0.9492753623188406,10.95,16.656695652173912,10.95,35.259,-0.3606199226482864,long_collect,KuCoin,QCOMUSDTM,QCOM,reachable
138,1783152000,1788307200,59.666666666666664,8.0,0.9202898550724637,10.95,0.6811594202898551,0.9202898550724637,10.95,17.029471739130432,10.95,33.67125,-0.09037884740560237,long_collect,WhiteBIT,QCOM_PERP,QCOM,reachable
971,1783616400,1788307200,54.291666666666664,1.0,0.384140061791967,0.0,0.470648815653965,0.0,0.0,15.746348094747683,-26.280000000000005,91.98,-0.08774522684088049,long_collect,Extended,QCOM-USD,QCOM,blocked
136,1785153600,1788307200,36.5,4.0,0.6102941176470589,16.37025,0.0,0.5220588235294118,16.37025,10.077220588235294,-81.9279,92.47056,0.32460118476579125,long_collect,edgeX,QCOMUSDC,QCOM,blocked
59,1785427200,1788307200,33.333333333333336,8.0,0.3389830508474576,0.0,0.6779661016949152,0.0,0.0,11.471572627118645,0.0,55.29969,0.6482063892564026,short,LBank,QCOMUSDT,QCOM,blocked
59,1785427200,1788307200,33.333333333333336,8.0,0.2542372881355932,0.0,0.7457627118644068,0.0,0.0,9.71152372881356,0.0,51.8703,0.5907351545780786,short,Variational,QCOM,QCOM,blocked
56,1785513600,1788307200,32.333333333333336,8.0,1.0,10.95,0.6071428571428571,0.9464285714285714,10.95,24.307826785714287,10.95,62.743500000000004,0.08774126945046282,long_collect,BingX,NCSKQCOM2USD-USDT,QCOM,reachable
56,1785513600,1788307200,32.333333333333336,8.0,0.3392857142857143,0.0,0.6607142857142857,0.0,0.0,11.927678571428572,0.0,55.51649999999999,0.6579012282281437,long_collect,MEXC,QCOMSTOCK_USDT,QCOM,blocked
1085,1783126800,1788307200,59.958333333333336,1.0,0.9557603686635945,46.053948,0.005529953917050691,0.5345622119815668,46.053948,56.54211757050692,5.00196,124.36922400000002,-0.7755113043230263,long_collect,Crypto.com,RKLBUSD-PERP,RKLB,reachable
1084,1783126800,1788307200,59.958333333333336,1.0,0.9833948339483395,3.504,0.8394833948339483,0.9824723247232472,3.504,6.88920664206642,3.504,14.892,-0.12120307091033862,long_collect,Lighter,RKLB,RKLB,blocked
1084,1783126800,1788307200,59.958333333333336,1.0,0.9095940959409594,10.3995216,0.01107011070110701,0.5525830258302583,10.3995216,11.910533757564576,2.5939235999999997,34.1107392,0.04200622532687405,long_collect,tradeXYZ,xyz:RKLB,RKLB,blocked
271,1783137600,1788307200,59.833333333333336,4.0,0.6125461254612546,26.849400000000003,0.0036900369003690036,0.5129151291512916,26.849400000000003,13.109824870848707,-83.99088,96.41475,0.2037127872808024,long_collect,edgeX,RKLBUSDC,RKLB,blocked
135,1783152000,1788307200,59.666666666666664,8.0,0.5111111111111111,0.37528714254513823,0.05925925925925926,0.5037037037037037,0.37528714254513823,4.795848482875349,-4.615325949444598,25.23756,0.17145653169119288,short,Bitunix,RKLBUSDT,RKLB,blocked
135,1783152000,1788307200,59.666666666666664,8.0,0.5037037037037037,0.9855,0.007407407407407408,0.5037037037037037,0.9855,17.6295,0.0,70.956,-0.5233350988552113,long_collect,GRVT,RKLB_USDT_Perp,RKLB,blocked
135,1783152000,1788307200,59.666666666666664,8.0,0.11851851851851852,0.0,0.8814814814814815,0.0,0.0,1.2977777777777777,0.0,10.95,-0.09723729649728662,long_collect,HTX,RKLB-USDT,RKLB,reachable
135,1783152000,1788307200,59.666666666666664,8.0,0.8888888888888888,10.95,0.5333333333333333,0.8592592592592593,10.95,15.359200000000001,-1.752,46.975500000000004,-0.3234112481499753,long_collect,KuCoin,RKLBUSDTM,RKLB,reachable
135,1783152000,1788307200,59.666666666666664,8.0,0.22962962962962963,-10.95,0.4962962962962963,0.0,-10.95,-8.946474444444444,-32.4996,16.4907,0.5919833621114948,long_collect,WhiteBIT,RKLB_PERP,RKLB,reachable
949,1783616400,1788307200,54.291666666666664,1.0,0.458377239199157,0.0,0.40042149631190727,0.0,0.0,16.090153846153846,-18.395999999999997,84.97200000000001,-0.21022388364847033,long_collect,Extended,RKLB-USD,RKLB,blocked
56,1785427200,1788307200,33.333333333333336,8.0,0.4107142857142857,0.0,0.5714285714285714,0.0,0.0,6.523990446428571,0.0,25.571535,0.3501098675820913,short,LBank,RKLBUSDT,RKLB,blocked
56,1785427200,1788307200,33.333333333333336,8.0,0.39285714285714285,0.0,0.5892857142857143,0.0,0.0,4.581092857142857,0.0,21.2614,0.2427765556029923,short,Variational,RKLB,RKLB,blocked
53,1785513600,1788307200,32.333333333333336,8.0,0.9811320754716981,18.198900000000002,0.03773584905660377,0.5283018867924528,18.198900000000002,22.46196226415094,6.8985,45.0045,0.5063912969662427,long_collect,BingX,NCSKRKLB2USD-USDT,RKLB,reachable
53,1785513600,1788307200,32.333333333333336,8.0,0.41509433962264153,0.0,0.5660377358490566,0.0,0.0,6.183650943396226,0.0,24.6375,0.42012992001429694,long_collect,MEXC,RKLBSTOCK_USDT,RKLB,blocked
1161,1783126800,1788307200,59.958333333333336,1.0,0.859603789836348,10.95,0.6511627906976745,0.8449612403100775,10.95,19.941766511627907,-31.168080000000003,88.79136000000001,-0.400204576417328,long_collect,Pacifica,SAMSUNG,SAMSUNG,blocked
1161,1783137600,1788307200,59.833333333333336,1.0,0.5529715762273901,18.967152,0.0068906115417743325,0.5167958656330749,18.967152,82.65639321963825,-352.06877999999995,619.110372,-6.103633601522171,long_collect,Crypto.com,SAMSUNGUSD-PERP,SAMSUNG,reachable
291,1783137600,1788307200,59.833333333333336,4.0,0.9450171821305842,47.65878,0.013745704467353952,0.6116838487972509,47.65878,47.9232281443299,8.1687,98.50182,-0.19111206376017295,long_collect,edgeX,SAMSUNGUSDC,SAMSUNG,blocked
259,1783152000,1788307200,59.666666666666664,4.0,0.41312741312741313,-2.7004027031015223,0.05019305019305019,0.0,-2.7004027031015223,39.91885729051711,-40.21716,233.87886,-2.4363258375112866,short,Bitunix,SAMSUNGUSDT,SAMSUNG,blocked
259,1783152000,1788307200,59.666666666666664,4.0,0.39768339768339767,0.0,0.42084942084942084,0.0,0.0,44.22785328185328,-63.291,255.79199999999997,-1.8595086760174133,long_collect,GRVT,SAMSUNG_USDT_Perp,SAMSUNG,blocked
258,1783152000,1788307200,59.666666666666664,4.0,0.29844961240310075,0.0,0.6627906976744186,0.0,0.0,28.154236950546114,0.0,119.2787283944817,-0.9095601183192581,long_collect,HTX,SAMSUNG-USDT,SAMSUNG,reachable
145,1783152000,1788307200,59.666666666666664,8.0,0.7793103448275862,10.93686,0.3724137931034483,0.7310344827586207,10.93686,13.714550275862068,-38.29434,60.25347,-0.02762822284649288,long_collect,Orderly,PERP_SAMSUNG_USDC_mythos,SAMSUNG,reachable
145,1783152000,1788307200,59.666666666666664,8.0,0.7310344827586207,10.95,0.2896551724137931,0.7310344827586207,10.95,28.040155862068964,-44.73075,126.79005,-0.3906729553654025,long_collect,WhiteBIT,SAMSUNG_PERP,SAMSUNG,reachable
741,1784649600,1788307200,42.333333333333336,1.0,0.5614035087719298,5.256,0.19568151147098514,0.5452091767881242,5.256,13.686170040485829,-73.58399999999999,141.912,-0.8086576704864925,long_collect,Extended,SAMSUNG-USD,SAMSUNG,blocked
131,1785427200,1788307200,33.333333333333336,4.0,0.2748091603053435,0.0,0.5190839694656488,0.0,0.0,6.266893969465648,-78.01656,77.67711,-1.2324299079070675,short,LBank,SAMSUNGUSDT,SAMSUNG,blocked
126,1785513600,1788307200,32.333333333333336,4.0,0.753968253968254,21.9,0.373015873015873,0.6190476190476191,21.9,8.994990476190475,-43.361999999999995,53.874,0.572621318449786,long_collect,BingX,NCSKSAMSUNG2USD-USDT,SAMSUNG,reachable
125,1785513600,1788307200,32.333333333333336,4.0,0.272,0.0,0.528,0.0,0.0,0.886512,-69.642,71.394,-0.6441621057672138,long_collect,MEXC,SAMSUNGSTOCK_USDT,SAMSUNG,blocked
119,1785600000,1788307200,31.333333333333332,4.0,0.7815126050420168,10.95,0.5378151260504201,0.7478991596638656,10.95,11.699016806722689,-42.486000000000004,77.526,-1.3228088096635124,long_collect,KuCoin,SAMSUNGUSDTM,SAMSUNG,reachable
1440,1783126800,1788307200,59.958333333333336,1.0,0.8666666666666667,12.264,0.034027777777777775,0.5895833333333333,12.264,12.438591666666667,-1.752,26.280000000000005,0.14275575113606825,short,Coinbase,SILVER-PERP,SILVER,blocked
1440,1783126800,1788307200,59.958333333333336,1.0,0.9597222222222223,5.475,0.5784722222222223,0.9361111111111111,5.475,8.8597764,5.475,20.060925599999997,-0.09474360355578876,long_collect,tradeXYZ,xyz:SILVER,SILVER,blocked
360,1783137600,1788307200,59.833333333333336,4.0,0.38055555555555554,0.0,0.6222222222222222,0.0,0.0,6.158766666666667,0.0,22.119,0.055068448059012794,short,MEXC,SILVER_USDT,SILVER,blocked
201,1785427200,1788307200,33.333333333333336,4.0,0.4427860696517413,0.0,0.5671641791044776,0.0,0.0,7.629240895522388,0.0,25.090829999999997,0.007373332259494604,short,LBank,SILVERUSDT,SILVER,blocked
1440,1783126800,1788307200,59.958333333333336,1.0,0.8020833333333334,10.95,0.6756944444444445,0.7201388888888889,10.95,4.927937999999999,-14.77812,10.95,0.011545655996168983,short,ApeX,1000PEPE-USDT,1000PEPE,blocked
1440,1783126800,1788307200,59.958333333333336,1.0,0.8972222222222223,11.388,0.81875,0.8652777777777778,11.388,9.47905,0.0,11.388,-0.07550332807837966,long_collect,Extended,1000PEPE-USD,1000PEPE,blocked
1440,1783126800,1788307200,59.958333333333336,1.0,0.9472222222222222,10.511999999999999,0.9048611111111111,0.9270833333333334,10.511999999999999,9.542924999999999,10.511999999999999,10.511999999999999,0.012056285328069698,long_collect,Lighter,1000PEPE,1000PEPE,blocked
360,1783137600,1788307200,59.833333333333336,4.0,0.9972222222222222,10.95,0.9944444444444445,0.9972222222222222,10.95,8.48378625,10.95,10.95,-0.21579673697327909,long_collect,edgeX,1000PEPEUSDC,1000PEPE,blocked
180,1783152000,1788307200,59.666666666666664,8.0,0.9444444444444444,10.95,0.7444444444444445,0.8611111111111112,10.95,10.42513,6.789000000000001,10.95,0.05844857804253218,long_collect,BingX,1000PEPE-USDT,1000PEPE,reachable
180,1783152000,1788307200,59.666666666666664,8.0,0.37222222222222223,-5.9113575,0.022222222222222223,0.0,-5.9113575,-6.002230333333333,-23.39796,10.95,0.1265874210932436,short,Orderly,PERP_1000PEPE_USDC,1000PEPE,reachable
101,1785427200,1788307200,33.333333333333336,8.0,0.8910891089108911,10.95,0.7623762376237624,0.7722772277227723,10.95,7.673718811881187,-0.8049000000000001,10.95,0.09152786488060571,long_collect,Variational,1000PEPE,1000PEPE,blocked
629,1783126800,1788307200,59.958333333333336,1.0,0.7774244833068362,10.95,0.3640699523052464,0.7599364069952306,10.95,23.64398193766613,-58.51837467812977,141.247116,-1.4717268556127348,long_collect,Backpack,2Z_USDC_PERP,2Z,reachable
629,1783126800,1788307200,59.958333333333336,1.0,0.39109697933227344,-21.9,0.00794912559618442,0.0,-21.9,-23.665926868044515,-100.74000000000001,44.676,1.1729976457599502,long_collect,Coinbase,2Z-PERP,2Z,blocked
629,1783126800,1788307200,59.958333333333336,1.0,0.6645468998410174,38.135784,0.006359300476947536,0.5294117647058824,38.135784,34.06685591732909,-61.598568,118.56660000000001,-0.8203197120339827,long_collect,Crypto.com,2ZUSD-PERP,2Z,reachable
628,1783126800,1788307200,59.958333333333336,1.0,0.46496815286624205,-33.92715445924276,0.0031847133757961785,0.0,-33.92715445924276,-5.030574811948549,-363.2742507999997,434.11983465,-1.5533434001905193,long_collect,Kraken,PF_2ZUSD,2Z,reachable
628,1783126800,1788307200,59.958333333333336,1.0,0.9012738853503185,10.511999999999999,0.8296178343949044,0.8423566878980892,10.511999999999999,6.712280254777069,0.876,10.511999999999999,0.022724271130487257,long_collect,Lighter,2Z,2Z,blocked
627,1783126800,1788307200,59.958333333333336,1.0,0.7049441786283892,10.95,0.6746411483253588,0.6794258373205742,10.95,-4.504847464114833,-49.55532,10.95,0.4781905433072889,long_collect,Pacifica,2Z,2Z,blocked
157,1783137600,1788307200,59.833333333333336,4.0,0.9363057324840764,10.95,0.7197452229299363,0.7197452229299363,10.95,8.517286624203821,2.847,10.95,-0.12256848223024869,long_collect,BingX,2Z-USDT,2Z,reachable
157,1783137600,1788307200,59.833333333333336,4.0,0.9617834394904459,10.95,0.9426751592356688,0.9426751592356688,10.95,10.197764715227269,10.95,10.95,0.02167894088418577,long_collect,Bitunix,2ZUSDT,2Z,blocked
157,1783137600,1788307200,59.833333333333336,4.0,0.9681528662420382,10.95,0.9490445859872612,0.9490445859872612,10.95,10.13816560509554,10.95,10.95,0.02341693407671421,long_collect,MEXC,2Z_USDT,2Z,blocked
157,1783137600,1788307200,59.833333333333336,4.0,1.0,10.95,1.0,1.0,10.95,10.95,10.95,10.95,0.0,long_collect,WhiteBIT,2Z_PERP,2Z,reachable
78,1783152000,1788307200,59.666666666666664,8.0,0.6025641025641025,9.3890775,0.0,0.5128205128205128,9.3890775,22.092144423076924,0.0,64.45608,0.2921397739991765,long_collect,CoinEx,2ZUSDT,2Z,blocked
86,1784160000,1788307200,48.0,4.0,0.9186046511627907,10.95,0.872093023255814,0.872093023255814,10.95,8.849127906976744,5.475,10.95,0.07256811091849137,long_collect,KuCoin,2ZUSDTM,2Z,reachable
48,1787630400,1788307200,7.833333333333333,4.0,1.0,10.95,1.0,1.0,10.95,10.949999999999998,10.95,10.95,4.932521508980708e-32,long_collect,LBank,2ZUSDT,2Z,blocked
48,1787630400,1788307200,7.833333333333333,4.0,0.9166666666666666,10.95,0.8333333333333334,0.8541666666666666,10.95,8.66011875,2.9469,10.95,-1.0395633412939642,long_collect,Variational,2Z,2Z,blocked
332,1783137600,1788307200,59.833333333333336,4.0,0.9337349397590361,10.95,0.45481927710843373,0.8734939759036144,10.95,22.25897530120482,4.380000000000001,77.307,0.6343368540538152,short,BingX,BEAT-USDT,BEAT,reachable
331,1783137600,1788307200,59.833333333333336,4.0,0.9244712990936556,10.95,0.5589123867069486,0.8338368580060423,10.95,9.939103085979065,5.475,30.543929999999996,0.08067567242870756,long_collect,Bitunix,BEATUSDT,BEAT,blocked
331,1783137600,1788307200,59.833333333333336,4.0,0.9214501510574018,10.95,0.6404833836858006,0.9154078549848943,10.95,11.66776422960725,10.95,33.21792,0.171876209495979,long_collect,edgeX,BEATUSDC,BEAT,blocked
331,1783137600,1788307200,59.833333333333336,4.0,0.9093655589123867,10.95,0.4350453172205438,0.8670694864048338,10.95,38.740203563113425,5.475,137.2976144762237,1.4708137478265382,long_collect,HTX,BEAT-USDT,BEAT,reachable
331,1783137600,1788307200,59.833333333333336,4.0,0.9214501510574018,10.95,0.6465256797583081,0.9154078549848943,10.95,11.106806646525678,10.95,32.412,0.1486739573614561,long_collect,MEXC,BEAT_USDT,BEAT,blocked
260,1784160000,1788307200,48.0,4.0,0.9115384615384615,10.95,0.5961538461538461,0.8653846153846154,10.95,11.720711538461538,5.475,50.370000000000005,0.3053299971476064,short,KuCoin,BEATUSDTM,BEAT,reachable
906,1784642400,1788307200,42.416666666666664,1.0,0.8598233995584988,11.388,0.4735099337748344,0.8443708609271523,11.388,14.226781456953642,-23.651999999999997,72.708,0.4319534613652517,long_collect,Extended,BEAT-USD,BEAT,blocked
172,1785427200,1788307200,33.333333333333336,4.0,0.9244186046511628,10.95,0.5465116279069767,0.9186046511627907,10.95,12.7189725,10.95,52.68045,0.6674121293640086,long_collect,LBank,BEATUSDT,BEAT,blocked
172,1785427200,1788307200,33.333333333333336,4.0,0.9941860465116279,10.95,0.9476744186046512,0.9941860465116279,10.95,8.256768604651162,10.95,10.95,0.03961883541998209,long_collect,Variational,BEAT,BEAT,blocked
1440,1783126800,1788307200,59.958333333333336,1.0,0.8645833333333334,3.504,0.8125,0.8590277777777777,3.504,-4.263199999999999,-26.280000000000005,3.504,-0.15435663115192474,long_collect,Lighter,BRENTOIL,BRENTOIL,blocked
1440,1783126800,1788307200,59.958333333333336,1.0,0.6027777777777777,5.475,0.32569444444444445,0.5444444444444444,5.475,-12.458435135,-78.2255736,20.6736,-0.46634729222149507,long_collect,tradeXYZ,xyz:BRENTOIL,BRENTOIL,blocked
360,1783137600,1788307200,59.833333333333336,4.0,0.1,0.0,0.7916666666666666,0.0,0.0,-10.38551543728433,-2.882499281884764,6.653509047672534,-0.3495041001022015,long_collect,HTX,BRENTOIL-USDT,BRENTOIL,reachable
712,1785747600,1788307200,29.625,1.0,0.12640449438202248,-20.148,0.02247191011235955,0.0,-20.148,-27.539865168539322,-67.452,3.504,0.662273846757188,long_collect,Coinbase,BRENTOIL-PERP,BRENTOIL,blocked
302,1787223600,1788307200,12.541666666666666,1.0,0.347682119205298,-15.370381676321411,0.013245033112582781,0.0,-15.370381676321411,-13.06430182509528,-65.98975479232917,48.57683389270094,-1.7567750907066306,long_collect,Kraken,PF_BRENTOILUSD,BRENTOIL,reachable
360,1783137600,1788307200,59.833333333333336,4.0,1.0,51.684,0.011111111111111112,0.575,51.684,60.61749666666667,8.760000000000002,130.086,-0.5284496580992137,long_collect,BingX,BTW-USDT,BTW,reachable
360,1783137600,1788307200,59.833333333333336,4.0,1.0,69.413145,0.005555555555555556,0.6333333333333333,69.413145,87.37562233333334,26.80341,174.76418999999999,1.1083165227972438,long_collect,Bitunix,BTWUSDT,BTW,blocked
360,1783137600,1788307200,59.833333333333336,4.0,1.0,69.20290499999999,0.008333333333333333,0.6555555555555556,69.20290499999999,88.60957783333333,28.441529999999997,179.31501,1.2021058890732181,long_collect,edgeX,BTWUSDC,BTW,blocked
360,1783137600,1788307200,59.833333333333336,4.0,1.0,10.95,0.6027777777777777,0.9138888888888889,10.95,47.25932576914529,10.95,123.9773589596939,-0.2501066023487031,long_collect,HTX,BTW-USDT,BTW,reachable
360,1783137600,1788307200,59.833333333333336,4.0,1.0,69.642,0.005555555555555556,0.6388888888888888,69.642,89.23033333333333,27.594,179.142,1.2005128511794072,short,MEXC,BTW_USDT,BTW,blocked
201,1785427200,1788307200,33.333333333333336,4.0,1.0,102.054,0.014925373134328358,0.6069651741293532,102.054,118.32646268656715,45.99,219.65699999999998,-2.4384690438894636,long_collect,LBank,BTWUSDT,BTW,blocked
189,1785600000,1788307200,31.333333333333332,4.0,1.0,73.803,0.005291005291005291,0.5767195767195767,73.803,82.61630158730159,10.95,159.651,-0.6679447448408252,short,KuCoin,BTWUSDTM,BTW,reachable
203,1787580000,1788307200,8.416666666666666,1.0,1.0,60.443999999999996,0.019704433497536946,0.6945812807881774,60.443999999999996,63.210088669950736,31.536,98.988,-2.5781243146627038,long_collect,Extended,BTW-USD,BTW,blocked
291,1783512000,1788307200,55.5,4.0,0.7628865979381443,10.95,0.27491408934707906,0.7628865979381443,10.95,27.569917525773196,-28.908,43.8,0.6064620624185143,long_collect,MEXC,CASHCAT_USDT,CASHCAT,blocked
288,1783555200,1788307200,55.0,4.0,0.7673611111111112,11.0595,0.2361111111111111,0.7256944444444444,11.0595,26.3311,-21.680999999999997,43.8,0.4882034747526516,long_collect,BingX,CASHCAT-USDT,CASHCAT,reachable
1050,1783918800,1788307200,50.791666666666664,1.0,0.4419047619047619,-49.13484,0.0019047619047619048,0.0,-49.13484,-91.46791542857142,-267.17999999999995,84.97200000000001,4.086505126892497,short,ApeX,CASHCAT-USDT,CASHCAT,blocked
1025,1784005200,1788307200,49.791666666666664,1.0,0.24878048780487805,-227.726712,0.003902439024390244,0.0,-227.726712,-37.344462860487795,-1232.680044,1605.1981680000001,-26.092468478805856,long_collect,Crypto.com,CASHCATUSD-PERP,CASHCAT,reachable
220,1784534400,1788307200,43.666666666666664,4.0,0.8772727272727273,10.95,0.4681818181818182,0.8727272727272727,10.95,38.88987068181818,-19.12308,110.19204,0.6082574760166463,long_collect,edgeX,CASHCATUSDC,CASHCAT,blocked
158,1785427200,1788307200,33.333333333333336,4.0,0.8481012658227848,10.95,0.5063291139240507,0.8481012658227848,10.95,35.73959411392405,-26.717999999999996,133.47174,0.4003127039270415,long_collect,LBank,CASHCATUSDT,CASHCAT,blocked
461,1786035600,1788307200,26.291666666666668,1.0,0.9978308026030369,42.924,0.004338394793926247,0.5357917570498916,42.924,89.99617353579175,10.511999999999999,233.016,0.13097059159368854,long_collect,Lighter,CASHCAT,CASHCAT,blocked
448,1786060800,1788307200,26.0,1.0,0.9866071428571429,10.95,0.9754464285714286,0.9776785714285714,10.95,10.476310012801063,10.95,10.95,-0.17198828553001677,long_collect,HTX,CASHCAT-USDT,CASHCAT,reachable
114,1786060800,1788307200,26.0,4.0,1.0,10.95,0.956140350877193,1.0,10.95,13.228051754385964,10.95,10.95,0.19177767289374817,long_collect,Variational,CASHCAT,CASHCAT,blocked
47,1787644800,1788307200,7.666666666666667,4.0,1.0,10.95,0.6808510638297872,1.0,10.95,40.8271914893617,10.95,160.74599999999998,-12.620963922294171,long_collect,KuCoin,CASHCATUSDTM,CASHCAT,reachable
911,1783126800,1788307200,59.958333333333336,1.0,0.7200878155872668,5.00196,0.3150384193194292,0.6893523600439078,5.00196,8.643126599341384,-28.30794,46.825704,-0.1143069210324227,long_collect,Crypto.com,CRCLUSD-PERP,CRCL,reachable
906,1783126800,1788307200,59.958333333333336,1.0,0.7682119205298014,35.995987089758216,0.008830022075055188,0.5584988962472406,35.995987089758216,42.288714772858626,-24.701539250000295,118.12734075,-0.38489299684151984,long_collect,Kraken,PF_CRCLXUSD,CRCL,reachable
911,1783126800,1788307200,59.958333333333336,1.0,0.9571899012074643,3.504,0.7102085620197585,0.9527991218441273,3.504,11.60435565312843,3.504,42.924,-0.33739168562969185,long_collect,Lighter,CRCL,CRCL,blocked
909,1783126800,1788307200,59.958333333333336,1.0,1.0,10.95,0.9977997799779978,1.0,10.95,11.257284224422442,10.95,10.95,-0.019521094040010546,long_collect,Pacifica,CRCL,CRCL,blocked
911,1783126800,1788307200,59.958333333333336,1.0,0.8825466520307355,7.468600800000001,0.006586169045005488,0.5170142700329309,7.468600800000001,14.055098062788145,-3.3474588,44.050974,-0.1432007230111231,long_collect,tradeXYZ,xyz:CRCL,CRCL,blocked
227,1783137600,1788307200,59.833333333333336,4.0,1.0,57.75468,0.004405286343612335,0.5947136563876652,57.75468,55.07564431718061,9.18048,100.01729999999999,0.1931444558886816,long_collect,edgeX,CRCLUSDC,CRCL,blocked
114,1783152000,1788307200,59.666666666666664,8.0,0.38596491228070173,-0.87443104273515,0.18421052631578946,0.0,-0.87443104273515,7.194923742075817,-6.0783450000000006,36.199605,0.02169137450592716,long_collect,Bitunix,CRCLUSDT,CRCL,blocked
113,1783152000,1788307200,59.666666666666664,8.0,0.49557522123893805,0.0,0.48672566371681414,0.0,0.0,22.956238938053097,0.0,78.9495,-0.679616664133168,long_collect,GRVT,CRCL_USDT_Perp,CRCL,blocked
113,1783152000,1788307200,59.666666666666664,8.0,0.9380530973451328,10.95,0.6991150442477876,0.9026548672566371,10.95,12.741730088495574,10.95,37.668,-0.171383665080108,long_collect,KuCoin,CRCLUSDTM,CRCL,reachable
113,1783152000,1788307200,59.666666666666664,8.0,0.9823008849557522,10.95,0.911504424778761,0.9469026548672567,10.95,10.165466415929204,10.810934999999999,11.02008,-0.03969269422258864,long_collect,Orderly,PERP_CRCL_USDC_mythos,CRCL,reachable
113,1783152000,1788307200,59.666666666666664,8.0,0.9469026548672567,10.95,0.5929203539823009,0.9469026548672567,10.95,21.381280088495572,10.95,35.8284,-0.47487118390140937,short,WhiteBIT,CRCL_PERP,CRCL,reachable
495,1784624400,1788307200,42.625,1.0,0.7151515151515152,14.016,0.010101010101010102,0.5595959595959596,14.016,14.677866666666667,-16.644000000000002,49.056,-0.5600488682108569,long_collect,Coinbase,CRCL-PERP,CRCL,blocked
34,1785427200,1788307200,33.333333333333336,8.0,0.29411764705882354,0.0,0.6764705882352942,0.0,0.0,4.845407205882354,0.0,40.16679,0.2161845524463436,long_collect,LBank,CRCLUSDT,CRCL,blocked
34,1785427200,1788307200,33.333333333333336,8.0,0.2647058823529412,0.0,0.7058823529411765,0.0,0.0,3.3139794117647057,0.0,30.1438,0.1413675673137042,long_collect,Variational,CRCL,CRCL,blocked
32,1785513600,1788307200,32.333333333333336,8.0,1.0,10.95,0.5,0.8125,10.95,17.5419,5.475,38.6535,0.09798214801617876,long_collect,BingX,NCSKCRCL2USD-USDT,CRCL,reachable
31,1785513600,1788307200,32.333333333333336,8.0,0.3225806451612903,0.0,0.6451612903225806,0.0,0.0,5.347838709677419,0.0,39.9675,0.21344810664357,short,MEXC,CRCLSTOCK_USDT,CRCL,blocked
192,1787619600,1788307200,7.958333333333333,1.0,0.4270833333333333,0.0,0.5572916666666666,0.0,0.0,10.96825,0.0,38.544,-0.8629775113257195,long_collect,Extended,CRCL_24_5-USD,CRCL,blocked
192,1787619600,1788307200,7.958333333333333,1.0,0.7552083333333334,14.725008758137182,0.010416666666666666,0.5677083333333334,14.725008758137182,13.11090654444452,-11.650501550220197,37.46151058425851,-2.133297237640213,long_collect,Nado,CRCL-PERP,CRCL,reachable
902,1783126800,1788307200,59.958333333333336,1.0,0.7749445676274944,8.760000000000002,0.03325942350332594,0.5543237250554324,8.760000000000002,13.686771618625277,-7.884,43.8,0.7733930659069006,long_collect,Coinbase,DASH-PERP,DASH,blocked
902,1783126800,1788307200,59.958333333333336,1.0,0.49002217294900224,-1.233001025000292,0.005543237250554324,0.0,-1.233001025000292,-4.792252315463101,-70.29798871510432,45.92978229999971,-0.33552598495373226,long_collect,Kraken,PF_DASHUSD,DASH,reachable
902,1783126800,1788307200,59.958333333333336,1.0,0.9545454545454546,10.511999999999999,0.9124168514412417,0.9279379157427938,10.511999999999999,9.260155210643013,10.511999999999999,10.511999999999999,-0.016466258738548494,long_collect,Lighter,DASH,DASH,blocked
112,1783152000,1788307200,59.666666666666664,8.0,1.0,10.95,0.9732142857142857,0.9821428571428571,10.95,10.807258928571429,10.95,10.95,-0.0023338868228565215,long_collect,BingX,DASH-USDT,DASH,reachable
112,1783152000,1788307200,59.666666666666664,8.0,0.9732142857142857,17.3725294747382,0.0,0.5178571428571429,17.3725294747382,26.032689224056337,10.95,69.4659839909778,-0.682165687805802,long_collect,HTX,DASH-USDT,DASH,reachable
112,1783152000,1788307200,59.666666666666664,8.0,0.875,10.95,0.75,0.7589285714285714,10.95,7.477285714285713,-2.5185,10.95,-0.07929535951700835,long_collect,KuCoin,DASHUSDTM,DASH,reachable
112,1783152000,1788307200,59.666666666666664,8.0,0.8482142857142857,10.95,0.5446428571428571,0.6160714285714286,10.95,6.365665178571428,-3.723,10.95,0.045447795233652374,long_collect,MEXC,DASH_USDT,DASH,blocked
88,1783152000,1785657600,29.0,8.0,0.8181818181818182,6.81309,0.11363636363636363,0.6931818181818182,6.81309,5.250176590909091,-3.645255,10.14846,-0.11673048659786549,long_collect,Orderly,PERP_DASH_USDC,DASH,reachable
112,1783152000,1788307200,59.666666666666664,8.0,0.8660714285714286,10.95,0.8303571428571429,0.8303571428571429,10.95,5.056622008928571,-9.79806,10.95,0.14379731177899893,long_collect,WhiteBIT,DASH_PERP,DASH,reachable
109,1783152000,1788307200,59.666666666666664,8.0,0.5596330275229358,4.889175000000001,0.009174311926605505,0.5137614678899083,4.889175000000001,12.59276119266055,0.0,42.36993,-0.1981734390009597,long_collect,CoinEx,DASHUSDT,DASH,blocked
482,1784638800,1788307200,42.458333333333336,1.0,0.6141078838174274,11.388,0.4896265560165975,0.5601659751037344,11.388,-27.00878838174274,-139.284,11.388,1.7616511369489969,long_collect,Extended,DASH-USD,DASH,blocked
33,1785427200,1788307200,33.333333333333336,8.0,0.9696969696969697,10.95,0.7272727272727273,0.8181818181818182,10.95,9.588218181818181,5.24505,10.95,0.016843323518035355,long_collect,LBank,DASHUSDT,DASH,blocked
33,1785427200,1788307200,33.333333333333336,8.0,1.0,10.95,0.8787878787878788,0.9696969696969697,10.95,10.76202121212121,10.210500000000001,10.95,0.01004819001607863,long_collect,Variational,DASH,DASH,blocked
1440,1783126800,1788307200,59.958333333333336,1.0,0.5979166666666667,10.511999999999999,0.5270833333333333,0.5729166666666666,10.511999999999999,-74.17895,-127.02,10.511999999999999,5.244424931917888,long_collect,Lighter,DATA,DATA,blocked
360,1783137600,1788307200,59.833333333333336,4.0,0.44722222222222224,-10.512,0.008333333333333333,0.0,-10.512,-58.974875,-186.36899999999997,10.95,3.2901750978016806,long_collect,MEXC,DATA_USDT,DATA,blocked
156,1783353600,1788307200,57.333333333333336,8.0,0.15384615384615385,-73.9962675,0.0,0.0,-73.9962675,-103.95479365384615,-352.58781,40.98804,3.710762182832999,long_collect,CoinEx,DATAUSDT,DATA,blocked
201,1785427200,1788307200,33.333333333333336,4.0,0.681592039800995,10.95,0.6417910447761194,0.6567164179104478,10.95,-9.01931343283582,-53.654999999999994,10.95,-0.12589312250628049,long_collect,LBank,DATAUSDT,DATA,blocked
189,1785600000,1788307200,31.333333333333332,4.0,0.8677248677248677,10.95,0.8412698412698413,0.8571428571428571,10.95,0.48898412698412613,-25.404,10.95,0.005201439769636829,long_collect,KuCoin,DATAUSDTM,DATA,reachable
203,1787580000,1788307200,8.416666666666666,1.0,0.5369458128078818,8.760000000000002,0.009852216748768473,0.5172413793103449,8.760000000000002,-17.67966502463054,-74.46000000000001,11.388,-4.346747029846421,long_collect,Extended,DATA-USD,DATA,blocked
664,1783126800,1788307200,59.958333333333336,1.0,0.7469879518072289,10.95,0.6596385542168675,0.6807228915662651,10.95,1.1460313835151967,-29.895858370247396,10.95,-0.6246817641549056,long_collect,Backpack,DOT_USDC_PERP,DOT,reachable
664,1783126800,1788307200,59.958333333333336,1.0,0.5225903614457831,1.752,0.022590361445783132,0.5015060240963856,1.752,-4.73356626506024,-42.048,19.272,0.10898886078192274,long_collect,Coinbase,DOT-PERP,DOT,blocked
664,1783126800,1788307200,59.958333333333336,1.0,0.4503012048192771,-6.292745999999999,0.012048192771084338,0.0,-6.292745999999999,6.884767644578315,-55.00842,66.25275599999999,0.6621284313116121,short,Crypto.com,DOTUSD-PERP,DOT,reachable
663,1783126800,1788307200,59.958333333333336,1.0,0.8144796380090498,11.388,0.6862745098039216,0.7058823529411765,11.388,5.008923076923077,-11.388,11.388,-0.11517159736507185,long_collect,Extended,DOT-USD,DOT,blocked
663,1783126800,1788307200,59.958333333333336,1.0,0.45098039215686275,-2.352527199999708,0.013574660633484163,0.0,-2.352527199999708,-1.202378973739503,-23.872675684062454,23.957432000000292,-0.009081059619996276,long_collect,Kraken,PF_DOTUSD,DOT,reachable
663,1783126800,1788307200,59.958333333333336,1.0,0.9502262443438914,10.511999999999999,0.9034690799396682,0.9110105580693816,10.511999999999999,9.276615384615383,10.511999999999999,10.511999999999999,-0.007975994381174703,long_collect,Lighter,DOT,DOT,blocked
59,1783137600,1784808000,19.333333333333332,8.0,1.0,10.95,1.0,1.0,10.95,10.95,10.95,10.95,0.0,long_collect,BitMEX,DOT/USDT:USDT,DOT,reachable
59,1783137600,1784808000,19.333333333333332,8.0,1.0,10.95,1.0,1.0,10.95,10.95,10.95,10.95,0.0,long_collect,BitMEX,DOTUSDT,DOT,reachable
165,1783137600,1788307200,59.833333333333336,4.0,0.9939393939393939,10.95,0.9939393939393939,0.9939393939393939,10.95,5.574545454545453,10.95,10.95,-0.38179055877680995,long_collect,edgeX,DOTUSDC,DOT,blocked
83,1783152000,1788307200,59.666666666666664,8.0,0.9759036144578314,10.95,0.7590361445783133,0.8554216867469879,10.95,9.69114578313253,5.8035000000000005,10.95,0.014160194898842111,long_collect,BingX,DOT-USDT,DOT,reachable
83,1783152000,1788307200,59.666666666666664,8.0,0.927710843373494,10.95,0.6987951807228916,0.7228915662650602,10.95,8.361451613988725,0.7707772941870237,10.95,0.04634658213472504,long_collect,Bitunix,DOTUSD,DOT,blocked
83,1783152000,1788307200,59.666666666666664,8.0,0.8795180722891566,7.281750000000001,0.03614457831325301,0.5903614457831325,7.281750000000001,5.5882373695225995,-2.3892900000000004,10.95,-0.11682290016809252,long_collect,Bitunix,DOTUSDT,DOT,blocked
59,1783152000,1784822400,19.333333333333332,8.0,0.3898305084745763,-13.2495,0.01694915254237288,0.0,-13.2495,-11.259940677966101,-58.035000000000004,39.9675,-2.2152150789012275,long_collect,Deribit,DOT/USDT:USDT,DOT,untested
82,1783152000,1788307200,59.666666666666664,8.0,1.0,10.95,1.0,1.0,10.95,10.95,10.95,10.95,0.0,long_collect,GRVT,DOT_USDT_Perp,DOT,blocked
82,1783152000,1788307200,59.666666666666664,8.0,1.0,10.95,1.0,1.0,10.95,10.95,10.95,10.95,0.0,long_collect,HTX,DOT-USDT,DOT,reachable
82,1783152000,1788307200,59.666666666666664,8.0,0.7804878048780488,10.95,0.5853658536585366,0.6341463414634146,10.95,5.557792682926829,-6.351,10.95,-0.05956949800263054,long_collect,KuCoin,DOTUSDTM,DOT,reachable
82,1783152000,1788307200,59.666666666666664,8.0,0.6463414634146342,3.7777499999999997,0.024390243902439025,0.5487804878048781,3.7777499999999997,1.5570365853658537,-9.855,10.95,-0.01131549190327336,long_collect,MEXC,DOT_USDT,DOT,blocked
82,1783152000,1788307200,59.666666666666664,8.0,0.6829268292682927,8.856359999999999,0.036585365853658534,0.524390243902439,8.856359999999999,4.2735179268292685,-6.286395000000001,10.95,0.17508711417212364,long_collect,Orderly,PERP_DOT_USDC,DOT,reachable
82,1783152000,1788307200,59.666666666666664,8.0,0.9024390243902439,10.95,0.8902439024390244,0.8902439024390244,10.95,8.507241951219513,8.7381,10.95,-0.16719875354993455,long_collect,WhiteBIT,DOT_PERP,DOT,reachable
82,1783152001,1788307200,59.66665509259259,8.0,0.024390243902439025,0.0,0.5609756097560976,0.0,0.0,-4.014376829268293,-18.918315,0.0,-0.0896118865753258,long_collect,CoinEx,DOTUSDT,DOT,blocked
24,1787644800,1788307200,7.666666666666667,8.0,0.0,0.0,0.9583333333333334,0.0,0.0,-0.5423443750000001,0.0,0.0,-0.2886215282608696,long_collect,Bitfinex,tDOTF0:USTF0,DOT,untested
24,1787644800,1788307200,7.666666666666667,8.0,0.0,-40.4055,0.0,0.0,-40.4055,-40.9666875,-88.3665,-9.9645,-2.5101684782608698,long_collect,Deribit,DOT_USDC-PERPETUAL,DOT,untested
24,1787644800,1788307200,7.666666666666667,8.0,0.7083333333333334,3.3945,0.08333333333333333,0.6666666666666666,3.3945,2.19,-13.4685,10.95,-0.2613717391304347,long_collect,LBank,DOTUSDT,DOT,blocked
24,1787644800,1788307200,7.666666666666667,8.0,0.75,10.0381,0.0,0.5833333333333334,10.0381,5.0507583333333335,-8.338399999999998,10.95,0.29613521739130444,long_collect,Variational,DOT,DOT,blocked
1440,1783126800,1788307200,59.958333333333336,1.0,0.1451388888888889,0.0,0.8541666666666666,0.0,0.0,2.5294499999999998,0.0,7.008,-0.1552867901653116,long_collect,Lighter,EURUSD,EURUSD,blocked
1438,1783126800,1788307200,59.958333333333336,1.0,0.7753824756606398,10.95,0.7357440890125174,0.7433936022253129,10.95,2.566899304589707,-23.722080000000002,10.95,-0.22315932795940188,long_collect,Pacifica,EURUSD,EURUSD,blocked
180,1783152000,1788307200,59.666666666666664,8.0,0.022222222222222223,0.0,0.8555555555555555,0.0,0.0,1.5076568333333331,-34.456365,0.0,0.015974434149202105,long_collect,Orderly,PERP_EURUSD_USDC,EURUSD,reachable
559,1785434400,1788307200,33.25,1.0,0.33273703041144903,-2.1078587310611523,0.06976744186046512,0.0,-2.1078587310611523,-1.042089961163706,-7.239944736618133,7.986162354279563,-0.1193238983131441,long_collect,Nado,EURUSD-PERP,EURUSD,reachable
1440,1783126800,1788307200,59.958333333333336,1.0,0.8743055555555556,21.748154524999855,0.008333333333333333,0.5979166666666667,21.748154524999855,26.67632816312467,-1.341066409091148,53.921376909238106,0.07080774882138223,long_collect,Kraken,PF_GBPUSD,GBP,reachable
1440,1783126800,1788307200,59.958333333333336,1.0,0.15763888888888888,0.0,0.6326388888888889,0.0,0.0,-0.558456205,-7.054953599999999,7.576261200000001,0.1007402340056684,long_collect,tradeXYZ,xyz:GBP,GBP,blocked
360,1783137600,1788307200,59.833333333333336,4.0,0.3194444444444444,-9.7455,0.022222222222222223,0.0,-9.7455,-2.7843416666666667,-17.520000000000003,20.366999999999997,-0.0695737613716155,long_collect,MEXC,GBP_USDT,GBP,blocked
201,1785427200,1788307200,33.333333333333336,4.0,0.2736318407960199,-9.855,0.04477611940298507,0.0,-9.855,-4.081462686567164,-17.082,18.615000000000002,-0.5678977124279592,long_collect,LBank,GBPUSDT,GBP,blocked
73,1785513600,1788307200,32.333333333333336,8.0,0.0684931506849315,-4.380000000000001,0.9315068493150684,0.0,-4.380000000000001,-3.7800000000000007,-4.380000000000001,-4.380000000000001,-0.03454272215629071,long_collect,BingX,NCFXGBP2USD-USDT,GBP,reachable
95,1785600000,1788307200,31.333333333333332,8.0,0.6631578947368421,273.75,0.6526315789473685,0.6526315789473685,273.75,175.66074142105262,0.0,273.75,-2.0108927015677494,long_collect,Bitfinex,tGBPF0:USTF0,GBP,untested
820,1783126800,1788307200,59.958333333333336,1.0,0.9621951219512195,10.95,0.9390243902439024,0.947560975609756,10.95,9.527963560975609,10.95,10.95,0.042013200694309194,long_collect,ApeX,GRAM-USDT,GRAM,blocked
819,1783126800,1788307200,59.958333333333336,1.0,0.28327228327228327,-29.312712,0.009768009768009768,0.0,-29.312712,-30.16705372893773,-102.6891,35.704884,-0.466245348569187,long_collect,Crypto.com,GRAMUSD-PERP,GRAM,reachable
819,1783126800,1788307200,59.958333333333336,1.0,0.8962148962148963,10.511999999999999,0.7545787545787546,0.8791208791208791,10.511999999999999,10.063838827838827,-1.752,16.644000000000002,0.1571161333760468,long_collect,Lighter,GRAM,GRAM,blocked
78,1783137600,1785355200,25.666666666666668,8.0,1.0,10.95,1.0,1.0,10.95,10.95,10.95,10.95,0.0,long_collect,BitMEX,GRAM/USDT:USDT,GRAM,reachable
204,1783137600,1788307200,59.833333333333336,4.0,0.9411764705882353,10.95,0.47549019607843135,0.7450980392156863,10.95,15.456221305796939,1.6160167845236748,38.419169999999994,-0.2242735315164745,long_collect,Bitunix,GRAMUSDT,GRAM,blocked
204,1783137600,1788307200,59.833333333333336,4.0,0.7696078431372549,10.95,0.6715686274509803,0.6911764705882353,10.95,2.379907352941176,-19.37712,10.95,0.19507992177830843,long_collect,edgeX,GRAMUSDC,GRAM,blocked
204,1783137600,1788307200,59.833333333333336,4.0,0.9950980392156863,10.95,0.9019607843137255,0.9901960784313726,10.95,17.125205958746083,10.95,10.95,-0.08616087454359117,long_collect,HTX,GRAM-USDT,GRAM,reachable
204,1783137600,1788307200,59.833333333333336,4.0,0.7647058823529411,10.95,0.6862745098039216,0.7058823529411765,10.95,1.8378823529411759,-18.395999999999997,10.95,0.1705642449024683,long_collect,MEXC,GRAM_USDT,GRAM,blocked
204,1783137600,1788307200,59.833333333333336,4.0,1.0,10.95,1.0,1.0,10.95,10.95,10.95,10.95,0.0,long_collect,WhiteBIT,GRAM_PERP,GRAM,reachable
102,1783152000,1788307200,59.666666666666664,8.0,0.49019607843137253,0.0,0.12745098039215685,0.0,0.0,35.28866161764706,-88.779315,238.468005,-2.361282049037567,long_collect,CoinEx,GRAMUSDT,GRAM,blocked
196,1783252800,1788307200,58.5,4.0,0.9948979591836735,10.95,0.5102040816326531,0.9948979591836735,10.95,10.82556107142857,10.42878,11.458079999999999,0.005132288414857075,long_collect,Orderly,PERP_GRAM_USDC_mythos,GRAM,reachable
192,1787619600,1788307200,7.958333333333333,1.0,0.3385416666666667,-16.448849201789486,0.010416666666666666,0.0,-16.448849201789486,-20.42829564389528,-60.28248701891164,10.95,6.107875010032871,long_collect,Backpack,GRAM_USDC_PERP,GRAM,reachable
192,1787619600,1788307200,7.958333333333333,1.0,0.984375,11.388,0.9791666666666666,0.9791666666666666,11.388,11.141625,11.388,11.388,-0.18154252231234572,long_collect,Extended,GRAM-USD,GRAM,blocked
48,1787630400,1788307200,7.833333333333333,4.0,1.0,10.95,0.9375,0.9791666666666666,10.95,10.794875,10.95,10.95,-0.09128962223187144,long_collect,KuCoin,GRAMUSDTM,GRAM,reachable
48,1787630400,1788307200,7.833333333333333,4.0,0.9791666666666666,10.95,0.9791666666666666,0.9791666666666666,10.95,10.663064375,10.95,10.95,-0.2108098469387755,long_collect,LBank,GRAMUSDT,GRAM,blocked
1312,1783126800,1788307200,59.958333333333336,1.0,0.038871951219512195,-57.913236,0.009908536585365854,0.0,-57.913236,-56.19548479573171,-94.939128,-16.902420000000003,0.511495246260018,long_collect,Crypto.com,GRTUSD-PERP,GRT,reachable
1312,1783126800,1788307200,59.958333333333336,1.0,0.1448170731707317,-77.97910735000015,0.0038109756097560975,0.0,-77.97910735000015,-77.196661196745,-193.1464659999997,16.239011170370667,1.6250136816754395,long_collect,Kraken,PF_GRTUSD,GRT,reachable
164,1783152000,1788307200,59.666666666666664,8.0,0.9817073170731707,10.95,0.9390243902439024,0.9451219512195121,10.95,10.30969207317073,10.95,10.95,0.004779961236442832,long_collect,BingX,GRT-USDT,GRT,reachable
164,1783152000,1788307200,59.666666666666664,8.0,0.6097560975609756,3.1579800000000002,0.03048780487804878,0.5304878048780488,3.1579800000000002,0.0018008247060043074,-18.39381,10.95,0.14820928010529283,long_collect,Bitunix,GRTUSDT,GRT,blocked
164,1783152000,1788307200,59.666666666666664,8.0,0.6524390243902439,10.78575,0.5060975609756098,0.5304878048780488,10.78575,-1.0015243902439028,-26.827499999999997,10.95,0.10961646614957146,long_collect,KuCoin,GRTUSDTM,GRT,reachable
163,1783152000,1788307200,59.666666666666664,8.0,0.5766871165644172,2.409,0.018404907975460124,0.5153374233128835,2.409,-0.556233128834356,-18.615000000000002,10.95,0.18866256515137647,long_collect,MEXC,GRT_USDT,GRT,blocked
163,1783152000,1788307200,59.666666666666664,8.0,1.0,10.95,1.0,1.0,10.95,10.95,10.95,10.95,0.0,long_collect,WhiteBIT,GRT_PERP,GRT,reachable
147,1783152000,1788307200,59.666666666666664,8.0,0.006802721088435374,-33.75447,0.013605442176870748,0.0,-33.75447,-37.79882642857143,-84.57013500000001,0.0,0.17220366588575892,long_collect,CoinEx,GRTUSDT,GRT,blocked
84,1785427200,1788307200,33.333333333333336,8.0,0.7142857142857143,9.089595,0.0,0.5357142857142857,9.089595,2.4015696428571425,-16.231185,10.95,0.5400292434955187,long_collect,LBank,GRTUSDT,GRT,blocked
84,1785427200,1788307200,33.333333333333336,8.0,0.8809523809523809,10.95,0.8214285714285714,0.8333333333333334,10.95,6.628020238095238,-2.1217,10.95,0.2660748164426762,long_collect,Variational,GRT,GRT,blocked
298,1783137600,1788307200,59.833333333333336,4.0,0.9899328859060402,28.798499999999997,0.0,0.5369127516778524,28.798499999999997,41.762271140939596,10.95,95.04599999999999,0.08315917219309074,long_collect,BingX,H-USDT,H,reachable
298,1783137600,1788307200,59.833333333333336,4.0,0.9899328859060402,25.205804999999998,0.013422818791946308,0.5604026845637584,25.205804999999998,41.52042685658084,10.93905,94.90719779999999,0.086867374376004,long_collect,Bitunix,HUSDT,H,blocked
298,1783137600,1788307200,59.833333333333336,4.0,0.9899328859060402,40.843500000000006,0.0,0.540268456375839,40.843500000000006,56.13895973154362,10.95,132.93300000000002,-0.9520791585566156,short,GRVT,H_USDT_Perp,H,blocked
298,1783137600,1788307200,59.833333333333336,4.0,0.9865771812080537,27.156000000000002,0.0,0.5503355704697986,27.156000000000002,41.863540268456376,10.95,94.60799999999999,0.06779321499921061,short,MEXC,H_USDT,H,blocked
860,1783792800,1788307200,52.25,1.0,1.0,10.95,0.5604651162790698,0.891860465116279,10.95,59.818110027666755,6.853277241478812,208.61170399828555,1.6020422083545083,long_collect,HTX,H-USDT,H,reachable
227,1784160000,1788307200,48.0,4.0,0.9515418502202643,10.95,0.6255506607929515,0.9251101321585903,10.95,20.836837004405286,10.95,54.75,0.07643851831844861,long_collect,KuCoin,HUSDTM,H,reachable
771,1784642400,1788307200,42.416666666666664,1.0,0.9987029831387808,59.568,0.00648508430609598,0.6199740596627756,59.568,90.3575252918288,11.388,209.364,-2.899961462600587,long_collect,Extended,H-USD,H,blocked
139,1785427200,1788307200,33.333333333333336,4.0,1.0,42.486000000000004,0.02877697841726619,0.6187050359712231,42.486000000000004,47.459978417266186,10.95,94.389,-0.5924185528206146,long_collect,LBank,HUSDT,H,blocked
138,1785427200,1788307200,33.333333333333336,4.0,1.0,10.95,0.8260869565217391,1.0,10.95,19.41542753623188,10.95,37.426,-0.05116389193381613,long_collect,Variational,H,H,blocked
645,1783126800,1788307200,59.958333333333336,1.0,0.9705426356589147,10.95,0.9162790697674419,0.931782945736434,10.95,10.180206511627906,10.95,10.95,0.021574927875190254,short,ApeX,HBAR-USDT,HBAR,blocked
645,1783126800,1788307200,59.958333333333336,1.0,0.6976744186046512,10.95,0.48372093023255813,0.5550387596899224,10.95,1.8110153267510076,-20.361744,10.95,-0.15627464795848475,long_collect,Backpack,HBAR_USDC_PERP,HBAR,reachable
645,1783126800,1788307200,59.958333333333336,1.0,0.5116279069767442,0.876,0.03875968992248062,0.5116279069767442,0.876,-0.2743441860465116,-10.512,11.388,0.16630673302456225,long_collect,Coinbase,HBAR-PERP,HBAR,blocked
644,1783126800,1788307200,59.958333333333336,1.0,0.889751552795031,40.19964,0.018633540372670808,0.5900621118012422,40.19964,35.9184117204969,-3.8386319999999996,82.75046400000001,0.687236943365858,long_collect,Crypto.com,HBARUSD-PERP,HBAR,reachable
644,1783126800,1788307200,59.958333333333336,1.0,0.43788819875776397,-2.567795554396688,0.010869565217391304,0.0,-2.567795554396688,-3.111188597214186,-35.479795800000005,29.717445887247052,0.20253026161162485,long_collect,Kraken,PF_HBARUSD,HBAR,reachable
644,1783126800,1788307200,59.958333333333336,1.0,0.37267080745341613,-8.760000000000002,0.013975155279503106,0.0,-8.760000000000002,-12.25855900621118,-47.304,10.511999999999999,-0.35528874853930664,long_collect,Lighter,HBAR,HBAR,blocked
161,1783137600,1788307200,59.833333333333336,4.0,0.7888198757763976,10.95,0.5217391304347826,0.5341614906832298,10.95,4.9299011505490276,-7.12845,10.95,-0.01862896790368463,long_collect,Bitunix,HBARUSDC,HBAR,blocked
80,1783152000,1788307200,59.666666666666664,8.0,0.9375,10.95,0.6875,0.7375,10.95,8.579325,0.9855,10.95,0.05828480699008867,long_collect,BingX,HBAR-USDT,HBAR,reachable
80,1783152000,1788307200,59.666666666666664,8.0,0.9875,7.096695,0.0375,0.575,7.096695,7.423434790037396,0.7217214850265802,13.222124999999998,0.028828794649233585,long_collect,Bitunix,HBARUSDT,HBAR,blocked
80,1783152000,1788307200,59.666666666666664,8.0,0.825,10.95,0.7,0.7375,10.95,7.242056249999999,-4.0515,10.95,-0.016531148930620763,long_collect,GRVT,HBAR_USDT_Perp,HBAR,blocked
80,1783152000,1788307200,59.666666666666664,8.0,0.9875,10.95,0.775,0.9875,10.95,17.521609575287364,10.95,62.1668897179586,-0.6934186643411325,long_collect,HTX,HBAR-USDT,HBAR,reachable
80,1783152000,1788307200,59.666666666666664,8.0,0.9,10.95,0.7375,0.775,10.95,7.9743375,0.219,10.95,0.042275834637454345,long_collect,KuCoin,HBARUSDTM,HBAR,reachable
80,1783152000,1788307200,59.666666666666664,8.0,0.6375,3.1755,0.0,0.5375,3.1755,1.5754312499999998,-10.183499999999999,10.95,0.20129121674491393,long_collect,MEXC,HBAR_USDT,HBAR,blocked
80,1783152000,1788307200,59.666666666666664,8.0,0.55,1.6080074999999998,0.125,0.55,1.6080074999999998,1.0371429375,-9.71484,10.84707,0.28810550997652584,long_collect,Orderly,PERP_HBAR_USDC,HBAR,reachable
80,1783152000,1788307200,59.666666666666664,8.0,0.8875,10.95,0.8125,0.8125,10.95,7.752955875,-1.65564,10.95,0.0942609358372457,long_collect,WhiteBIT,HBAR_PERP,HBAR,reachable
80,1783152001,1788307200,59.66665509259259,8.0,0.1125,0.0,0.825,0.0,0.0,2.0915595,0.0,6.3827549999999995,0.18334916523087957,long_collect,CoinEx,HBARUSDT,HBAR,blocked
223,1784642400,1788307200,42.416666666666664,1.0,0.874439461883408,11.388,0.5919282511210763,0.6233183856502242,11.388,2.5612197309417035,-5.256,11.388,1.1954083843133942,long_collect,Extended,HBAR-USD,HBAR,blocked
24,1787644800,1788307200,7.666666666666667,8.0,0.041666666666666664,0.0,0.7083333333333334,0.0,0.0,-5.8270425,-26.044575000000002,0.0,-2.5600404913043473,long_collect,Bitfinex,tHBARF0:USTF0,HBAR,untested
24,1787644800,1788307200,7.666666666666667,8.0,0.4166666666666667,-0.16425,0.125,0.0,-0.16425,-7.6330625,-25.5135,2.628,-3.3414163043478258,long_collect,Deribit,HBAR_USDC-PERPETUAL,HBAR,untested
24,1787644800,1788307200,7.666666666666667,8.0,0.9583333333333334,10.95,0.6666666666666666,0.7083333333333334,10.95,8.558200625,2.642235,10.95,0.2570369673913043,long_collect,LBank,HBARUSDT,HBAR,blocked
24,1787644800,1788307200,7.666666666666667,8.0,0.0,-19.852349999999994,0.0,0.0,-19.852349999999994,-18.682958333333335,-26.882300000000004,-8.4297,1.0096773913043475,long_collect,Variational,HBAR,HBAR,blocked
686,1783126800,1788307200,59.958333333333336,1.0,0.6516034985422741,6.132,0.030612244897959183,0.5583090379008746,6.132,-5.567580174927113,-56.064,18.395999999999997,-1.0077626151412031,long_collect,Coinbase,ICP-PERP,ICP,blocked
686,1783126800,1788307200,59.958333333333336,1.0,0.39067055393586003,-28.74156,0.011661807580174927,0.0,-28.74156,2.7808568921282815,-86.122188,154.996812,0.4783462510043698,long_collect,Crypto.com,ICPUSD-PERP,ICP,reachable
686,1783126800,1788307200,59.958333333333336,1.0,0.5291545189504373,2.9374372622815685,0.008746355685131196,0.5072886297376094,2.9374372622815685,1.1782623365953402,-47.205804050000296,47.79365115,0.2540284764353959,long_collect,Kraken,PF_ICPUSD,ICP,reachable
686,1783126800,1788307200,59.958333333333336,1.0,0.892128279883382,10.511999999999999,0.8454810495626822,0.8629737609329446,10.511999999999999,7.091002915451893,-0.876,10.511999999999999,-0.16261285855321267,long_collect,Lighter,ICP,ICP,blocked
684,1783126800,1788307200,59.958333333333336,1.0,1.0,10.95,1.0,1.0,10.95,10.95,10.95,10.95,0.0,long_collect,Pacifica,ICP,ICP,blocked
171,1783137600,1788307200,59.833333333333336,4.0,0.9941520467836257,10.95,0.9941520467836257,0.9941520467836257,10.95,5.763157894736842,10.95,10.95,-0.382790764851724,long_collect,edgeX,ICPUSDC,ICP,blocked
85,1783152000,1788307200,59.666666666666664,8.0,0.9529411764705882,10.95,0.8470588235294118,0.8705882352941177,10.95,9.8331,7.774500000000001,10.95,0.03472750379885549,long_collect,BingX,ICP-USDT,ICP,reachable
85,1783152000,1788307200,59.666666666666664,8.0,0.7411764705882353,6.50868,0.047058823529411764,0.5411764705882353,6.50868,2.809137601778157,-12.311085,10.95,0.1759175146531068,long_collect,Bitunix,ICPUSDT,ICP,blocked
85,1783152000,1788307200,59.666666666666664,8.0,1.0,10.95,0.8823529411764706,0.9176470588235294,10.95,10.396058823529412,8.8695,10.95,0.003552209462000388,long_collect,GRVT,ICP_USDT_Perp,ICP,blocked
85,1783152000,1788307200,59.666666666666664,8.0,1.0,10.95,0.9882352941176471,1.0,10.95,11.54871530583038,10.95,10.95,-0.020237613846836946,long_collect,HTX,ICP-USDT,ICP,reachable
85,1783152000,1788307200,59.666666666666664,8.0,0.8352941176470589,10.95,0.7529411764705882,0.7647058823529411,10.95,6.774829411764706,-9.9645,10.95,0.007155565642351164,long_collect,KuCoin,ICPUSDTM,ICP,reachable
85,1783152000,1788307200,59.666666666666664,8.0,0.7058823529411765,5.475,0.023529411764705882,0.5882352941176471,5.475,2.76455294117647,-12.702,10.95,0.17633789802901934,long_collect,MEXC,ICP_USDT,ICP,blocked
61,1783152000,1784880000,20.0,8.0,0.6721311475409836,1.958955,0.08196721311475409,0.5245901639344263,1.958955,1.3768637704918032,-5.533035,7.252185,-0.1001890256478054,long_collect,Orderly,PERP_ICP_USDC,ICP,reachable
85,1783152000,1788307200,59.666666666666664,8.0,0.9764705882352941,10.95,0.9647058823529412,0.9647058823529412,10.95,10.368619411764705,10.95,10.95,-0.04541798851750195,long_collect,WhiteBIT,ICP_PERP,ICP,reachable
85,1783152001,1788307200,59.66665509259259,8.0,0.058823529411764705,0.0,0.8705882352941177,0.0,0.0,-0.1041151764705882,0.0,0.0,0.010245543451317332,long_collect,CoinEx,ICPUSDT,ICP,blocked
265,1784642400,1788307200,42.416666666666664,1.0,0.7433962264150943,11.388,0.5094339622641509,0.6,11.388,-4.548588679245283,-42.924,11.388,1.2867967821399293,long_collect,Extended,ICP-USD,ICP,blocked
24,1787644800,1788307200,7.666666666666667,8.0,0.0,0.0,0.8333333333333334,0.0,0.0,-1.551569375,-2.883135,0.0,-0.2413575195652174,long_collect,Bitfinex,tICPF0:USTF0,ICP,untested
24,1787644800,1788307200,7.666666666666667,8.0,0.9166666666666666,10.95,0.625,0.7916666666666666,10.95,9.049034375,4.352625,10.95,-0.14881478478260868,long_collect,LBank,ICPUSDT,ICP,blocked
24,1787644800,1788307200,7.666666666666667,8.0,0.25,-4.25145,0.08333333333333333,0.0,-4.25145,-9.6754,-29.8676,2.5565,0.8108804347826084,long_collect,Variational,ICP,ICP,blocked
660,1783126800,1788307200,59.958333333333336,1.0,0.9030303030303031,10.95,0.4196969696969697,0.8818181818181818,10.95,29.304577951876485,3.03972,84.45384408788813,0.021852267026830543,long_collect,Backpack,JTO_USDC_PERP,JTO,reachable
660,1783126800,1788307200,59.958333333333336,1.0,0.4166666666666667,-5.256,0.013636363636363636,0.0,-5.256,-18.822054545454545,-73.58399999999999,15.768,0.929716299755631,long_collect,Coinbase,JTO-PERP,JTO,blocked
660,1783126800,1788307200,59.958333333333336,1.0,0.03636363636363636,-48.826488,0.013636363636363636,0.0,-48.826488,-53.02931567272727,-97.49967600000001,-15.180204,0.32152417729481914,long_collect,Crypto.com,JTOUSD-PERP,JTO,reachable
660,1783126800,1788307200,59.958333333333336,1.0,0.3893939393939394,-9.901269225,0.007575757575757576,0.0,-9.901269225,-12.121624480965924,-64.40751458496456,35.1477261,-0.15549603934742406,long_collect,Kraken,PF_JTOUSD,JTO,reachable
659,1783126800,1788307200,59.958333333333336,1.0,0.9863429438543247,10.511999999999999,0.9711684370257967,0.9742033383915023,10.511999999999999,10.210251896813354,10.511999999999999,10.511999999999999,-0.006383012128347753,long_collect,Lighter,JTO,JTO,blocked
165,1783137600,1788307200,59.833333333333336,4.0,0.8848484848484849,10.95,0.7212121212121212,0.7575757575757576,10.95,7.195941818181817,-1.533,10.95,0.07133719451417096,long_collect,BingX,JTO-USDT,JTO,reachable
165,1783137600,1788307200,59.833333333333336,4.0,0.4484848484848485,-2.18343,0.012121212121212121,0.0,-2.18343,-4.770744209842286,-24.44478,10.95,0.2867969000784022,long_collect,Bitunix,JTOUSDT,JTO,blocked
164,1783137600,1788307200,59.833333333333336,4.0,0.43902439024390244,-2.5185,0.018292682926829267,0.0,-2.5185,-4.856725609756098,-25.185000000000002,10.95,0.30342055731728795,long_collect,MEXC,JTO_USDT,JTO,blocked
164,1783137600,1788307200,59.833333333333336,4.0,1.0,10.95,0.43902439024390244,1.0,10.95,11.011960975609755,10.301759999999998,11.99682,-0.0036555508570793654,long_collect,Orderly,PERP_JTO_USDC_mythos,JTO,reachable
164,1783137600,1788307200,59.833333333333336,4.0,1.0,10.95,1.0,1.0,10.95,10.95,10.95,10.95,0.0,long_collect,WhiteBIT,JTO_PERP,JTO,reachable
82,1783152000,1788307200,59.666666666666664,8.0,0.17073170731707318,0.0,0.7195121951219512,0.0,0.0,1.1869265853658535,-0.9953549999999999,12.317655,0.03171283901951533,long_collect,CoinEx,JTOUSDT,JTO,blocked
94,1784160000,1788307200,48.0,4.0,0.925531914893617,10.95,0.8617021276595744,0.8723404255319149,10.95,7.967872340425531,5.475,10.95,0.07291432891051823,long_collect,KuCoin,JTOUSDTM,JTO,reachable
238,1784646000,1788307200,42.375,1.0,0.5630252100840336,2.628,0.04201680672268908,0.5168067226890757,2.628,-13.552235294117649,-84.096,11.388,2.274829708864991,long_collect,Extended,JTO-USD,JTO,blocked
48,1787630400,1788307200,7.833333333333333,4.0,0.6875,6.746294999999999,0.0625,0.5625,6.746294999999999,3.9279474999999997,-8.13804,10.95,-0.6748271515414676,long_collect,LBank,JTOUSDT,JTO,blocked
48,1787630400,1788307200,7.833333333333333,4.0,1.0,10.95,0.9583333333333334,0.9791666666666666,10.95,10.786914583333333,10.95,10.95,0.09485760963960051,long_collect,Variational,JTO,JTO,blocked
24,1787644800,1788307200,7.666666666666667,8.0,0.08333333333333333,0.0,0.625,0.0,0.0,-8.207298750000001,-39.82296,0.0,0.23058129130434787,long_collect,Bitfinex,tJTOF0:USTF0,JTO,untested
1440,1783126800,1788307200,59.958333333333336,1.0,0.9055555555555556,10.95,0.8104166666666667,0.8673611111111111,10.95,9.062429563542066,1.5432171745955863,10.95,-0.22098232136950807,long_collect,Backpack,kPEPE_USDC_PERP,KPEPE,reachable
1440,1783126800,1788307200,59.958333333333336,1.0,0.9895833333333334,10.95,0.9125,0.9618055555555556,10.95,11.605621917527149,10.949999999985838,10.960300661790336,0.04764238352213692,short,Nado,KPEPE-PERP,KPEPE,reachable
1438,1783126800,1788307200,59.958333333333336,1.0,0.8247566063977747,10.95,0.7162726008344924,0.7406119610570236,10.95,5.292569040333796,-13.03488,10.95,-0.21385631426047808,long_collect,Pacifica,kPEPE,KPEPE,blocked
180,1783152000,1788307200,59.666666666666664,8.0,0.9444444444444444,10.95,0.8166666666666667,0.8611111111111112,10.95,9.93895,6.570000000000001,10.95,-0.01626327028373257,short,GRVT,KPEPE_USDT_Perp,KPEPE,blocked
589,1783126800,1788307200,59.958333333333336,1.0,0.8539898132427843,10.95,0.6587436332767402,0.6910016977928692,10.95,6.828605908319185,-3.8544,10.95,-0.007694567057727191,long_collect,ApeX,LDO-USDT,LDO,blocked
589,1783126800,1788307200,59.958333333333336,1.0,0.6417657045840407,10.95,0.4295415959252971,0.5925297113752123,10.95,-0.48583008017019147,-43.91956889139964,27.996084,-0.3907957483806075,long_collect,Backpack,LDO_USDC_PERP,LDO,reachable
589,1783126800,1788307200,59.958333333333336,1.0,0.8947368421052632,27.156000000000002,0.013582342954159592,0.6451612903225806,27.156000000000002,31.269779286926997,-0.876,67.452,0.7884935052417908,long_collect,Coinbase,LDO-PERP,LDO,blocked
589,1783126800,1788307200,59.958333333333336,1.0,0.4634974533106961,-5.398788000000001,0.027164685908319185,0.0,-5.398788000000001,-7.608680190152802,-57.08979600000001,41.97003600000001,-0.008165347692788021,long_collect,Crypto.com,LDOUSD-PERP,LDO,reachable
589,1783126800,1788307200,59.958333333333336,1.0,0.8794567062818336,11.388,0.6689303904923599,0.6977928692699491,11.388,7.940516129032258,-0.876,11.388,-0.04421004777484856,long_collect,Extended,LDO-USD,LDO,blocked
588,1783126800,1788307200,59.958333333333336,1.0,0.3401360544217687,-11.281127999999999,0.006802721088435374,0.0,-11.281127999999999,-9.736192118866018,-47.415934550000294,31.31322590000029,-0.04369243582612742,long_collect,Kraken,PF_LDOUSD,LDO,reachable
588,1783126800,1788307200,59.958333333333336,1.0,1.0,10.511999999999999,0.9013605442176871,1.0,10.511999999999999,12.305714285714284,10.511999999999999,10.511999999999999,-0.06496578860927626,long_collect,Lighter,LDO,LDO,blocked
587,1783126800,1788307200,59.958333333333336,1.0,0.9965928449744463,10.95,0.9557069846678024,0.959114139693356,10.95,10.672724361158432,10.95,10.95,-0.0065165234043338795,long_collect,Pacifica,LDO,LDO,blocked
73,1783152000,1788307200,59.666666666666664,8.0,0.8493150684931506,10.95,0.6438356164383562,0.6575342465753424,10.95,6.047999999999999,-5.037,10.95,0.10498571121908537,long_collect,BingX,LDO-USDT,LDO,reachable
73,1783152000,1788307200,59.666666666666664,8.0,0.8082191780821918,9.019515,0.0410958904109589,0.589041095890411,9.019515,5.866278301551394,-3.1021350000000005,10.95,0.03736447846366321,long_collect,Bitunix,LDOUSDT,LDO,blocked
73,1783152000,1788307200,59.666666666666664,8.0,0.9726027397260274,10.95,0.821917808219178,0.8493150684931506,10.95,10.000499999999999,7.117499999999999,10.95,-0.04839966309740757,long_collect,GRVT,LDO_USDT_Perp,LDO,blocked
73,1783152000,1788307200,59.666666666666664,8.0,0.8904109589041096,10.95,0.7123287671232876,0.7534246575342466,10.95,7.9815,-0.7665,10.95,-0.09138510749750677,long_collect,KuCoin,LDOUSDTM,LDO,reachable
73,1783152000,1788307200,59.666666666666664,8.0,0.9315068493150684,10.4025,0.0273972602739726,0.6164383561643836,10.4025,7.910999999999999,1.533,10.95,-0.017525555751964475,long_collect,MEXC,LDO_USDT,LDO,blocked
49,1783152000,1784534400,16.0,8.0,0.9387755102040817,5.931615,0.04081632653061224,0.673469387755102,5.931615,5.713531224489796,1.54614,8.880450000000002,-0.13185855918367345,long_collect,Orderly,PERP_LDO_USDC,LDO,reachable
73,1783152000,1788307200,59.666666666666664,8.0,0.9863013698630136,10.95,0.8767123287671232,0.9863013698630136,10.95,13.322954999999999,10.95,10.95,0.32396101105076003,long_collect,WhiteBIT,LDO_PERP,LDO,reachable
73,1783152001,1788307200,59.66665509259259,8.0,0.0821917808219178,0.0,0.6301369863013698,0.0,0.0,-2.831655,-18.19452,0.0,-0.22957539023297518,long_collect,CoinEx,LDOUSDT,LDO,blocked
24,1787644800,1788307200,7.666666666666667,8.0,0.08333333333333333,0.0,0.5,0.0,0.0,-10.604116874999999,-43.560195,0.0,2.0810832065217393,long_collect,Bitfinex,tLDOF0:USTF0,LDO,untested
24,1787644800,1788307200,7.666666666666667,8.0,0.9166666666666666,9.006374999999998,0.0,0.5833333333333334,9.006374999999998,7.4621056249999995,1.30962,10.95,0.4050362152173912,long_collect,LBank,LDOUSDT,LDO,blocked
24,1787644800,1788307200,7.666666666666667,8.0,0.9583333333333334,10.95,0.7916666666666666,0.8333333333333334,10.95,9.558666666666666,2.4826,10.95,0.2839108695652173,long_collect,Variational,LDO,LDO,blocked
928,1783126800,1788307200,59.958333333333336,1.0,0.8243534482758621,7.884,0.04741379310344827,0.5797413793103449,7.884,10.427043103448277,-3.504,22.776,-0.10390943033883689,long_collect,Coinbase,MSFT-PERP,MSFT,blocked
928,1783126800,1788307200,59.958333333333336,1.0,0.8879310344827587,8.340396,0.0,0.509698275862069,8.340396,21.66142404310345,-2.318772,65.135856,-0.705509840478503,long_collect,Crypto.com,MSFTUSD-PERP,MSFT,reachable
927,1783126800,1788307200,59.958333333333336,1.0,0.9956850053937433,3.504,0.9881337648327939,0.9956850053937433,3.504,3.684491909385113,3.504,3.504,-0.003849551921656868,long_collect,Lighter,MSFT,MSFT,blocked
927,1783126800,1788307200,59.958333333333336,1.0,0.37648327939590076,-5.722085304224196,0.014023732470334413,0.0,-5.722085304224196,-6.344387420392054,-28.1090197896687,12.72184162031663,0.11893515190561162,short,Nado,MSFT-PERP,MSFT,reachable
927,1783126800,1788307200,59.958333333333336,1.0,0.8683926645091694,5.475,0.4325782092772384,0.7961165048543689,5.475,7.4651954563106795,-3.0320987999999995,21.943537199999998,-0.158098346128791,long_collect,tradeXYZ,xyz:MSFT,MSFT,blocked
231,1783137600,1788307200,59.833333333333336,4.0,0.27705627705627706,-31.581989999999998,0.008658008658008658,0.0,-31.581989999999998,-26.089555324675324,-95.27595,58.35036,-0.36607540426378155,long_collect,edgeX,MSFTUSDC,MSFT,blocked
116,1783152000,1788307200,59.666666666666664,8.0,0.5431034482758621,0.1512777528612,0.08620689655172414,0.5172413793103449,0.1512777528612,2.451636781894752,-3.0112499999999995,10.2726224429955,-0.14339586018362813,long_collect,Bitunix,MSFTUSDT,MSFT,blocked
115,1783152000,1788307200,59.666666666666664,8.0,0.45217391304347826,0.0,0.5391304347826087,0.0,0.0,17.53428260869565,0.0,62.634,-0.5836624672262065,long_collect,GRVT,MSFT_USDT_Perp,MSFT,blocked
115,1783152000,1788307200,59.666666666666664,8.0,0.1391304347826087,0.0,0.8608695652173913,0.0,0.0,1.5234782608695652,0.0,10.95,-0.09499682879874398,long_collect,HTX,MSFT-USDT,MSFT,reachable
115,1783152000,1788307200,59.666666666666664,8.0,0.9652173913043478,10.95,0.9478260869565217,0.9478260869565217,10.95,9.966404347826085,10.95,10.95,-0.09819003700773175,long_collect,KuCoin,MSFTUSDTM,MSFT,reachable
115,1783152000,1788307200,59.666666666666664,8.0,1.0,10.95,0.9739130434782609,0.991304347826087,10.95,10.897649478260869,10.830645,11.050740000000001,-0.0038765361822225937,long_collect,Orderly,PERP_MSFT_USDC_mythos,MSFT,reachable
115,1783152000,1788307200,59.666666666666664,8.0,0.6782608695652174,10.95,0.5478260869565217,0.6782608695652174,10.95,5.397683478260869,-10.95,13.80795,-0.5139702973079057,long_collect,WhiteBIT,MSFT_PERP,MSFT,reachable
36,1785427200,1788307200,33.333333333333336,8.0,0.027777777777777776,0.0,0.9722222222222222,0.0,0.0,0.5841216666666668,0.0,0.0,0.020318175870933423,long_collect,LBank,MSFTUSDT,MSFT,blocked
36,1785427200,1788307200,33.333333333333336,8.0,0.027777777777777776,0.0,0.9722222222222222,0.0,0.0,0.4531083333333334,0.0,0.0,0.015760988387554294,long_collect,Variational,MSFT,MSFT,blocked
34,1785513600,1788307200,32.333333333333336,8.0,0.029411764705882353,-10.95,0.6764705882352942,0.0,-10.95,-7.485935294117646,-10.95,-5.475,-0.2620500695000758,long_collect,BingX,NCSKMSFT2USD-USDT,MSFT,reachable
33,1785513600,1788307200,32.333333333333336,8.0,0.030303030303030304,0.0,0.9696969696969697,0.0,0.0,0.6337727272727273,0.0,0.0,0.017870113436625215,long_collect,MEXC,MSFTSTOCK_USDT,MSFT,blocked
192,1787619600,1788307200,7.958333333333333,1.0,0.09375,0.0,0.90625,0.0,0.0,0.5703125,0.0,0.0,-0.2725276564576947,long_collect,Extended,MSFT_24_5-USD,MSFT,blocked
126,1784707200,1788307200,41.666666666666664,8.0,0.007936507936507936,0.0,0.9920634920634921,0.0,0.0,0.5125689935402723,0.0,0.0,-0.062186323247783594,long_collect,HTX,PENG-USDT,PENG,reachable
245,1784793600,1788307200,40.666666666666664,4.0,0.4897959183673469,-1.53738,0.004081632653061225,0.0,-1.53738,-0.22812648979591862,-87.06345,89.55786,-0.48693644343079096,long_collect,edgeX,PENGUSDC,PENG,blocked
101,1785427200,1788307200,33.333333333333336,8.0,0.019801980198019802,0.0,0.9108910891089109,0.0,0.0,-2.351539603960396,0.0,0.0,0.1215048223645894,long_collect,LBank,PENGUSDT,PENG,blocked
559,1785434400,1788307200,33.25,1.0,1.0,10.949999999999964,0.998211091234347,0.998211091234347,10.949999999999964,10.936376542075616,10.949999999999964,10.949999999999964,0.0015066063286985557,short,Nado,PENG-PERP,PENG,reachable
98,1785513600,1788307200,32.333333333333336,8.0,0.5408163265306123,8.26725,0.0,0.5,8.26725,1.7736765306122448,-10.95,10.95,0.01365069142933651,long_collect,BingX,NCSKPENG2USD-USDT,PENG,reachable
98,1785513600,1788307200,32.333333333333336,8.0,0.04081632653061224,0.0,0.8673469387755102,0.0,0.0,-0.805607142857143,-0.219,0.0,-0.10343889027025986,long_collect,MEXC,PENGSTOCK_USDT,PENG,blocked
95,1785600000,1788307200,31.333333333333332,8.0,0.042105263157894736,-4.085445,0.2,0.0,-4.085445,-5.967208263157894,-15.57966,-0.502605,-0.23730290047592387,long_collect,Bitunix,PENGSTOCKUSDT,PENG,blocked
525,1786420800,1788307200,21.833333333333332,1.0,0.7219047619047619,5.00196,0.2742857142857143,0.7142857142857143,5.00196,20.512572845714285,-167.363304,241.188204,1.5520263877192526,long_collect,Crypto.com,PENGUSD-PERP,PENG,reachable
58,1786665600,1788307200,19.0,8.0,0.0,0.0,0.9827586206896551,0.0,0.0,-0.293157409592496,0.0,0.0,0.042365299156096665,long_collect,HTX,SAMSUNGEM-USDT,SAMSUNGEM,reachable
58,1786665600,1788307200,19.0,8.0,0.1896551724137931,0.0,0.6551724137931034,0.0,0.0,2.325931034482758,-31.6455,76.3215,0.06661146144144718,long_collect,LBank,SAMSUNGEMUSDT,SAMSUNGEM,blocked
57,1786694400,1788307200,18.666666666666668,8.0,0.17543859649122806,-5.640345,0.12280701754385964,0.0,-5.640345,-1.0883723684210536,-30.396104999999995,66.156615,0.10612223586984708,long_collect,Bitunix,SAMSUNGEMUSDT,SAMSUNGEM,blocked
113,1786694400,1788307200,18.666666666666668,4.0,0.7964601769911505,33.8793,0.008849557522123894,0.5663716814159292,33.8793,29.5596703539823,-37.01757,92.65014000000001,-1.5532906873378134,long_collect,edgeX,SAMSUNGEMUSDC,SAMSUNGEM,blocked
46,1787011200,1788307200,15.0,8.0,0.21739130434782608,0.0,0.5869565217391305,0.0,0.0,-3.106467391304349,-61.101000000000006,101.94449999999999,1.9174554116558749,long_collect,GRVT,SAMSUNGEM_USDT_Perp,SAMSUNGEM,blocked
42,1787126400,1788307200,13.666666666666666,8.0,0.7380952380952381,10.95,0.5476190476190477,0.7380952380952381,10.95,7.281749999999999,-49.712999999999994,46.209,-0.8732227939389027,long_collect,KuCoin,SAMSUNGEMUSDTM,SAMSUNGEM,reachable
822,1785351600,1788307200,34.208333333333336,1.0,0.9635036496350365,4.380000000000001,0.9635036496350365,0.9635036496350365,4.380000000000001,4.06029197080292,4.380000000000001,4.380000000000001,0.008448794137699285,long_collect,Extended,SHOP-USD,SHOP,blocked
98,1785513600,1788307200,32.333333333333336,8.0,0.09183673469387756,0.0,0.7653061224489796,0.0,0.0,1.7218316326530612,-13.140000000000002,0.0,0.4721026433066198,long_collect,MEXC,SHOPSTOCK_USDT,SHOP,blocked
87,1785830400,1788307200,28.666666666666668,8.0,0.16091954022988506,-10.95,0.7011494252873564,0.0,-10.95,-2.1331103448275863,-10.95,10.95,-0.9226594371947219,long_collect,BingX,NCSKSHOP2USD-USDT,SHOP,reachable
79,1786060800,1788307200,26.0,8.0,0.0759493670886076,0.0,0.8987341772151899,0.0,0.0,3.4573724050632912,0.0,0.0,0.35810282388023373,short,LBank,SHOPUSDT,SHOP,blocked
78,1786089600,1788307200,25.666666666666668,8.0,0.20512820512820512,-0.81249,0.3974358974358974,0.0,-0.81249,4.180667884615384,-7.499655000000001,27.429750000000002,0.6371757214304684,short,Bitunix,SHOPUSDT,SHOP,blocked
70,1786320000,1788307200,23.0,8.0,1.0,10.95,1.0,1.0,10.95,10.95,10.95,10.95,0.0,long_collect,HTX,SHOP-USDT,SHOP,reachable
89,1787040000,1788307200,14.666666666666666,4.0,0.4157303370786517,-20.231220000000004,0.02247191011235955,0.0,-20.231220000000004,-14.825881685393258,-88.94247,75.59661,0.6679074974463736,long_collect,edgeX,SHOPUSDC,SHOP,blocked
21,1788235200,1788307200,0.8333333333333334,1.0,0.8095238095238095,248.316216,0.19047619047619047,0.6190476190476191,248.316216,215.98681028571428,-97.654728,473.53581600000007,305.75205930389615,long_collect,Crypto.com,SHOPUSD-PERP,SHOP,reachable
1125,1783573200,1788307200,54.791666666666664,1.0,0.6808888888888889,5.00196,0.2951111111111111,0.6711111111111111,5.00196,-18.435916789333334,-133.063524,105.240888,3.4859420030053454,long_collect,Crypto.com,SKHYUSD-PERP,SKHY,reachable
1116,1783605600,1788307200,54.416666666666664,1.0,0.49551971326164873,-0.1150626,0.00985663082437276,0.0,-0.1150626,-6.878432456989247,-46.372899600000004,24.0292932,0.2869093966139876,long_collect,tradeXYZ,xyz:SKHY,SKHY,blocked
135,1783756800,1788307200,52.666666666666664,8.0,0.007407407407407408,0.0,0.9629629629629629,0.0,0.0,-1.648519267390974,0.0,0.0,-0.18242613816572098,long_collect,HTX,SKHY-USDT,SKHY,reachable
130,1783900800,1788307200,51.0,8.0,0.9769230769230769,10.95,0.7384615384615385,0.9538461538461539,10.95,10.376708538461537,10.43973,11.131770000000001,-0.07446130903788502,long_collect,Orderly,PERP_SKHY_USDC_mythos,SKHY,reachable
129,1783929600,1788307200,50.666666666666664,8.0,0.31007751937984496,-2.3706750000000003,0.10077519379844961,0.0,-2.3706750000000003,-3.702773136310316,-18.773774999999997,27.426465,-0.2370620474949532,long_collect,Bitunix,SKHYUSDT,SKHY,blocked
250,1784030400,1788307200,49.5,4.0,0.736,34.00851,0.012,0.544,34.00851,28.50423408,-55.75521,95.16864000000001,0.29322781407843235,long_collect,edgeX,SKHYUSDC,SKHY,blocked
992,1784052000,1788307200,49.25,1.0,0.8709677419354839,3.504,0.7721774193548387,0.8629032258064516,3.504,2.7922499999999997,-6.132,3.504,-0.07658263400858484,long_collect,Lighter,SKHY,SKHY,blocked
977,1784109600,1788307200,48.583333333333336,1.0,0.49948822927328557,0.0,0.02354145342886387,0.0,0.0,2.9301617195496417,-30.659999999999997,34.164,-0.10780553452086233,long_collect,Coinbase,SKHY-PERP,SKHY,blocked
104,1784649600,1788307200,42.333333333333336,8.0,0.18269230769230768,0.0,0.7019230769230769,0.0,0.0,1.2371394230769235,-11.4975,25.2945,-0.7685198037564424,long_collect,GRVT,SKHY_USDT_Perp,SKHY,blocked
77,1785427200,1788307200,33.333333333333336,8.0,0.15584415584415584,0.0,0.6623376623376623,0.0,0.0,-5.786605714285715,-32.426235000000005,16.572824999999998,-0.30433626528336954,long_collect,LBank,SKHYUSDT,SKHY,blocked
77,1785427200,1788307200,33.333333333333336,8.0,0.15584415584415584,0.0,0.6493506493506493,0.0,0.0,-5.740554545454545,-35.0122,14.2677,-0.2700614364762366,long_collect,Variational,SKHY,SKHY,blocked
74,1785513600,1788307200,32.333333333333336,8.0,0.16216216216216217,0.0,0.6621621621621622,0.0,0.0,-4.1106891891891895,-23.5425,16.753500000000003,-0.5652046599916366,long_collect,MEXC,SKHYSTOCK_USDT,SKHY,blocked
71,1785600000,1788307200,31.333333333333332,8.0,0.7605633802816901,10.95,0.5915492957746479,0.7183098591549296,10.95,1.4127042253521123,-23.871000000000002,10.95,-0.8654514948625097,long_collect,KuCoin,SKHYUSDTM,SKHY,reachable
110,1787914800,1788307200,4.541666666666667,1.0,0.14545454545454545,0.0,0.7818181818181819,0.0,0.0,-5.9568,0.0,10.512,-3.852875594526971,long_collect,Extended,SKHY-USD,SKHY,blocked
35,1788184800,1788307200,1.4166666666666667,1.0,0.6285714285714286,3.5324675821958356,0.02857142857142857,0.5142857142857142,3.5324675821958356,-8.723040858613302,-44.791455388256615,16.314845690065514,-45.74064457054716,long_collect,Nado,SKHY-PERP,SKHY,reachable
1279,1783126800,1788307200,59.958333333333336,1.0,0.7576231430805317,10.95,0.3666927286942924,0.743549648162627,10.95,57.34046007818608,-94.17876000000001,284.19192,-2.5392530706640883,short,Pacifica,SKHYNIX,SKHYNIX,blocked
320,1783137600,1788307200,59.833333333333336,4.0,0.9,54.96024,0.00625,0.55625,54.96024,52.637334375,0.05036999999999999,103.18185,-1.0283843099790246,long_collect,edgeX,SKHYNIXUSDC,SKHYNIX,blocked
288,1783152000,1788307200,59.666666666666664,4.0,0.4236111111111111,-1.5680399999999997,0.03819444444444445,0.0,-1.5680399999999997,45.85572097081152,-32.796801289799085,190.092,-1.2331602732017224,long_collect,Bitunix,SKHYNIXUSDT,SKHYNIX,blocked
294,1783152000,1788307200,59.666666666666664,4.0,0.45918367346938777,0.0,0.3843537414965986,0.0,0.0,55.440147959183676,-50.370000000000005,240.24300000000002,-1.8399248616186605,long_collect,GRVT,SKHYNIX_USDT_Perp,SKHYNIX,blocked
291,1783152000,1788307200,59.666666666666664,4.0,0.31958762886597936,0.0,0.5807560137457045,0.0,0.0,27.034566367740112,-0.23806813340260502,130.30529942776576,-0.7275702646712054,long_collect,HTX,SKHYNIX-USDT,SKHYNIX,reachable
160,1783152000,1788307200,59.666666666666664,8.0,0.75625,10.95,0.36875,0.70625,10.95,45.761008125,-41.409615,121.20117000000002,-2.2462828574356255,long_collect,Orderly,PERP_SKHYNIX_USDC_mythos,SKHYNIX,reachable
160,1783152000,1788307200,59.666666666666664,8.0,0.71875,11.3442,0.0,0.71875,11.3442,34.2827390625,-77.5479,149.74125,-0.8294154933576042,short,WhiteBIT,SKHYNIX_PERP,SKHYNIX,reachable
1177,1783504800,1788307200,55.583333333333336,1.0,0.6482582837723024,5.256,0.20050977060322855,0.6338147833474936,5.256,33.666830926083264,-73.58399999999999,173.44799999999998,-1.4134129664572583,long_collect,Extended,SKHYNIX-USD,SKHYNIX,blocked
166,1785427200,1788307200,33.333333333333336,4.0,0.3433734939759036,0.0,0.4879518072289157,0.0,0.0,26.062332469879514,-38.19579,141.41048999999998,-2.1325648338811294,long_collect,LBank,SKHYNIXUSDT,SKHYNIX,blocked
162,1785513600,1788307200,32.333333333333336,4.0,0.7716049382716049,21.9,0.22839506172839505,0.6234567901234568,21.9,38.436933333333336,-21.9,131.181,-1.1968314052000355,long_collect,BingX,NCSKSKHYNIX2USD-USDT,SKHYNIX,reachable
157,1785513600,1788307200,32.333333333333336,4.0,0.34394904458598724,0.0,0.4968152866242038,0.0,0.0,20.993312101910828,-43.8,135.561,-2.0104921444048696,long_collect,MEXC,SKHYNIXSTOCK_USDT,SKHYNIX,blocked
149,1785600000,1788307200,31.333333333333332,4.0,0.7248322147651006,10.95,0.40939597315436244,0.6711409395973155,10.95,19.344020134228188,-55.626,112.785,-2.31689026875407,long_collect,KuCoin,SKHYNIXUSDTM,SKHYNIX,reachable
150,1784016000,1788307200,49.666666666666664,8.0,0.013333333333333334,0.0,0.98,0.0,0.0,1.0781293176932178,0.0,0.0,-0.0033833288914949687,long_collect,HTX,SNXX-USDT,SNXX,reachable
150,1784016000,1788307200,49.666666666666664,8.0,0.25333333333333335,0.0,0.5733333333333334,0.0,0.0,6.94668,-16.753500000000003,77.4165,-0.19011796968754163,long_collect,MEXC,SNXX_USDT,SNXX,blocked
122,1784822400,1788307200,40.333333333333336,8.0,0.28688524590163933,-2.9340525,0.04918032786885246,0.0,-2.9340525,3.4844848687826793,-24.502815,46.015185,0.055174466156730495,long_collect,Bitunix,SNXXUSDT,SNXX,blocked
852,1785243600,1788307200,35.458333333333336,1.0,0.6643192488262911,5.00196,0.2828638497652582,0.647887323943662,5.00196,21.48684261971831,-63.04396799999999,149.578752,-3.559351019453983,long_collect,Crypto.com,SNXXUSD-PERP,SNXX,reachable
209,1785312000,1788307200,34.666666666666664,4.0,0.5023923444976076,1.8636899999999998,0.009569377990430622,0.5023923444976076,1.8636899999999998,0.9270930143540669,-87.95259,88.39497,0.3906632922077921,long_collect,edgeX,SNXXUSDC,SNXX,blocked
101,1785427200,1788307200,33.333333333333336,8.0,0.21782178217821782,0.0,0.5643564356435643,0.0,0.0,2.3165971782178216,-32.54997,49.92543,0.3826334709959232,long_collect,LBank,SNXXUSDT,SNXX,blocked
98,1785513600,1788307200,32.333333333333336,8.0,0.826530612244898,10.95,0.3979591836734694,0.7244897959183674,10.95,21.253279591836733,-10.95,77.8545,0.5939334621196183,short,BingX,NCSKSNXX2USD-USDT,SNXX,reachable
95,1785600000,1788307200,31.333333333333332,8.0,0.8947368421052632,10.95,0.7473684210526316,0.8526315789473684,10.95,9.980636842105262,-2.9564999999999997,39.3105,-0.332799377099664,long_collect,KuCoin,SNXXUSDTM,SNXX,reachable
62,1786550400,1788307200,20.333333333333332,8.0,0.9032258064516129,10.95,0.6451612903225806,0.7580645161290323,10.95,8.639585322580645,0.130305,10.95,-0.41631938052428785,long_collect,Orderly,PERP_SNXX_USDC_mythos,SNXX,reachable
1096,1783126800,1788307200,59.958333333333336,1.0,0.7928832116788321,5.00196,0.31386861313868614,0.7582116788321168,5.00196,13.883497806569343,-21.918396,72.06852,-0.46728243971984373,long_collect,Crypto.com,SOXLUSD-PERP,SOXL,reachable
1096,1783126800,1788307200,59.958333333333336,1.0,0.9425182481751825,3.504,0.6012773722627737,0.9397810218978102,3.504,73.95566058394161,3.504,75.336,-4.936222278164026,long_collect,Lighter,SOXL,SOXL,blocked
137,1783152000,1788307200,59.666666666666664,8.0,0.40875912408759124,-0.2079405,0.10218978102189781,0.0,-0.2079405,8.247166375286724,-7.78764,38.034825,-0.11619050901171359,long_collect,Bitunix,SOXLUSDT,SOXL,blocked
137,1783152000,1788307200,59.666666666666664,8.0,0.5036496350364964,0.876,0.0072992700729927005,0.5036496350364964,0.876,26.54375912408759,0.0,80.2635,-0.8550565164905728,long_collect,GRVT,SOXL_USDT_Perp,SOXL,blocked
137,1783152000,1788307200,59.666666666666664,8.0,0.1678832116788321,0.0,0.8029197080291971,0.0,0.0,4.673437427420667,0.0,10.95,-0.10989061795438265,long_collect,HTX,SOXL-USDT,SOXL,reachable
137,1783152000,1788307200,59.666666666666664,8.0,0.8540145985401459,10.95,0.44525547445255476,0.8248175182481752,10.95,18.794036496350365,-14.344500000000002,53.217000000000006,-0.3478310614497443,long_collect,KuCoin,SOXLUSDTM,SOXL,reachable
137,1783152000,1788307200,59.666666666666664,8.0,0.40145985401459855,0.0,0.5182481751824818,0.0,0.0,10.300193430656932,0.0,44.238,-0.23212714264024206,long_collect,MEXC,SOXL_USDT,SOXL,blocked
137,1783152000,1788307200,59.666666666666664,8.0,0.9781021897810219,10.95,0.6861313868613139,0.948905109489051,10.95,12.27933,10.60398,11.198564999999999,-0.006896856860429274,long_collect,Orderly,PERP_SOXL_USDC_mythos,SOXL,reachable
136,1783152000,1788307200,59.666666666666664,8.0,0.5735294117647058,10.95,0.2867647058823529,0.5735294117647058,10.95,8.793011029411765,-29.127000000000002,56.55675,0.11689665815994563,long_collect,WhiteBIT,SOXL_PERP,SOXL,reachable
960,1783616400,1788307200,54.291666666666664,1.0,0.3729166666666667,0.0,0.42604166666666665,0.0,0.0,14.7268375,-60.443999999999996,94.60799999999999,-0.2674051384442519,long_collect,Extended,SOXL-USD,SOXL,blocked
201,1784188800,1788307200,47.666666666666664,4.0,0.7611940298507462,43.02692999999999,0.009950248756218905,0.572139303482587,43.02692999999999,26.908660746268655,-76.77264,91.98438,0.5514035829116665,long_collect,edgeX,SOXLUSDC,SOXL,blocked
799,1784196000,1788307200,47.583333333333336,1.0,0.799749687108886,29.784,0.012515644555694618,0.5982478097622027,29.784,29.33558448060075,-28.908,76.212,-0.6333527050396209,short,Coinbase,SOXL-PERP,SOXL,blocked
58,1785427200,1788307200,33.333333333333336,8.0,0.27586206896551724,0.0,0.603448275862069,0.0,0.0,2.480816896551724,-18.25365,38.45421,0.14192130385951754,long_collect,LBank,SOXLUSDT,SOXL,blocked
57,1785427200,1788307200,33.333333333333336,8.0,0.2631578947368421,0.0,0.6140350877192983,0.0,0.0,2.952859649122807,-18.560499999999998,33.844,0.10075968719567253,long_collect,Variational,SOXL,SOXL,blocked
55,1785513600,1788307200,32.333333333333336,8.0,0.8363636363636363,10.95,0.38181818181818183,0.7818181818181819,10.95,18.377683636363635,-10.95,46.975500000000004,0.16774927130510822,long_collect,BingX,NCSKSOXL2USD-USDT,SOXL,reachable
290,1786028400,1788307200,26.375,1.0,0.7482758620689656,5.475,0.25517241379310346,0.7206896551724138,5.475,5.434678928275862,-35.973378,42.449032800000005,0.397599553986353,short,tradeXYZ,xyz:SOXL,SOXL,blocked
219,1785168000,1788307200,36.333333333333336,4.0,0.4794520547945205,-5.30637,0.0091324200913242,0.0,-5.30637,-3.92277,-94.99343999999999,89.79876000000002,-0.19894250041701417,short,edgeX,TBTUSDC,TBT,blocked
107,1785254400,1788307200,35.333333333333336,8.0,0.037383177570093455,-10.02801,0.056074766355140186,0.0,-10.02801,-67.39335085769486,-256.301175,-1.685205,2.17453465908778,long_collect,Bitunix,TBTUSDT,TBT,blocked
105,1785312000,1788307200,34.666666666666664,8.0,0.0,0.0,0.9904761904761905,0.0,0.0,-0.20059417540579624,0.0,0.0,-0.030787857836230698,long_collect,HTX,TBT-USDT,TBT,reachable
105,1785312000,1788307200,34.666666666666664,8.0,0.05714285714285714,0.0,0.5238095238095238,0.0,0.0,-60.225,-194.58149999999998,0.0,1.509799077337756,long_collect,MEXC,TBT_USDT,TBT,blocked
101,1785427200,1788307200,33.333333333333336,8.0,0.21782178217821782,0.0,0.4752475247524752,0.0,0.0,-32.23311386138614,-78.183,10.95,-2.6437151951077458,long_collect,LBank,TBTUSDT,TBT,blocked
98,1785513600,1788307200,32.333333333333336,8.0,0.5918367346938775,10.95,0.5510204081632653,0.5714285714285714,10.95,-12.183551020408164,-49.8225,10.95,0.6428822638333683,long_collect,BingX,NCSKTBTUSDT-USDT,TBT,reachable
360,1783137600,1788307200,59.833333333333336,4.0,0.475,-43.8,0.5027777777777778,0.0,-43.8,-9.347041666666666,-43.8,31.536,-0.007994744558214176,long_collect,MEXC,TRY_USDT,TRY,blocked
201,1785427200,1788307200,33.333333333333336,4.0,0.0,-21.9,1.0,0.0,-21.9,-21.9,-21.9,-21.9,0.0,long_collect,LBank,TRYUSDT,TRY,blocked
964,1783126800,1788307200,59.958333333333336,1.0,0.8319502074688797,18.395999999999997,0.011410788381742738,0.5674273858921162,18.395999999999997,18.371464730290455,-4.380000000000001,42.924,-0.0660270147657535,long_collect,Coinbase,TSM-PERP,TSM,blocked
964,1783126800,1788307200,59.958333333333336,1.0,0.5767634854771784,5.00196,0.30809128630705396,0.5425311203319502,5.00196,-7.540036419087136,-50.99458799999999,21.15978,0.4006833560971372,long_collect,Crypto.com,TSMUSD-PERP,TSM,reachable
963,1783126800,1788307200,59.958333333333336,1.0,0.9916926272066459,3.504,0.9273104880581516,0.9906542056074766,3.504,4.661993769470405,3.504,3.504,-0.05063607906807697,long_collect,Lighter,TSM,TSM,blocked
963,1783126800,1788307200,59.958333333333336,1.0,0.9273104880581516,7.699602,0.01557632398753894,0.5368639667705088,7.699602,11.397141055451714,5.475,28.0348908,-0.09283042048056518,short,tradeXYZ,xyz:TSM,TSM,blocked
240,1783137600,1788307200,59.833333333333336,4.0,0.5458333333333333,11.551155,0.0,0.5125,11.551155,8.668795625,-84.01277999999999,90.79302,-0.5315070981585707,long_collect,edgeX,TSMUSDC,TSM,blocked
120,1783152000,1788307200,59.666666666666664,8.0,0.38333333333333336,-0.20804999999999998,0.2,0.0,-0.20804999999999998,3.947590597412012,-3.0692850000000003,19.6770202849203,-0.07952284058060796,long_collect,Bitunix,TSMUSDT,TSM,blocked
120,1783152000,1788307200,59.666666666666664,8.0,0.5583333333333333,5.694000000000001,0.016666666666666666,0.5083333333333333,5.694000000000001,24.632025000000002,0.0,85.19099999999999,-0.7859602490622775,long_collect,GRVT,TSM_USDT_Perp,TSM,blocked
120,1783152000,1788307200,59.666666666666664,8.0,0.13333333333333333,0.0,0.8666666666666667,0.0,0.0,1.46,0.0,10.95,-0.09574042977088372,long_collect,HTX,TSM-USDT,TSM,reachable
120,1783152000,1788307200,59.666666666666664,8.0,1.0,10.95,1.0,1.0,10.95,10.95,10.95,10.95,0.0,long_collect,KuCoin,TSMUSDTM,TSM,reachable
120,1783152000,1788307200,59.666666666666664,8.0,0.19166666666666668,-10.95,0.5916666666666667,0.0,-10.95,-12.43436375,-20.53125,10.95,0.36149001102888856,long_collect,WhiteBIT,TSM_PERP,TSM,reachable
827,1783616400,1788307200,54.291666666666664,1.0,0.38210399032648124,0.0,0.4860943168077388,0.0,0.0,16.050819830713422,-23.651999999999997,96.36,-0.6273658883276363,long_collect,Extended,TSM-USD,TSM,blocked
41,1785427200,1788307200,33.333333333333336,8.0,0.12195121951219512,0.0,0.8780487804878049,0.0,0.0,1.695451219512195,0.0,3.9090999999999996,-0.04218637431587034,long_collect,Variational,TSM,TSM,blocked
38,1785513600,1788307200,32.333333333333336,8.0,0.18421052631578946,0.0,0.8157894736842105,0.0,0.0,2.541552631578947,0.0,7.555499999999999,-0.07094418004569814,long_collect,MEXC,TSMSTOCK_USDT,TSM,blocked
24,1787644800,1788307200,7.666666666666667,8.0,1.0,10.95,1.0,1.0,10.95,10.949999999999998,10.95,10.95,-4.938955232688073e-32,long_collect,Orderly,PERP_TSM_USDC_mythos,TSM,reachable
534,1785488400,1788307200,32.625,1.0,0.4850187265917603,0.0,0.0749063670411985,0.0,0.0,10.486573033707861,-123.516,175.2,-4.562274360010911,long_collect,MEXC,UNITREE_USDT,UNITREE,blocked
694,1785812400,1788307200,28.875,1.0,0.5086455331412104,0.05475,0.15273775216138327,0.5057636887608069,0.05475,-54.16476825648415,-139.3375236,21.870654,-2.445291055484791,long_collect,tradeXYZ,xyz:UNITREE,UNITREE,blocked
127,1785888000,1788307200,28.0,4.0,0.3700787401574803,0.0,0.47244094488188976,0.0,0.0,-73.25085237663767,-106.10307740840996,10.95,-1.661271714377382,long_collect,HTX,UNITREE-USDT,UNITREE,reachable
658,1785942000,1788307200,27.375,1.0,0.8677811550151976,3.504,0.817629179331307,0.8647416413373861,3.504,-40.57291185410334,-49.932,3.504,-1.5866755100064112,long_collect,Lighter,UNITREE,UNITREE,blocked
120,1786075200,1788307200,25.833333333333332,4.0,0.15,-10.95,0.24166666666666667,0.0,-10.95,-105.08202175,-182.24523000000002,21.9,-0.40925790397556244,long_collect,LBank,UNITREEUSDT,UNITREE,blocked
136,1786363200,1788307200,22.5,4.0,0.4632352941176471,-10.862400000000001,0.0,0.0,-10.862400000000001,-94.48545661764706,-159.90723,92.23842,4.784277510519536,short,edgeX,UNITREEUSDC,UNITREE,blocked
83,1787140800,1788307200,13.5,4.0,0.10843373493975904,-11.86323,0.03614457831325301,0.0,-11.86323,-127.94597421686747,-357.06636000000003,12.285900000000002,25.26155045739676,long_collect,Bitunix,UNITREEUSDT,UNITREE,blocked
279,1787306400,1788307200,11.583333333333334,1.0,0.13620071684587814,0.0,0.5770609318996416,0.0,0.0,-64.18662365591398,-176.07600000000002,16.644000000000002,10.225516082617776,long_collect,Extended,UNITREE-USD,UNITREE,blocked
168,1783497600,1788307200,55.666666666666664,8.0,0.005952380952380952,0.0,0.9464285714285714,0.0,0.0,-1.1210714285714285,0.0,0.0,0.05879498357469338,long_collect,MEXC,USO_USDT,USO,blocked
101,1785427200,1788307200,33.333333333333336,8.0,0.0,0.0,0.9603960396039604,0.0,0.0,-0.5347146282178218,0.0,0.0,-0.08362645430634828,long_collect,LBank,USOUSDT,USO,blocked
77,1785484800,1788307200,32.666666666666664,8.0,0.3116883116883117,-10.95,0.5974025974025974,0.0,-10.95,-4.564870129870129,-10.95,10.95,-0.8060652869124849,long_collect,BingX,NCSKUSO2USD-USDT,USO,reachable
1287,1783126800,1788307200,59.958333333333336,1.0,0.8321678321678322,5.475,0.37839937839937837,0.7956487956487956,5.475,8.285091404195803,-12.9060204,34.3473468,0.01996491029689784,short,tradeXYZ,xyz:WDC,WDC,blocked
161,1783152000,1788307200,59.666666666666664,8.0,0.13664596273291926,-1.991805,0.062111801242236024,0.0,-1.991805,-0.9003408977668323,-7.149255,5.526465000000001,-0.029238292565650935,long_collect,Bitunix,WDCUSDT,WDC,blocked
161,1783152000,1788307200,59.666666666666664,8.0,0.39751552795031053,0.0,0.5527950310559007,0.0,0.0,11.54714906832298,0.0,48.2895,-0.504218578226566,long_collect,GRVT,WDC_USDT_Perp,WDC,blocked
161,1783152000,1788307200,59.666666666666664,8.0,1.0,10.95,1.0,1.0,10.95,10.95,10.95,10.95,0.0,long_collect,HTX,WDC-USDT,WDC,reachable
161,1783152000,1788307200,59.666666666666664,8.0,0.8944099378881988,10.95,0.8012422360248447,0.8695652173913043,10.95,7.474565217391304,-1.0950000000000002,10.95,0.2357009799236461,long_collect,KuCoin,WDCUSDTM,WDC,reachable
160,1783152000,1788307200,59.666666666666664,8.0,0.99375,10.95,0.86875,0.96875,10.95,10.77379396875,10.515285,11.008035000000001,-0.007284362360160108,long_collect,Orderly,PERP_WDC_USDC_mythos,WDC,reachable
160,1783152000,1788307200,59.666666666666664,8.0,0.89375,10.95,0.6875,0.89375,10.95,15.836984999999999,-10.95,29.455499999999997,-0.001796390322114006,long_collect,WhiteBIT,WDC_PERP,WDC,reachable
1188,1783486800,1788307200,55.791666666666664,1.0,0.8813131313131313,24.903803999999997,0.003367003367003367,0.5277777777777778,24.903803999999997,42.41335688888889,-5.85168,121.940076,-0.6844551560838906,long_collect,Crypto.com,WDCUSD-PERP,WDC,reachable
1152,1783616400,1788307200,54.291666666666664,1.0,0.2638888888888889,0.0,0.5833333333333334,0.0,0.0,7.4513229166666655,-21.9,56.93999999999999,-0.23010838287899738,long_collect,Extended,WDC-USD,WDC,blocked
81,1785427200,1788307200,33.333333333333336,8.0,0.16049382716049382,0.0,0.7654320987654321,0.0,0.0,1.4133205555555557,0.0,7.512795,-0.2542528309640568,long_collect,LBank,WDCUSDT,WDC,blocked
79,1785513600,1788307200,32.333333333333336,8.0,0.7848101265822784,10.95,0.46835443037974683,0.6455696202531646,10.95,15.012034177215192,-10.95,38.43450000000001,0.21133261921461077,long_collect,BingX,NCSKWDC2USD-USDT,WDC,reachable
78,1785513600,1788307200,32.333333333333336,8.0,0.14102564102564102,0.0,0.7692307692307693,0.0,0.0,0.6331346153846155,0.0,7.446,-0.16008624817108652,long_collect,MEXC,WDCSTOCK_USDT,WDC,blocked
312,1786636800,1788307200,19.333333333333332,1.0,1.0,3.504,1.0,1.0,3.504,3.504,3.504,3.504,0.0,long_collect,Lighter,WDC,WDC,blocked
70,1786766400,1788307200,17.833333333333332,4.0,0.6571428571428571,17.002065,0.0,0.5142857142857142,17.002065,10.515003428571427,-92.61729,87.6657,1.6310312078732616,short,edgeX,WDCUSDC,WDC,blocked
1440,1783126800,1788307200,59.958333333333336,1.0,0.5159722222222223,2.4860989959682795,0.003472222222222222,0.5027777777777778,2.4860989959682795,3.445259413657859,-93.0123990325105,103.83609778019098,-0.22995857866173294,long_collect,Kraken,PF_WTIOILUSD,WTIOIL,reachable
712,1785747600,1788307200,29.625,1.0,0.2612359550561798,-15.768,0.014044943820224719,0.0,-15.768,-16.925747191011236,-46.428000000000004,14.892,-0.36616886427428286,long_collect,Coinbase,WTIOIL-PERP,WTIOIL,blocked
1440,1783126800,1788307200,59.958333333333336,1.0,0.6006944444444444,3.504,0.4986111111111111,0.5847222222222223,3.504,-20.337191666666666,-101.616,3.504,-0.21591961396586318,long_collect,Extended,XBR-USD,XBR,blocked
201,1785427200,1788307200,33.333333333333336,4.0,0.04477611940298507,-8.103,0.009950248756218905,0.0,-8.103,-40.90505970149253,-146.949,0.0,2.285480375350968,long_collect,LBank,XBRUSDT,XBR,blocked
1440,1783126800,1788307200,59.958333333333336,1.0,0.46111111111111114,-5.348856,0.008333333333333333,0.0,-5.348856,-63.51513433333333,-309.45400800000004,19.928124,3.062604238943402,long_collect,Crypto.com,XLEUSD-PERP,XLE,reachable
1440,1783126800,1788307200,59.958333333333336,1.0,0.8090277777777778,12.468983999999999,0.007638888888888889,0.5326388888888889,12.468983999999999,13.341516986666667,-32.60585880000001,57.46507439999999,-0.08485827896518085,short,tradeXYZ,xyz:XLE,XLE,blocked
180,1783152000,1788307200,59.666666666666664,8.0,0.07222222222222222,-1.91187,0.09444444444444444,0.0,-1.91187,-1.3761787234158918,-6.402249591566524,-0.062415000000000005,-0.10930023024863965,long_collect,Bitunix,XLEUSDT,XLE,blocked
180,1783152000,1788307200,59.666666666666664,8.0,0.2111111111111111,0.0,0.7611111111111111,0.0,0.0,7.371175,0.0,21.9,-0.2142458698983358,long_collect,GRVT,XLE_USDT_Perp,XLE,blocked
180,1783152000,1788307200,59.666666666666664,8.0,0.3,0.0,0.7,0.0,0.0,3.2849999999999997,0.0,10.95,-0.22995709744127904,long_collect,HTX,XLE-USDT,XLE,reachable
180,1783152000,1788307200,59.666666666666664,8.0,0.07222222222222222,0.0,0.9222222222222223,0.0,0.0,2.1887833333333333,0.0,0.0,-0.09132041112380011,long_collect,MEXC,XLE_USDT,XLE,blocked
180,1783152000,1788307200,59.666666666666664,8.0,0.6277777777777778,10.95,0.5333333333333333,0.6277777777777778,10.95,5.000378333333333,-10.95,10.95,-0.6743862301305594,long_collect,WhiteBIT,XLE_PERP,XLE,reachable
281,1784275200,1788307200,46.666666666666664,4.0,0.5409252669039146,5.64801,0.0071174377224199285,0.5124555160142349,5.64801,4.560749039145907,-85.11216,89.75715000000001,0.25463648949150347,long_collect,edgeX,XLEUSDC,XLE,blocked
101,1785427200,1788307200,33.333333333333336,8.0,0.04950495049504951,0.0,0.9504950495049505,0.0,0.0,0.7858522277227722,0.0,0.0,0.03971647268491554,long_collect,LBank,XLEUSDT,XLE,blocked
101,1785427200,1788307200,33.333333333333336,8.0,0.019801980198019802,0.0,0.9801980198019802,0.0,0.0,0.5905950495049505,0.0,0.0,0.026288232964472913,long_collect,Variational,XLE,XLE,blocked
77,1785484800,1788307200,32.666666666666664,8.0,0.8571428571428571,10.95,0.7012987012987013,0.7402597402597403,10.95,7.954535064935064,-10.95,10.95,-0.10174724186092043,long_collect,BingX,NCSKXLE2USD-USDT,XLE,reachable
95,1785600000,1788307200,31.333333333333332,8.0,0.9263157894736842,10.95,0.8421052631578947,0.9052631578947369,10.95,10.720626315789472,10.95,10.95,0.35633329367301236,long_collect,KuCoin,XLEUSDTM,XLE,reachable
58,1786665600,1788307200,19.0,8.0,0.29310344827586204,0.0,0.6206896551724138,0.0,0.0,33.75054310344828,0.0,200.2755,-2.4696462056661237,long_collect,LBank,ZHONGJIUSDT,ZHONGJI,blocked
57,1786694400,1788307200,18.666666666666668,8.0,0.2807017543859649,-3.58503,0.05263157894736842,0.0,-3.58503,23.441740789473684,-10.21416,147.37823999999998,-2.298610188294011,long_collect,Bitunix,ZHONGJIUSDT,ZHONGJI,blocked
57,1786694400,1788307200,18.666666666666668,8.0,0.8771929824561403,10.95,0.6491228070175439,0.8596491228070176,10.95,43.17757894736842,-6.132,139.284,-2.5403815465387605,long_collect,KuCoin,ZHONGJIUSDTM,ZHONGJI,reachable
108,1786766400,1788307200,17.833333333333332,4.0,0.4074074074074074,-23.22714,0.018518518518518517,0.0,-23.22714,-13.85785361111111,-94.59048000000001,82.99005000000001,-1.2294373583126126,short,edgeX,ZHONGJIUSDC,ZHONGJI,blocked
49,1786924800,1788307200,16.0,8.0,0.0,0.0,1.0,0.0,0.0,0.0,0.0,0.0,0.0,long_collect,HTX,ZHONGJI-USDT,ZHONGJI,reachable
180,1783152000,1788307200,59.666666666666664,8.0,0.5222222222222223,10.95,0.46111111111111114,0.5111111111111111,10.95,-176.94956666666667,-580.6785000000001,10.95,-5.104756230130559,long_collect,MEXC,1000BTT_USDT,1000BTT,blocked
848,1783126800,1788307200,59.958333333333336,1.0,0.4044811320754717,-3.504,0.01650943396226415,0.0,-3.504,-2.9513349056603775,-23.651999999999997,16.644000000000002,0.5258933602713198,long_collect,Coinbase,AAPL-PERP,AAPL,blocked
848,1783126800,1788307200,59.958333333333336,1.0,0.7558962264150944,5.00196,0.28773584905660377,0.7181603773584906,5.00196,7.498900896226416,-30.539988,38.748108,0.2784419898524056,long_collect,Crypto.com,AAPLUSD-PERP,AAPL,reachable
848,1783126800,1788307200,59.958333333333336,1.0,0.7205188679245284,19.434408574999853,0.008254716981132075,0.5400943396226415,19.434408574999853,28.81177773861576,-25.88848275,84.0303584000003,-0.45196127967161415,long_collect,Kraken,PF_AAPLXUSD,AAPL,reachable
847,1783126800,1788307200,59.958333333333336,1.0,0.9515938606847698,3.504,0.9409681227863046,0.948051948051948,3.504,2.6093837072018893,3.504,3.504,0.024282163130248217,long_collect,Lighter,AAPL,AAPL,blocked
847,1783126800,1788307200,59.958333333333336,1.0,0.32113341204250295,-9.294192916429955,0.004722550177095631,0.0,-9.294192916429955,-10.174499401422562,-35.18036363808294,12.458926577258435,0.28912382778197876,long_collect,Nado,AAPL-PERP,AAPL,reachable
847,1783126800,1788307200,59.958333333333336,1.0,0.4427390791027155,-3.1806684,0.012987012987012988,0.0,-3.1806684,-6.323027468713105,-25.385779199999998,5.475,0.17428223456542527,long_collect,tradeXYZ,xyz:AAPL,AAPL,blocked
212,1783137600,1788307200,59.833333333333336,4.0,0.6037735849056604,12.793979999999998,0.009433962264150943,0.5188679245283019,12.793979999999998,10.43738504716981,-75.82218,88.61178000000001,0.5836299640856157,long_collect,edgeX,AAPLUSDC,AAPL,blocked
106,1783152000,1788307200,59.666666666666664,8.0,0.16037735849056603,-0.6964199999999999,0.20754716981132076,0.0,-0.6964199999999999,-3.8551956693862235,-25.46935755777015,6.193319999999999,0.07516835021081303,long_collect,Bitunix,AAPLUSDT,AAPL,blocked
106,1783152000,1788307200,59.666666666666664,8.0,0.3490566037735849,0.0,0.5754716981132075,0.0,0.0,5.896471698113208,0.0,24.309,-0.11729075363575385,long_collect,GRVT,AAPL_USDT_Perp,AAPL,blocked
106,1783152000,1788307200,59.666666666666664,8.0,0.1509433962264151,0.0,0.839622641509434,0.0,0.0,1.538048871184424,0.0,10.95,-0.09289917918326465,long_collect,HTX,AAPL-USDT,AAPL,reachable
106,1783152000,1788307200,59.666666666666664,8.0,0.7547169811320755,10.95,0.6037735849056604,0.6981132075471698,10.95,1.505108490566037,-29.565,10.95,0.21611523482742503,long_collect,KuCoin,AAPLUSDTM,AAPL,reachable
105,1783152000,1788307200,59.666666666666664,8.0,0.9904761904761905,10.95,0.9428571428571428,0.9619047619047619,10.95,10.581475142857142,10.794509999999999,11.091255,-0.0006542512330812312,long_collect,Orderly,PERP_AAPL_USDC_mythos,AAPL,reachable
105,1783152000,1788307200,59.666666666666664,8.0,0.5333333333333333,10.95,0.47619047619047616,0.5333333333333333,10.95,-1.0693457142857143,-19.37055,10.95,0.10675857125477353,long_collect,WhiteBIT,AAPL_PERP,AAPL,reachable
26,1785427200,1788307200,33.333333333333336,8.0,0.34615384615384615,0.0,0.6153846153846154,0.0,0.0,3.8422286538461545,0.0,9.302025,-0.9239148852661068,long_collect,LBank,AAPLUSDT,AAPL,blocked
26,1785427200,1788307200,33.333333333333336,8.0,0.3076923076923077,0.0,0.6538461538461539,0.0,0.0,3.5582269230769232,0.0,7.7898,-0.9568344941176472,long_collect,Variational,AAPL,AAPL,blocked
192,1787619600,1788307200,7.958333333333333,1.0,0.3125,0.0,0.6822916666666666,0.0,0.0,2.5139375,0.0,9.636,-0.3226452269213032,long_collect,Extended,AAPL_24_5-USD,AAPL,blocked
24,1787644800,1788307200,7.666666666666667,8.0,1.0,10.95,0.5,0.75,10.95,10.1424375,4.2705,14.125499999999999,-0.7802589130434782,long_collect,BingX,NCSKAAPL2USD-USDT,AAPL,reachable
24,1787644800,1788307200,7.666666666666667,8.0,0.3333333333333333,0.0,0.625,0.0,0.0,1.6196875000000002,0.0,7.774500000000001,-0.22923586956521746,long_collect,MEXC,AAPLSTOCK_USDT,AAPL,blocked
1106,1783130400,1788307200,59.916666666666664,1.0,0.30560578661844484,-56.420532,0.003616636528028933,0.0,-56.420532,-41.35183583001808,-156.990588,107.738364,-0.4698373100309619,long_collect,Crypto.com,AIXBTUSD-PERP,AIXBT,reachable
1106,1783130400,1788307200,59.916666666666664,1.0,0.14014466546112117,-135.0163016656129,0.0045207956600361665,0.0,-135.0163016656129,-78.89974635689377,-245.55184104999972,47.4446199,1.9946234666703007,long_collect,Kraken,PF_AIXBTUSD,AIXBT,reachable
277,1783137600,1788307200,59.833333333333336,4.0,0.9747292418772563,10.95,0.9494584837545126,0.9602888086642599,10.95,10.433571119133573,10.95,10.95,0.0022342105156936774,long_collect,BingX,AIXBT-USDT,AIXBT,reachable
277,1783137600,1788307200,59.833333333333336,4.0,0.8844765342960289,10.95,0.7653429602888087,0.7833935018050542,10.95,8.09197377763597,-1.8768300000000002,10.95,0.01544453829478981,long_collect,Bitunix,AIXBTUSDT,AIXBT,blocked
276,1783137600,1788307200,59.833333333333336,4.0,0.8840579710144928,10.95,0.7717391304347826,0.8007246376811594,10.95,8.091891304347826,-0.876,10.95,0.020777244940752147,long_collect,MEXC,AIXBT_USDT,AIXBT,blocked
276,1783137600,1788307200,59.833333333333336,4.0,1.0,10.95,1.0,1.0,10.95,10.95,10.95,10.95,0.0,long_collect,WhiteBIT,AIXBT_PERP,AIXBT,reachable
118,1785427200,1788307200,33.333333333333336,4.0,0.9152542372881356,10.95,0.8389830508474576,0.8559322033898306,10.95,8.975399491525422,4.1391,10.95,0.04978213858066953,long_collect,LBank,AIXBTUSDT,AIXBT,blocked
117,1785427200,1788307200,33.333333333333336,4.0,0.5470085470085471,7.5152,0.02564102564102564,0.5128205128205128,7.5152,-11.222788034188033,-56.0978,10.95,-0.9160655006261743,long_collect,Variational,AIXBT,AIXBT,blocked
106,1785600000,1788307200,31.333333333333332,4.0,0.7075471698113207,10.95,0.6415094339622641,0.6415094339622641,10.95,-1.9503396226415102,-24.966,10.95,0.2727221896581532,long_collect,KuCoin,AIXBTUSDTM,AIXBT,reachable
360,1783137600,1788307200,59.833333333333336,4.0,0.9,8.760000000000002,0.30277777777777776,0.8916666666666667,8.760000000000002,0.680238333333334,1.533,74.022,-0.3204340460960347,long_collect,BingX,AKE-USDT,AKE,reachable
360,1783137600,1788307200,59.833333333333336,4.0,0.7944444444444444,10.95,0.3388888888888889,0.7916666666666666,10.95,-7.087386690078945,-92.95455,81.38697,0.9897212724316413,long_collect,Bitunix,AKEUSDT,AKE,blocked
360,1783137600,1788307200,59.833333333333336,4.0,0.9194444444444444,21.024,0.0,0.5333333333333333,21.024,16.499825,10.95,98.988,-0.3136933903810987,short,MEXC,AKE_USDT,AKE,blocked
289,1784160000,1788307200,48.0,4.0,0.9377162629757786,28.469999999999995,0.006920415224913495,0.5467128027681661,28.469999999999995,24.429487889273357,10.95,105.77699999999999,0.7690862695382412,long_collect,KuCoin,AKEUSDTM,AKE,reachable
286,1784203200,1788307200,47.5,4.0,0.8076923076923077,10.95,0.6643356643356644,0.6923076923076923,10.95,-34.33149476868715,-85.26062945172005,10.95,2.0070611602729853,long_collect,HTX,AKE-USDT,AKE,reachable
201,1785427200,1788307200,33.333333333333336,4.0,0.9651741293532339,17.6733,0.004975124378109453,0.5174129353233831,17.6733,29.080770298507463,10.95,73.16352,-0.9675390549726616,long_collect,LBank,AKEUSDT,AKE,blocked
201,1785427200,1788307200,33.333333333333336,4.0,0.9253731343283582,10.95,0.5223880597014925,0.9253731343283582,10.95,28.518163184079604,10.95,82.3954,-2.2381488712871285,long_collect,Variational,AKE,AKE,blocked
203,1787580000,1788307200,8.416666666666666,1.0,0.9852216748768473,11.388,0.7487684729064039,0.9852216748768473,11.388,17.006482758620688,11.388,42.048,-1.7594241760890084,long_collect,Extended,AKE-USD,AKE,blocked
822,1783126800,1788307200,59.958333333333336,1.0,0.4489051094890511,-0.876,0.027980535279805353,0.0,-0.876,-0.95592700729927,-14.892,13.140000000000002,-0.08251236709883951,long_collect,Coinbase,ALGO-PERP,ALGO,blocked
822,1783126800,1788307200,59.958333333333336,1.0,0.4002433090024331,-12.726528,0.009732360097323601,0.0,-12.726528,-20.97028478832117,-111.37113599999999,56.592228,0.4919898826788757,long_collect,Crypto.com,ALGOUSD-PERP,ALGO,reachable
821,1783126800,1788307200,59.958333333333336,1.0,0.3982947624847747,-8.763940837504617,0.008526187576126675,0.0,-8.763940837504617,-8.668698062909888,-61.20024226066001,39.02554815,-0.34145110323923633,long_collect,Kraken,PF_ALGOUSD,ALGO,reachable
102,1783152000,1788307200,59.666666666666664,8.0,0.9215686274509803,10.95,0.8431372549019608,0.8529411764705882,10.95,8.94829705882353,5.256,10.95,0.004668840970927626,long_collect,BingX,ALGO-USDT,ALGO,reachable
102,1783152000,1788307200,59.666666666666664,8.0,1.0,10.95,0.3333333333333333,0.5882352941176471,10.95,10.587117384063424,2.19657,18.11787,-0.05587796626344898,long_collect,Bitunix,ALGOUSDT,ALGO,blocked
78,1783152000,1785369600,25.666666666666668,8.0,0.2948717948717949,-78.23775,0.0,0.0,-78.23775,-241.49382692307694,-983.529,90.666,1.1624303101961322,long_collect,Deribit,ALGO/USDT:USDT,ALGO,untested
102,1783152000,1788307200,59.666666666666664,8.0,1.0,10.95,1.0,1.0,10.95,10.95,10.95,10.95,0.0,long_collect,HTX,ALGO-USDT,ALGO,reachable
102,1783152000,1788307200,59.666666666666664,8.0,0.6764705882352942,10.95,0.4803921568627451,0.5588235294117647,10.95,2.076205882352941,-26.280000000000005,10.95,0.10070757235205283,long_collect,KuCoin,ALGOUSDTM,ALGO,reachable
102,1783152000,1788307200,59.666666666666664,8.0,0.5980392156862745,3.23025,0.0,0.5294117647058824,3.23025,-1.059573529411765,-17.191499999999998,10.95,0.14852688888573518,long_collect,MEXC,ALGO_USDT,ALGO,blocked
102,1783152000,1788307200,59.666666666666664,8.0,0.9901960784313726,10.95,0.9901960784313726,0.9901960784313726,10.95,10.228427205882353,10.95,10.95,0.03690833246086846,long_collect,WhiteBIT,ALGO_PERP,ALGO,reachable
102,1783152001,1788307200,59.66665509259259,8.0,0.0196078431372549,0.0,0.49019607843137253,0.0,0.0,-8.754202941176471,-23.636670000000002,0.0,0.19388098367562337,long_collect,CoinEx,ALGOUSDT,ALGO,blocked
400,1784646000,1788307200,42.375,1.0,0.57,5.256,0.015,0.5125,5.256,-21.90438,-119.136,11.388,1.4544712957832968,long_collect,Extended,ALGO-USD,ALGO,blocked
24,1787644800,1788307200,7.666666666666667,8.0,0.5,0.1095,0.0,0.5,0.1095,2.8835,-26.1705,27.703500000000002,-5.789312608695652,long_collect,Deribit,ALGO_USDC-PERPETUAL,ALGO,untested
24,1787644800,1788307200,7.666666666666667,8.0,0.8333333333333334,10.95,0.5833333333333334,0.5833333333333334,10.95,5.773250624999999,-4.501545,10.95,-0.7642552499999999,long_collect,LBank,ALGOUSDT,ALGO,blocked
24,1787644800,1788307200,7.666666666666667,8.0,0.5833333333333334,3.8994999999999997,0.0,0.5,3.8994999999999997,1.3045208333333331,-10.636199999999999,10.95,-0.5170396956521739,long_collect,Variational,ALGO,ALGO,blocked
953,1783126800,1788307200,59.958333333333336,1.0,0.6547743966421826,6.132,0.017838405036726127,0.5362014690451207,6.132,4.592335781741868,-14.892,19.272,-0.41460489663562466,long_collect,Coinbase,AMZN-PERP,AMZN,blocked
953,1783126800,1788307200,59.958333333333336,1.0,0.7995802728226653,5.00196,0.3074501573976915,0.7565582371458552,5.00196,12.929759080797481,-14.322600000000001,44.857332,0.3572839438121648,long_collect,Crypto.com,AMZNUSD-PERP,AMZN,reachable
952,1783126800,1788307200,59.958333333333336,1.0,0.9957983193277311,3.504,0.9842436974789915,0.9957983193277311,3.504,3.4911176470588234,3.504,3.504,-0.00830936637686295,long_collect,Lighter,AMZN,AMZN,blocked
952,1783126800,1788307200,59.958333333333336,1.0,0.4380252100840336,-2.514404167709714,0.011554621848739496,0.0,-2.514404167709714,-2.3729578183761024,-22.126201351208735,16.604236652739946,0.0959741500071623,long_collect,Nado,AMZN-PERP,AMZN,reachable
952,1783126800,1788307200,59.958333333333336,1.0,0.9432773109243697,5.475,0.601890756302521,0.9149159663865546,5.475,7.59173888697479,5.475,18.3527256,-0.09920698190850005,long_collect,tradeXYZ,xyz:AMZN,AMZN,blocked
238,1783137600,1788307200,59.833333333333336,4.0,0.7815126050420168,40.684725,0.0,0.5588235294117647,40.684725,30.73355823529412,-59.13438,94.31235,-0.36670021264504465,long_collect,edgeX,AMZNUSDC,AMZN,blocked
119,1783152000,1788307200,59.666666666666664,8.0,0.37815126050420167,-1.0592435830148872,0.12605042016806722,0.0,-1.0592435830148872,1.3815737778228545,-8.525035855592,16.277175000000003,-0.006133628242874977,long_collect,Bitunix,AMZNUSDT,AMZN,blocked
119,1783152000,1788307200,59.666666666666664,8.0,0.453781512605042,0.0,0.5378151260504201,0.0,0.0,13.295508403361344,0.0,50.91749999999999,-0.40928358415979954,long_collect,GRVT,AMZN_USDT_Perp,AMZN,blocked
119,1783152000,1788307200,59.666666666666664,8.0,0.9411764705882353,10.95,0.9159663865546218,0.9159663865546218,10.95,8.610932773109244,10.95,10.95,-0.0047749476696024775,long_collect,KuCoin,AMZNUSDTM,AMZN,reachable
119,1783152000,1788307200,59.666666666666664,8.0,1.0,10.95,1.0,1.0,10.95,10.95332180672269,10.761660000000001,11.131770000000001,-0.0005119963174683783,long_collect,Orderly,PERP_AMZN_USDC_mythos,AMZN,reachable
119,1783152000,1788307200,59.666666666666664,8.0,0.8571428571428571,10.95,0.7310924369747899,0.8571428571428571,10.95,8.70221344537815,-10.95,14.563500000000001,-0.12400687985544402,long_collect,WhiteBIT,AMZN_PERP,AMZN,reachable
40,1785427200,1788307200,33.333333333333336,8.0,0.325,0.0,0.65,0.0,0.0,3.763268625,0.0,16.08117,0.22535521556216617,long_collect,LBank,AMZNUSDT,AMZN,blocked
40,1785427200,1788307200,33.333333333333336,8.0,0.375,0.0,0.6,0.0,0.0,3.6491299999999995,0.0,16.525999999999996,0.21236434930423292,long_collect,Variational,AMZN,AMZN,blocked
37,1785513600,1788307200,32.333333333333336,8.0,0.6756756756756757,6.789000000000001,0.02702702702702703,0.5405405405405406,6.789000000000001,7.601667567567568,-10.95,21.5715,0.42824512641487594,long_collect,BingX,NCSKAMZN2USD-USDT,AMZN,reachable
37,1785513600,1788307200,32.333333333333336,8.0,0.35135135135135137,0.0,0.6216216216216216,0.0,0.0,4.051500000000001,0.0,16.0965,0.22800188575906816,long_collect,MEXC,AMZNSTOCK_USDT,AMZN,blocked
192,1787619600,1788307200,7.958333333333333,1.0,0.515625,1.314,0.0,0.5,1.314,6.3738125,0.0,19.272,-1.2410871334400349,short,Extended,AMZN_24_5-USD,AMZN,blocked
192,1787619600,1788307200,7.958333333333333,1.0,0.8802083333333334,26.160940414794474,0.010416666666666666,0.5833333333333334,26.160940414794474,34.00136725829323,-5.3444102449789055,82.26283055735671,-7.3941357822946445,long_collect,Kraken,PF_AMZNXUSD,AMZN,reachable
902,1783126800,1788307200,59.958333333333336,1.0,0.6784922394678492,11.388,0.009977827050997782,0.5288248337028825,11.388,23.527689578713968,-17.520000000000003,64.824,1.7660114304066459,long_collect,Coinbase,APE-PERP,APE,blocked
902,1783126800,1788307200,59.958333333333336,1.0,0.6286031042128604,18.344316000000003,0.007760532150776054,0.5188470066518847,18.344316000000003,58.62865801330376,-49.669200000000004,211.638096,-2.2338377002690954,long_collect,Crypto.com,APEUSD-PERP,APE,reachable
901,1783126800,1788307200,59.958333333333336,1.0,0.39178690344062156,-6.83320515,0.01220865704772475,0.0,-6.83320515,-8.374460447533187,-44.521484550000004,23.94630758950743,-0.1167097428876247,long_collect,Kraken,PF_APEUSD,APE,reachable
80,1783137600,1785412800,26.333333333333332,8.0,1.0,10.95,1.0,1.0,10.95,10.95,10.95,10.95,0.0,long_collect,BitMEX,APE/USDT:USDT,APE,reachable
112,1783152000,1788307200,59.666666666666664,8.0,1.0,10.95,0.9107142857142857,0.9285714285714286,10.95,10.574375892857143,10.95,10.95,0.013345351283449599,long_collect,BingX,APE-USDT,APE,reachable
112,1783152000,1788307200,59.666666666666664,8.0,0.8839285714285714,9.273555,0.017857142857142856,0.5535714285714286,9.273555,6.707945168129465,-0.1260760708749032,10.95,-0.024823682824361606,long_collect,Bitunix,APEUSDT,APE,blocked
112,1783152000,1788307200,59.666666666666664,8.0,0.7053571428571429,10.95,0.5357142857142857,0.5357142857142857,10.95,2.534142857142857,-15.220499999999998,10.95,-0.010605486055102836,long_collect,KuCoin,APEUSDTM,APE,reachable
112,1783152000,1788307200,59.666666666666664,8.0,0.8839285714285714,9.417000000000002,0.03571428571428571,0.5803571428571429,9.417000000000002,6.719584821428571,-0.3285,10.95,-0.028117191568014545,long_collect,MEXC,APE_USDT,APE,blocked
112,1783152000,1788307200,59.666666666666664,8.0,1.0,10.95,1.0,1.0,10.95,10.95,10.95,10.95,0.0,long_collect,WhiteBIT,APE_PERP,APE,reachable
109,1783152001,1788307200,59.66665509259259,8.0,0.30275229357798167,0.0,0.5688073394495413,0.0,0.0,2.500487752293578,-3.8872500000000003,21.037139999999997,-0.14548918192851015,long_collect,CoinEx,APEUSDT,APE,blocked
483,1784635200,1788307200,42.5,1.0,0.5279503105590062,9.636,0.002070393374741201,0.5010351966873706,9.636,-32.27234782608696,-137.53199999999998,11.388,1.9104381458632975,long_collect,Extended,APE-USD,APE,blocked
33,1785427200,1788307200,33.333333333333336,8.0,0.0,-8.213595,0.06060606060606061,0.0,-8.213595,-12.418328636363636,-31.948815000000003,0.0,0.12109796898226803,long_collect,Bitfinex,tAPEF0:USTF0,APE,untested
33,1785427200,1788307200,33.333333333333336,8.0,0.7878787878787878,10.95,0.5757575757575758,0.5757575757575758,10.95,5.581181818181817,-5.8035000000000005,10.95,0.12761788501501684,long_collect,LBank,APEUSDT,APE,blocked
33,1785427200,1788307200,33.333333333333336,8.0,0.9090909090909091,10.95,0.8484848484848485,0.8484848484848485,10.95,8.609593939393939,2.6792,10.95,-0.15839731005217975,long_collect,Variational,APE,APE,blocked
1375,1783126800,1788307200,59.958333333333336,1.0,0.9883636363636363,10.95,0.9694545454545455,0.9854545454545455,10.95,12.070540974545453,10.95,10.95,0.07921395524608772,short,ApeX,APEX-USDT,APEX,blocked
1374,1783126800,1788307200,59.958333333333336,1.0,0.987627365356623,10.511999999999999,0.8755458515283843,0.987627365356623,10.511999999999999,2.4724366812227054,10.511999999999999,17.520000000000003,0.9963351488975954,long_collect,Lighter,APEX,APEX,blocked
343,1783137600,1788307200,59.833333333333336,4.0,1.0,10.95,0.9941690962099126,1.0,10.95,11.126221574344022,10.95,10.95,0.011846203441189602,long_collect,BingX,APEX-USDT,APEX,reachable
343,1783137600,1788307200,59.833333333333336,4.0,1.0,10.95,0.9941690962099126,1.0,10.95,11.133940845481048,10.95,10.95,0.012361095935959795,long_collect,Bitunix,APEXUSDT,APEX,blocked
343,1783137600,1788307200,59.833333333333336,4.0,1.0,10.95,0.9941690962099126,1.0,10.95,11.133883381924196,10.95,10.95,0.01234937275955575,long_collect,MEXC,APEX_USDT,APEX,blocked
184,1785427200,1788307200,33.333333333333336,4.0,1.0,10.95,0.9891304347826086,1.0,10.95,11.288176467391304,10.95,10.95,0.021231117751990422,long_collect,LBank,APEXUSDT,APEX,blocked
184,1785427200,1788307200,33.333333333333336,4.0,1.0,10.95,0.9728260869565217,1.0,10.95,13.725210326086955,10.95,10.95,0.16483129859431844,long_collect,Variational,APEX,APEX,blocked
658,1783126800,1788307200,59.958333333333336,1.0,1.0,10.95,1.0,1.0,10.95,10.95,10.95,10.95,0.0,long_collect,ApeX,APT-USDT,APT,blocked
658,1783126800,1788307200,59.958333333333336,1.0,0.8130699088145896,10.95,0.6519756838905775,0.6854103343465046,10.95,4.70337398099417,-10.971024,10.95,-0.18850494614114455,long_collect,Backpack,APT_USDC_PERP,APT,reachable
658,1783126800,1788307200,59.958333333333336,1.0,0.9148936170212766,14.016,0.03951367781155015,0.6413373860182371,14.016,14.356814589665653,1.752,26.280000000000005,0.22933491926767016,long_collect,Coinbase,APT-PERP,APT,blocked
657,1783126800,1788307200,59.958333333333336,1.0,0.1156773211567732,-55.641768,0.0121765601217656,0.0,-55.641768,-67.91993466666666,-134.389788,7.065816,-0.02856352990551478,long_collect,Crypto.com,APTUSD-PERP,APT,reachable
657,1783126800,1788307200,59.958333333333336,1.0,0.7899543378995434,11.388,0.6864535768645358,0.7062404870624048,11.388,6.302666666666666,-7.008,11.388,-0.27384133449765785,long_collect,Extended,APT-USD,APT,blocked
657,1783126800,1788307200,59.958333333333336,1.0,0.4901065449010654,-0.7897760499997081,0.0045662100456621,0.0,-0.7897760499997081,-3.3936140883702097,-37.66559555083976,26.1631416,-0.24867534705249622,long_collect,Kraken,PF_APTUSD,APT,reachable
657,1783126800,1788307200,59.958333333333336,1.0,0.7442922374429224,10.511999999999999,0.7199391171993912,0.726027397260274,10.511999999999999,-1.0346666666666677,-36.791999999999994,10.511999999999999,-0.7890928913049414,long_collect,Lighter,APT,APT,blocked
82,1783152000,1788307200,59.666666666666664,8.0,0.8780487804878049,10.95,0.7682926829268293,0.7926829268292683,10.95,8.563434146341462,-0.5475000000000001,10.95,-0.038783375327188216,long_collect,BingX,APT-USDT,APT,reachable
82,1783152000,1788307200,59.666666666666664,8.0,0.6829268292682927,3.7009834352963447,0.0,0.524390243902439,3.7009834352963447,2.46330189827359,-9.799154999999999,10.95,-0.16451125404796393,long_collect,Bitunix,APTUSDT,APT,blocked
82,1783152000,1788307200,59.666666666666664,8.0,1.0,10.95,1.0,1.0,10.95,10.95,10.95,10.95,0.0,long_collect,HTX,APT-USDT,APT,reachable
82,1783152000,1788307200,59.666666666666664,8.0,0.7439024390243902,10.95,0.573170731707317,0.6097560975609756,10.95,4.290530487804878,-12.045,10.95,0.04101444490097998,long_collect,KuCoin,APTUSDTM,APT,reachable
82,1783152000,1788307200,59.666666666666664,8.0,0.5487804878048781,1.2592500000000002,0.024390243902439025,0.5121951219512195,1.2592500000000002,0.5862256097560974,-16.0965,10.95,-0.12232291272428103,long_collect,MEXC,APT_USDT,APT,blocked
82,1783152000,1788307200,59.666666666666664,8.0,0.3170731707317073,-3.5439675,0.08536585365853659,0.0,-3.5439675,-4.081959695121951,-16.463325,5.204535000000001,-0.1266728762358634,long_collect,Orderly,PERP_APT_USDC,APT,reachable
82,1783152000,1788307200,59.666666666666664,8.0,1.0,10.95,0.9878048780487805,1.0,10.95,11.308665914634146,10.95,10.95,0.0229442586869127,long_collect,WhiteBIT,APT_PERP,APT,reachable
82,1783152001,1788307200,59.66665509259259,8.0,0.07317073170731707,0.0,0.5121951219512195,0.0,0.0,-5.016208353658537,-19.62678,0.0,-0.1744982114401432,long_collect,CoinEx,APTUSDT,APT,blocked
24,1787644800,1788307200,7.666666666666667,8.0,0.0,0.0,0.7916666666666666,0.0,0.0,-4.6188925,-25.462035,0.0,0.28824018260869566,long_collect,Bitfinex,tAPTF0:USTF0,APT,untested
24,1787644800,1788307200,7.666666666666667,8.0,0.375,-2.68275,0.0,0.0,-2.68275,-3.750375,-18.834,4.598999999999999,0.14225478260869562,long_collect,LBank,APTUSDT,APT,blocked
24,1787644800,1788307200,7.666666666666667,8.0,0.041666666666666664,-11.543400000000002,0.08333333333333333,0.0,-11.543400000000002,-12.517095833333334,-23.0409,-4.3632,-0.47668369565217367,long_collect,Variational,APT,APT,blocked
101,1785427200,1788307200,33.333333333333336,8.0,0.0,-1.1935499999999999,0.009900990099009901,0.0,-1.1935499999999999,-8.96968707920792,-28.004625,0.0,-0.4322802863133373,long_collect,Bitfinex,tATOF0:USTF0,ATO,untested
563,1783126800,1788307200,59.958333333333336,1.0,0.9982238010657194,10.95,0.9928952042628775,0.9964476021314387,10.95,11.1175291651865,10.95,10.95,-0.0042394754009715385,long_collect,ApeX,AVAX-USDT,AVAX,blocked
563,1783126800,1788307200,59.958333333333336,1.0,0.47424511545293074,-1.812730828448081,0.014209591474245116,0.0,-1.812730828448081,-4.225948300890378,-25.048344,10.95,-0.19577150580764477,long_collect,Backpack,AVAX_USDC_PERP,AVAX,reachable
563,1783126800,1788307200,59.958333333333336,1.0,0.1847246891651865,-6.132,0.05150976909413854,0.0,-6.132,-6.732596802841918,-19.272,2.628,0.22842378421703916,long_collect,Coinbase,AVAX-PERP,AVAX,blocked
563,1783126800,1788307200,59.958333333333336,1.0,0.38898756660746003,-5.850804,0.007104795737122558,0.0,-5.850804,-9.12968911545293,-44.482404,21.566243999999998,0.2612006395250158,long_collect,Crypto.com,AVAXUSD-PERP,AVAX,reachable
563,1783126800,1788307200,59.958333333333336,1.0,0.6376554174067496,7.008,0.012433392539964476,0.5346358792184724,7.008,0.8526607460035524,-20.148,11.388,-0.012231206554855767,long_collect,Extended,AVAX-USD,AVAX,blocked
563,1783126800,1788307200,59.958333333333336,1.0,0.42984014209591476,-1.836300399999708,0.021314387211367674,0.0,-1.836300399999708,-2.908909832153917,-21.990139173819504,13.168473650000292,-0.07310503302992434,long_collect,Kraken,PF_AVAXUSD,AVAX,reachable
563,1783126800,1788307200,59.958333333333336,1.0,0.6429840142095915,10.511999999999999,0.5310834813499112,0.5559502664298401,10.511999999999999,0.2022735346358784,-23.652,10.511999999999999,0.22604419160678577,long_collect,Lighter,AVAX,AVAX,blocked
563,1783126800,1788307200,59.958333333333336,1.0,0.6731793960923623,6.518524122694605,0.021314387211367674,0.5381882770870338,6.518524122694605,2.473002617015488,-12.488081584325725,10.949999999999964,0.20928237937155061,long_collect,Nado,AVAX-PERP,AVAX,reachable
562,1783126800,1788307200,59.958333333333336,1.0,0.9750889679715302,10.95,0.9270462633451957,0.9395017793594306,10.95,10.41015330960854,10.95,10.95,-0.003360910083725195,long_collect,Pacifica,AVAX,AVAX,blocked
46,1783137600,1784433600,15.0,8.0,1.0,10.95,0.9565217391304348,0.9565217391304348,10.95,10.707195652173912,10.95,10.95,-0.011507123034227566,long_collect,BitMEX,AVAX/USDT:USDT,AVAX,reachable
46,1783137600,1784433600,15.0,8.0,1.0,10.95,0.9565217391304348,0.9565217391304348,10.95,10.707195652173912,10.95,10.95,-0.015639962997224782,long_collect,BitMEX,AVAXUSDT,AVAX,reachable
70,1783152000,1788307200,59.666666666666664,8.0,0.9428571428571428,10.95,0.5428571428571428,0.6714285714285714,10.95,8.317932857142855,3.723,10.95,0.05109881288997626,long_collect,BingX,AVAX-USDT,AVAX,reachable
70,1783152000,1788307200,59.666666666666664,8.0,0.9714285714285714,10.95,0.7857142857142857,0.8,10.95,9.743556160969035,6.574380000000001,10.95,-0.0070495641812453455,long_collect,Bitunix,AVAXUSD,AVAX,blocked
70,1783152000,1788307200,59.666666666666664,8.0,0.7714285714285715,5.130075,0.08571428571428572,0.5714285714285714,5.130075,3.983538469925896,-2.33454,10.95,-0.006909420240910295,long_collect,Bitunix,AVAXUSDC,AVAX,blocked
70,1783152000,1788307200,59.666666666666664,8.0,0.2857142857142857,-1.863754637888876,0.02857142857142857,0.0,-1.863754637888876,-3.4641205391051364,-10.95,6.8722199999999996,0.24283174424566029,long_collect,Bitunix,AVAXUSDT,AVAX,blocked
46,1783152000,1784448000,15.0,8.0,0.32608695652173914,-0.038872500000000004,0.6739130434782609,0.0,-0.038872500000000004,0.009283695652173905,-0.33945,0.50589,0.02681605365402405,long_collect,Deribit,AVAX/USDT:USDT,AVAX,untested
70,1783152000,1788307200,59.666666666666664,8.0,0.9714285714285714,10.95,0.8142857142857143,0.8571428571428571,10.95,9.786171428571427,6.789000000000001,10.95,0.016817096245225985,long_collect,GRVT,AVAX_USDT_Perp,AVAX,blocked
70,1783152000,1788307200,59.666666666666664,8.0,1.0,10.95,0.9,1.0,10.95,18.94595090832237,10.95,64.35753641374077,0.43707025057667354,long_collect,HTX,AVAX-USDT,AVAX,reachable
70,1783152000,1788307200,59.666666666666664,8.0,0.7571428571428571,8.81475,0.02857142857142857,0.5428571428571428,8.81475,4.387821428571428,-8.6505,10.95,-0.035498314726237316,long_collect,KuCoin,AVAXUSDTM,AVAX,reachable
70,1783152000,1788307200,59.666666666666664,8.0,0.7857142857142857,5.1465,0.04285714285714286,0.5285714285714286,5.1465,3.585342857142857,-1.971,10.95,0.026158290626948244,long_collect,MEXC,AVAX_USDT,AVAX,blocked
70,1783152000,1788307200,59.666666666666664,8.0,0.5,0.21133500000000005,0.12857142857142856,0.5,0.21133500000000005,1.2354259285714284,-8.09862,10.902914999999998,0.2663164350539876,short,Orderly,PERP_AVAX_USDC,AVAX,reachable
70,1783152000,1788307200,59.666666666666664,8.0,0.9571428571428572,10.95,0.7571428571428571,0.8,10.95,9.014916,3.4985249999999994,10.95,-0.05105500302288908,long_collect,WhiteBIT,AVAX_PERP,AVAX,reachable
70,1783152001,1788307200,59.66665509259259,8.0,0.0,0.0,0.8142857142857143,0.0,0.0,-1.5554318571428571,-1.928295,0.0,-0.07446010366629607,long_collect,CoinEx,AVAXUSDT,AVAX,blocked
24,1787644800,1788307200,7.666666666666667,8.0,0.0,0.0,0.9166666666666666,0.0,0.0,-0.966155,0.0,0.0,0.21818113043478257,long_collect,Bitfinex,tAVAXF0:USTF0,AVAX,untested
24,1787644800,1788307200,7.666666666666667,8.0,0.2916666666666667,-2.89299,0.0,0.0,-2.89299,-9.19882125,-38.77176,7.236855,3.347069360869565,long_collect,Deribit,AVAX_USDC-PERPETUAL,AVAX,untested
24,1787644800,1788307200,7.666666666666667,8.0,0.8333333333333334,3.6540150000000002,0.08333333333333333,0.5416666666666666,3.6540150000000002,4.3596056249999995,-0.96579,10.68501,-0.24460538478260865,long_collect,LBank,AVAXUSDT,AVAX,blocked
24,1787644800,1788307200,7.666666666666667,8.0,0.0,-8.83255,0.125,0.0,-8.83255,-9.152679166666667,-17.144399999999997,-4.6555,-0.6283788260869565,long_collect,Variational,AVAX,AVAX,blocked
589,1783126800,1788307200,59.958333333333336,1.0,0.9609507640067911,10.95,0.8641765704584041,0.8896434634974533,10.95,9.85949154499151,8.2344,10.95,0.02876715828834024,long_collect,ApeX,BCH-USDT,BCH,blocked
589,1783126800,1788307200,59.958333333333336,1.0,0.20882852292020374,-10.512,0.03395585738539898,0.0,-10.512,-14.972312393887945,-39.42,6.132,-0.06935855202142088,long_collect,Coinbase,BCH-PERP,BCH,blocked
589,1783126800,1788307200,59.958333333333336,1.0,0.13582342954159593,-39.616224,0.02037351443123939,0.0,-39.616224,-37.45197899490662,-90.10360800000001,18.155099999999997,1.029178595059415,long_collect,Crypto.com,BCHUSD-PERP,BCH,reachable
589,1783126800,1788307200,59.958333333333336,1.0,0.8404074702886248,11.388,0.7283531409168081,0.7470288624787776,11.388,2.1253039049235993,-25.404,11.388,0.2793344392302531,long_collect,Extended,BCH-USD,BCH,blocked
589,1783126800,1788307200,59.958333333333336,1.0,0.66553480475382,9.895719399999708,0.010186757215619695,0.5314091680814941,9.895719399999708,9.066894766471714,-20.240501949999707,37.618491399999705,-0.31200572938985854,long_collect,Kraken,PF_BCHUSD,BCH,reachable
589,1783126800,1788307200,59.958333333333336,1.0,0.8947368421052632,10.511999999999999,0.8217317487266553,0.833616298811545,10.511999999999999,7.638601018675721,0.0,10.511999999999999,0.05626816725826745,long_collect,Lighter,BCH,BCH,blocked
589,1783126800,1788307200,59.958333333333336,1.0,0.5246179966044142,0.447319648029864,0.023769100169779286,0.5025466893039049,0.447319648029864,-0.7648455210934765,-15.068096010894614,10.949999999999964,0.2518264744871554,long_collect,Nado,BCH-PERP,BCH,reachable
588,1783126800,1788307200,59.958333333333336,1.0,0.9251700680272109,10.95,0.7789115646258503,0.8078231292517006,10.95,8.697294489795917,1.7957999999999998,10.95,-0.003591508255632839,long_collect,Pacifica,BCH,BCH,blocked
50,1783137600,1784548800,16.333333333333332,8.0,0.7,7.610249999999999,0.0,0.58,7.610249999999999,1.7979899999999998,-15.8775,10.95,-1.2469434093637455,long_collect,BitMEX,BCHUSDT,BCH,reachable
147,1783137600,1788307200,59.833333333333336,4.0,0.9931972789115646,10.95,0.9863945578231292,0.9931972789115646,10.95,7.889780408163264,10.95,10.95,-0.1913052704589188,long_collect,edgeX,BCHUSDC,BCH,blocked
73,1783152000,1788307200,59.666666666666664,8.0,0.8767123287671232,10.95,0.5616438356164384,0.684931506849315,10.95,7.6452,-2.0805000000000002,10.95,0.0812046161759295,long_collect,BingX,BCH-USDT,BCH,reachable
73,1783152000,1788307200,59.666666666666664,8.0,0.589041095890411,3.750375,0.0273972602739726,0.5342465753424658,3.750375,1.894046878204087,-14.474804999999998,10.95,0.1458461985348987,long_collect,Bitunix,BCHUSD,BCH,blocked
73,1783152000,1788307200,59.666666666666664,8.0,0.5753424657534246,1.3216247950925846,0.0410958904109589,0.5205479452054794,1.3216247950925846,0.3248317667804999,-9.772875,10.95,0.1757347087750109,long_collect,Bitunix,BCHUSDC,BCH,blocked
73,1783152000,1788307200,59.666666666666664,8.0,0.6164383561643836,4.260644999999999,0.0273972602739726,0.5342465753424658,4.260644999999999,2.716424215480857,-10.95,10.95,0.20009583112531898,long_collect,Bitunix,BCHUSDT,BCH,blocked
73,1783152000,1788307200,59.666666666666664,8.0,0.2191780821917808,-9.55278,0.0273972602739726,0.0,-9.55278,-16.228575,-33.300045,5.26257,-0.05683496269702915,long_collect,Deribit,BCH_USDC-PERPETUAL,BCH,untested
73,1783152000,1788307200,59.666666666666664,8.0,0.7945205479452054,10.95,0.6438356164383562,0.6438356164383562,10.95,7.0634999999999994,-3.2850000000000006,10.95,-0.0162624717998631,long_collect,GRVT,BCH_USDT_Perp,BCH,blocked
73,1783152000,1788307200,59.666666666666664,8.0,1.0,10.95,0.9863013698630136,1.0,10.95,11.322987999436513,10.95,10.95,0.022364084213808064,long_collect,HTX,BCH-USDT,BCH,reachable
73,1783152000,1788307200,59.666666666666664,8.0,0.6575342465753424,4.598999999999999,0.0410958904109589,0.5616438356164384,4.598999999999999,3.183,-9.9645,10.95,0.22769939781344903,long_collect,KuCoin,BCHUSDTM,BCH,reachable
73,1783152000,1788307200,59.666666666666664,8.0,0.6027397260273972,3.504,0.0136986301369863,0.5205479452054794,3.504,0.16799999999999982,-14.454,10.95,0.2294622341823795,long_collect,MEXC,BCH_USDT,BCH,blocked
73,1783152000,1788307200,59.666666666666664,8.0,1.0,10.82736,0.7397260273972602,0.8904109589041096,10.82736,10.3947,8.347184999999998,11.040885,-0.029748720370968214,long_collect,Orderly,PERP_BCH_USDC,BCH,reachable
73,1783152000,1788307200,59.666666666666664,8.0,1.0,10.95,1.0,1.0,10.95,10.95,10.95,10.95,0.0,long_collect,WhiteBIT,BCH_PERP,BCH,reachable
73,1783152001,1788307200,59.66665509259259,8.0,0.0273972602739726,0.0,0.547945205479452,0.0,0.0,-5.221515,-23.1045,0.0,-0.037474653975247,long_collect,CoinEx,BCHUSDT,BCH,blocked
24,1787644800,1788307200,7.666666666666667,8.0,1.0,10.95,0.625,0.625,10.95,8.893270625,4.254075,10.95,-0.4020568630434782,long_collect,LBank,BCHUSDT,BCH,blocked
24,1787644800,1788307200,7.666666666666667,8.0,0.5833333333333334,0.93675,0.08333333333333333,0.5416666666666666,0.93675,0.976670833333333,-10.0707,10.95,-1.2828648260869564,long_collect,Variational,BCH,BCH,blocked
941,1783126800,1788307200,59.958333333333336,1.0,0.2667375132837407,-97.0358705000003,0.003188097768331562,0.0,-97.0358705000003,7.70944409959937,-287.46161555000026,196.9262162000003,-1.5927363870824787,long_collect,Kraken,PF_BIOUSD,BIO,reachable
940,1783126800,1788307200,59.958333333333336,1.0,0.997872340425532,10.511999999999999,0.9957446808510638,0.9968085106382979,10.511999999999999,10.472859574468085,10.511999999999999,10.511999999999999,0.0004634129449077924,long_collect,Lighter,BIO,BIO,blocked
235,1783137600,1788307200,59.833333333333336,4.0,0.9872340425531915,10.95,0.9659574468085106,0.9744680851063829,10.95,10.741810212765957,10.95,10.95,0.0013239250047240739,long_collect,BingX,BIO-USDT,BIO,reachable
235,1783137600,1788307200,59.833333333333336,4.0,0.8851063829787233,10.95,0.6510638297872341,0.6978723404255319,10.95,7.562462639291941,-0.7884,10.95,0.04549421038313128,long_collect,Bitunix,BIOUSDT,BIO,blocked
235,1783137600,1788307200,59.833333333333336,4.0,0.8978723404255319,10.95,0.6723404255319149,0.723404255319149,10.95,7.6994808510638295,0.0,10.95,0.04433385425416271,long_collect,MEXC,BIO_USDT,BIO,blocked
235,1783137600,1788307200,59.833333333333336,4.0,0.1574468085106383,-15.956340000000003,0.02553191489361702,0.0,-15.956340000000003,-15.923135872340424,-37.245329999999996,5.74437,0.3730997772096985,long_collect,Orderly,PERP_BIO_USDC,BIO,reachable
235,1783137600,1788307200,59.833333333333336,4.0,1.0,10.95,1.0,1.0,10.95,10.95,10.95,10.95,0.0,long_collect,WhiteBIT,BIO_PERP,BIO,reachable
109,1783152000,1788307200,59.666666666666664,8.0,0.22935779816513763,0.0,0.45871559633027525,0.0,0.0,-1.6143313761467892,-22.782570000000003,27.257835000000004,0.414239480825915,long_collect,CoinEx,BIOUSDT,BIO,blocked
164,1784160000,1788307200,48.0,4.0,0.7012195121951219,10.95,0.6097560975609756,0.6341463414634146,10.95,-0.563524390243903,-29.127000000000002,10.95,0.25192603207363834,long_collect,KuCoin,BIOUSDTM,BIO,reachable
76,1785427200,1788307200,33.333333333333336,4.0,0.7368421052631579,10.95,0.6447368421052632,0.6578947368421053,10.95,1.7081052631578943,-17.9694,10.95,0.7303877408646782,long_collect,Variational,BIO,BIO,blocked
1440,1783126800,1788307200,59.958333333333336,1.0,0.28125,-61.228019999999994,0.011111111111111112,0.0,-61.228019999999994,-75.80718093333334,-235.886652,176.765412,2.239689111984718,long_collect,Crypto.com,BMTUSD-PERP,BMT,reachable
360,1783137600,1788307200,59.833333333333336,4.0,0.5611111111111111,8.737005,0.0,0.5138888888888888,8.737005,-45.367261990064456,-112.48278,10.95,-3.073327935288139,long_collect,Bitunix,BMTUSDT,BMT,blocked
360,1783137600,1788307200,59.833333333333336,4.0,0.5638888888888889,9.0885,0.008333333333333333,0.5111111111111111,9.0885,-45.85616666666667,-117.165,10.95,-3.083435643793548,long_collect,MEXC,BMT_USDT,BMT,blocked
289,1784160000,1788307200,48.0,4.0,0.5813148788927336,10.95,0.5155709342560554,0.5259515570934256,10.95,-53.23821799307959,-161.84099999999998,10.95,-3.176665421787376,long_collect,KuCoin,BMTUSDTM,BMT,reachable
201,1785427200,1788307200,33.333333333333336,4.0,0.263681592039801,-26.280000000000005,0.01990049751243781,0.0,-26.280000000000005,-89.425,-219.0,10.95,-3.83670135658342,long_collect,LBank,BMTUSDT,BMT,blocked
201,1785427200,1788307200,33.333333333333336,4.0,0.7860696517412935,10.95,0.7711442786069652,0.7761194029850746,10.95,-56.058505970149255,-184.0154,10.95,-2.155609988769026,long_collect,Variational,BMT,BMT,blocked
133,1786406400,1788307200,22.0,4.0,0.16541353383458646,-42.705,0.007518796992481203,0.0,-42.705,-106.17515187969926,-273.75,10.95,0.6183016067985432,long_collect,BingX,BMT-USDT,BMT,reachable
152,1783958400,1788307200,50.333333333333336,8.0,0.34210526315789475,-3.09228,0.02631578947368421,0.0,-3.09228,52.77522932129519,-171.016005,306.28245000000004,0.048208530632174444,long_collect,Bitunix,BNCUSDT,BNC,blocked
129,1784620800,1788307200,42.666666666666664,8.0,0.046511627906976744,0.0,0.9224806201550387,0.0,0.0,4.373110072504584,0.0,0.0,0.23559954110162995,long_collect,HTX,BNC-USDT,BNC,reachable
99,1785484800,1788307200,32.666666666666664,8.0,0.37373737373737376,0.0,0.41414141414141414,0.0,0.0,42.14974242424242,-213.63,287.52430000000004,-0.608722218923933,long_collect,Variational,BNC,BNC,blocked
98,1785513600,1788307200,32.333333333333336,8.0,0.41836734693877553,-10.95,0.35714285714285715,0.0,-10.95,17.448266326530614,-88.3665,145.3065,0.9722292274735576,long_collect,BingX,NCSKBNC2USD-USDT,BNC,reachable
98,1785513600,1788307200,32.333333333333336,8.0,0.3877551020408163,0.0,0.37755102040816324,0.0,0.0,56.58627030612245,-237.16824,329.75049,-1.341845081575272,long_collect,LBank,BNCSTOCKUSDT,BNC,blocked
98,1785513600,1788307200,32.333333333333336,8.0,0.3877551020408163,0.0,0.3673469387755102,0.0,0.0,56.74669897959184,-237.0675,330.5805,-1.3470428915708736,long_collect,MEXC,BNCSTOCK_USDT,BNC,blocked
856,1783126800,1788307200,59.958333333333336,1.0,0.3119158878504673,-8.760000000000002,0.02453271028037383,0.0,-8.760000000000002,-8.616728971962617,-34.164,18.395999999999997,-0.09730837414788608,long_collect,Coinbase,BOME-PERP,BOME,blocked
856,1783126800,1788307200,59.958333333333336,1.0,0.1413551401869159,-67.29344400000001,0.004672897196261682,0.0,-67.29344400000001,-62.44593528504673,-135.35689200000002,21.130872,0.4582719569338885,long_collect,Crypto.com,BOMEUSD-PERP,BOME,reachable
856,1783126800,1788307200,59.958333333333336,1.0,0.1542056074766355,-91.91466144872128,0.0035046728971962616,0.0,-91.91466144872128,-46.604195655871656,-266.09770199999997,53.86466070967705,0.13630955250078328,long_collect,Kraken,PF_BOMEUSD,BOME,reachable
214,1783137600,1788307200,59.833333333333336,4.0,0.9626168224299065,10.95,0.9158878504672897,0.9205607476635514,10.95,9.78438785046729,10.95,10.95,0.0012473974343573118,long_collect,BingX,BOME-USDT,BOME,reachable
214,1783137600,1788307200,59.833333333333336,4.0,0.9532710280373832,10.95,0.5654205607476636,0.6635514018691588,10.95,8.52306023885089,1.284712581050334,10.95,-0.053067908085180866,long_collect,Bitunix,BOMEUSDT,BOME,blocked
213,1783137600,1788307200,59.833333333333336,4.0,0.8309859154929577,10.95,0.5446009389671361,0.596244131455399,10.95,5.928422535211267,-4.380000000000001,10.95,0.026055330650783484,long_collect,MEXC,BOME_USDT,BOME,blocked
213,1783137600,1788307200,59.833333333333336,4.0,1.0,10.95,1.0,1.0,10.95,10.95,10.95,10.95,0.0,long_collect,WhiteBIT,BOME_PERP,BOME,reachable
106,1783152001,1788307200,59.66665509259259,8.0,0.07547169811320754,0.0,0.4811320754716981,0.0,0.0,-8.787571273584906,-41.642849999999996,0.0,-0.38288934177300415,long_collect,CoinEx,BOMEUSDT,BOME,blocked
143,1784160000,1788307200,48.0,4.0,0.6923076923076923,10.95,0.5174825174825175,0.5314685314685315,10.95,0.9081608391608387,-17.739,10.95,0.0419890994724852,long_collect,KuCoin,BOMEUSDTM,BOME,reachable
54,1785427200,1788307200,33.333333333333336,4.0,0.8518518518518519,10.95,0.5555555555555556,0.6111111111111112,10.95,6.6146111111111106,-2.1900000000000004,10.95,-0.02804894508835597,long_collect,LBank,BOMEUSDT,BOME,blocked
54,1785427200,1788307200,33.333333333333336,4.0,1.0,10.95,0.9814814814814815,0.9814814814814815,10.95,10.807216666666667,10.95,10.95,0.04232271596910396,long_collect,Variational,BOME,BOME,blocked
48,1787630400,1788307200,7.833333333333333,4.0,1.0,10.95,1.0,1.0,10.95,10.949999999999998,10.95,10.95,4.932521508980708e-32,long_collect,HTX,BOME-USDT,BOME,reachable
95,1785600000,1788307200,31.333333333333332,8.0,0.5789473684210527,271.046445,0.010526315789473684,0.5263157894736842,271.046445,100.10426605263157,-273.75,273.75,-12.284340636618143,long_collect,Bitfinex,tBVIVF0:USTF0,BVIV,untested
149,1786089600,1788307200,25.666666666666668,4.0,0.9395973154362416,10.95,0.7181208053691275,0.9261744966442953,10.95,20.226501946308726,10.293,44.11974,-0.590409330279193,long_collect,Orderly,PERP_BVIV_USDC_mythos,BVIV,reachable
1440,1783126800,1788307200,59.958333333333336,1.0,0.5166666666666667,1.3516241999999998,0.005555555555555556,0.5027777777777778,1.3516241999999998,-3.6806288533333333,-61.74923999999999,54.3925044,0.0827006339917795,long_collect,tradeXYZ,xyz:BX,BX,blocked
185,1783152000,1788307200,59.666666666666664,8.0,0.05945945945945946,-3.7416150000000004,0.043243243243243246,0.0,-3.7416150000000004,-14.293498223900976,-54.98323500000001,-0.36573,0.08178981467604092,long_collect,Bitunix,BXUSDT,BX,blocked
180,1783152000,1788307200,59.666666666666664,8.0,0.3,0.0,0.6944444444444444,0.0,0.0,3.2232268975716356,0.0,10.95,-0.2309523614762062,long_collect,HTX,BX-USDT,BX,reachable
180,1783152000,1788307200,59.666666666666664,8.0,0.9444444444444444,10.95,0.7166666666666667,0.9444444444444444,10.95,19.252715833333333,10.95,57.83790000000001,0.18069798219080832,long_collect,WhiteBIT,BX_PERP,BX,reachable
101,1785427200,1788307200,33.333333333333336,8.0,0.06930693069306931,0.0,0.7425742574257426,0.0,0.0,-9.474460396039603,-48.0705,0.0,0.38808917297612117,long_collect,LBank,BXUSDT,BX,blocked
106,1785427200,1788307200,33.333333333333336,8.0,0.07547169811320754,0.0,0.7547169811320755,0.0,0.0,-5.834693396226416,-26.937299999999997,0.0,0.29428975551374303,long_collect,Variational,BX,BX,blocked
103,1785513600,1788307200,32.333333333333336,8.0,0.5242718446601942,10.95,0.4174757281553398,0.5145631067961165,10.95,3.3898223300970876,-10.95,10.95,-1.5664950806870412,long_collect,BingX,NCSKBX2USD-USDT,BX,reachable
98,1785513600,1788307200,32.333333333333336,8.0,0.07142857142857142,0.0,0.7346938775510204,0.0,0.0,-18.83623469387755,-51.7935,0.0,1.8240421743205248,long_collect,MEXC,BXSTOCK_USDT,BX,blocked
95,1785600000,1788307200,31.333333333333332,8.0,0.8210526315789474,10.95,0.6842105263157895,0.7789473684210526,10.95,2.4908368421052622,-38.763,10.95,0.20430548012318026,long_collect,KuCoin,BXUSDTM,BX,reachable
525,1786420800,1788307200,21.833333333333332,1.0,0.6133333333333333,5.00196,0.2742857142857143,0.6133333333333333,5.00196,-0.5976238857142853,-264.224376,322.99433999999997,-6.419106247423778,long_collect,Crypto.com,BXUSD-PERP,BX,reachable
360,1783137600,1788307200,59.833333333333336,4.0,0.6055555555555555,9.197999999999999,0.016666666666666666,0.5222222222222223,9.197999999999999,4.54425,-34.821,32.631,0.3912664588461331,short,MEXC,CAD_USDT,CAD,blocked
201,1785427200,1788307200,33.333333333333336,4.0,0.746268656716418,21.9,0.014925373134328358,0.5572139303482587,21.9,12.99944776119403,-27.156000000000002,36.354,-0.617059603960396,long_collect,LBank,CADUSDT,CAD,blocked
1084,1783126800,1788307200,59.958333333333336,1.0,0.7130996309963099,89.567496,0.0036900369003690036,0.5479704797047971,89.567496,78.86739439483394,-114.840096,286.10247599999997,-4.431533918305931,long_collect,Crypto.com,CAPUSD-PERP,CAP,reachable
1083,1783126800,1788307200,59.958333333333336,1.0,0.7996306555863343,10.511999999999999,0.7802400738688827,0.7867036011080333,10.511999999999999,-12.826160664819946,-56.93999999999999,10.511999999999999,-1.484781620390726,long_collect,Lighter,CAP,CAP,blocked
271,1783137600,1788307200,59.833333333333336,4.0,0.8265682656826568,10.95,0.6162361623616236,0.7453874538745388,10.95,-0.8174922509225103,-45.333,17.958,-1.2865490257469607,long_collect,BingX,CAP-USDT,CAP,reachable
271,1783137600,1788307200,59.833333333333336,4.0,0.8597785977859779,10.95,0.6937269372693727,0.8265682656826568,10.95,0.19227551276626567,-29.140140000000002,17.24844,-0.9541718972102339,long_collect,Bitunix,CAPUSDT,CAP,blocked
270,1783137600,1788307200,59.833333333333336,4.0,0.8407407407407408,10.95,0.7037037037037037,0.7111111111111111,10.95,-0.7739851898780193,-53.69559414487034,10.95,-1.4681452878239618,long_collect,HTX,CAP-USDT,CAP,reachable
270,1783137600,1788307200,59.833333333333336,4.0,0.8555555555555555,10.95,0.7,0.837037037037037,10.95,0.058399999999999695,-26.717999999999996,16.863,-0.9519059099212985,long_collect,MEXC,CAP_USDT,CAP,blocked
256,1783339200,1788307200,57.5,4.0,0.984375,10.95,0.453125,0.9140625,10.95,3.9185516015624997,9.05565,12.44139,-0.16892889563509073,long_collect,Orderly,PERP_CAP_USDC_mythos,CAP,reachable
111,1785427200,1788307200,33.333333333333336,4.0,0.6936936936936937,10.95,0.6216216216216216,0.6306306306306306,10.95,-23.566189189189192,-44.0445,10.95,0.5726616104589324,long_collect,Variational,CAP,CAP,blocked
99,1785600000,1788307200,31.333333333333332,4.0,0.7373737373737373,10.95,0.6060606060606061,0.7070707070707071,10.95,-12.40778787878788,-37.011,10.95,0.6119691530383046,long_collect,KuCoin,CAPUSDTM,CAP,reachable
1040,1783126800,1788307200,59.958333333333336,1.0,0.6653846153846154,10.512,0.016346153846153847,0.5442307692307692,10.512,12.418984615384616,-26.280000000000005,48.18,0.279720309971312,long_collect,Coinbase,CBRS-PERP,CBRS,blocked
1040,1783126800,1788307200,59.958333333333336,1.0,0.6057692307692307,5.00196,0.2798076923076923,0.5961538461538461,5.00196,-7.249854334615384,-165.78737999999998,105.83744399999999,1.140069880963844,long_collect,Crypto.com,CBRSUSD-PERP,CBRS,reachable
1040,1783126800,1788307200,59.958333333333336,1.0,0.8923076923076924,3.504,0.8326923076923077,0.8826923076923077,3.504,-0.4438961538461537,-2.6279999999999997,3.504,0.022708862463566404,long_collect,Lighter,CBRS,CBRS,blocked
1039,1783126800,1788307200,59.958333333333336,1.0,0.4504331087584216,-5.2842072,0.0028873917228103944,0.0,-5.2842072,-15.823385205389798,-79.5926592,31.016094,0.27201421582713375,long_collect,tradeXYZ,xyz:CBRS,CBRS,blocked
260,1783137600,1788307200,59.833333333333336,4.0,0.5538461538461539,10.000634999999999,0.0,0.5115384615384615,10.000634999999999,5.741489307692309,-85.15377,87.25836,0.8971411035981431,long_collect,edgeX,CBRSUSDC,CBRS,blocked
130,1783152000,1788307200,59.666666666666664,8.0,0.2076923076923077,-2.8782075000000003,0.1,0.0,-2.8782075000000003,-2.2011411664157867,-13.723635000000002,23.75274,0.2682392544820947,long_collect,Bitunix,CBRSUSDT,CBRS,blocked
130,1783152000,1788307200,59.666666666666664,8.0,0.3769230769230769,0.0,0.5076923076923077,0.0,0.0,12.012992307692306,-11.9355,63.072,-0.009679950157263488,long_collect,GRVT,CBRS_USDT_Perp,CBRS,blocked
130,1783152000,1788307200,59.666666666666664,8.0,0.13076923076923078,0.0,0.8538461538461538,0.0,0.0,1.5755126571452611,0.0,10.95,-0.04014152487162974,long_collect,HTX,CBRS-USDT,CBRS,reachable
130,1783152000,1788307200,59.666666666666664,8.0,0.6615384615384615,10.95,0.36923076923076925,0.6153846153846154,10.95,2.2127423076923076,-50.4795,42.486000000000004,0.1616741704888648,long_collect,KuCoin,CBRSUSDTM,CBRS,reachable
130,1783152000,1788307200,59.666666666666664,8.0,0.9384615384615385,10.7939625,0.5692307692307692,0.8153846153846154,10.7939625,9.0472185,6.274349999999999,11.047455000000001,0.02256498584122533,long_collect,Orderly,PERP_CBRS_USDC_mythos,CBRS,reachable
129,1783152000,1788307200,59.666666666666664,8.0,0.9224806201550387,10.95,0.5968992248062015,0.9224806201550387,10.95,14.41461395348837,10.95,30.616200000000006,-0.07602608053020701,long_collect,WhiteBIT,CBRS_PERP,CBRS,reachable
51,1785427200,1788307200,33.333333333333336,8.0,0.27450980392156865,0.0,0.5490196078431373,0.0,0.0,4.690292941176471,-7.66719,28.111935,0.5486789895358387,long_collect,LBank,CBRSUSDT,CBRS,blocked
50,1785427200,1788307200,33.333333333333336,8.0,0.26,0.0,0.64,0.0,0.0,4.588048000000001,0.0,24.962100000000003,0.5218375568061788,long_collect,Variational,CBRS,CBRS,blocked
48,1785513600,1788307200,32.333333333333336,8.0,0.9791666666666666,10.95,0.5,0.8958333333333334,10.95,25.117931249999998,5.475,70.8465,0.5928151804093396,long_collect,BingX,NCSKCBRS2USD-USDT,CBRS,reachable
48,1785513600,1788307200,32.333333333333336,8.0,0.2916666666666667,0.0,0.5416666666666666,0.0,0.0,5.764718749999999,-7.008,28.250999999999998,0.49319194774451564,long_collect,MEXC,CBRSSTOCK_USDT,CBRS,blocked
217,1786089600,1788307200,25.666666666666668,1.0,0.3824884792626728,0.0,0.5852534562211982,0.0,0.0,10.952018433179724,0.0,37.668,0.244895075271274,long_collect,Extended,CBRS_24_5-USD,CBRS,blocked
849,1783126800,1788307200,59.958333333333336,1.0,0.6925795053003534,10.95,0.32626619552414604,0.6749116607773852,10.95,-2.0729185168497,-113.921172,71.613876,0.10326047185300079,short,Backpack,CC_USDC_PERP,CC,reachable
849,1783126800,1788307200,59.958333333333336,1.0,0.27208480565371024,-35.021604,0.004711425206124852,0.0,-35.021604,-42.484883590106,-141.65357999999998,37.2081,-1.3972048819950305,long_collect,Crypto.com,CCUSD-PERP,CC,reachable
848,1783126800,1788307200,59.958333333333336,1.0,0.9150943396226415,10.511999999999999,0.8632075471698113,0.8915094339622641,10.511999999999999,7.725948113207546,5.255999999999999,10.511999999999999,0.19413248125851615,long_collect,Lighter,CC,CC,blocked
212,1783137600,1788307200,59.833333333333336,4.0,0.9150943396226415,10.95,0.7735849056603774,0.8018867924528302,10.95,8.089364150943396,0.657,10.95,0.07151132177632256,long_collect,BingX,CC-USDT,CC,reachable
212,1783137600,1788307200,59.833333333333336,4.0,0.44339622641509435,-1.5122486409699578,0.02358490566037736,0.0,-1.5122486409699578,-3.2697146978507043,-14.362020000000001,10.95,0.33941335616209917,long_collect,Bitunix,CCUSDT,CC,blocked
212,1783137600,1788307200,59.833333333333336,4.0,0.9528301886792453,10.95,0.8820754716981132,0.910377358490566,10.95,8.641202830188679,10.511999999999999,10.95,0.09220286028965141,long_collect,GRVT,CC_USDT_Perp,CC,blocked
212,1783137600,1788307200,59.833333333333336,4.0,0.8915094339622641,10.95,0.8490566037735849,0.8584905660377359,10.95,7.229066037735849,-0.219,10.95,-0.1414105040995587,long_collect,MEXC,CC_USDT,CC,blocked
191,1783440000,1788307200,56.333333333333336,4.0,1.0,10.95,1.0,1.0,10.95,10.95,10.95,10.95,0.0,long_collect,WhiteBIT,CC_PERP,CC,reachable
141,1784160000,1788307200,48.0,4.0,0.9290780141843972,10.95,0.8652482269503546,0.8794326241134752,10.95,8.29559574468085,5.475,10.95,-0.05071790334691772,long_collect,KuCoin,CCUSDTM,CC,reachable
53,1785427200,1788307200,33.333333333333336,4.0,0.9622641509433962,10.95,0.9433962264150944,0.9433962264150944,10.95,10.01203962264151,10.95,10.95,-0.0220696916668398,long_collect,Variational,CC,CC,blocked
1440,1783126800,1788307200,59.958333333333336,1.0,0.19166666666666668,-283.205544,0.002777777777777778,0.0,-283.205544,-251.81716764166669,-620.957856,109.61563199999999,2.125604336282376,long_collect,Crypto.com,CELRUSD-PERP,CELR,reachable
1440,1783126800,1788307200,59.958333333333336,1.0,0.10694444444444444,-128.30172397063805,0.0020833333333333333,0.0,-128.30172397063805,-38.3015703023615,-263.8510352865816,9.806876754728851,0.24071477192808635,long_collect,Kraken,PF_CELRUSD,CELR,reachable
180,1783152000,1788307200,59.666666666666664,8.0,0.8111111111111111,10.95,0.6944444444444444,0.7222222222222222,10.95,5.877289183018452,-8.03292,10.95,-0.006390061847705228,long_collect,Bitunix,CELRUSDT,CELR,blocked
180,1783152000,1788307200,59.666666666666664,8.0,0.9666666666666667,10.95,0.9444444444444444,0.9444444444444444,10.95,9.722383333333333,10.95,10.95,-0.04111175962221055,long_collect,KuCoin,CELRUSDTM,CELR,reachable
180,1783152000,1788307200,59.666666666666664,8.0,0.8111111111111111,10.95,0.6833333333333333,0.7222222222222222,10.95,5.631949999999999,-8.541,10.95,0.0006745948949041721,long_collect,MEXC,CELR_USDT,CELR,blocked
101,1785427200,1788307200,33.333333333333336,8.0,0.8217821782178217,10.95,0.6633663366336634,0.7128712871287128,10.95,5.977030396039604,-8.422740000000001,10.95,0.08628239039021551,long_collect,LBank,CELRUSDT,CELR,blocked
629,1783126800,1788307200,59.958333333333336,1.0,0.38791732909379967,-8.00664,0.00794912559618442,0.0,-8.00664,-15.16087211446741,-52.673880000000004,10.95,0.56187010910126,long_collect,ApeX,CHIP-USDT,CHIP,blocked
629,1783126800,1788307200,59.958333333333336,1.0,0.5214626391096979,9.77616,0.003179650238473768,0.5071542130365659,9.77616,-35.05511223155506,-139.996188,13.203072000000002,-1.297694511927562,long_collect,Backpack,CHIP_USDC_PERP,CHIP,reachable
629,1783126800,1788307200,59.958333333333336,1.0,0.5230524642289348,3.504,0.011128775834658187,0.5103338632750397,3.504,-2.2645087440381557,-95.48400000000001,87.6,2.2496515544818068,long_collect,Coinbase,CHIP-PERP,CHIP,blocked
628,1783126800,1788307200,59.958333333333336,1.0,0.8901273885350318,11.388,0.8312101910828026,0.8407643312101911,11.388,7.006605095541402,-1.752,11.388,0.1555252731976309,long_collect,Extended,CHIP-USD,CHIP,blocked
628,1783126800,1788307200,59.958333333333336,1.0,0.9092356687898089,10.511999999999999,0.802547770700637,0.8885350318471338,10.511999999999999,9.783859872611464,3.504,10.511999999999999,0.2925429587087189,long_collect,Lighter,CHIP,CHIP,blocked
628,1783126800,1788307200,59.958333333333336,1.0,0.22611464968152867,-9.087667661886027,0.0,0.0,-9.087667661886027,-10.731506624960868,-48.33712776106513,32.856311275003044,0.28995373087682874,long_collect,Nado,CHIP-PERP,CHIP,reachable
627,1783126800,1788307200,59.958333333333336,1.0,0.9968102073365231,10.95,0.9952153110047847,0.9952153110047847,10.95,10.57916,10.95,10.95,0.015234889818436558,long_collect,Pacifica,CHIP,CHIP,blocked
157,1783137600,1788307200,59.833333333333336,4.0,0.8726114649681529,10.95,0.7834394904458599,0.7898089171974523,10.95,6.661226751592356,-4.818,10.95,0.13997779448859782,long_collect,BingX,CHIP-USDT,CHIP,reachable
157,1783137600,1788307200,59.833333333333336,4.0,0.9363057324840764,10.95,0.732484076433121,0.8089171974522293,10.95,9.02381440430285,3.03972,10.95,0.049742806511873634,long_collect,Bitunix,CHIPUSDT,CHIP,blocked
157,1783137600,1788307200,59.833333333333336,4.0,0.8407643312101911,10.95,0.7388535031847133,0.7643312101910829,10.95,6.809923566878981,-4.598999999999999,10.95,0.1351765437835076,long_collect,MEXC,CHIP_USDT,CHIP,blocked
157,1783137600,1788307200,59.833333333333336,4.0,1.0,10.95,1.0,1.0,10.95,10.95,10.95,10.95,0.0,long_collect,WhiteBIT,CHIP_PERP,CHIP,reachable
78,1783152000,1788307200,59.666666666666664,8.0,0.2564102564102564,0.0,0.34615384615384615,0.0,0.0,-31.61498038461539,-113.03356500000001,70.44573,0.33424079027562,long_collect,CoinEx,CHIPUSDT,CHIP,blocked
86,1784160000,1788307200,48.0,4.0,0.686046511627907,10.95,0.5930232558139535,0.6046511627906976,10.95,-2.052488372093024,-40.296,10.95,0.31616483989044986,long_collect,KuCoin,CHIPUSDTM,CHIP,reachable
48,1787630400,1788307200,7.833333333333333,4.0,0.9791666666666666,10.95,0.9583333333333334,0.9583333333333334,10.95,10.466375,10.95,10.95,0.042649370386452445,long_collect,LBank,CHIPUSDT,CHIP,blocked
48,1787630400,1788307200,7.833333333333333,4.0,0.8958333333333334,10.95,0.8125,0.8125,10.95,8.43685625,-1.4445,10.95,0.42621106165870604,long_collect,Variational,CHIP,CHIP,blocked
912,1783126800,1788307200,59.958333333333336,1.0,0.9528508771929824,10.95,0.9133771929824561,0.9177631578947368,10.95,9.470414868421052,10.95,10.95,0.05053333577754555,long_collect,ApeX,CHZ-USDT,CHZ,blocked
912,1783126800,1788307200,59.958333333333336,1.0,0.36622807017543857,-30.974483999999997,0.0043859649122807015,0.0,-30.974483999999997,-12.847665736842107,-105.47390399999999,118.134732,0.12892424054576404,long_collect,Crypto.com,CHZUSD-PERP,CHZ,reachable
911,1783126800,1788307200,59.958333333333336,1.0,0.270032930845225,-31.850078850000003,0.005488474204171241,0.0,-31.850078850000003,-31.329866125522376,-110.07778057337146,44.05161275000029,-0.9148740208906322,long_collect,Kraken,PF_CHZUSD,CHZ,reachable
114,1783152000,1788307200,59.666666666666664,8.0,0.8859649122807017,10.95,0.8333333333333334,0.868421052631579,10.95,7.924726315789473,-0.7665,10.95,0.06800382141059941,long_collect,BingX,CHZ-USDT,CHZ,reachable
114,1783152000,1788307200,59.666666666666664,8.0,0.7105263157894737,6.3493575,0.02631578947368421,0.543859649122807,6.3493575,2.3125602925392927,-26.306279999999997,17.667824999999997,0.10339261965756799,long_collect,Bitunix,CHZUSDT,CHZ,blocked
114,1783152000,1788307200,59.666666666666664,8.0,0.8421052631578947,10.95,0.8421052631578947,0.8421052631578947,10.95,2.137320810898855,-12.50447490584728,10.95,0.46474651172408055,long_collect,HTX,CHZ-USDT,CHZ,reachable
113,1783152000,1788307200,59.666666666666664,8.0,0.7787610619469026,10.95,0.584070796460177,0.6902654867256637,10.95,5.615508849557521,-22.8855,10.95,0.12121420618254652,long_collect,KuCoin,CHZUSDTM,CHZ,reachable
113,1783152000,1788307200,59.666666666666664,8.0,0.504424778761062,0.1095,0.017699115044247787,0.504424778761062,0.1095,-7.448907079646018,-39.20099999999999,10.95,0.44690470893685347,long_collect,MEXC,CHZ_USDT,CHZ,blocked
113,1783152000,1788307200,59.666666666666664,8.0,1.0,10.95,0.9026548672566371,1.0,10.95,25.31944274336283,10.95,10.95,1.278018400252796,long_collect,WhiteBIT,CHZ_PERP,CHZ,reachable
109,1783152000,1788307200,59.666666666666664,8.0,0.06422018348623854,-10.455060000000001,0.01834862385321101,0.0,-10.455060000000001,-17.657548073394494,-51.678525,0.0,0.06801023001529331,long_collect,CoinEx,CHZUSDT,CHZ,blocked
491,1784642400,1788307200,42.416666666666664,1.0,0.5661914460285132,11.388,0.4460285132382892,0.5234215885947047,11.388,-42.97573930753564,-197.976,11.388,2.587753383177364,long_collect,Extended,CHZ-USD,CHZ,blocked
35,1785427200,1788307200,33.333333333333336,8.0,0.0,0.0,0.5714285714285714,0.0,0.0,-10.576104428571428,-39.789015,0.0,0.09498866090045803,long_collect,Bitfinex,tCHZF0:USTF0,CHZ,untested
34,1785427200,1788307200,33.333333333333336,8.0,0.8529411764705882,10.95,0.7352941176470589,0.7352941176470589,10.95,7.451861470588234,-4.659224999999999,10.95,0.3677375266071012,long_collect,LBank,CHZUSDT,CHZ,blocked
34,1785427200,1788307200,33.333333333333336,8.0,1.0,10.95,0.9705882352941176,1.0,10.95,10.897185294117648,10.95,10.95,-0.0033992517338050938,long_collect,Variational,CHZ,CHZ,blocked
1440,1783126800,1788307200,59.958333333333336,1.0,0.4583333333333333,-34.126332,0.002777777777777778,0.0,-34.126332,-15.213667199999996,-464.4411839999999,466.9395359999999,-9.373152075307907,long_collect,Crypto.com,CKBUSD-PERP,CKB,reachable
1440,1783126800,1788307200,59.958333333333336,1.0,0.20694444444444443,-98.33606620000015,0.001388888888888889,0.0,-98.33606620000015,-76.60465796865735,-208.58338545,64.47543499221335,2.233026248039891,long_collect,Kraken,PF_CKBUSD,CKB,reachable
180,1783152000,1788307200,59.666666666666664,8.0,1.0,10.95,0.9833333333333333,0.9833333333333333,10.95,10.874566666666665,10.95,10.95,0.00021900675946788409,long_collect,BingX,CKB-USDT,CKB,reachable
180,1783152000,1788307200,59.666666666666664,8.0,0.8888888888888888,10.95,0.75,0.75,10.95,7.1338644830901226,-1.9534799999999999,10.95,0.03797039120090511,long_collect,Bitunix,CKBUSDT,CKB,blocked
180,1783152000,1788307200,59.666666666666664,8.0,0.9055555555555556,10.95,0.8388888888888889,0.8388888888888889,10.95,7.653441666666667,0.657,10.95,-0.06358327263187136,long_collect,KuCoin,CKBUSDTM,CKB,reachable
180,1783152000,1788307200,59.666666666666664,8.0,0.8722222222222222,10.95,0.7444444444444445,0.7555555555555555,10.95,7.1412249999999995,-4.7085,10.95,0.03198276027037871,long_collect,MEXC,CKB_USDT,CKB,blocked
180,1783152000,1788307200,59.666666666666664,8.0,1.0,10.95,1.0,1.0,10.95,10.95,10.95,10.95,0.0,long_collect,WhiteBIT,CKB_PERP,CKB,reachable
101,1785427200,1788307200,33.333333333333336,8.0,0.900990099009901,10.95,0.8217821782178217,0.8217821782178217,10.95,7.798698415841583,0.7752600000000001,10.95,0.08119077431566687,long_collect,LBank,CKBUSDT,CKB,blocked
101,1785427200,1788307200,33.333333333333336,8.0,1.0,10.95,0.9702970297029703,0.9702970297029703,10.95,10.759118811881187,10.95,10.95,0.01788680722189866,long_collect,Variational,CKB,CKB,blocked
360,1783137600,1788307200,59.833333333333336,4.0,1.0,10.95,0.5888888888888889,1.0,10.95,28.579499999999996,10.95,76.64999999999999,-0.0774153399331785,long_collect,BingX,COAI-USDT,COAI,reachable
360,1783137600,1788307200,59.833333333333336,4.0,1.0,10.95,0.9444444444444444,1.0,10.95,12.032036416666665,10.95,10.95,0.03103201729180009,long_collect,Bitunix,COAIUSDT,COAI,blocked
360,1783137600,1788307200,59.833333333333336,4.0,0.0,0.0,1.0,0.0,0.0,0.0,0.0,0.0,0.0,long_collect,GRVT,COAI_USDT_Perp,COAI,blocked
360,1783137600,1788307200,59.833333333333336,4.0,1.0,10.95,0.9444444444444444,1.0,10.95,12.116783333333332,10.95,10.95,0.032157086088627225,long_collect,MEXC,COAI_USDT,COAI,blocked
360,1783137600,1788307200,59.833333333333336,4.0,0.8444444444444444,21.9,0.7472222222222222,0.8444444444444444,21.9,16.127950833333333,-21.9,21.9438,-0.020682969081551556,long_collect,WhiteBIT,COAI_PERP,COAI,reachable
289,1784160000,1788307200,48.0,4.0,0.9896193771626297,10.95,0.6678200692041523,0.9757785467128027,10.95,22.285712802768167,10.95,54.531,0.1450839070516645,short,KuCoin,COAIUSDTM,COAI,reachable
201,1785427200,1788307200,33.333333333333336,4.0,1.0,10.95,0.9054726368159204,1.0,10.95,13.029693731343281,10.95,10.95,-0.1011001541894488,long_collect,LBank,COAIUSDT,COAI,blocked
1109,1783126800,1788307200,59.958333333333336,1.0,0.27412082957619477,-223.0734,0.0036068530207394047,0.0,-223.0734,-433.0291470838593,-1539.903756,361.87472399999996,4.430395399952721,long_collect,Crypto.com,COTIUSD-PERP,COTI,reachable
1109,1783126800,1788307200,59.958333333333336,1.0,0.13525698827772767,-235.7941172000003,0.0018034265103697023,0.0,-235.7941172000003,-374.63091770979514,-1303.2331165338999,97.05434770249079,-7.710818659611386,long_collect,Kraken,PF_COTIUSD,COTI,reachable
584,1783152000,1788307200,59.666666666666664,1.0,0.3150684931506849,-134.466,0.0,0.0,-134.466,-375.7385625,-1179.972,11.388,0.32410883894106396,long_collect,BingX,COTI-USDT,COTI,reachable
584,1783152000,1788307200,59.666666666666664,1.0,0.1095890410958904,-258.94121999999993,0.0,0.0,-258.94121999999993,-446.128039010302,-1116.44448,3.286095,-2.3899941338245587,long_collect,Bitunix,COTIUSDT,COTI,blocked
584,1783152000,1788307200,59.666666666666664,1.0,0.10787671232876712,-261.924,0.0,0.0,-261.924,-448.4578125,-1123.032,4.818,-2.324538726499458,long_collect,MEXC,COTI_USDT,COTI,blocked
498,1785229200,1788307200,35.625,1.0,0.21686746987951808,-183.96,0.0,0.0,-183.96,-308.2671265060241,-827.82,11.388,-4.655465134753925,long_collect,KuCoin,COTIUSDTM,COTI,reachable
372,1785434400,1788307200,33.25,1.0,0.4489247311827957,-65.97305,0.0,0.0,-65.97305,-407.04459838709676,-943.3365999999997,10.95,17.09482057447687,long_collect,Variational,COTI,COTI,blocked
346,1783339200,1788307200,57.5,4.0,0.3699421965317919,-29.05473,0.0,0.0,-29.05473,-85.74262216917768,-249.9228,10.95,4.259545945009816,long_collect,Bitunix,DATAIPUSDT,DATAIP,blocked
1340,1783486800,1788307200,55.791666666666664,1.0,0.13955223880597015,-200.08059,0.0,0.0,-200.08059,-252.94956500597016,-576.96426,45.297959999999996,8.757331360074486,long_collect,Crypto.com,DATAIPUSD-PERP,DATAIP,reachable
262,1784548800,1788307200,43.5,4.0,0.7022900763358778,10.95,0.6870229007633588,0.6946564885496184,10.95,-62.881110572519084,-271.37823000000003,10.95,-4.931830046790379,long_collect,WhiteBIT,DATAIP_PERP,DATAIP,reachable
143,1786356000,1788307200,22.583333333333332,4.0,0.5314685314685315,10.95,0.34965034965034963,0.5104895104895105,10.95,-140.8078111888112,-494.721,42.924,30.743796442105147,long_collect,BingX,DOS-USDT,DOS,reachable
141,1786363200,1788307200,22.5,4.0,0.3900709219858156,-30.584007000000003,0.0070921985815602835,0.0,-30.584007000000003,-129.9747686574468,-275.100135,10.95,21.84492710437417,long_collect,LBank,DOSUSDT,DOS,blocked
137,1786420800,1788307200,21.833333333333332,4.0,0.4744525547445255,-18.395999999999997,0.0072992700729927005,0.0,-18.395999999999997,-150.40184671532847,-339.669,10.95,30.530645106380227,long_collect,MEXC,DOS_USDT,DOS,blocked
136,1786435200,1788307200,21.666666666666668,4.0,0.36764705882352944,-36.162375,0.0,0.0,-36.162375,-139.53547963235292,-292.65627,10.95,26.485266422393718,long_collect,Bitunix,DOSUSDT,DOS,blocked
126,1786507200,1788307200,20.833333333333332,4.0,0.6428571428571429,10.95,0.626984126984127,0.626984126984127,10.95,-32.60928855535048,-135.96208990008637,10.95,5.073226709200632,long_collect,HTX,DOS-USDT,DOS,reachable
126,1786507200,1788307200,20.833333333333332,4.0,0.5952380952380952,10.95,0.5793650793650794,0.5793650793650794,10.95,-57.94809523809524,-195.567,10.95,12.953550938132734,long_collect,KuCoin,DOSUSDTM,DOS,reachable
958,1783126800,1788307200,59.958333333333336,1.0,0.8058455114822547,5.00196,0.30062630480167013,0.7828810020876826,5.00196,19.41107643006263,-16.277832,65.711388,0.3596873334255522,long_collect,Crypto.com,DRAMUSD-PERP,DRAM,reachable
957,1783126800,1788307200,59.958333333333336,1.0,0.955067920585162,3.504,0.7857889237199582,0.9519331243469175,3.504,35.38051410658307,3.504,35.916,-2.095130439519745,long_collect,Lighter,DRAM,DRAM,blocked
957,1783126800,1788307200,59.958333333333336,1.0,0.8704284221525601,5.475,0.38557993730407525,0.8526645768025078,5.475,12.489897973667711,-5.3570028,39.5489472,-0.14625834909548954,long_collect,tradeXYZ,xyz:DRAM,DRAM,blocked
239,1783137600,1788307200,59.833333333333336,4.0,0.9665271966527197,5.1246,0.03347280334728033,0.5732217573221757,5.1246,4.770901255230125,0.46866,9.870330000000001,0.004469763274363305,long_collect,edgeX,DRAMUSDC,DRAM,blocked
119,1783152000,1788307200,59.666666666666664,8.0,0.6134453781512605,2.64333,0.03361344537815126,0.5210084033613446,2.64333,6.770634863294941,-6.687919723003077,32.20614,-0.2083133446049745,long_collect,Bitunix,DRAMUSDT,DRAM,blocked
119,1783152000,1788307200,59.666666666666664,8.0,0.44537815126050423,0.0,0.5210084033613446,0.0,0.0,17.193340336134455,0.0,77.85449999999999,-0.7935498276784264,long_collect,GRVT,DRAM_USDT_Perp,DRAM,blocked
119,1783152000,1788307200,59.666666666666664,8.0,0.14285714285714285,0.0,0.8487394957983193,0.0,0.0,1.6954902118945236,0.0,10.95,-0.15964726414427974,long_collect,HTX,DRAM-USDT,DRAM,reachable
119,1783152000,1788307200,59.666666666666664,8.0,0.7563025210084033,10.95,0.46218487394957986,0.680672268907563,10.95,6.639932773109244,-15.6585,35.040000000000006,-0.1537471926280855,long_collect,KuCoin,DRAMUSDTM,DRAM,reachable
119,1783152000,1788307200,59.666666666666664,8.0,0.4117647058823529,0.0,0.5294117647058824,0.0,0.0,4.594399159663866,0.0,31.755,-0.1632488726266865,long_collect,MEXC,DRAM_USDT,DRAM,blocked
119,1783152000,1788307200,59.666666666666664,8.0,0.957983193277311,10.95,0.8739495798319328,0.9243697478991597,10.95,10.224208235294117,10.61055,11.026649999999998,-0.028283238333279836,long_collect,Orderly,PERP_DRAM_USDC_mythos,DRAM,reachable
119,1783152000,1788307200,59.666666666666664,8.0,0.8823529411764706,10.95,0.5042016806722689,0.8823529411764706,10.95,16.051503781512604,-10.95,33.99975,-0.02503635583760017,long_collect,WhiteBIT,DRAM_PERP,DRAM,reachable
821,1783616400,1788307200,54.291666666666664,1.0,0.4226552984165652,0.0,0.3909866017052375,0.0,0.0,13.131464068209501,-36.791999999999994,92.85600000000001,-0.2833238167125718,long_collect,Extended,DRAM-USD,DRAM,blocked
661,1784196000,1788307200,47.583333333333336,1.0,0.848714069591528,16.644000000000002,0.028744326777609682,0.5900151285930408,16.644000000000002,18.466239031770044,-4.380000000000001,47.303999999999995,-0.2453286979337052,long_collect,Coinbase,DRAM-PERP,DRAM,blocked
327,1785394800,1788307200,33.708333333333336,1.0,0.9755351681957186,10.95,0.8899082568807339,0.9694189602446484,10.95,13.889020183486238,10.95,10.95,-0.6796808484139297,long_collect,Pacifica,DRAM,DRAM,blocked
40,1785427200,1788307200,33.333333333333336,8.0,0.475,0.0,0.475,0.0,0.0,1.2419763750000006,0.0,41.00775,-0.28454733320046643,long_collect,LBank,DRAMUSDT,DRAM,blocked
40,1785427200,1788307200,33.333333333333336,8.0,0.35,0.0,0.6,0.0,0.0,0.24925499999999995,0.0,37.36670000000001,-0.3191723514011501,long_collect,Variational,DRAM,DRAM,blocked
37,1785513600,1788307200,32.333333333333336,8.0,0.972972972972973,10.95,0.40540540540540543,0.8108108108108109,10.95,14.513781081081081,3.2850000000000006,43.8,-0.20546006643571496,long_collect,BingX,NCSKDRAM2USD-USDT,DRAM,reachable
1440,1783126800,1788307200,59.958333333333336,1.0,0.6465277777777778,5.475,0.18541666666666667,0.6229166666666667,5.475,2.8282292666666664,-73.3108632,75.585222,-0.39165856869707205,long_collect,tradeXYZ,xyz:EBAY,EBAY,blocked
180,1783152000,1788307200,59.666666666666664,8.0,0.16111111111111112,-3.9562350000000004,0.12777777777777777,0.0,-3.9562350000000004,1.2611954584502665,-9.29217,38.138850000000005,0.23290433086996354,long_collect,Bitunix,EBAYUSDT,EBAY,blocked
186,1783152000,1788307200,59.666666666666664,8.0,0.3010752688172043,0.0,0.6935483870967742,0.0,0.0,3.415691044624689,0.0,10.95,-0.23349089756920233,long_collect,HTX,EBAY-USDT,EBAY,reachable
106,1785427200,1788307200,33.333333333333336,8.0,0.18867924528301888,0.0,0.7547169811320755,0.0,0.0,9.712350424528301,0.0,48.023415,-0.28174854194603943,long_collect,LBank,EBAYUSDT,EBAY,blocked
106,1785427200,1788307200,33.333333333333336,8.0,0.16981132075471697,0.0,0.8018867924528302,0.0,0.0,7.196043396226415,0.0,33.228699999999996,-0.29248304517062207,long_collect,Variational,EBAY,EBAY,blocked
98,1785513600,1788307200,32.333333333333336,8.0,0.19387755102040816,0.0,0.7551020408163265,0.0,0.0,4.276086734693878,0.0,48.2895,-0.16467411013140024,long_collect,MEXC,EBAYSTOCK_USDT,EBAY,blocked
99,1785715200,1788307200,30.0,8.0,0.9090909090909091,10.95,0.6060606060606061,0.8585858585858586,10.95,22.028745454545454,5.475,87.6,1.1478255089191143,long_collect,BingX,NCSKEBAY2USD-USDT,EBAY,reachable
1440,1783126800,1788307200,59.958333333333336,1.0,0.9,10.511999999999999,0.8729166666666667,0.8909722222222223,10.511999999999999,-2.7040416666666682,1.752,10.511999999999999,-0.907763253165149,long_collect,Lighter,EDEN,EDEN,blocked
360,1783137600,1788307200,59.833333333333336,4.0,0.7861111111111111,10.95,0.7333333333333333,0.7388888888888889,10.95,-15.405337223538133,-59.91839999999999,10.95,-1.653676602560337,long_collect,Bitunix,EDENUSDT,EDEN,blocked
360,1783137600,1788307200,59.833333333333336,4.0,0.7944444444444444,10.95,0.7416666666666667,0.7555555555555555,10.95,-15.507025,-61.97699999999999,10.95,-1.6512604055586848,long_collect,MEXC,EDEN_USDT,EDEN,blocked
360,1783137600,1788307200,59.833333333333336,4.0,0.9694444444444444,10.95,0.9694444444444444,0.9694444444444444,10.95,2.168562333333333,10.95,10.95,-0.5515846586470574,long_collect,WhiteBIT,EDEN_PERP,EDEN,reachable
289,1784160000,1788307200,48.0,4.0,0.6920415224913494,10.95,0.5916955017301038,0.6262975778546713,10.95,-27.74025259515571,-132.276,10.95,-2.1837051545161676,long_collect,KuCoin,EDENUSDTM,EDEN,reachable
201,1785427200,1788307200,33.333333333333336,4.0,0.6616915422885572,10.95,0.5920398009950248,0.6069651741293532,10.95,-35.86805970149254,-123.735,10.95,-3.0328234579577362,long_collect,LBank,EDENUSDT,EDEN,blocked
1106,1783126800,1788307200,59.958333333333336,1.0,0.25678119349005424,-46.866,0.0,0.0,-46.866,-66.94271609403255,-127.02,27.156000000000002,0.5524370417079153,long_collect,Coinbase,ESP-PERP,ESP,blocked
1106,1783126800,1788307200,59.958333333333336,1.0,0.37251356238698013,-21.544344,0.003616636528028933,0.0,-21.544344,-91.09141522242315,-269.560968,68.56802400000001,-1.3511009522919948,long_collect,Crypto.com,ESPUSD-PERP,ESP,reachable
276,1783137600,1788307200,59.833333333333336,4.0,0.4420289855072464,-14.563499999999998,0.0,0.0,-14.563499999999998,-66.99289347826087,-159.651,10.95,-0.3849740453334714,long_collect,BingX,ESP-USDT,ESP,reachable
276,1783137600,1788307200,59.833333333333336,4.0,0.43478260869565216,-7.3145999999999995,0.0,0.0,-7.3145999999999995,-76.23298100421621,-192.282,10.95,-0.10829721608134459,long_collect,Bitunix,ESPUSDT,ESP,blocked
276,1783137600,1788307200,59.833333333333336,4.0,0.427536231884058,-7.1175,0.0,0.0,-7.1175,-74.79167391304348,-194.472,10.95,-0.10625408038885335,long_collect,MEXC,ESP_USDT,ESP,blocked
276,1783137600,1788307200,59.833333333333336,4.0,0.9202898550724637,10.95,0.9202898550724637,0.9202898550724637,10.95,-29.91443195652174,10.95,10.95,0.014493384405599927,long_collect,WhiteBIT,ESP_PERP,ESP,reachable
205,1784160000,1788307200,48.0,4.0,0.4975609756097561,-0.657,0.004878048780487805,0.0,-0.657,-82.16719756097561,-193.815,10.95,2.377278159243944,long_collect,KuCoin,ESPUSDTM,ESP,reachable
137,1785139200,1788307200,36.666666666666664,4.0,0.35766423357664234,-52.130759999999995,0.014598540145985401,0.0,-52.130759999999995,-83.63411781021898,-215.29671000000002,11.53473,5.87401626588315,long_collect,edgeX,ESPUSDC,ESP,blocked
117,1785427200,1788307200,33.333333333333336,4.0,0.39316239316239315,-24.09,0.008547008547008548,0.0,-24.09,-59.062615384615384,-184.398,10.95,4.687337752913654,long_collect,LBank,ESPUSDT,ESP,blocked
843,1783126800,1788307200,59.958333333333336,1.0,0.6524317912218268,14.892,0.017793594306049824,0.5397390272835113,14.892,-6.785622775800712,-87.6,32.412,-1.9927591169878067,long_collect,Coinbase,ETC-PERP,ETC,blocked
842,1783126800,1788307200,59.958333333333336,1.0,0.12351543942992874,-38.939076,0.009501187648456057,0.0,-38.939076,-41.945849244655584,-93.46744799999999,2.887296,0.2923482524584557,long_collect,Crypto.com,ETCUSD-PERP,ETC,reachable
842,1783126800,1788307200,59.958333333333336,1.0,0.8539192399049881,11.388,0.7458432304038005,0.8040380047505938,11.388,-1.0018859857482183,-33.288000000000004,11.388,-0.00505189149638447,long_collect,Extended,ETC-USD,ETC,blocked
842,1783126800,1788307200,59.958333333333336,1.0,0.3028503562945368,-9.284471973387012,0.0059382422802850355,0.0,-9.284471973387012,-10.938259957178333,-40.24678340000029,15.896859600000003,0.05945481265419791,long_collect,Kraken,PF_ETCUSD,ETC,reachable
105,1783152000,1788307200,59.666666666666664,8.0,0.9714285714285714,10.95,0.8476190476190476,0.8666666666666667,10.95,9.908811428571427,5.912999999999999,10.95,0.0046575952029428965,long_collect,BingX,ETC-USDT,ETC,reachable
105,1783152000,1788307200,59.666666666666664,8.0,0.8476190476190476,7.687994999999999,0.02857142857142857,0.5714285714285714,7.687994999999999,4.986914300757043,-5.108175,10.95,0.08921130293509655,long_collect,Bitunix,ETCUSDT,ETC,blocked
105,1783152000,1788307200,59.666666666666664,8.0,1.0,10.95,0.9714285714285714,1.0,10.95,12.436294090547117,10.95,10.95,-0.04234837429786645,long_collect,HTX,ETC-USDT,ETC,reachable
105,1783152000,1788307200,59.666666666666664,8.0,0.8666666666666667,10.95,0.7428571428571429,0.7714285714285715,10.95,7.257242857142857,-5.475,10.95,0.11968231415115346,long_collect,KuCoin,ETCUSDTM,ETC,reachable
105,1783152000,1788307200,59.666666666666664,8.0,0.780952380952381,9.0885,0.01904761904761905,0.5523809523809524,9.0885,4.7648142857142854,-8.4315,10.95,0.09470971927813196,long_collect,MEXC,ETC_USDT,ETC,blocked
105,1783152000,1788307200,59.666666666666664,8.0,0.9714285714285714,10.95,0.8571428571428571,0.8666666666666667,10.95,9.813150142857141,6.645555,10.95,0.06265430800018144,long_collect,WhiteBIT,ETC_PERP,ETC,reachable
105,1783152001,1788307200,59.66665509259259,8.0,0.01904761904761905,-3.34632,0.01904761904761905,0.0,-3.34632,-9.123832,-29.791665000000002,0.0,-0.12530174540844843,long_collect,CoinEx,ETCUSDT,ETC,blocked
60,1784448000,1788307200,44.666666666666664,8.0,0.08333333333333333,0.0,0.7333333333333333,0.0,0.0,-5.820217,-42.625065,0.0,-0.03732258982264412,long_collect,Bitfinex,tETCF0:USTF0,ETC,untested
26,1785427200,1788307200,33.333333333333336,8.0,0.8846153846153846,10.95,0.8076923076923077,0.8846153846153846,10.95,9.427739423076922,-0.3066,10.95,-0.09238812112044817,long_collect,LBank,ETCUSDT,ETC,blocked
26,1785427200,1788307200,33.333333333333336,8.0,0.8846153846153846,10.95,0.8846153846153846,0.8846153846153846,10.95,9.068092307692307,-0.6202,10.95,-0.08705057404295051,long_collect,Variational,ETC,ETC,blocked
1317,1783126800,1788307200,59.958333333333336,1.0,0.8997722095671982,3.504,0.8397873955960516,0.8466211085801063,3.504,2.668574031890661,0.0,3.504,-0.021337188632228332,long_collect,Extended,EUR-USD,EUR,blocked
1317,1783126800,1788307200,59.958333333333336,1.0,0.3720577069096431,-5.770821549999708,0.00683371298405467,0.0,-5.770821549999708,-21.5597305765682,-159.15746549679716,32.04351483870996,0.2409561849737654,long_collect,Kraken,PF_EURUSD,EUR,reachable
1316,1783126800,1788307200,59.958333333333336,1.0,0.19756838905775076,0.0,0.8039513677811551,0.0,0.0,0.642308894224924,0.0,2.5518756,0.01907686201391927,long_collect,tradeXYZ,xyz:EUR,EUR,blocked
329,1783137600,1788307200,59.833333333333336,4.0,0.5075987841945289,5.475,0.0060790273556231,0.5045592705167173,5.475,-1.061051671732523,-20.366999999999997,26.717999999999996,0.23041756754854795,short,MEXC,EUR_USDT,EUR,blocked
170,1785427200,1788307200,33.333333333333336,4.0,0.2235294117647059,-21.9,0.7764705882352941,0.0,-21.9,-2.3188235294117665,-21.9,65.69999999999999,1.9914079668886604,long_collect,LBank,EURUSDT,EUR,blocked
62,1785513600,1788307200,32.333333333333336,8.0,0.0,-4.380000000000001,0.6935483870967742,0.0,-4.380000000000001,-15.545467741935484,-10.183499999999999,-4.380000000000001,0.5695606241034941,long_collect,BingX,NCFXEUR2USD-USDT,EUR,reachable
79,1785600000,1788307200,31.333333333333332,8.0,0.4430379746835443,0.0,0.4810126582278481,0.0,0.0,88.71483474683545,0.0,273.75,-0.40934169624618216,long_collect,Bitfinex,tEURF0:USTF0,EUR,untested
360,1783137600,1788307200,59.833333333333336,4.0,0.9916666666666667,22.2285,0.005555555555555556,0.5555555555555556,22.2285,33.403218333333335,8.760000000000002,74.022,0.14525648700993063,short,BingX,EVAA-USDT,EVAA,reachable
360,1783137600,1788307200,59.833333333333336,4.0,0.8888888888888888,10.95,0.45555555555555555,0.8777777777777778,10.95,16.462239200837953,-10.95,58.88034,0.9300728023501895,long_collect,Bitunix,EVAAUSDT,EVAA,blocked
247,1783137600,1786680000,41.0,4.0,0.9595141700404858,10.95,0.7368421052631579,0.8178137651821862,10.95,12.51138338428817,5.475,10.95,0.40940939613171823,long_collect,HTX,EVAA-USDT,EVAA,reachable
360,1783137600,1788307200,59.833333333333336,4.0,0.9916666666666667,12.264,0.008333333333333333,0.9833333333333333,12.264,30.24755,10.95,69.204,-0.15161169299145827,long_collect,MEXC,EVAA_USDT,EVAA,blocked
289,1784160000,1788307200,48.0,4.0,0.9896193771626297,10.95,0.7750865051903114,0.9896193771626297,10.95,15.821044982698963,10.95,30.221999999999998,-0.0825541940102613,long_collect,KuCoin,EVAAUSDTM,EVAA,reachable
1017,1784649600,1788307200,42.333333333333336,1.0,0.9852507374631269,29.784,0.0058997050147492625,0.5467059980334317,29.784,45.47533923303835,11.388,109.5,-1.4292483063206647,long_collect,Extended,EVAA-USD,EVAA,blocked
201,1785427200,1788307200,33.333333333333336,4.0,1.0,19.8414,0.004975124378109453,0.5572139303482587,19.8414,30.51973104477612,10.95,67.00743,-0.3285919819417763,long_collect,LBank,EVAAUSDT,EVAA,blocked
95,1785600000,1788307200,31.333333333333332,8.0,0.11578947368421053,-243.102045,0.021052631578947368,0.0,-243.102045,-168.87124578947368,-273.75,3.8084100000000003,10.769178529955207,long_collect,Bitfinex,tEVIVF0:USTF0,EVIV,untested
1440,1783126800,1788307200,59.958333333333336,1.0,0.6361111111111111,5.475,0.30069444444444443,0.5979166666666667,5.475,-0.6941909450000002,-42.6060996,38.2463352,-0.12054772626240656,long_collect,tradeXYZ,xyz:EWT,EWT,blocked
180,1783152000,1788307200,59.666666666666664,8.0,0.044444444444444446,-3.1251300000000004,0.1,0.0,-3.1251300000000004,-3.7980758320045878,-9.568109999999999,-0.33507,-0.08463521383825338,long_collect,Bitunix,EWTUSDT,EWT,blocked
180,1783152000,1788307200,59.666666666666664,8.0,0.10555555555555556,0.0,0.7666666666666667,0.0,0.0,-0.44225833333333314,-6.679500000000001,0.9855,-0.21399904878208317,long_collect,GRVT,EWT_USDT_Perp,EWT,blocked
180,1783152000,1788307200,59.666666666666664,8.0,0.3,0.0,0.6611111111111111,0.0,0.0,2.095320857427566,0.0,10.95,-0.2876275419823938,long_collect,HTX,EWT-USDT,EWT,reachable
180,1783152000,1788307200,59.666666666666664,8.0,0.044444444444444446,0.0,0.8722222222222222,0.0,0.0,-0.49275,0.0,0.0,-0.08646711318250563,long_collect,MEXC,EWT_USDT,EWT,blocked
180,1783152000,1788307200,59.666666666666664,8.0,1.0,10.95,0.9,1.0,10.95,13.965325833333331,10.95,12.964800000000002,0.04572296722121053,long_collect,WhiteBIT,EWT_PERP,EWT,reachable
101,1785427200,1788307200,33.333333333333336,8.0,0.04950495049504951,0.0,0.8514851485148515,0.0,0.0,-1.2627301485148517,0.0,0.0,-0.055392523296447296,long_collect,LBank,EWTUSDT,EWT,blocked
101,1785427200,1788307200,33.333333333333336,8.0,0.04950495049504951,0.0,0.8811881188118812,0.0,0.0,-0.7044485148514853,0.0,0.0,-0.018021438555620245,long_collect,Variational,EWT,EWT,blocked
94,1785628800,1788307200,31.0,8.0,0.4574468085106383,-5.475,0.0425531914893617,0.0,-5.475,-0.9861989361702128,-10.95,10.95,0.0863059198786258,long_collect,BingX,NCSKEWT2USD-USDT,EWT,reachable
688,1785834000,1788307200,28.625,1.0,0.7703488372093024,5.00196,0.2805232558139535,0.7441860465116279,5.00196,50.58378601744187,-85.334664,216.13372799999996,-1.321799814389182,long_collect,Crypto.com,EWTUSD-PERP,EWT,reachable
1031,1783126800,1788307200,59.958333333333336,1.0,0.5732298739088264,2.628,0.02133850630455868,0.513094083414161,2.628,5.165086323957323,-13.140000000000002,28.032,-0.13491490538304793,long_collect,Coinbase,EWY-PERP,EWY,blocked
1031,1783126800,1788307200,59.958333333333336,1.0,0.7856450048496605,5.00196,0.2793404461687682,0.7449078564500485,5.00196,16.874217218234726,-12.567972,51.429959999999994,-0.16896297737501334,long_collect,Crypto.com,EWYUSD-PERP,EWY,reachable
1031,1783126800,1788307200,59.958333333333336,1.0,0.9592628516003879,3.504,0.8176527643064986,0.9515033947623667,3.504,11.648845780795343,3.504,16.644000000000002,-0.49265145572113134,long_collect,Lighter,EWY,EWY,blocked
1030,1783126800,1788307200,59.958333333333336,1.0,0.8563106796116505,5.475,0.4825242718446602,0.8097087378640777,5.475,8.808752546796116,-5.519150399999999,28.716593999999994,-0.15604182908116798,long_collect,tradeXYZ,xyz:EWY,EWY,blocked
257,1783137600,1788307200,59.833333333333336,4.0,0.980544747081712,56.21949000000001,0.007782101167315175,0.622568093385214,56.21949000000001,54.170246498054475,9.874709999999999,98.55876,-0.1786904232326404,long_collect,edgeX,EWYUSDC,EWY,blocked
128,1783152000,1788307200,59.666666666666664,8.0,0.234375,-2.16372,0.1796875,0.0,-2.16372,4.344189521215545,-12.245385,32.15139,-0.22352848125245808,long_collect,Bitunix,EWYUSDT,EWY,blocked
128,1783152000,1788307200,59.666666666666664,8.0,0.421875,0.0,0.5546875,0.0,0.0,21.79477734375,0.0,74.7885,-0.7187468250827486,long_collect,GRVT,EWY_USDT_Perp,EWY,blocked
128,1783152000,1788307200,59.666666666666664,8.0,0.203125,0.0,0.796875,0.0,0.0,3.7129852025930856,0.0,10.95,-0.061485709654670324,long_collect,HTX,EWY-USDT,EWY,reachable
128,1783152000,1788307200,59.666666666666664,8.0,0.84375,10.95,0.6875,0.7578125,10.95,5.670046875,-18.395999999999997,10.95,0.01217650837457176,long_collect,KuCoin,EWYUSDTM,EWY,reachable
128,1783152000,1788307200,59.666666666666664,8.0,0.234375,0.0,0.71875,0.0,0.0,8.63595703125,0.0,37.5585,-0.32162491148200806,long_collect,MEXC,EWY_USDT,EWY,blocked
128,1783152000,1788307200,59.666666666666664,8.0,1.0,10.95,0.8828125,1.0,10.95,10.9246524609375,10.749615,11.170095,-0.0012326772354116912,long_collect,Orderly,PERP_EWY_USDC_mythos,EWY,reachable
128,1783152000,1788307200,59.666666666666664,8.0,0.9609375,10.95,0.625,0.9609375,10.95,24.657261328125,10.95,53.43599999999999,-0.4646606120476836,long_collect,WhiteBIT,EWY_PERP,EWY,reachable
49,1785427200,1788307200,33.333333333333336,8.0,0.12244897959183673,0.0,0.8163265306122449,0.0,0.0,-0.06704081632653076,0.0,29.346,-0.16425805102715207,long_collect,LBank,EWYUSDT,EWY,blocked
49,1785427200,1788307200,33.333333333333336,8.0,0.12244897959183673,0.0,0.8163265306122449,0.0,0.0,-0.058269387755101994,0.0,23.538,-0.16758976400286393,long_collect,Variational,EWY,EWY,blocked
42,1785628800,1788307200,31.0,8.0,0.5952380952380952,5.913,0.0,0.5714285714285714,5.913,3.428914285714286,-10.95,22.578899999999997,-0.6062569823311091,long_collect,BingX,NCSIEWY2USD-USDT,EWY,reachable
208,1786089600,1788307200,25.666666666666668,1.0,0.1201923076923077,0.0,0.8509615384615384,0.0,0.0,-0.07580769230769228,0.0,5.256,-0.3106218347882725,long_collect,Extended,EWY_24_5-USD,EWY,blocked
360,1783137600,1788307200,59.833333333333336,4.0,0.9,10.95,0.7583333333333333,0.8916666666666667,10.95,-9.099328333333334,2.847,21.9876,-0.32144354925578117,long_collect,BingX,FLOCK-USDT,FLOCK,reachable
360,1783137600,1788307200,59.833333333333336,4.0,0.8666666666666667,10.95,0.7722222222222223,0.8416666666666667,10.95,-23.407049171434284,-33.72819,10.95,-0.7715628587078197,long_collect,Bitunix,FLOCKUSDT,FLOCK,blocked
360,1783137600,1788307200,59.833333333333336,4.0,0.8694444444444445,10.95,0.775,0.8527777777777777,10.95,-24.00544166666667,-30.003,10.95,-0.5867040062037516,long_collect,MEXC,FLOCK_USDT,FLOCK,blocked
289,1784160000,1788307200,48.0,4.0,0.7993079584775087,10.95,0.5709342560553633,0.7889273356401384,10.95,-23.230671280276816,-100.08299999999998,74.022,0.4832770283975659,long_collect,KuCoin,FLOCKUSDTM,FLOCK,reachable
201,1785427200,1788307200,33.333333333333336,4.0,0.945273631840796,10.95,0.9253731343283582,0.9402985074626866,10.95,-22.281222885572138,10.95,10.95,-5.476669339736959,long_collect,Variational,FLOCK,FLOCK,blocked
1159,1783126800,1788307200,59.958333333333336,1.0,0.13891285591026747,-16.478436,0.012942191544434857,0.0,-16.478436,-16.051540566005176,-37.180068,4.5595799999999995,0.16804320296150313,long_collect,Crypto.com,GALAUSD-PERP,GALA,reachable
1159,1783126800,1788307200,59.958333333333336,1.0,0.3943054357204487,-8.086899849999709,0.0060396893874029335,0.0,-8.086899849999709,-10.189381602365216,-56.62862537344975,34.21014091840423,0.24042524503725396,long_collect,Kraken,PF_GALAUSD,GALA,reachable
145,1783152000,1788307200,59.666666666666664,8.0,0.993103448275862,10.95,0.9172413793103448,0.9379310344827586,10.95,10.502635862068965,10.95,10.95,0.012658484817978998,long_collect,BingX,GALA-USDT,GALA,reachable
145,1783152000,1788307200,59.666666666666664,8.0,0.7241379310344828,5.975415,0.006896551724137931,0.5310344827586206,5.975415,3.8318151581810524,-7.05837,10.95,0.08649115160806885,long_collect,Bitunix,GALAUSDT,GALA,blocked
144,1783152000,1788307200,59.666666666666664,8.0,0.8958333333333334,10.95,0.7916666666666666,0.8125,10.95,8.080947916666666,-0.219,10.95,-0.03367164063738703,long_collect,KuCoin,GALAUSDTM,GALA,reachable
144,1783152000,1788307200,59.666666666666664,8.0,0.6388888888888888,4.9275,0.027777777777777776,0.5277777777777778,4.9275,2.700239583333333,-8.760000000000002,10.95,0.15879019145394005,long_collect,MEXC,GALA_USDT,GALA,blocked
144,1783152000,1788307200,59.666666666666664,8.0,1.0,10.95,1.0,1.0,10.95,10.95,10.95,10.95,0.0,long_collect,WhiteBIT,GALA_PERP,GALA,reachable
127,1783152001,1788307200,59.66665509259259,8.0,0.12598425196850394,0.0,0.5039370078740157,0.0,0.0,-3.2928460629921257,-20.22246,5.13117,0.19160338902483107,long_collect,CoinEx,GALAUSDT,GALA,blocked
739,1784638800,1788307200,42.458333333333336,1.0,0.5926928281461434,10.512,0.012178619756427604,0.5331529093369418,10.512,-23.861813261163736,-134.02800000000002,11.388,1.9172212104404627,long_collect,Extended,GALA-USD,GALA,blocked
66,1785427200,1788307200,33.333333333333336,8.0,0.015151515151515152,-1.245015,0.0,0.0,-1.245015,-7.388811136363636,-23.606009999999998,0.0,0.1456969164175971,long_collect,Bitfinex,tGALAF0:USTF0,GALA,untested
65,1785427200,1788307200,33.333333333333336,8.0,0.7076923076923077,9.7455,0.046153846153846156,0.5846153846153846,9.7455,5.055530769230769,-4.7085,10.95,0.3272325083750837,long_collect,LBank,GALAUSDT,GALA,blocked
65,1785427200,1788307200,33.333333333333336,8.0,0.5384615384615384,1.1626999999999998,0.015384615384615385,0.5076923076923077,1.1626999999999998,-0.7765092307692311,-14.934200000000002,10.95,-0.3259835675605881,long_collect,Variational,GALA,GALA,blocked
1440,1783126800,1788307200,59.958333333333336,1.0,0.7770833333333333,11.388,0.01597222222222222,0.5375,11.388,21.433408333333333,-4.380000000000001,62.196000000000005,-0.1897730967269949,short,Coinbase,GOLD-PERP,GOLD,blocked
1440,1783126800,1788307200,59.958333333333336,1.0,0.9597222222222223,5.475,0.6208333333333333,0.925,5.475,7.912447613333334,5.475,17.1597012,-0.08209526298363377,long_collect,tradeXYZ,xyz:GOLD,GOLD,blocked
201,1785427200,1788307200,33.333333333333336,4.0,0.0,0.0,1.0,0.0,0.0,0.0,0.0,0.0,0.0,long_collect,LBank,GOLDUSDT,GOLD,blocked
195,1785513600,1788307200,32.333333333333336,4.0,0.4358974358974359,-1.533,0.010256410256410256,0.0,-1.533,-2.419781538461538,-21.9,21.9,0.291575343184062,long_collect,BingX,NCCOGOLD2USD-USDT,GOLD,reachable
1440,1783126800,1788307200,59.958333333333336,1.0,0.7125,3.504,0.3854166666666667,0.70625,3.504,-77.43414166666668,-445.884,346.02,-13.085646362097975,long_collect,Lighter,H100,H100,blocked
799,1785434400,1788307200,33.25,1.0,0.0,0.0,1.0,0.0,0.0,0.0,0.0,0.0,0.0,long_collect,tradeXYZ,xyz:H100,H100,blocked
360,1783137600,1788307200,59.833333333333336,4.0,1.0,36.792,0.005555555555555556,0.5416666666666666,36.792,49.70338833333333,7.664999999999999,116.946,0.837960386577057,short,BingX,HANA-USDT,HANA,reachable
360,1783137600,1788307200,59.833333333333336,4.0,1.0,35.093655,0.0,0.5555555555555556,35.093655,44.81292909598695,10.95,96.90969,0.5155387101204704,long_collect,Bitunix,HANAUSDT,HANA,blocked
360,1783137600,1788307200,59.833333333333336,4.0,1.0,33.069,0.013888888888888888,0.5722222222222222,33.069,45.44128333333333,10.95,97.455,0.5319659194901195,long_collect,MEXC,HANA_USDT,HANA,blocked
289,1784160000,1788307200,48.0,4.0,0.9584775086505191,28.469999999999995,0.006920415224913495,0.532871972318339,28.469999999999995,56.67477508650519,10.95,144.54,-0.5412737471662092,long_collect,KuCoin,HANAUSDTM,HANA,reachable
58,1786665600,1788307200,19.0,8.0,0.0,0.0,1.0,0.0,0.0,0.0,0.0,0.0,0.0,long_collect,HTX,HANMI-USDT,HANMI,reachable
58,1786665600,1788307200,19.0,8.0,0.06896551724137931,0.0,0.7931034482758621,0.0,0.0,-4.228965517241379,-9.9645,0.0,-0.18528333692208315,long_collect,LBank,HANMIUSDT,HANMI,blocked
57,1786694400,1788307200,18.666666666666668,8.0,0.08771929824561403,-2.169195,0.03508771929824561,0.0,-2.169195,-4.6294486842105265,-25.639425,-0.08760000000000001,0.32093223554576106,long_collect,Bitunix,HANMIUSDT,HANMI,blocked
113,1786694400,1788307200,18.666666666666668,4.0,0.5221238938053098,10.338989999999999,0.008849557522123894,0.5132743362831859,10.338989999999999,5.630315575221238,-77.53257,85.79325,-0.24566167259964075,long_collect,edgeX,HANMIUSDC,HANMI,blocked
46,1787011200,1788307200,15.0,8.0,0.10869565217391304,0.0,0.6956521739130435,0.0,0.0,-10.483434782608695,-75.99300000000001,25.185000000000002,-0.06794875115633636,long_collect,GRVT,HANMI_USDT_Perp,HANMI,blocked
42,1787126400,1788307200,13.666666666666666,8.0,0.9047619047619048,10.95,0.8809523809523809,0.9047619047619048,10.95,1.8406428571428568,10.95,10.95,-2.9151080949679935,long_collect,KuCoin,HANMIUSDTM,HANMI,reachable
180,1783152000,1788307200,59.666666666666664,8.0,0.9277777777777778,10.95,0.9222222222222223,0.9222222222222223,10.95,-22.479133333333333,10.95,10.95,-3.0718638383900734,long_collect,MEXC,HNT_USDT,HNT,blocked
167,1783152000,1788307200,59.666666666666664,8.0,0.2155688622754491,0.0,0.31736526946107785,0.0,0.0,-128.69611715568863,-153.364605,25.9077,-8.377692778591156,long_collect,CoinEx,HNTUSDT,HNT,blocked
101,1785427200,1788307200,33.333333333333336,8.0,0.8712871287128713,10.95,0.8613861386138614,0.8613861386138614,10.95,-48.51478811881188,-198.12820499999998,10.95,-9.066987695049505,long_collect,LBank,HNTUSDT,HNT,blocked
101,1785427200,1788307200,33.333333333333336,8.0,0.8118811881188119,10.95,0.7722772277227723,0.7821782178217822,10.95,-53.05820099009901,-220.75770000000006,10.95,-9.37194049271986,long_collect,Variational,HNT,HNT,blocked
1269,1783126800,1788307200,59.958333333333336,1.0,0.8250591016548463,43.8,0.005516154452324665,0.5925925925925926,43.8,49.760113475177306,-21.024,134.904,0.5474046413617034,long_collect,Coinbase,INX-PERP,INX,blocked
317,1783137600,1788307200,59.833333333333336,4.0,1.0,10.95,0.5488958990536278,1.0,10.95,35.23661640378549,10.95,96.141,0.6021523969339982,long_collect,BingX,INX-USDT,INX,reachable
317,1783137600,1788307200,59.833333333333336,4.0,0.9652996845425867,10.95,0.7160883280757098,0.9589905362776026,10.95,17.355915804416405,10.95,48.87204,0.29310497748415026,long_collect,Bitunix,INXUSDT,INX,blocked
317,1783137600,1788307200,59.833333333333336,4.0,0.9684542586750788,10.95,0.7381703470031545,0.9684542586750788,10.95,18.19150788643533,10.95,59.13,0.3340764380745987,long_collect,MEXC,INX_USDT,INX,blocked
246,1784160000,1788307200,48.0,4.0,0.9715447154471545,10.95,0.7926829268292683,0.9634146341463414,10.95,20.399048780487806,10.95,80.37299999999999,0.05426172914482656,long_collect,KuCoin,INXUSDTM,INX,reachable
847,1784646000,1788307200,42.375,1.0,0.9374262101534829,48.18,0.0023612750885478157,0.5230224321133412,48.18,78.38803778040142,11.388,227.75999999999996,-4.015317818520253,long_collect,Extended,INX-USD,INX,blocked
158,1785427200,1788307200,33.333333333333336,4.0,0.9367088607594937,10.95,0.5822784810126582,0.9367088607594937,10.95,22.773227848101268,10.95,90.666,0.39286466844257173,long_collect,LBank,INXUSDT,INX,blocked
95,1785600000,1788307200,31.333333333333332,8.0,0.010526315789473684,-273.75,0.6526315789473685,0.0,-273.75,-180.13576436842106,-273.75,0.0,-0.6217016541853303,long_collect,Bitfinex,tJAPAN225IXF0:USTF0,JAPAN225IX,untested
1206,1783126800,1788307200,59.958333333333336,1.0,0.6575456053067993,7.884,0.029850746268656716,0.5182421227197347,7.884,4.292835820895522,-21.024,26.280000000000005,0.462205217056697,long_collect,Coinbase,JASMY-PERP,JASMY,blocked
1205,1783126800,1788307200,59.958333333333336,1.0,0.3950207468879668,-16.510927653620495,0.0024896265560165973,0.0,-16.510927653620495,-8.380564037046488,-102.30169831014706,88.90894475000029,-0.4731297961844791,long_collect,Kraken,PF_JASMYUSD,JASMY,reachable
150,1783152000,1788307200,59.666666666666664,8.0,0.9666666666666667,10.95,0.86,0.9,10.95,9.8988,8.760000000000002,10.95,-0.007161626140888976,long_collect,BingX,JASMY-USDT,JASMY,reachable
150,1783152000,1788307200,59.666666666666664,8.0,0.76,6.0542549999999995,0.02666666666666667,0.5466666666666666,6.0542549999999995,3.3659329869576595,-10.512,10.95,-0.0033892368929473752,long_collect,Bitunix,JASMYUSDT,JASMY,blocked
150,1783152000,1788307200,59.666666666666664,8.0,0.6933333333333334,10.95,0.47333333333333333,0.5933333333333334,10.95,3.444139999999999,-20.4765,10.95,-0.25107913812174526,long_collect,KuCoin,JASMYUSDTM,JASMY,reachable
150,1783152000,1788307200,59.666666666666664,8.0,0.6466666666666666,5.52975,0.013333333333333334,0.5266666666666666,5.52975,2.0943699999999996,-14.344500000000002,10.95,0.04815087496459254,long_collect,MEXC,JASMY_USDT,JASMY,blocked
150,1783152000,1788307200,59.666666666666664,8.0,1.0,10.95,1.0,1.0,10.95,10.95,10.95,10.95,0.0,long_collect,WhiteBIT,JASMY_PERP,JASMY,reachable
133,1783152000,1788307200,59.666666666666664,8.0,0.3308270676691729,0.0,0.46616541353383456,0.0,0.0,0.583774962406015,-17.203545,19.205205,0.01101089943364853,long_collect,CoinEx,JASMYUSDT,JASMY,blocked
767,1784707200,1788307200,41.666666666666664,1.0,0.5853976531942634,7.008,0.014341590612777053,0.5202086049543677,7.008,-25.16301434159061,-140.16000000000003,11.388,2.1653347835863883,long_collect,Extended,JASMY-USD,JASMY,blocked
71,1785427200,1788307200,33.333333333333336,8.0,0.09859154929577464,0.0,0.43661971830985913,0.0,0.0,-20.078336408450703,-74.23443,0.0,-0.041217895730127616,long_collect,Bitfinex,tJASMYF0:USTF0,JASMY,untested
71,1785427200,1788307200,33.333333333333336,8.0,0.7605633802816901,10.95,0.5352112676056338,0.5774647887323944,10.95,4.652978873239436,-4.380000000000001,10.95,-0.00463907003718117,long_collect,LBank,JASMYUSDT,JASMY,blocked
71,1785427200,1788307200,33.333333333333336,8.0,0.14084507042253522,-18.976499999999998,0.014084507042253521,0.0,-18.976499999999998,-23.579732394366197,-50.3463,7.3625,-0.20158271482151965,long_collect,Variational,JASMY,JASMY,blocked
360,1783137600,1788307200,59.833333333333336,4.0,1.0,10.95,0.6333333333333333,1.0,10.95,19.454792,10.95,41.86842,0.09007726397580228,long_collect,Bitunix,JELLYJELLYUSDT,JELLYJELLY,blocked
360,1783137600,1788307200,59.833333333333336,4.0,1.0,10.95,0.6361111111111111,1.0,10.95,19.795775,10.95,41.172,0.08368483784597103,long_collect,MEXC,JELLYJELLY_USDT,JELLYJELLY,blocked
289,1784160000,1788307200,48.0,4.0,1.0,19.929,0.01384083044982699,0.5432525951557093,19.929,35.231719723183396,10.95,78.183,0.03504300501133518,short,KuCoin,JELLYJELLYUSDTM,JELLYJELLY,reachable
1017,1784649600,1788307200,42.333333333333336,1.0,0.9901671583087512,23.651999999999997,0.008849557522123894,0.5476892822025565,23.651999999999997,67.99982300884956,11.388,202.35600000000002,-4.230933577049935,long_collect,Extended,JELLYJELLY-USD,JELLYJELLY,blocked
201,1785427200,1788307200,33.333333333333336,4.0,1.0,10.95,0.5572139303482587,1.0,10.95,22.687245074626865,10.95,48.84357,-0.48586945172159,long_collect,LBank,JELLYJELLYUSDT,JELLYJELLY,blocked
1440,1783126800,1788307200,59.958333333333336,1.0,0.10555555555555556,0.0,0.675,0.0,0.0,-1.0084725525,-7.9482984000000005,0.4150488,0.12086701808739299,long_collect,tradeXYZ,xyz:JPY,JPY,blocked
360,1783137600,1788307200,59.833333333333336,4.0,0.41388888888888886,-25.404,0.04722222222222222,0.0,-25.404,-0.7652833333333342,-31.098000000000003,43.8,0.0647190549309794,long_collect,MEXC,JPY_USDT,JPY,blocked
201,1785427200,1788307200,33.333333333333336,4.0,0.43283582089552236,-24.966,0.04975124378109453,0.0,-24.966,-0.6885970149253735,-30.879,43.8,1.2031420511304862,long_collect,LBank,JPYUSDT,JPY,blocked
360,1783137600,1788307200,59.833333333333336,4.0,0.2861111111111111,-12.89253,0.008333333333333333,0.0,-12.89253,-23.963665539402665,-65.46786,10.95,-0.6359945467608554,long_collect,Bitunix,JSTUSDT,JST,blocked
360,1783137600,1788307200,59.833333333333336,4.0,0.9416666666666667,10.95,0.8361111111111111,0.8388888888888889,10.95,7.141049101843261,5.475,10.95,-0.11880859560893878,long_collect,HTX,JST-USDT,JST,reachable
360,1783137600,1788307200,59.833333333333336,4.0,0.3111111111111111,-13.358999999999998,0.013888888888888888,0.0,-13.358999999999998,-24.300483333333336,-69.423,10.95,-0.6731506986936627,long_collect,MEXC,JST_USDT,JST,blocked
360,1783137600,1788307200,59.833333333333336,4.0,0.8083333333333333,10.95,0.7861111111111111,0.7916666666666666,10.95,-4.477886916666667,-54.340469999999996,10.95,-1.0729439156706455,long_collect,WhiteBIT,JST_PERP,JST,reachable
163,1783152000,1788307200,59.666666666666664,8.0,0.4233128834355828,0.0,0.22699386503067484,0.0,0.0,11.046534662576686,-51.114599999999996,82.40313,0.08903515795397327,long_collect,CoinEx,JSTUSDT,JST,blocked
299,1784016000,1788307200,49.666666666666664,4.0,0.1939799331103679,-13.578000000000001,0.026755852842809364,0.0,-13.578000000000001,-19.63074983277592,-52.341,3.942,-0.00940136311193914,long_collect,BingX,JST-USDT,JST,reachable
201,1785427200,1788307200,33.333333333333336,4.0,0.30845771144278605,-12.89034,0.009950248756218905,0.0,-12.89034,-30.455327611940298,-97.57545,10.95,-1.411315981764445,long_collect,LBank,JSTUSDT,JST,blocked
101,1785427200,1788307200,33.333333333333336,8.0,0.5742574257425742,6.2184,0.009900990099009901,0.504950495049505,6.2184,-20.99999108910891,-94.4107,10.95,-2.5607986965637743,long_collect,Variational,JST,JST,blocked
1335,1783126800,1788307200,59.958333333333336,1.0,0.0599250936329588,-125.22619896391403,0.0022471910112359553,0.0,-125.22619896391403,-115.4753310561698,-252.2293042241378,-19.74299543779945,1.8395264010941526,long_collect,Kraken,PF_KAIAUSD,KAIA,reachable
334,1783137600,1788307200,59.833333333333336,4.0,0.9670658682634731,10.95,0.9311377245508982,0.9401197604790419,10.95,9.94994371257485,10.95,10.95,-0.0028262595299443846,long_collect,BingX,KAIA-USDT,KAIA,reachable
334,1783137600,1788307200,59.833333333333336,4.0,0.8023952095808383,10.95,0.6976047904191617,0.7215568862275449,10.95,4.5569888554246285,-10.62588,10.95,-0.01650143123022044,long_collect,Bitunix,KAIAUSDT,KAIA,blocked
333,1783137600,1788307200,59.833333333333336,4.0,0.975975975975976,10.95,0.954954954954955,0.954954954954955,10.95,10.227891891891892,10.95,10.95,0.023648367399942125,long_collect,GRVT,KAIA_USDT_Perp,KAIA,blocked
333,1783137600,1788307200,59.833333333333336,4.0,0.8108108108108109,10.95,0.7207207207207207,0.7477477477477478,10.95,4.4017027027027025,-12.045,10.95,-0.02384451254539287,long_collect,MEXC,KAIA_USDT,KAIA,blocked
333,1783137600,1788307200,59.833333333333336,4.0,1.0,10.95,1.0,1.0,10.95,10.95,10.95,10.95,0.0,long_collect,WhiteBIT,KAIA_PERP,KAIA,reachable
150,1783152000,1788307200,59.666666666666664,8.0,0.14,-13.100032500000001,0.013333333333333334,0.0,-13.100032500000001,-21.3161752,-70.49938499999999,14.02038,-0.42202799868297575,long_collect,CoinEx,KAIAUSDT,KAIA,blocked
262,1784160000,1788307200,48.0,4.0,0.7099236641221374,10.95,0.6335877862595419,0.6412213740458015,10.95,-2.2506011450381687,-41.829,10.95,0.11458667917807558,long_collect,KuCoin,KAIAUSDTM,KAIA,reachable
887,1784743200,1788307200,41.25,1.0,0.5569334836527621,11.388,0.5062006764374295,0.5219842164599775,11.388,-53.2789718151071,-222.504,11.388,4.873287008418907,long_collect,Extended,KAIA-USD,KAIA,blocked
174,1785427200,1788307200,33.333333333333336,4.0,0.7931034482758621,10.95,0.7011494252873564,0.7241379310344828,10.95,3.6038337931034476,-12.58155,10.95,0.38392858293944354,long_collect,LBank,KAIAUSDT,KAIA,blocked
174,1785427200,1788307200,33.333333333333336,4.0,0.9482758620689655,10.95,0.9310344827586207,0.9310344827586207,10.95,8.152929310344826,10.95,10.95,-0.005065946556335318,long_collect,Variational,KAIA,KAIA,blocked
656,1783126800,1788307200,59.958333333333336,1.0,0.760670731707317,10.95,0.6448170731707317,0.663109756097561,10.95,3.694556707317073,-16.3374,10.95,0.1888999342349067,long_collect,ApeX,KAITO-USDT,KAITO,blocked
656,1783126800,1788307200,59.958333333333336,1.0,0.6661585365853658,10.95,0.510670731707317,0.6295731707317073,10.95,-12.970466504099932,-87.171636,12.519791999999999,-0.15853234406838115,long_collect,Backpack,KAITO_USDC_PERP,KAITO,reachable
656,1783126800,1788307200,59.958333333333336,1.0,0.5167682926829268,1.9088039999999997,0.012195121951219513,0.5045731707317073,1.9088039999999997,4.9246823780487805,-75.601428,98.279316,-1.5406710545472797,long_collect,Crypto.com,KAITOUSD-PERP,KAITO,reachable
655,1783126800,1788307200,59.958333333333336,1.0,0.7862595419847328,11.388,0.7358778625954199,0.7419847328244275,11.388,0.13507786259541968,-33.288000000000004,11.388,-0.7433016343050538,long_collect,Extended,KAITO-USD,KAITO,blocked
655,1783126800,1788307200,59.958333333333336,1.0,0.2916030534351145,-85.4390212976729,0.0015267175572519084,0.0,-85.4390212976729,-3.1504754597475984,-259.03969700000033,350.589311370968,-2.0479721746958117,long_collect,Kraken,PF_KAITOUSD,KAITO,reachable
655,1783126800,1788307200,59.958333333333336,1.0,0.9374045801526718,10.511999999999999,0.9083969465648855,0.916030534351145,10.511999999999999,6.497111450381678,10.511999999999999,10.511999999999999,-0.2972778836786839,long_collect,Lighter,KAITO,KAITO,blocked
164,1783137600,1788307200,59.833333333333336,4.0,0.7560975609756098,10.183499999999999,0.012195121951219513,0.524390243902439,10.183499999999999,1.581073170731707,-17.082,10.95,-0.0850992678283111,long_collect,BingX,KAITO-USDT,KAITO,reachable
164,1783137600,1788307200,59.833333333333336,4.0,0.8170731707317073,10.95,0.7317073170731707,0.7378048780487805,10.95,2.471655365853658,-27.7035,10.95,-0.5922554607821533,long_collect,Bitunix,KAITOUSDT,KAITO,blocked
163,1783137600,1788307200,59.833333333333336,4.0,0.9141104294478528,10.95,0.852760736196319,0.8588957055214724,10.95,8.210484662576686,3.942,10.95,-0.1386264003047234,long_collect,GRVT,KAITO_USDT_Perp,KAITO,blocked
163,1783137600,1788307200,59.833333333333336,4.0,0.8159509202453987,10.95,0.7361963190184049,0.7668711656441718,10.95,2.2692699386503064,-26.717999999999996,10.95,-0.6011002110302974,long_collect,MEXC,KAITO_USDT,KAITO,blocked
163,1783137600,1788307200,59.833333333333336,4.0,0.9570552147239264,10.95,0.9570552147239264,0.9570552147239264,10.95,5.818856871165643,10.95,10.95,0.0926932428309039,long_collect,WhiteBIT,KAITO_PERP,KAITO,reachable
81,1783152001,1788307200,59.66665509259259,8.0,0.18518518518518517,0.0,0.4074074074074074,0.0,0.0,-27.239368703703704,-90.65286,10.86459,-0.17418344498846436,long_collect,CoinEx,KAITOUSDT,KAITO,blocked
92,1784160000,1788307200,48.0,4.0,0.5869565217391305,9.198,0.03260869565217391,0.5217391304347826,9.198,-5.977271739130435,-47.742000000000004,10.95,-0.5019827769101529,long_collect,KuCoin,KAITOUSDTM,KAITO,reachable
71,1784462400,1788307200,44.5,4.0,0.9859154929577465,10.95,0.7464788732394366,0.9577464788732394,10.95,10.701512112676056,10.77261,11.27631,-0.0023335539031485502,long_collect,Orderly,PERP_KAITO_USDC_mythos,KAITO,reachable
61,1784620800,1788307200,42.666666666666664,4.0,0.5245901639344263,0.99645,0.03278688524590164,0.5245901639344263,0.99645,-11.082943770491804,-39.2229,12.23553,-0.8182398734577484,long_collect,edgeX,KAITOUSDC,KAITO,blocked
192,1787619600,1788307200,7.958333333333333,1.0,0.609375,9.38196,0.0,0.5416666666666666,9.38196,-6.68415375,-44.38692,10.95,-2.835781886444402,long_collect,Pacifica,KAITO,KAITO,blocked
48,1787630400,1788307200,7.833333333333333,4.0,0.3958333333333333,-17.191499999999998,0.0,0.0,-17.191499999999998,-17.958000000000002,-53.217000000000006,10.95,-4.479752930959618,long_collect,LBank,KAITOUSDT,KAITO,blocked
48,1787630400,1788307200,7.833333333333333,4.0,0.4791666666666667,-3.57575,0.0,0.0,-3.57575,-21.15125625,-72.03739999999999,10.95,-2.54608681068172,long_collect,Variational,KAITO,KAITO,blocked
24,1787644800,1788307200,7.666666666666667,8.0,0.125,-15.526552500000001,0.0,0.0,-15.526552500000001,-30.636457500000002,-147.480075,79.973325,2.274591130434784,long_collect,Bitfinex,tKAITOF0:USTF0,KAITO,untested
1440,1783126800,1788307200,59.958333333333336,1.0,0.4625,-8.226734172165546,0.004166666666666667,0.0,-8.226734172165546,-39.05404588387105,-125.204052,14.653728,-1.5529771208735141,long_collect,Backpack,KMNO_USDC_PERP,KMNO,reachable
360,1783137600,1788307200,59.833333333333336,4.0,0.9277777777777778,10.95,0.8555555555555555,0.8555555555555555,10.95,-0.9306283333333335,7.664999999999999,10.95,-0.09234824728585865,long_collect,BingX,KMNO-USDT,KMNO,reachable
360,1783137600,1788307200,59.833333333333336,4.0,0.7555555555555555,10.95,0.6333333333333333,0.65,10.95,-11.647280798599535,-24.61122,10.95,-0.175894123746725,long_collect,Bitunix,KMNOUSDT,KMNO,blocked
360,1783137600,1788307200,59.833333333333336,4.0,0.7388888888888889,10.95,0.6388888888888888,0.6666666666666666,10.95,-13.437475,-29.127000000000002,10.95,-0.11422813833440074,long_collect,MEXC,KMNO_USDT,KMNO,blocked
360,1783137600,1788307200,59.833333333333336,4.0,0.9944444444444445,10.95,0.9944444444444445,0.9944444444444445,10.95,6.467246416666667,10.95,10.95,-0.06503019110486964,long_collect,WhiteBIT,KMNO_PERP,KMNO,reachable
163,1783152000,1788307200,59.666666666666664,8.0,0.20245398773006135,0.0,0.3558282208588957,0.0,0.0,-18.40675518404908,-64.001655,51.41901,0.6908282765342847,long_collect,CoinEx,KMNOUSDT,KMNO,blocked
201,1785427200,1788307200,33.333333333333336,4.0,0.7512437810945274,10.95,0.681592039800995,0.7064676616915423,10.95,-24.874466716417913,-40.9092,10.95,2.9651959925816462,long_collect,LBank,KMNOUSDT,KMNO,blocked
201,1785427200,1788307200,33.333333333333336,4.0,0.8955223880597015,10.95,0.8955223880597015,0.8955223880597015,10.95,-20.37356815920398,-2.5879000000000003,10.95,2.7461105151470373,long_collect,Variational,KMNO,KMNO,blocked
1376,1783126800,1788307200,59.958333333333336,1.0,0.6991279069767442,65.52042,0.005813953488372093,0.5247093023255814,65.52042,73.98096742151164,-77.79318,210.864588,-3.894992092185879,long_collect,Crypto.com,KSMUSD-PERP,KSM,reachable
1376,1783126800,1788307200,59.958333333333336,1.0,0.17369186046511628,-75.6906109080773,0.002180232558139535,0.0,-75.6906109080773,-58.14257706449709,-244.88319519909507,36.53842294397208,-0.2863888446802252,long_collect,Kraken,PF_KSMUSD,KSM,reachable
172,1783152000,1788307200,59.666666666666664,8.0,0.9302325581395349,10.95,0.8197674418604651,0.8604651162790697,10.95,9.575393023255813,7.446,10.95,0.04183060033336905,long_collect,BingX,KSM-USDT,KSM,reachable
172,1783152000,1788307200,59.666666666666664,8.0,0.8604651162790697,10.95,0.5174418604651163,0.622093023255814,10.95,7.282340488027219,-2.6214299999999997,10.95,0.10179557535991007,long_collect,Bitunix,KSMUSDT,KSM,blocked
172,1783152000,1788307200,59.666666666666664,8.0,0.8895348837209303,10.95,0.8197674418604651,0.872093023255814,10.95,7.4867441860465105,-1.971,10.95,0.3255896371763232,long_collect,KuCoin,KSMUSDTM,KSM,reachable
172,1783152000,1788307200,59.666666666666664,8.0,0.8895348837209303,10.95,0.8372093023255814,0.8546511627906976,10.95,8.539726744186046,-1.2045,10.95,-0.06559186545371294,long_collect,MEXC,KSM_USDT,KSM,blocked
172,1783152000,1788307200,59.666666666666664,8.0,0.9941860465116279,10.95,0.9941860465116279,0.9941860465116279,10.95,10.813328720930231,10.95,10.95,0.012529185950343972,long_collect,WhiteBIT,KSM_PERP,KSM,reachable
155,1783152000,1788307200,59.666666666666664,8.0,0.25806451612903225,0.0,0.432258064516129,0.0,0.0,-1.3597215483870968,-25.472984999999998,24.550995,0.5126518784752777,long_collect,CoinEx,KSMUSDT,KSM,blocked
927,1784743200,1788307200,41.25,1.0,0.6148867313915858,11.388,0.5026968716289104,0.5361380798274002,11.388,-34.072336569579285,-165.56400000000002,11.388,3.793959791577654,long_collect,Extended,KSM-USD,KSM,blocked
93,1785427200,1788307200,33.333333333333336,8.0,0.7849462365591398,10.95,0.6989247311827957,0.7311827956989247,10.95,6.48874629032258,-6.95325,10.95,0.252068243908344,long_collect,LBank,KSMUSDT,KSM,blocked
93,1785427200,1788307200,33.333333333333336,8.0,0.22580645161290322,-12.9047,0.010752688172043012,0.0,-12.9047,-22.90855913978495,-70.5529,10.95,1.369938776113465,long_collect,Variational,KSM,KSM,blocked
180,1783152000,1788307200,59.666666666666664,8.0,0.18888888888888888,0.0,0.5388888888888889,0.0,0.0,-16.513816666666667,-125.48700000000001,37.5585,0.5881913207197752,long_collect,MEXC,KSTR_USDT,KSTR,blocked
171,1783411200,1788307200,56.666666666666664,8.0,1.0,10.95,1.0,1.0,10.95,10.95,10.95,10.95,0.0,long_collect,HTX,KSTR-USDT,KSTR,reachable
101,1785427200,1788307200,33.333333333333336,8.0,0.18811881188118812,-3.9452849999999997,0.0594059405940594,0.0,-3.9452849999999997,-13.62362185591525,-55.065360000000005,22.658835,-0.21776236493413598,long_collect,Bitunix,KSTRUSDT,KSTR,blocked
101,1785427200,1788307200,33.333333333333336,8.0,0.1782178217821782,0.0,0.594059405940594,0.0,0.0,-9.671766386138614,-67.617345,17.40174,-0.35236165072801384,long_collect,LBank,KSTRUSDT,KSTR,blocked
101,1785427200,1788307200,33.333333333333336,8.0,0.15841584158415842,0.0,0.6237623762376238,0.0,0.0,-9.47509207920792,-65.51749999999998,12.970799999999999,-0.34457450669772866,long_collect,Variational,KSTR,KSTR,blocked
799,1785434400,1788307200,33.25,1.0,0.0,0.0,1.0,0.0,0.0,0.0,0.0,0.0,0.0,long_collect,tradeXYZ,xyz:KSTR,KSTR,blocked
95,1785600000,1788307200,31.333333333333332,8.0,0.8842105263157894,10.95,0.8,0.8526315789473684,10.95,5.613315789473684,-5.037,10.95,-1.1241790523516235,long_collect,KuCoin,KSTRUSDTM,KSTR,reachable
87,1785830400,1788307200,28.666666666666668,8.0,0.5172413793103449,5.475,0.034482758620689655,0.5172413793103449,5.475,0.36953103448275837,-16.906800000000004,31.2075,2.201949845082744,long_collect,BingX,NCSKKSTR2USD-USDT,KSTR,reachable
201,1785427200,1788307200,33.333333333333336,4.0,0.6467661691542289,10.95,0.6119402985074627,0.6368159203980099,10.95,-154.09191940298507,-416.1223,10.95,21.784414071523567,long_collect,Variational,LAGRANGE,LAGRANGE,blocked
180,1783152000,1788307200,59.666666666666664,8.0,0.19444444444444445,-14.454,0.09444444444444444,0.0,-14.454,-10.430483333333333,-21.9,5.912999999999999,0.22898238217228925,long_collect,MEXC,LEAD_USDT,LEAD,blocked
65,1785513600,1788307200,32.333333333333336,8.0,0.24615384615384617,-9.636,0.12307692307692308,0.0,-9.636,-5.303169230769231,-14.454,7.008,0.43604296516803326,long_collect,BingX,NCCOLEAD2USD-USDT,LEAD,reachable
1440,1783126800,1788307200,59.958333333333336,1.0,0.6138888888888889,38.61145199999999,0.00625,0.5270833333333333,38.61145199999999,49.798733025000004,-98.327496,206.63613600000002,-3.9448178084983643,long_collect,Crypto.com,LIGHTERUSD-PERP,LIGHTER,reachable
360,1783137600,1788307200,59.833333333333336,4.0,0.9166666666666666,10.95,0.7444444444444445,0.775,10.95,8.220286666666667,2.6717999999999997,10.95,0.10601716340403859,long_collect,BingX,LIGHTER-USDT,LIGHTER,reachable
360,1783137600,1788307200,59.833333333333336,4.0,0.8777777777777778,10.95,0.7888888888888889,0.8222222222222222,10.95,7.686962846289824,-3.29376,10.95,0.08038658288343209,long_collect,Bitunix,LIGHTERUSDT,LIGHTER,blocked
201,1785427200,1788307200,33.333333333333336,4.0,0.9054726368159204,10.95,0.8706467661691543,0.8805970149253731,10.95,8.7035815920398,6.988099999999998,10.95,-0.17077658578395152,long_collect,Variational,LIGHTER,LIGHTER,blocked
734,1783126800,1788307200,59.958333333333336,1.0,1.0,10.95,1.0,1.0,10.95,10.95,10.95,10.95,0.0,long_collect,ApeX,LINEA-USDT,LINEA,blocked
734,1783126800,1788307200,59.958333333333336,1.0,0.6662125340599455,10.95,0.5122615803814714,0.6471389645776566,10.95,-6.434934531827138,-79.84477199999999,18.547015859903034,0.8159417415433646,long_collect,Backpack,LINEA_USDC_PERP,LINEA,reachable
734,1783126800,1788307200,59.958333333333336,1.0,0.3869209809264305,-21.830796,0.005449591280653951,0.0,-21.830796,-2.2537045340599455,-91.55864400000002,153.629376,-0.2326440106647538,long_collect,Crypto.com,LINEAUSD-PERP,LINEA,reachable
733,1783126800,1788307200,59.958333333333336,1.0,0.9195088676671214,11.388,0.8553888130968622,0.869031377899045,11.388,9.405347885402456,5.256,11.388,0.046760654057804975,long_collect,Extended,LINEA-USD,LINEA,blocked
733,1783126800,1788307200,59.958333333333336,1.0,0.9304229195088677,10.511999999999999,0.8963165075034106,0.8990450204638472,10.511999999999999,8.615394270122781,7.884,10.511999999999999,-0.04576251334659907,long_collect,Lighter,LINEA,LINEA,blocked
183,1783137600,1788307200,59.833333333333336,4.0,0.9836065573770492,10.95,0.9672131147540983,0.9672131147540983,10.95,10.60055737704918,10.95,10.95,0.009943284419812064,long_collect,BingX,LINEA-USDT,LINEA,reachable
183,1783137600,1788307200,59.833333333333336,4.0,0.9180327868852459,10.95,0.7978142076502732,0.8415300546448088,10.95,8.640460173749648,2.74188,10.95,0.05872435939675811,long_collect,Bitunix,LINEAUSDT,LINEA,blocked
183,1783137600,1788307200,59.833333333333336,4.0,1.0,10.95,1.0,1.0,10.95,10.95,10.95,10.95,0.0,long_collect,GRVT,LINEA_USDT_Perp,LINEA,blocked
183,1783137600,1788307200,59.833333333333336,4.0,0.9234972677595629,10.95,0.7923497267759563,0.819672131147541,10.95,8.605622950819672,0.876,10.95,0.05846501394310139,long_collect,MEXC,LINEA_USDT,LINEA,blocked
135,1783137600,1785067200,22.333333333333332,4.0,0.0,0.0,0.6074074074074074,0.0,0.0,-28.91231511111111,-90.16010999999999,0.0,-1.8317520193151888,long_collect,Orderly,PERP_LINEA_USDC,LINEA,reachable
183,1783137600,1788307200,59.833333333333336,4.0,1.0,10.95,1.0,1.0,10.95,10.95,10.95,10.95,0.0,long_collect,WhiteBIT,LINEA_PERP,LINEA,reachable
91,1783152001,1788307200,59.66665509259259,8.0,0.7252747252747253,20.437079999999998,0.01098901098901099,0.5494505494505495,20.437079999999998,23.28388747252747,-38.350184999999996,66.58804500000001,0.2878517235734706,long_collect,CoinEx,LINEAUSDT,LINEA,blocked
112,1784160000,1788307200,48.0,4.0,0.9553571428571429,10.95,0.9553571428571429,0.9553571428571429,10.95,9.092410714285714,10.95,10.95,0.10050109671669148,long_collect,KuCoin,LINEAUSDTM,LINEA,reachable
48,1787630400,1788307200,7.833333333333333,4.0,1.0,10.95,1.0,1.0,10.95,10.949999999999998,10.95,10.95,4.932521508980708e-32,long_collect,LBank,LINEAUSDT,LINEA,blocked
48,1787630400,1788307200,7.833333333333333,4.0,0.9583333333333334,10.95,0.9583333333333334,0.9583333333333334,10.95,9.994214583333333,10.95,10.95,-0.1482947351280937,long_collect,Variational,LINEA,LINEA,blocked
1440,1783126800,1788307200,59.958333333333336,1.0,0.7791666666666667,5.00196,0.3,0.7756944444444445,5.00196,27.192235983333337,-63.959388000000004,121.852476,-2.5618816001292437,long_collect,Crypto.com,LLYUSD-PERP,LLY,reachable
1440,1783126800,1788307200,59.958333333333336,1.0,0.8395833333333333,5.475,0.42569444444444443,0.8013888888888889,5.475,8.818344033333332,-7.120566,29.593557599999997,0.03859318998379147,long_collect,tradeXYZ,xyz:LLY,LLY,blocked
185,1783152000,1788307200,59.666666666666664,8.0,0.07027027027027027,-1.4278769675737206,0.0972972972972973,0.0,-1.4278769675737206,-1.7127829603349984,-7.858815,-0.22557,-0.021908983282568184,long_collect,Bitunix,LLYUSDT,LLY,blocked
185,1783152000,1788307200,59.666666666666664,8.0,0.20540540540540542,0.0,0.7513513513513513,0.0,0.0,6.23202972972973,0.0,29.346,-0.2473701313061448,long_collect,GRVT,LLY_USDT_Perp,LLY,blocked
180,1783152000,1788307200,59.666666666666664,8.0,0.3,0.0,0.7,0.0,0.0,3.2849999999999997,0.0,10.95,-0.22995709744127904,long_collect,HTX,LLY-USDT,LLY,reachable
180,1783152000,1788307200,59.666666666666664,8.0,0.8555555555555555,10.95,0.7666666666666667,0.8166666666666667,10.95,4.7303999999999995,-19.162499999999998,10.95,0.4370131176888175,long_collect,KuCoin,LLYUSDTM,LLY,reachable
180,1783152000,1788307200,59.666666666666664,8.0,0.9722222222222222,10.95,0.7833333333333333,0.9722222222222222,10.95,20.976245833333333,10.95,37.85415,-0.5897926048643476,long_collect,WhiteBIT,LLY_PERP,LLY,reachable
106,1785427200,1788307200,33.333333333333336,8.0,0.0660377358490566,0.0,0.9150943396226415,0.0,0.0,0.3806674528301886,0.0,0.0,0.03931096592650609,long_collect,LBank,LLYUSDT,LLY,blocked
106,1785427200,1788307200,33.333333333333336,8.0,0.03773584905660377,0.0,0.9339622641509434,0.0,0.0,0.3316811320754716,0.0,0.0,0.007250926266058234,long_collect,Variational,LLY,LLY,blocked
107,1785513600,1788307200,32.333333333333336,8.0,0.8037383177570093,10.95,0.5514018691588785,0.7383177570093458,10.95,13.214500934579439,-10.95,47.303999999999995,-0.7266075283088543,long_collect,BingX,NCSKLLY2USD-USDT,LLY,reachable
98,1785513600,1788307200,32.333333333333336,8.0,0.07142857142857142,0.0,0.9081632653061225,0.0,0.0,-0.6592346938775511,0.0,0.0,0.07359619761681614,long_collect,MEXC,LLYSTOCK_USDT,LLY,blocked
35,1788184800,1788307200,1.4166666666666667,1.0,1.0,39.802600253279785,0.08571428571428572,0.7714285714285715,39.802600253279785,61.86665408117017,24.069919616495095,96.77935604398122,52.9867028382585,short,Nado,LLY-PERP,LLY,reachable
360,1783137600,1788307200,59.833333333333336,4.0,1.0,66.576,0.005555555555555556,0.5666666666666667,66.576,74.55952333333333,10.95,155.27100000000002,1.0851518860485034,short,BingX,LYN-USDT,LYN,reachable
360,1783137600,1788307200,59.833333333333336,4.0,0.9833333333333333,32.35725000000001,0.011111111111111112,0.5416666666666666,32.35725000000001,49.42911945552964,10.95,121.52090999999999,0.8395709996615284,long_collect,Bitunix,LYNUSDT,LYN,blocked
360,1783137600,1788307200,59.833333333333336,4.0,0.9833333333333333,34.7115,0.008333333333333333,0.5527777777777778,34.7115,50.419275,10.95,120.231,0.8618441430875239,long_collect,MEXC,LYN_USDT,LYN,blocked
289,1784160000,1788307200,48.0,4.0,1.0,10.95,0.8961937716262975,0.9965397923875432,10.95,16.867546712802767,10.95,12.702,0.0365350584655769,long_collect,KuCoin,LYNUSDTM,LYN,reachable
1017,1784649600,1788307200,42.333333333333336,1.0,0.9852507374631269,67.452,0.007866273352999017,0.576204523107178,67.452,86.9143598820059,11.388,201.48000000000002,-1.8791735553980002,long_collect,Extended,LYN-USD,LYN,blocked
201,1785427200,1788307200,33.333333333333336,4.0,1.0,58.232099999999996,0.004975124378109453,0.5771144278606966,58.232099999999996,64.26791432835822,10.95,134.42219999999998,-0.15232516358800058,long_collect,LBank,LYNUSDT,LYN,blocked
360,1783137600,1788307200,59.833333333333336,4.0,1.0,10.95,0.425,0.9416666666666667,10.95,33.89888833333333,10.95,76.0368,0.10304465481986744,long_collect,BingX,MAGMA-USDT,MAGMA,reachable
360,1783137600,1788307200,59.833333333333336,4.0,0.9833333333333333,12.47862,0.011111111111111112,0.9833333333333333,12.47862,28.096415406573673,10.95,69.40767,0.6687014133249112,long_collect,Bitunix,MAGMAUSDT,MAGMA,blocked
360,1783137600,1788307200,59.833333333333336,4.0,1.0,12.3735,0.005555555555555556,1.0,12.3735,28.365366666666663,10.95,70.299,0.6157350797459857,long_collect,MEXC,MAGMA_USDT,MAGMA,blocked
289,1784160000,1788307200,48.0,4.0,0.9792387543252595,10.95,0.8235294117647058,0.972318339100346,10.95,23.377681660899654,10.95,57.597,-0.12088507338026494,short,KuCoin,MAGMAUSDTM,MAGMA,reachable
201,1785427200,1788307200,33.333333333333336,4.0,1.0,21.23205,0.009950248756218905,0.5472636815920398,21.23205,36.726321791044775,10.95,93.27866999999999,0.5860595147923747,long_collect,LBank,MAGMAUSDT,MAGMA,blocked
201,1785427200,1788307200,33.333333333333336,4.0,1.0,10.95,0.7960199004975125,1.0,10.95,21.01650945273632,10.95,51.3258,0.47550108615339143,long_collect,Variational,MAGMA,MAGMA,blocked
1112,1783126800,1788307200,59.958333333333336,1.0,0.09262589928057553,-35.598012,0.011690647482014389,0.0,-35.598012,-35.37822186690647,-66.28166399999999,-0.564144,-0.02463499575299504,long_collect,Crypto.com,MANAUSD-PERP,MANA,reachable
1112,1783126800,1788307200,59.958333333333336,1.0,0.47751798561151076,-3.068952850000146,0.006294964028776978,0.0,-3.068952850000146,-7.545367972120097,-76.59929420000029,53.8168701999997,-0.3530055856595088,long_collect,Kraken,PF_MANAUSD,MANA,reachable
139,1783152000,1788307200,59.666666666666664,8.0,0.9712230215827338,10.95,0.7410071942446043,0.7697841726618705,10.95,9.503339568345323,6.570000000000001,10.95,-0.007855612831008708,long_collect,BingX,MANA-USDT,MANA,reachable
139,1783152000,1788307200,59.666666666666664,8.0,0.6834532374100719,3.8576850000000005,0.014388489208633094,0.5179856115107914,3.8576850000000005,2.7637238853105455,-9.18048,10.95,0.17327562790194342,long_collect,Bitunix,MANAUSDT,MANA,blocked
139,1783152000,1788307200,59.666666666666664,8.0,0.9136690647482014,10.95,0.8345323741007195,0.841726618705036,10.95,7.630338129496403,1.2045,10.95,-0.040500554680167944,long_collect,KuCoin,MANAUSDTM,MANA,reachable
139,1783152000,1788307200,59.666666666666664,8.0,0.6762589928057554,4.7085,0.014388489208633094,0.5251798561151079,4.7085,2.8737841726618703,-8.760000000000002,10.95,0.15751040219824494,long_collect,MEXC,MANA_USDT,MANA,blocked
139,1783152000,1788307200,59.666666666666664,8.0,1.0,10.95,1.0,1.0,10.95,10.95,10.95,10.95,0.0,long_collect,WhiteBIT,MANA_PERP,MANA,reachable
122,1783152000,1788307200,59.666666666666664,8.0,0.3114754098360656,0.0,0.4180327868852459,0.0,0.0,-1.0028674180327866,-42.905385,36.18099,-1.026306936809038,long_collect,CoinEx,MANAUSDT,MANA,blocked
60,1785427200,1788307200,33.333333333333336,8.0,0.7333333333333333,9.4613475,0.03333333333333333,0.5333333333333333,9.4613475,4.4469045,-2.8962749999999997,10.95,0.3282919870429009,long_collect,LBank,MANAUSDT,MANA,blocked
60,1785427200,1788307200,33.333333333333336,8.0,0.38333333333333336,-2.59495,0.03333333333333333,0.0,-2.59495,-6.420615000000001,-26.4218,10.95,-0.5201135281750562,long_collect,Variational,MANA,MANA,blocked
78,1786089600,1788307200,25.666666666666668,8.0,0.41025641025641024,-87.6,0.5512820512820513,0.0,-87.6,-35.921615384615386,-87.6,87.6,-2.297427117186612,long_collect,BingX,MANCER-USDT,MANCER,reachable
149,1786176000,1788307200,24.666666666666668,4.0,0.21476510067114093,-21.9,0.785234899328859,0.0,-21.9,-12.493288590604026,-21.9,21.9,-1.784732813350263,long_collect,LBank,MANCERUSDT,MANCER,blocked
101,1785427200,1788307200,33.333333333333336,8.0,0.0,0.0,0.9504950495049505,0.0,0.0,-2.5195841584158414,0.0,0.0,0.17897032032615023,long_collect,LBank,MARRIOTTUSDT,MARRIOTT,blocked
583,1783126800,1788307200,59.958333333333336,1.0,0.9725557461406518,10.95,0.9073756432246999,0.9331046312178388,10.95,9.982703670668952,10.95,10.95,-0.008865232345776677,long_collect,ApeX,MEGA-USDT,MEGA,blocked
583,1783126800,1788307200,59.958333333333336,1.0,0.888507718696398,10.95,0.4699828473413379,0.8610634648370498,10.95,30.952622737163846,-4.657692,116.79776224822527,-0.28211778200091586,long_collect,Backpack,MEGA_USDC_PERP,MEGA,reachable
583,1783126800,1788307200,59.958333333333336,1.0,0.8336192109777015,28.032,0.017152658662092625,0.6089193825042881,28.032,24.149351629502572,-23.651999999999997,55.188,0.5229931407542915,long_collect,Coinbase,MEGA-PERP,MEGA,blocked
583,1783126800,1788307200,59.958333333333336,1.0,0.23842195540308747,-37.915032000000004,0.00686106346483705,0.0,-37.915032000000004,-31.88701755746141,-85.10953200000002,40.509744,-0.4867586701056683,long_collect,Crypto.com,MEGAUSD-PERP,MEGA,reachable
583,1783126800,1788307200,59.958333333333336,1.0,0.9982847341337907,11.388,0.9914236706689536,0.9948542024013722,11.388,11.34292281303602,11.388,11.388,0.001986119078933125,long_collect,Extended,MEGA-USD,MEGA,blocked
583,1783126800,1788307200,59.958333333333336,1.0,1.0,10.511999999999999,0.8336192109777015,1.0,10.511999999999999,12.834977701543739,10.511999999999999,19.272000000000002,-0.07785485895797538,long_collect,Lighter,MEGA,MEGA,blocked
582,1783126800,1788307200,59.958333333333336,1.0,0.09106529209621993,-7.140766023813338,0.029209621993127148,0.0,-7.140766023813338,-7.017490751691249,-14.104625510882512,-0.34093635114375603,0.03759519985192724,long_collect,Nado,MEGA-PERP,MEGA,reachable
581,1783126800,1788307200,59.958333333333336,1.0,1.0,10.95,1.0,1.0,10.95,10.95,10.95,10.95,0.0,long_collect,Pacifica,MEGA,MEGA,blocked
145,1783137600,1788307200,59.833333333333336,4.0,1.0,10.95,1.0,1.0,10.95,10.95,10.95,10.95,0.0,long_collect,BingX,MEGA-USDT,MEGA,reachable
145,1783137600,1788307200,59.833333333333336,4.0,0.8758620689655172,10.95,0.7862068965517242,0.8068965517241379,10.95,8.365281804334082,-1.0034680223558932,10.95,0.050773424146448254,long_collect,Bitunix,MEGAUSDT,MEGA,blocked
145,1783137600,1788307200,59.833333333333336,4.0,1.0,10.95,1.0,1.0,10.95,10.95,10.95,10.95,0.0,long_collect,GRVT,MEGA_USDT_Perp,MEGA,blocked
145,1783137600,1788307200,59.833333333333336,4.0,0.8758620689655172,10.95,0.7862068965517242,0.8068965517241379,10.95,7.722393103448275,-3.2850000000000006,10.95,0.08379144961534221,long_collect,MEXC,MEGA_USDT,MEGA,blocked
145,1783137600,1788307200,59.833333333333336,4.0,0.9862068965517241,10.13094,0.33793103448275863,0.903448275862069,10.13094,9.62107779310345,8.39646,10.71129,0.012740010741416005,long_collect,Orderly,PERP_MEGA_USDC,MEGA,reachable
145,1783137600,1788307200,59.833333333333336,4.0,1.0,10.95,1.0,1.0,10.95,10.95,10.95,10.95,0.0,long_collect,WhiteBIT,MEGA_PERP,MEGA,reachable
74,1784160000,1788307200,48.0,4.0,1.0,10.95,0.9864864864864865,0.9864864864864865,10.95,10.876013513513513,10.95,10.95,0.005343882134212895,long_collect,KuCoin,MEGAUSDTM,MEGA,reachable
48,1787630400,1788307200,7.833333333333333,4.0,1.0,10.95,1.0,1.0,10.95,10.949999999999998,10.95,10.95,4.932521508980708e-32,long_collect,LBank,MEGAUSDT,MEGA,blocked
48,1787630400,1788307200,7.833333333333333,4.0,0.9166666666666666,10.95,0.8541666666666666,0.8541666666666666,10.95,9.032449999999999,4.394,10.95,-1.0047588797221016,long_collect,Variational,MEGA,MEGA,blocked
1094,1783130400,1788307200,59.916666666666664,1.0,0.7257769652650823,21.9,0.010968921389396709,0.5511882998171846,21.9,18.41121389396709,-31.536,66.57600000000001,0.24765612636785375,long_collect,Coinbase,MERL-PERP,MERL,blocked
274,1783137600,1788307200,59.833333333333336,4.0,1.0,10.95,0.6970802919708029,1.0,10.95,21.092257664233575,10.95,47.961000000000006,0.18524070615827315,long_collect,BingX,MERL-USDT,MERL,reachable
274,1783137600,1788307200,59.833333333333336,4.0,1.0,10.95,1.0,1.0,10.95,10.95,10.95,10.95,0.0,long_collect,Bitunix,MERLUSDT,MERL,blocked
274,1783137600,1788307200,59.833333333333336,4.0,1.0,10.95,1.0,1.0,10.95,10.95,10.95,10.95,0.0,long_collect,MEXC,MERL_USDT,MERL,blocked
274,1783137600,1788307200,59.833333333333336,4.0,0.5364963503649635,7.394535,0.0072992700729927005,0.5072992700729927,7.394535,5.859504854014599,0.0,12.76989,0.23224960547459658,long_collect,Orderly,PERP_MERL_USDC,MERL,reachable
274,1783137600,1788307200,59.833333333333336,4.0,1.0,10.95,1.0,1.0,10.95,10.95,10.95,10.95,0.0,long_collect,WhiteBIT,MERL_PERP,MERL,reachable
203,1784160000,1788307200,48.0,4.0,0.9901477832512315,10.95,0.916256157635468,0.9852216748768473,10.95,13.21551724137931,10.95,10.95,-0.14580059583954152,long_collect,KuCoin,MERLUSDTM,MERL,reachable
115,1785427200,1788307200,33.333333333333336,4.0,1.0,10.95,1.0,1.0,10.95,10.95,10.95,10.95,0.0,long_collect,LBank,MERLUSDT,MERL,blocked
58,1785427200,1788307200,33.333333333333336,8.0,1.0,10.95,0.8448275862068966,0.9827586206896551,10.95,16.138848275862067,10.95,30.873699999999992,-0.33468288680482916,long_collect,Variational,MERL,MERL,blocked
741,1783126800,1788307200,59.958333333333336,1.0,1.0,10.95,1.0,1.0,10.95,10.95,10.95,10.95,0.0,long_collect,ApeX,MET-USDT,MET,blocked
740,1783126800,1788307200,59.958333333333336,1.0,0.85,26.336928447576682,0.0,0.522972972972973,26.336928447576682,40.7503751862906,-23.491692,137.80356,0.7000713590992134,short,Backpack,MET_USDC_PERP,MET,reachable
740,1783126800,1788307200,59.958333333333336,1.0,0.2972972972972973,-54.394782000000006,0.0,0.0,-54.394782000000006,-56.665376367567575,-183.811956,76.660512,0.565558356717689,long_collect,Crypto.com,METUSD-PERP,MET,reachable
740,1783126800,1788307200,59.958333333333336,1.0,0.8891891891891892,10.511999999999999,0.8432432432432433,0.8743243243243243,10.511999999999999,4.763545945945944,-3.504,10.511999999999999,0.00589710011818347,long_collect,Lighter,MET,MET,blocked
185,1783137600,1788307200,59.833333333333336,4.0,0.9405405405405406,10.95,0.8108108108108109,0.8162162162162162,10.95,8.693968145489446,3.4762061386076493,10.95,-0.05435567995614204,long_collect,Bitunix,METUSDT,MET,blocked
185,1783137600,1788307200,59.833333333333336,4.0,0.9297297297297298,10.95,0.8216216216216217,0.8324324324324325,10.95,8.65701081081081,3.942,10.95,-0.059569773569992594,long_collect,MEXC,MET_USDT,MET,blocked
185,1783137600,1788307200,59.833333333333336,4.0,1.0,10.95,1.0,1.0,10.95,10.95,10.95,10.95,0.0,long_collect,WhiteBIT,MET_PERP,MET,reachable
114,1784160000,1788307200,48.0,4.0,0.7105263157894737,10.95,0.5877192982456141,0.6052631578947368,10.95,-6.222289473684211,-27.813,10.95,0.42194707516446883,long_collect,KuCoin,METUSDTM,MET,reachable
1304,1783126800,1788307200,59.958333333333336,1.0,0.12039877300613497,-121.67676865000013,0.0023006134969325155,0.0,-121.67676865000013,-85.74374418856806,-331.78515695000027,22.743876350000292,1.1909903147430696,long_collect,Kraken,PF_MEWUSD,MEW,reachable
326,1783137600,1788307200,59.833333333333336,4.0,0.9815950920245399,10.95,0.941717791411043,0.950920245398773,10.95,10.446165644171778,10.95,10.95,0.018258897288478834,long_collect,BingX,MEW-USDT,MEW,reachable
326,1783137600,1788307200,59.833333333333336,4.0,0.911042944785276,10.95,0.843558282208589,0.8496932515337423,10.95,7.57757711458503,1.05996,10.95,0.12368477626117852,long_collect,Bitunix,MEWUSDT,MEW,blocked
325,1783137600,1788307200,59.833333333333336,4.0,0.9138461538461539,10.95,0.8707692307692307,0.8707692307692307,10.95,7.853003076923076,3.942,10.95,0.12607616889218076,long_collect,MEXC,MEW_USDT,MEW,blocked
325,1783137600,1788307200,59.833333333333336,4.0,1.0,10.95,1.0,1.0,10.95,10.95,10.95,10.95,0.0,long_collect,WhiteBIT,MEW_PERP,MEW,reachable
146,1783152000,1788307200,59.666666666666664,8.0,0.14383561643835616,0.0,0.5273972602739726,0.0,0.0,-6.90576,-33.927479999999996,12.8553,0.04544475445756927,long_collect,CoinEx,MEWUSDT,MEW,blocked
255,1784160000,1788307200,48.0,4.0,0.7647058823529411,10.95,0.7137254901960784,0.7294117647058823,10.95,-1.651517647058824,-42.924,10.95,0.1769428686127019,long_collect,KuCoin,MEWUSDTM,MEW,reachable
166,1785427200,1788307200,33.333333333333336,4.0,0.9759036144578314,10.95,0.9578313253012049,0.963855421686747,10.95,10.414373493975903,10.95,10.95,0.027694258313514106,long_collect,LBank,MEWUSDT,MEW,blocked
166,1785427200,1788307200,33.333333333333336,4.0,0.536144578313253,4.5067,0.012048192771084338,0.5060240963855421,4.5067,-11.396074096385542,-58.7406,10.95,-0.09078583518571574,long_collect,Variational,MEW,MEW,blocked
852,1783126800,1788307200,59.958333333333336,1.0,0.8403755868544601,19.272,0.018779342723004695,0.5915492957746479,19.272,18.35898591549296,-8.760000000000002,43.8,-0.2992773648333059,long_collect,Coinbase,MRVL-PERP,MRVL,blocked
852,1783126800,1788307200,59.958333333333336,1.0,0.4307511737089202,-7.515204000000001,0.014084507042253521,0.0,-7.515204000000001,-15.31420423943662,-49.238208,5.00196,0.04220911332311181,long_collect,Crypto.com,MRVLUSD-PERP,MRVL,reachable
851,1783126800,1788307200,59.958333333333336,1.0,0.9647473560517039,3.504,0.7591069330199764,0.9612220916568742,3.504,7.046086956521739,3.504,25.404,-0.13341841056741807,long_collect,Lighter,MRVL,MRVL,blocked
851,1783126800,1788307200,59.958333333333336,1.0,0.600470035252644,7.4836028105993755,0.007050528789659225,0.5240893066980024,7.4836028105993755,7.13127820682327,-29.698707620479702,45.127310473826704,0.21841736789206617,short,Nado,MRVL-PERP,MRVL,reachable
851,1783126800,1788307200,59.958333333333336,1.0,0.9012925969447708,5.475,0.39600470035252644,0.8883666274970623,5.475,11.141266519388953,1.4784252,34.2722736,-0.17557097258847565,long_collect,tradeXYZ,xyz:MRVL,MRVL,blocked
213,1783137600,1788307200,59.833333333333336,4.0,0.892018779342723,43.738679999999995,0.004694835680751174,0.5633802816901409,43.738679999999995,42.98753056338028,-1.6819199999999999,97.53822,-0.7620902645863914,long_collect,edgeX,MRVLUSDC,MRVL,blocked
113,1783152000,1788307200,59.666666666666664,8.0,0.6814159292035398,3.21492,0.008849557522123894,0.5663716814159292,3.21492,7.621471076810593,-6.680136754907871,24.715245,0.06554143115410599,long_collect,Bitunix,MRVLUSDT,MRVL,blocked
111,1783152000,1788307200,59.666666666666664,8.0,0.6846846846846847,21.9,0.009009009009009009,0.5495495495495496,21.9,33.11733783783784,0.0,90.99449999999999,-0.6598002430151001,long_collect,GRVT,MRVL_USDT_Perp,MRVL,blocked
106,1783152000,1788307200,59.666666666666664,8.0,0.16981132075471697,0.0,0.8301886792452831,0.0,0.0,1.9680687382921862,0.0,10.95,-0.0992544928485831,long_collect,HTX,MRVL-USDT,MRVL,reachable
106,1783152000,1788307200,59.666666666666664,8.0,0.9150943396226415,10.95,0.7075471698113207,0.8773584905660378,10.95,12.251603773584904,2.2994999999999997,23.651999999999997,-0.14742590746612114,long_collect,KuCoin,MRVLUSDTM,MRVL,reachable
106,1783152000,1788307200,59.666666666666664,8.0,1.0,10.95,0.839622641509434,0.9811320754716981,10.95,10.825366273584905,10.69596,11.131770000000001,-0.0036493747095462012,long_collect,Orderly,PERP_MRVL_USDC_mythos,MRVL,reachable
106,1783152000,1788307200,59.666666666666664,8.0,0.8867924528301887,11.218274999999998,0.02830188679245283,0.8867924528301887,11.218274999999998,30.339350943396227,-10.95,57.0276,-0.6223066449544032,long_collect,WhiteBIT,MRVL_PERP,MRVL,reachable
715,1783616400,1788307200,54.291666666666664,1.0,0.5048951048951049,0.876,0.005594405594405594,0.5048951048951049,0.876,20.680951048951048,-5.256,88.476,-0.19558521185549685,long_collect,Extended,MRVL-USD,MRVL,blocked
27,1785427200,1788307200,33.333333333333336,8.0,0.5925925925925926,13.069919999999998,0.037037037037037035,0.5555555555555556,13.069919999999998,10.480934444444445,0.0,34.134435,0.3114526001452725,long_collect,LBank,MRVLUSDT,MRVL,blocked
27,1785427200,1788307200,33.333333333333336,8.0,0.5925925925925926,9.067400000000001,0.037037037037037035,0.5555555555555556,9.067400000000001,9.022992592592594,0.0,31.9068,0.2589166800605817,long_collect,Variational,MRVL,MRVL,blocked
24,1787644800,1788307200,7.666666666666667,8.0,0.9583333333333334,23.542499999999997,0.08333333333333333,0.5416666666666666,23.542499999999997,23.1820625,3.723,44.019000000000005,-0.11868847826086949,long_collect,BingX,NCSKMRVL2USD-USDT,MRVL,reachable
24,1787644800,1788307200,7.666666666666667,8.0,0.4583333333333333,0.0,0.5,0.0,0.0,14.495062500000001,0.0,46.209,-0.6057254347826089,long_collect,MEXC,MRVLSTOCK_USDT,MRVL,blocked
634,1786028400,1788307200,26.375,1.0,0.6845425867507886,43.449381,0.0,0.5315457413249212,43.449381,100.26490098548896,-184.84563599999998,428.52500879999997,-11.292027868617772,long_collect,tradeXYZ,xyz:NCLD,NCLD,blocked
23,1784620800,1785427200,9.333333333333334,8.0,0.9565217391304348,4.380000000000001,0.9130434782608695,0.9565217391304348,4.380000000000001,4.284782608695653,4.380000000000001,4.380000000000001,0.032250454112966044,long_collect,BingX,NCSKMRNA2USD/USDT:USDT,NCSKMRNA2USD,reachable
69,1785427200,1788307200,33.333333333333336,8.0,0.463768115942029,-5.475,0.028985507246376812,0.0,-5.475,-6.178021739130434,-10.95,4.380000000000001,-1.040919542923234,long_collect,BingX,NCSKMRNA2USD-USDT,NCSKMRNA2USD,reachable
101,1785427200,1788307200,33.333333333333336,8.0,0.10891089108910891,0.0,0.8712871287128713,0.0,0.0,3.0226336633663364,0.0,10.074,1.0915842632498545,long_collect,LBank,NKEUSDT,NKE,blocked
48,1785484800,1788307200,32.666666666666664,8.0,0.9583333333333334,10.95,0.5416666666666666,0.8541666666666666,10.95,13.00449375,5.475,67.1235,2.6251361371747377,long_collect,BingX,NCSKNKE2USD-USDT,NKE,reachable
98,1785513600,1788307200,32.333333333333336,8.0,0.10204081632653061,0.0,0.8775510204081632,0.0,0.0,-9.365602040816325,0.0,10.512,-1.0996243712105267,long_collect,MEXC,NKESTOCK_USDT,NKE,blocked
27,1787558400,1788307200,8.666666666666666,8.0,0.2962962962962963,-5.16183,0.1111111111111111,0.0,-5.16183,14.147237777777777,-12.49176,87.0525,-1.9212456868131869,long_collect,Bitunix,NKEUSDT,NKE,blocked
1337,1783126800,1788307200,59.958333333333336,1.0,0.9992520568436799,3.504,0.994016454749439,0.9992520568436799,3.504,3.624556469708302,3.504,3.504,-0.0137000469320962,long_collect,Lighter,NOW,NOW,blocked
1336,1783126800,1788307200,59.958333333333336,1.0,0.8622754491017964,8.9027442,0.008233532934131737,0.5254491017964071,8.9027442,11.678501073952095,-7.7458548,37.335558,0.07068819130134293,long_collect,tradeXYZ,xyz:NOW,NOW,blocked
167,1783152000,1788307200,59.666666666666664,8.0,0.38323353293413176,-0.1184460394867998,0.23952095808383234,0.0,-0.1184460394867998,1.5775884850580661,-2.929125,3.3890249999999997,-0.06569958999198401,long_collect,Bitunix,NOWUSDT,NOW,blocked
167,1783152000,1788307200,59.666666666666664,8.0,0.25149700598802394,0.0,0.7365269461077845,0.0,0.0,6.863748502994013,0.0,24.8565,-0.0715927893454209,long_collect,GRVT,NOW_USDT_Perp,NOW,blocked
167,1783152000,1788307200,59.666666666666664,8.0,0.32335329341317365,0.0,0.6766467065868264,0.0,0.0,3.5407185628742512,0.0,10.95,-0.23736852479862833,long_collect,HTX,NOW-USDT,NOW,reachable
167,1783152000,1788307200,59.666666666666664,8.0,0.9580838323353293,10.95,0.8203592814371258,0.9580838323353293,10.95,14.893770359281437,10.95,27.56115,-0.012373540273558697,long_collect,WhiteBIT,NOW_PERP,NOW,reachable
1237,1783486800,1788307200,55.791666666666664,1.0,0.8932902182700081,50.140488000000005,0.007275666936135812,0.5335489086499596,50.140488000000005,56.805222053354896,-1.4042279999999998,147.65242800000001,-0.8884393219028275,long_collect,Crypto.com,NOWUSD-PERP,NOW,reachable
88,1785427200,1788307200,33.333333333333336,8.0,0.07954545454545454,0.0,0.9318181818181818,0.0,0.0,2.6541306818181813,0.0,0.0,0.052597402697394116,long_collect,LBank,NOWUSDT,NOW,blocked
82,1785600000,1788307200,31.333333333333332,8.0,1.0,10.95,1.0,1.0,10.95,10.95,10.95,10.95,0.0,long_collect,KuCoin,NOWUSDTM,NOW,reachable
81,1785628800,1788307200,31.0,8.0,1.0,10.95,0.7037037037037037,0.8888888888888888,10.95,17.458625925925926,7.884,30.659999999999997,-0.6289455821341037,long_collect,BingX,NCSKNOW2USD-USDT,NOW,reachable
81,1785628800,1788307200,31.0,8.0,0.08641975308641975,0.0,0.9135802469135802,0.0,0.0,2.8848518518518516,0.0,0.0,0.023464955054564363,long_collect,MEXC,NOWSTOCK_USDT,NOW,blocked
188,1785614400,1788307200,31.166666666666668,4.0,0.3829787234042553,-17.4105,0.0,0.0,-17.4105,-27.284604255319152,-123.95399999999998,21.9,1.2283706191180535,long_collect,BingX,NCCO1OILBRENT2USD-USDT,OILBRENT,reachable
188,1785614400,1788307200,31.166666666666668,4.0,0.5372340425531915,7.248900000000001,0.0,0.5106382978723404,7.248900000000001,-6.667385106382978,-55.845,21.9,-0.42246049119841356,long_collect,BingX,NCCO1OILWTI2USD-USDT,OILWTI,reachable
180,1783152000,1788307200,59.666666666666664,8.0,0.08333333333333333,-5.784676759382206,0.03888888888888889,0.0,-5.784676759382206,-12.400208785854195,-26.560319999999997,-0.06788999999999999,-0.08964660943301388,long_collect,Bitunix,PAYPUSDT,PAYP,blocked
180,1783152000,1788307200,59.666666666666664,8.0,0.19444444444444445,0.0,0.6,0.0,0.0,-7.911983333333333,-71.832,56.721,-0.7570158543571741,long_collect,GRVT,PAYP_USDT_Perp,PAYP,blocked
180,1783152000,1788307200,59.666666666666664,8.0,0.3055555555555556,0.0,0.6611111111111111,0.0,0.0,2.262497855099413,0.0,10.95,-0.2519859435552529,long_collect,HTX,PAYP-USDT,PAYP,reachable
180,1783152000,1788307200,59.666666666666664,8.0,0.8333333333333334,10.95,0.7444444444444445,0.8277777777777777,10.95,0.8808666666666656,-36.135,10.95,0.21722361183987154,long_collect,KuCoin,PAYPUSDTM,PAYP,reachable
996,1784725200,1788307200,41.458333333333336,1.0,0.6616465863453815,5.00196,0.2891566265060241,0.6495983935742972,5.00196,-32.15852025301204,-540.616392,502.73202000000003,-3.3537268156951328,long_collect,Crypto.com,PAYPUSD-PERP,PAYP,reachable
101,1785427200,1788307200,33.333333333333336,8.0,0.06930693069306931,0.0,0.7722772277227723,0.0,0.0,-8.89639797029703,-16.388865,0.0,0.006871064414676847,long_collect,LBank,PAYPUSDT,PAYP,blocked
101,1785427200,1788307200,33.333333333333336,8.0,0.1188118811881188,0.0,0.7128712871287128,0.0,0.0,-10.592132673267326,-41.8976,3.2397,0.009286140943506214,long_collect,Variational,PAYP,PAYP,blocked
98,1785513600,1788307200,32.333333333333336,8.0,0.07142857142857142,0.0,0.7653061224489796,0.0,0.0,-9.201352040816328,-30.440999999999995,0.0,0.06247718187556192,long_collect,MEXC,PAYPSTOCK_USDT,PAYP,blocked
91,1785715200,1788307200,30.0,8.0,0.7252747252747253,10.95,0.6483516483516484,0.6923076923076923,10.95,0.0955417582417577,-18.9435,10.95,-0.10441894887720982,long_collect,BingX,NCSKPAYP2USD-USDT,PAYP,reachable
36,1787299200,1788307200,11.666666666666666,8.0,0.0,-13.298775,1.0,0.0,-13.298775,-13.298775,-13.298775,-13.298775,0.0,long_collect,Bitunix,PEPUSDT,PEP,blocked
208,1785326400,1788307200,34.5,4.0,0.49038461538461536,-3.0846149999999994,0.0,0.0,-3.0846149999999994,-3.2735340865384615,-88.94466,86.44806,0.1426075372853691,long_collect,edgeX,PYPLUSDC,PYPL,blocked
101,1785427200,1788307200,33.333333333333336,8.0,0.039603960396039604,-0.793875,0.1485148514851485,0.0,-0.793875,-2.477171881188119,-4.159905,-0.030660000000000003,0.3595721205008736,short,Bitunix,PYPLUSDT,PYPL,blocked
101,1785427200,1788307200,33.333333333333336,8.0,0.0297029702970297,0.0,0.9306930693069307,0.0,0.0,-1.009459900990099,0.0,0.0,0.2877476713453698,long_collect,LBank,PYPLUSDT,PYPL,blocked
99,1785484800,1788307200,32.666666666666664,8.0,0.0,0.0,1.0,0.0,0.0,0.0,0.0,0.0,0.0,long_collect,HTX,PYPL-USDT,PYPL,reachable
98,1785513600,1788307200,32.333333333333336,8.0,0.7755102040816326,10.95,0.6530612244897959,0.7142857142857143,10.95,5.908530612244897,-10.95,10.95,0.6514959929613832,long_collect,BingX,NCSKPYPL2USD-USDT,PYPL,reachable
98,1785513600,1788307200,32.333333333333336,8.0,0.030612244897959183,0.0,0.9387755102040817,0.0,0.0,-0.4368826530612244,0.0,0.0,0.20321891436987163,long_collect,MEXC,PYPLSTOCK_USDT,PYPL,blocked
180,1783152000,1788307200,59.666666666666664,8.0,0.2777777777777778,-2.690861881459453,0.027777777777777776,0.0,-2.690861881459453,1.3567118620688738,-37.351544999999994,101.04002999999999,0.7717388567000287,long_collect,Bitunix,QNTXUSDT,QNTX,blocked
180,1783152000,1788307200,59.666666666666664,8.0,0.3611111111111111,0.0,0.4888888888888889,0.0,0.0,24.349758333333334,-45.333,190.52999999999997,0.8232432339065007,long_collect,GRVT,QNTX_USDT_Perp,QNTX,blocked
180,1783152000,1788307200,59.666666666666664,8.0,0.35,0.0,0.6111111111111112,0.0,0.0,0.07302261819800301,0.0,10.95,-0.10587387982708525,long_collect,HTX,QNTX-USDT,QNTX,reachable
180,1783152000,1788307200,59.666666666666664,8.0,0.8055555555555556,10.95,0.5388888888888889,0.8,10.95,-6.142341666666665,-81.03,104.5725,1.03046364239637,long_collect,KuCoin,QNTXUSDTM,QNTX,reachable
180,1783152000,1788307200,59.666666666666664,8.0,0.9166666666666666,10.95,0.4777777777777778,0.9166666666666666,10.95,40.5111675,10.95,128.10405,-0.14932418238217227,long_collect,WhiteBIT,QNTX_PERP,QNTX,reachable
101,1785427200,1788307200,33.333333333333336,8.0,0.25742574257425743,0.0,0.6237623762376238,0.0,0.0,5.915168316831682,-7.3365,72.5985,1.0686715317414095,long_collect,LBank,QNTXUSDT,QNTX,blocked
101,1785427200,1788307200,33.333333333333336,8.0,0.2871287128712871,0.0,0.6039603960396039,0.0,0.0,13.031080198019803,-2.4097,93.7673,1.6114418963308097,long_collect,Variational,QNTX,QNTX,blocked
941,1783126800,1788307200,59.958333333333336,1.0,0.89798087141339,10.512,0.03400637619553666,0.5982996811902231,10.512,11.960518597236982,0.0,25.404,0.03458803947657036,short,Coinbase,QQQ-PERP,QQQ,blocked
941,1783126800,1788307200,59.958333333333336,1.0,0.7662061636556854,5.00196,0.30605738575983,0.7385759829968119,5.00196,15.55707670138151,-17.781924,59.33235600000001,0.4505057686491126,long_collect,Crypto.com,QQQUSD-PERP,QQQ,reachable
936,1783126800,1788307200,59.958333333333336,1.0,0.6591880341880342,18.855952018511502,0.005341880341880342,0.5267094017094017,18.855952018511502,20.66902229527405,-36.0374136,85.36736130084608,0.18402477971139095,long_collect,Kraken,PF_QQQXUSD,QQQ,reachable
941,1783126800,1788307200,59.958333333333336,1.0,0.9957492029755579,3.504,0.9277364505844846,0.9957492029755579,3.504,4.547566418703507,3.504,3.504,0.003975884093958217,long_collect,Lighter,QQQ,QQQ,blocked
941,1783126800,1788307200,59.958333333333336,1.0,0.48034006376195537,-0.937322077121268,0.012752391073326248,0.0,-0.937322077121268,-1.6443220303095987,-20.309324188530585,15.843088330572467,0.19854230042030696,long_collect,Nado,QQQ-PERP,QQQ,reachable
235,1783137600,1788307200,59.833333333333336,4.0,0.548936170212766,12.16326,0.00425531914893617,0.5148936170212766,12.16326,3.4793974468085107,-85.03332,86.49843,0.12068970876681032,long_collect,edgeX,QQQUSDC,QQQ,blocked
117,1783152000,1788307200,59.666666666666664,8.0,0.47863247863247865,-0.1495956184438845,0.1111111111111111,0.0,-0.1495956184438845,1.8041508792749632,-8.08841888315148,15.548610448362602,0.10027038695851667,long_collect,Bitunix,QQQUSDT,QQQ,blocked
117,1783152000,1788307200,59.666666666666664,8.0,0.6752136752136753,17.301000000000002,0.017094017094017096,0.5299145299145299,17.301000000000002,28.226666666666667,0.0,85.0815,-0.44000118203139305,long_collect,GRVT,QQQ_USDT_Perp,QQQ,blocked
117,1783152000,1788307200,59.666666666666664,8.0,0.13675213675213677,0.0,0.8632478632478633,0.0,0.0,1.2859398712054844,0.0,10.95,-0.08237740455655312,long_collect,HTX,QQQ-USDT,QQQ,reachable
117,1783152000,1788307200,59.666666666666664,8.0,0.8034188034188035,10.95,0.6923076923076923,0.7008547008547008,10.95,4.397782051282051,-17.301,10.95,0.09667959166304912,long_collect,KuCoin,QQQUSDTM,QQQ,reachable
117,1783152000,1788307200,59.666666666666664,8.0,1.0,10.95,1.0,1.0,10.95,10.948605512820512,10.886489999999998,11.01132,0.00012843164278201352,long_collect,Orderly,PERP_QQQ_USDC_mythos,QQQ,reachable
117,1783152000,1788307200,59.666666666666664,8.0,0.8034188034188035,10.95,0.5811965811965812,0.8034188034188035,10.95,5.7982589743589745,-10.95,19.43625,-0.08979693080953556,long_collect,WhiteBIT,QQQ_PERP,QQQ,reachable
38,1785427200,1788307200,33.333333333333336,8.0,0.2631578947368421,0.0,0.7105263157894737,0.0,0.0,2.746000657894737,0.0,12.46329,0.07148652998193034,long_collect,LBank,QQQUSDT,QQQ,blocked
38,1785427200,1788307200,33.333333333333336,8.0,0.21052631578947367,0.0,0.7631578947368421,0.0,0.0,2.3871499999999997,0.0,11.697499999999998,0.06307075500225168,long_collect,Variational,QQQ,QQQ,blocked
35,1785513600,1788307200,32.333333333333336,8.0,0.08571428571428572,-10.95,0.6857142857142857,0.0,-10.95,-4.273002857142856,-10.95,-0.9636,-0.4528189143910201,long_collect,BingX,NCSKQQQ2USD-USDT,QQQ,reachable
35,1785513600,1788307200,32.333333333333336,8.0,0.2857142857142857,0.0,0.6857142857142857,0.0,0.0,2.984657142857143,0.0,12.483,0.05750564823014146,long_collect,MEXC,QQQSTOCK_USDT,QQQ,blocked
